query,target,fident,alnlen,qcov,tcov,evalue,bits,uniprot
rank0001_ca6_proteinbinders_3013_A,AF-Q9X4H5-F1-model_v6,0.185,263,0.97,0.968,3.42e-06,136,Q9X4H5
rank0001_ca6_proteinbinders_3013_A,AF-B1W5S5-F1-model_v6,0.177,251,0.926,0.96,4.896e-06,130,B1W5S5
rank0001_ca6_proteinbinders_3013_A,AF-Q9ZBH3-F1-model_v6,0.172,254,0.937,0.972,7.008e-06,124,Q9ZBH3
rank0001_ca6_proteinbinders_3013_A,AF-P9WP03-F1-model_v6,0.171,248,0.915,0.987,9.725e-05,119,P9WP03
rank0001_ca6_proteinbinders_3013_A,AF-A0PL81-F1-model_v6,0.144,264,0.945,0.759,1.936e-05,119,A0PL81
rank0001_ca6_proteinbinders_3013_A,AF-Q8DCJ7-F1-model_v6,0.132,312,0.952,0.254,5.679e-05,119,Q8DCJ7
rank0001_ca6_proteinbinders_3013_A,AF-B8E0F1-F1-model_v6,0.185,246,0.908,0.968,5.679e-05,118,B8E0F1
rank0001_ca6_proteinbinders_3013_A,AF-Q87L95-F1-model_v6,0.126,315,0.952,0.257,9.161e-05,117,Q87L95
rank0001_ca6_proteinbinders_3013_A,AF-P37586-F1-model_v6,0.127,312,0.952,0.254,7.213e-05,117,P37586
rank0001_ca6_proteinbinders_3013_A,AF-B2HGA4-F1-model_v6,0.147,264,0.945,0.759,3.124e-05,115,B2HGA4
rank0001_ca6_proteinbinders_3013_A,AF-Q92MQ3-F1-model_v6,0.155,266,0.982,0.956,2.055e-05,114,Q92MQ3
rank0001_ca6_proteinbinders_3013_A,AF-Q9KWG2-F1-model_v6,0.156,260,0.959,0.697,1.131e-05,114,Q9KWG2
rank0001_ca6_proteinbinders_3013_A,AF-Q7M9N9-F1-model_v6,0.147,263,0.97,0.958,8.629e-05,113,Q7M9N9
rank0001_ca6_proteinbinders_3013_A,AF-A7IA09-F1-model_v6,0.169,262,0.967,0.958,4.746e-05,112,A7IA09
rank0001_ca6_proteinbinders_3013_A,AF-B2ICL0-F1-model_v6,0.143,239,0.882,0.819,3.316e-05,112,B2ICL0
rank0001_ca6_proteinbinders_3013_A,AF-B4SI67-F1-model_v6,0.148,260,0.959,0.43,5.198e-06,110,B4SI67
rank0001_ca6_proteinbinders_3013_A,AF-B1WQF1-F1-model_v6,0.107,266,0.908,0.658,3.124e-05,109,B1WQF1
rank0001_ca6_proteinbinders_3013_A,AF-Q8THS6-F1-model_v6,0.17,246,0.908,0.987,7.213e-05,106,Q8THS6
rank0001_ca6_proteinbinders_3013_A,AF-Q8UAS8-F1-model_v6,0.142,270,0.996,0.995,7.657e-05,105,Q8UAS8
rank0001_ca6_proteinbinders_3013_A,AF-B0JJJ8-F1-model_v6,0.129,265,0.904,0.653,1.618e-05,104,B0JJJ8
rank0001_ca6_proteinbinders_3013_A,AF-P58666-F1-model_v6,0.115,265,0.904,0.65,5.349e-05,103,P58666
rank0001_ca6_proteinbinders_3013_A,AF-Q8DK70-F1-model_v6,0.098,265,0.911,0.659,8.129e-05,102,Q8DK70
rank0001_ca6_proteinbinders_3013_A,AF-B2FT78-F1-model_v6,0.151,260,0.959,0.43,1.718e-05,102,B2FT78
rank0001_ca6_proteinbinders_3013_A,AF-Q89GB0-F1-model_v6,0.144,263,0.97,0.438,2.055e-05,101,Q89GB0
rank0001_ca6_proteinbinders_3013_A,AF-Q10W70-F1-model_v6,0.096,265,0.904,0.653,5.039e-05,100,Q10W70
rank0001_ca6_proteinbinders_3013_A,AF-Q9PCG3-F1-model_v6,0.148,261,0.963,0.432,4.212e-05,100,Q9PCG3
rank0001_ca6_proteinbinders_3013_A,AF-Q87CL8-F1-model_v6,0.144,263,0.97,0.426,2.055e-05,99,Q87CL8
rank0001_ca6_proteinbinders_3013_A,AF-Q3J877-F1-model_v6,0.141,260,0.959,0.436,4.746e-05,98,Q3J877
rank0001_ca6_proteinbinders_3013_A,AF-B2I596-F1-model_v6,0.139,263,0.97,0.435,2.317e-05,98,B2I596
rank0001_ca6_proteinbinders_3013_A,AF-Q3BPJ9-F1-model_v6,0.152,260,0.959,0.427,4.471e-05,96,Q3BPJ9
rank0001_ca6_proteinbinders_3013_A,AF-B8IHS8-F1-model_v6,0.143,258,0.952,0.425,6.029e-05,94,B8IHS8
rank0001_ca6_proteinbinders_3013_A,AF-P58901-F1-model_v6,0.141,260,0.959,0.427,6.4e-05,94,P58901
rank0001_ca6_proteinbinders_3013_A,AF-Q7U712-F1-model_v6,0.119,265,0.904,0.666,6.794e-05,93,Q7U712
rank0001_ca6_proteinbinders_3013_A,AF-B0RP28-F1-model_v6,0.145,260,0.959,0.427,7.657e-05,93,B0RP28
rank0001_ca6_proteinbinders_3013_A,AF-B8I1T7-F1-model_v6,0.132,260,0.959,0.439,6.794e-05,92,B8I1T7
rank0001_ca6_proteinbinders_3013_A,AF-Q4UYG1-F1-model_v6,0.145,260,0.959,0.427,9.725e-05,92,Q4UYG1
rank0001_ca6_proteinbinders_3013_A,AF-A9A8N5-F1-model_v6,0.079,282,0.889,0.786,9.161e-05,91,A9A8N5
rank0003_ca6_proteinbinders_3532_A,AF-B3QFA1-F1-model_v6,0.139,194,0.945,0.975,4.049e-05,121,B3QFA1
rank0003_ca6_proteinbinders_3532_A,AF-Q130C0-F1-model_v6,0.157,194,0.945,0.975,8.377e-05,116,Q130C0
rank0003_ca6_proteinbinders_3532_A,AF-B6JBZ6-F1-model_v6,0.17,194,0.945,0.975,6.188e-05,115,B6JBZ6
rank0003_ca6_proteinbinders_3532_A,AF-Q6P5L8-F1-model_v6,0.15,185,0.825,0.446,3.178e-05,113,Q6P5L8
rank0005_ca6_proteinbinders_3089_A,AF-Q9KJF2-F1-model_v6,0.145,237,0.904,0.952,9.677e-06,125,Q9KJF2
rank0005_ca6_proteinbinders_3089_A,AF-P43168-F1-model_v6,0.178,229,0.974,0.912,1.948e-05,113,P43168
rank0005_ca6_proteinbinders_3089_A,AF-P9WGS3-F1-model_v6,0.187,261,0.983,0.441,7.897e-05,111,P9WGS3
rank0005_ca6_proteinbinders_3089_A,AF-Q9L9F7-F1-model_v6,0.164,238,0.908,0.975,4.953e-05,110,Q9L9F7
rank0005_ca6_proteinbinders_3089_A,AF-Q9LH76-F1-model_v6,0.112,315,0.983,0.474,8.371e-05,95,Q9LH76
rank0006_ca6_proteinbinders_3829_A,AF-B8M9K8-F1-model_v6,0.128,241,0.968,0.906,6.519e-05,106,B8M9K8
rank0007_ca6_proteinbinders_3501_A,AF-Q8YRI1-F1-model_v6,0.525,337,0.98,0.216,3.168e-37,1730,Q8YRI1
rank0007_ca6_proteinbinders_3501_A,AF-Q5BK30-F1-model_v6,0.355,342,0.994,0.807,1.662e-33,1556,Q5BK30
rank0007_ca6_proteinbinders_3501_A,AF-Q6P2Y2-F1-model_v6,0.355,342,0.994,0.807,9.491e-33,1551,Q6P2Y2
rank0007_ca6_proteinbinders_3501_A,AF-Q5FWQ6-F1-model_v6,0.355,342,0.994,0.807,9.042e-33,1551,Q5FWQ6
rank0007_ca6_proteinbinders_3501_A,AF-Q0P593-F1-model_v6,0.361,342,0.994,0.807,9.491e-33,1549,Q0P593
rank0007_ca6_proteinbinders_3501_A,AF-Q4R8E7-F1-model_v6,0.358,342,0.994,0.807,3.7839999999999996e-33,1538,Q4R8E7
rank0007_ca6_proteinbinders_3501_A,AF-Q3Y8L7-F1-model_v6,0.373,342,0.994,0.751,1.869e-32,1538,Q3Y8L7
rank0007_ca6_proteinbinders_3501_A,AF-D3Z7A5-F1-model_v6,0.355,342,0.994,0.807,3.273e-33,1536,D3Z7A5
rank0007_ca6_proteinbinders_3501_A,AF-Q8N136-F1-model_v6,0.361,342,0.994,0.807,7.451e-33,1526,Q8N136
rank0007_ca6_proteinbinders_3501_A,AF-Q1LV15-F1-model_v6,0.364,342,0.994,0.807,2.161e-32,1509,Q1LV15
rank0007_ca6_proteinbinders_3501_A,AF-Q5RFF8-F1-model_v6,0.353,384,0.997,0.792,2.622e-32,1430,Q5RFF8
rank0007_ca6_proteinbinders_3501_A,AF-G0SC29-F1-model_v6,0.376,384,0.997,0.743,1.731e-31,1402,G0SC29
rank0007_ca6_proteinbinders_3501_A,AF-Q58D20-F1-model_v6,0.358,384,0.997,0.79,5.529e-31,1381,Q58D20
rank0007_ca6_proteinbinders_3501_A,AF-Q9NVX2-F1-model_v6,0.356,384,0.997,0.792,8.144e-31,1374,Q9NVX2
rank0007_ca6_proteinbinders_3501_A,AF-Q7ZXK9-F1-model_v6,0.363,384,0.997,0.807,2.042e-30,1350,Q7ZXK9
rank0007_ca6_proteinbinders_3501_A,AF-P49695-F1-model_v6,0.45,342,0.994,0.391,2.059e-32,1343,P49695
rank0007_ca6_proteinbinders_3501_A,AF-Q9VPR4-F1-model_v6,0.34,382,0.997,0.783,8.310000000000001e-30,1339,Q9VPR4
rank0007_ca6_proteinbinders_3501_A,AF-Q8VEJ4-F1-model_v6,0.361,384,0.997,0.792,2.361e-30,1333,Q8VEJ4
rank0007_ca6_proteinbinders_3501_A,AF-O74855-F1-model_v6,0.335,381,0.997,0.759,3.008e-30,1333,O74855
rank0007_ca6_proteinbinders_3501_A,AF-P25382-F1-model_v6,0.341,383,0.994,0.744,1.7169999999999998e-29,1328,P25382
rank0007_ca6_proteinbinders_3501_A,AF-Q8YTC2-F1-model_v6,0.457,368,0.971,0.293,4.7610000000000006e-36,1310,Q8YTC2
rank0007_ca6_proteinbinders_3501_A,AF-Q00808-F1-model_v6,0.462,377,0.997,0.278,6.188000000000001e-35,1273,Q00808
rank0007_ca6_proteinbinders_3501_A,AF-Q9FLX9-F1-model_v6,0.332,373,0.988,0.789,1.157e-27,1237,Q9FLX9
rank0007_ca6_proteinbinders_3501_A,AF-Q5RCG7-F1-model_v6,0.251,349,0.994,0.804,1.5910000000000002e-28,1233,Q5RCG7
rank0007_ca6_proteinbinders_3501_A,AF-Q7YR70-F1-model_v6,0.251,349,0.994,0.802,1.67e-28,1233,Q7YR70
rank0007_ca6_proteinbinders_3501_A,AF-Q13685-F1-model_v6,0.251,349,0.994,0.804,2.232e-28,1226,Q13685
rank0007_ca6_proteinbinders_3501_A,AF-Q3SZK1-F1-model_v6,0.254,349,0.994,0.804,3.287e-28,1221,Q3SZK1
rank0007_ca6_proteinbinders_3501_A,AF-O13982-F1-model_v6,0.256,349,1.0,0.875,1.001e-27,1208,O13982
rank0007_ca6_proteinbinders_3501_A,AF-Q86TI4-F1-model_v6,0.29,341,0.991,0.896,6.293e-27,1196,Q86TI4
rank0007_ca6_proteinbinders_3501_A,AF-Q9QXE7-F1-model_v6,0.336,352,0.997,0.668,9.083e-28,1186,Q9QXE7
rank0007_ca6_proteinbinders_3501_A,AF-Q9BZK7-F1-model_v6,0.342,350,0.983,0.681,1.623e-27,1185,Q9BZK7
rank0007_ca6_proteinbinders_3501_A,AF-Q95RJ9-F1-model_v6,0.335,349,0.983,0.499,1.623e-27,1176,Q95RJ9
rank0007_ca6_proteinbinders_3501_A,AF-Q9BQ87-F1-model_v6,0.345,351,0.994,0.672,2.391e-27,1175,Q9BQ87
rank0007_ca6_proteinbinders_3501_A,AF-Q4R8H1-F1-model_v6,0.337,352,0.997,0.619,2.901e-27,1165,Q4R8H1
rank0007_ca6_proteinbinders_3501_A,AF-C4Q0P6-F1-model_v6,0.352,339,0.985,0.724,1.08e-28,1164,C4Q0P6
rank0007_ca6_proteinbinders_3501_A,AF-Q7T0P4-F1-model_v6,0.334,344,1.0,0.667,5.5980000000000005e-28,1150,Q7T0P4
rank0007_ca6_proteinbinders_3501_A,AF-Q803D2-F1-model_v6,0.345,339,0.985,0.754,8.079e-29,1147,Q803D2
rank0007_ca6_proteinbinders_3501_A,AF-Q8BHJ5-F1-model_v6,0.339,350,0.983,0.681,4.941e-27,1146,Q8BHJ5
rank0007_ca6_proteinbinders_3501_A,AF-B5X3C4-F1-model_v6,0.328,339,0.985,0.754,2.026e-28,1139,B5X3C4
rank0007_ca6_proteinbinders_3501_A,AF-Q8BHD1-F1-model_v6,0.346,342,0.994,0.613,8.653e-28,1136,Q8BHD1
rank0007_ca6_proteinbinders_3501_A,AF-Q5RD06-F1-model_v6,0.344,344,1.0,0.652,8.653e-28,1135,Q5RD06
rank0007_ca6_proteinbinders_3501_A,AF-F6ZT52-F1-model_v6,0.366,343,0.997,0.623,1.157e-27,1135,F6ZT52
rank0007_ca6_proteinbinders_3501_A,AF-C3XVT5-F1-model_v6,0.355,339,0.985,0.756,1.67e-28,1134,C3XVT5
rank0007_ca6_proteinbinders_3501_A,AF-Q28I85-F1-model_v6,0.383,297,0.863,0.655,1.97e-27,1134,Q28I85
rank0007_ca6_proteinbinders_3501_A,AF-P63005-F1-model_v6,0.339,339,0.985,0.754,1.931e-28,1133,P63005
rank0007_ca6_proteinbinders_3501_A,AF-Q5IS43-F1-model_v6,0.337,339,0.985,0.754,2.127e-28,1133,Q5IS43
rank0007_ca6_proteinbinders_3501_A,AF-Q9PTR5-F1-model_v6,0.337,339,0.985,0.754,2.232e-28,1132,Q9PTR5
rank0007_ca6_proteinbinders_3501_A,AF-O60907-2-F1-model_v6,0.331,352,0.997,0.669,8.83e-27,1128,O60907-2
rank0007_ca6_proteinbinders_3501_A,AF-P43033-F1-model_v6,0.339,339,0.985,0.754,3.132e-28,1127,P43033
rank0007_ca6_proteinbinders_3501_A,AF-P43034-F1-model_v6,0.339,339,0.985,0.754,3.132e-28,1126,P43034
rank0007_ca6_proteinbinders_3501_A,AF-Q8HXX0-F1-model_v6,0.339,339,0.985,0.754,3.622e-28,1124,Q8HXX0
rank0007_ca6_proteinbinders_3501_A,AF-Q8YV57-F1-model_v6,0.363,451,0.98,0.268,3.056e-34,1124,Q8YV57
rank0007_ca6_proteinbinders_3501_A,AF-Q9GL51-F1-model_v6,0.337,339,0.985,0.754,3.801e-28,1123,Q9GL51
rank0007_ca6_proteinbinders_3501_A,AF-A7S338-F1-model_v6,0.341,339,0.985,0.758,4.187e-28,1119,A7S338
rank0007_ca6_proteinbinders_3501_A,AF-B0LSW3-F1-model_v6,0.339,339,0.985,0.754,4.842e-28,1119,B0LSW3
rank0007_ca6_proteinbinders_3501_A,AF-Q4RJN5-F1-model_v6,0.334,339,0.985,0.754,5.082000000000001e-28,1118,Q4RJN5
rank0007_ca6_proteinbinders_3501_A,AF-Q6GPC6-F1-model_v6,0.341,350,0.983,0.67,2.561e-26,1118,Q6GPC6
rank0007_ca6_proteinbinders_3501_A,AF-P63004-F1-model_v6,0.339,339,0.985,0.754,5.334e-28,1117,P63004
rank0007_ca6_proteinbinders_3501_A,AF-Q8JZX3-3-F1-model_v6,0.391,293,0.852,0.801,1.1250000000000001e-26,1115,Q8JZX3-3
rank0007_ca6_proteinbinders_3501_A,AF-Q8JZX3-F1-model_v6,0.37,342,0.994,0.721,5.996e-27,1111,Q8JZX3
rank0007_ca6_proteinbinders_3501_A,AF-B7PS00-F1-model_v6,0.337,339,0.985,0.759,6.794e-28,1111,B7PS00
rank0007_ca6_proteinbinders_3501_A,AF-A2CEH0-F1-model_v6,0.325,343,0.997,0.598,6.293e-27,1110,A2CEH0
rank0007_ca6_proteinbinders_3501_A,AF-Q5REG7-F1-model_v6,0.337,339,0.985,0.754,9.083e-28,1109,Q5REG7
rank0007_ca6_proteinbinders_3501_A,AF-Q17N69-F1-model_v6,0.344,339,0.985,0.758,1.214e-27,1107,Q17N69
rank0007_ca6_proteinbinders_3501_A,AF-Q8I0F4-F1-model_v6,0.344,341,0.991,0.768,2.232e-28,1107,Q8I0F4
rank0007_ca6_proteinbinders_3501_A,AF-Q8NBT0-2-F1-model_v6,0.364,342,0.994,0.813,8.413e-27,1106,Q8NBT0-2
rank0007_ca6_proteinbinders_3501_A,AF-P74442-F1-model_v6,0.337,344,1.0,0.243,3.355e-27,1105,P74442
rank0007_ca6_proteinbinders_3501_A,AF-A0CH87-F1-model_v6,0.303,344,1.0,0.769,2.1699999999999998e-27,1103,A0CH87
rank0007_ca6_proteinbinders_3501_A,AF-Q4V7Z1-F1-model_v6,0.35,344,1.0,0.628,1.4330000000000002e-26,1102,Q4V7Z1
rank0007_ca6_proteinbinders_3501_A,AF-Q9V3J8-F1-model_v6,0.365,342,0.994,0.825,5.7129999999999996e-27,1099,Q9V3J8
rank0007_ca6_proteinbinders_3501_A,AF-A0DB19-F1-model_v6,0.306,344,1.0,0.769,2.1699999999999998e-27,1099,A0DB19
rank0007_ca6_proteinbinders_3501_A,AF-Q8NBT0-F1-model_v6,0.348,343,0.997,0.72,8.016e-27,1099,Q8NBT0
rank0007_ca6_proteinbinders_3501_A,AF-Q9VU65-F1-model_v6,0.323,342,0.994,0.747,8.016e-27,1097,Q9VU65
rank0007_ca6_proteinbinders_3501_A,AF-F6ZT52-2-F1-model_v6,0.366,343,0.997,0.773,9.728e-27,1096,F6ZT52-2
rank0007_ca6_proteinbinders_3501_A,AF-D3BUN1-F1-model_v6,0.336,341,0.991,0.772,4.613e-28,1096,D3BUN1
rank0007_ca6_proteinbinders_3501_A,AF-Q8JZX3-2-F1-model_v6,0.388,296,0.86,0.807,2.561e-26,1095,Q8JZX3-2
rank0007_ca6_proteinbinders_3501_A,AF-B3S4I5-F1-model_v6,0.337,339,0.985,0.756,3.196e-27,1090,B3S4I5
rank0007_ca6_proteinbinders_3501_A,AF-Q4V8C4-F1-model_v6,0.351,344,1.0,0.915,1.1810000000000001e-26,1089,Q4V8C4
rank0007_ca6_proteinbinders_3501_A,AF-B5X3Z6-F1-model_v6,0.36,339,0.985,0.754,1.7520000000000001e-28,1089,B5X3Z6
rank0007_ca6_proteinbinders_3501_A,AF-D3TLL6-F1-model_v6,0.327,339,0.985,0.754,3.196e-27,1088,D3TLL6
rank0007_ca6_proteinbinders_3501_A,AF-Q5RE95-F1-model_v6,0.367,342,0.994,0.903,2.324e-26,1087,Q5RE95
rank0007_ca6_proteinbinders_3501_A,AF-A8X8C6-F1-model_v6,0.343,341,0.991,0.807,1.6570000000000002e-26,1085,A8X8C6
rank0007_ca6_proteinbinders_3501_A,AF-Q90ZL4-F1-model_v6,0.362,339,0.985,0.754,2.127e-28,1085,Q90ZL4
rank0007_ca6_proteinbinders_3501_A,AF-Q86TI4-1-F1-model_v6,0.217,452,0.991,0.921,1.9e-24,1084,Q86TI4-1
rank0007_ca6_proteinbinders_3501_A,AF-O22212-F1-model_v6,0.344,288,0.837,0.507,5.829e-26,1084,O22212
rank0007_ca6_proteinbinders_3501_A,AF-Q86VZ2-F1-model_v6,0.368,342,0.994,0.903,1.739e-26,1083,Q86VZ2
rank0007_ca6_proteinbinders_3501_A,AF-Q2TBP4-F1-model_v6,0.383,297,0.863,0.71,4.8040000000000003e-26,1083,Q2TBP4
rank0007_ca6_proteinbinders_3501_A,AF-Q8TC44-F1-model_v6,0.397,294,0.855,0.598,2.961e-26,1083,Q8TC44
rank0007_ca6_proteinbinders_3501_A,AF-Q7ZVF0-F1-model_v6,0.316,344,1.0,0.707,2.2150000000000003e-26,1082,Q7ZVF0
rank0007_ca6_proteinbinders_3501_A,AF-Q9D7H2-F1-model_v6,0.35,342,0.994,0.909,1.915e-26,1080,Q9D7H2
rank0007_ca6_proteinbinders_3501_A,AF-B3MEY6-F1-model_v6,0.344,339,0.985,0.754,5.186e-27,1079,B3MEY6
rank0007_ca6_proteinbinders_3501_A,AF-Q9M2Z2-F1-model_v6,0.339,342,0.994,0.95,2.2150000000000003e-26,1075,Q9M2Z2
rank0007_ca6_proteinbinders_3501_A,AF-Q8K450-4-F1-model_v6,0.284,341,0.991,0.935,5.554000000000001e-26,1072,Q8K450-4
rank0007_ca6_proteinbinders_3501_A,AF-Q6NZH4-F1-model_v6,0.362,339,0.985,0.754,4.613e-28,1072,Q6NZH4
rank0007_ca6_proteinbinders_3501_A,AF-Q09715-F1-model_v6,0.341,342,0.994,0.498,1.338e-27,1072,Q09715
rank0007_ca6_proteinbinders_3501_A,AF-Q7T394-F1-model_v6,0.366,339,0.985,0.754,6.473e-28,1071,Q7T394
rank0007_ca6_proteinbinders_3501_A,AF-D3ZW91-F1-model_v6,0.397,294,0.855,0.6,4.36e-26,1071,D3ZW91
rank0007_ca6_proteinbinders_3501_A,AF-Q17963-F1-model_v6,0.325,342,0.994,0.793,1.264e-25,1067,Q17963
rank0007_ca6_proteinbinders_3501_A,AF-Q8N0X2-F1-model_v6,0.277,342,0.994,0.461,7.793000000000001e-26,1067,Q8N0X2
rank0007_ca6_proteinbinders_3501_A,AF-B4GAJ1-F1-model_v6,0.376,339,0.985,0.754,1.157e-27,1064,B4GAJ1
rank0007_ca6_proteinbinders_3501_A,AF-P61965-F1-model_v6,0.382,342,0.994,0.892,4.485e-27,1062,P61965
rank0007_ca6_proteinbinders_3501_A,AF-B4MY65-F1-model_v6,0.344,339,0.985,0.758,1.578e-26,1062,B4MY65
rank0007_ca6_proteinbinders_3501_A,AF-P93107-F1-model_v6,0.328,341,0.991,0.48,5.0420000000000004e-26,1062,P93107
rank0007_ca6_proteinbinders_3501_A,AF-Q6RI45-5-F1-model_v6,0.283,374,0.997,0.27,5.145e-25,1058,Q6RI45-5
rank0007_ca6_proteinbinders_3501_A,AF-Q9UUG8-F1-model_v6,0.344,342,0.994,0.512,8.245e-28,1057,Q9UUG8
rank0007_ca6_proteinbinders_3501_A,AF-Q9SY00-F1-model_v6,0.365,298,0.866,0.892,2.688e-26,1055,Q9SY00
rank0007_ca6_proteinbinders_3501_A,AF-Q2KIG2-F1-model_v6,0.382,342,0.994,0.892,6.933e-27,1054,Q2KIG2
rank0007_ca6_proteinbinders_3501_A,AF-Q291L9-F1-model_v6,0.37,339,0.985,0.754,2.391e-27,1053,Q291L9
rank0007_ca6_proteinbinders_3501_A,AF-O43172-F1-model_v6,0.276,343,0.997,0.579,2.11e-26,1053,O43172
rank0007_ca6_proteinbinders_3501_A,AF-Q23256-F1-model_v6,0.289,342,0.994,0.595,7.425000000000001e-26,1050,Q23256
rank0007_ca6_proteinbinders_3501_A,AF-Q9DAW6-F1-model_v6,0.269,344,1.0,0.582,7.793000000000001e-26,1050,Q9DAW6
rank0007_ca6_proteinbinders_3501_A,AF-B4JWA1-F1-model_v6,0.37,339,0.985,0.754,4.707e-27,1044,B4JWA1
rank0007_ca6_proteinbinders_3501_A,AF-Q498M4-F1-model_v6,0.382,342,0.994,0.892,1.3650000000000002e-26,1043,Q498M4
rank0007_ca6_proteinbinders_3501_A,AF-A9V790-F1-model_v6,0.316,338,0.983,0.756,2.01e-26,1042,A9V790
rank0007_ca6_proteinbinders_3501_A,AF-Q5M786-F1-model_v6,0.379,342,0.994,0.892,1.578e-26,1041,Q5M786
rank0007_ca6_proteinbinders_3501_A,AF-Q6RI45-2-F1-model_v6,0.284,369,0.983,0.226,4.902e-25,1041,Q6RI45-2
rank0007_ca6_proteinbinders_3501_A,AF-P61964-F1-model_v6,0.382,342,0.994,0.892,1.739e-26,1039,P61964
rank0007_ca6_proteinbinders_3501_A,AF-Q9NDC9-F1-model_v6,0.309,339,0.985,0.755,7.793000000000001e-26,1039,Q9NDC9
rank0007_ca6_proteinbinders_3501_A,AF-B4P6P9-F1-model_v6,0.364,339,0.985,0.754,6.605e-27,1035,B4P6P9
rank0007_ca6_proteinbinders_3501_A,AF-Q3MHE2-F1-model_v6,0.267,343,0.997,0.58,2.0510000000000002e-25,1035,Q3MHE2
rank0007_ca6_proteinbinders_3501_A,AF-P0CY34-F1-model_v6,0.326,341,0.991,0.621,1.1810000000000001e-26,1033,P0CY34
rank0007_ca6_proteinbinders_3501_A,AF-B4LQ21-F1-model_v6,0.37,339,0.985,0.754,1.0210000000000002e-26,1032,B4LQ21
rank0007_ca6_proteinbinders_3501_A,AF-A8NEG8-F1-model_v6,0.317,340,0.988,0.772,4.071e-27,1030,A8NEG8
rank0007_ca6_proteinbinders_3501_A,AF-O43172-2-F1-model_v6,0.266,344,1.0,0.582,3.021e-25,1030,O43172-2
rank0007_ca6_proteinbinders_3501_A,AF-Q7KNS3-F1-model_v6,0.364,339,0.985,0.754,1.0210000000000002e-26,1029,Q7KNS3
rank0007_ca6_proteinbinders_3501_A,AF-Q54KL5-F1-model_v6,0.335,342,0.994,0.893,4.902e-25,1027,Q54KL5
rank0007_ca6_proteinbinders_3501_A,AF-P20053-F1-model_v6,0.269,293,0.846,0.63,5.6680000000000005e-25,1026,P20053
rank0007_ca6_proteinbinders_3501_A,AF-Q9D994-F1-model_v6,0.367,326,0.948,0.914,3.4230000000000003e-26,1025,Q9D994
rank0007_ca6_proteinbinders_3501_A,AF-B4QHG6-F1-model_v6,0.364,339,0.985,0.754,1.6570000000000002e-26,1024,B4QHG6
rank0007_ca6_proteinbinders_3501_A,AF-Q9USN3-F1-model_v6,0.266,477,0.968,0.614,5.643e-30,1023,Q9USN3
rank0007_ca6_proteinbinders_3501_A,AF-B4KT48-F1-model_v6,0.367,339,0.985,0.754,1.578e-26,1022,B4KT48
rank0007_ca6_proteinbinders_3501_A,AF-B4HSL3-F1-model_v6,0.333,339,0.985,0.754,2.2150000000000003e-26,1022,B4HSL3
rank0007_ca6_proteinbinders_3501_A,AF-Q5GIS3-F1-model_v6,0.261,342,0.994,0.871,1.774e-25,1021,Q5GIS3
rank0007_ca6_proteinbinders_3501_A,AF-Q61ZF6-F1-model_v6,0.27,342,0.994,0.874,2.0510000000000002e-25,1019,Q61ZF6
rank0007_ca6_proteinbinders_3501_A,AF-Q5ZJH5-F1-model_v6,0.311,333,0.968,0.948,8.180000000000001e-26,1016,Q5ZJH5
rank0007_ca6_proteinbinders_3501_A,AF-P0CS42-F1-model_v6,0.33,340,0.988,0.778,8.413e-27,1015,P0CS42
rank0007_ca6_proteinbinders_3501_A,AF-C4YFX2-F1-model_v6,0.33,341,0.991,0.622,1.3010000000000002e-26,1015,C4YFX2
rank0007_ca6_proteinbinders_3501_A,AF-Q5NVD0-F1-model_v6,0.276,343,0.997,0.58,1.955e-25,1015,Q5NVD0
rank0007_ca6_proteinbinders_3501_A,AF-Q6P5M2-F1-model_v6,0.307,344,1.0,0.987,1.862e-25,1013,Q6P5M2
rank0007_ca6_proteinbinders_3501_A,AF-Q93847-F1-model_v6,0.31,344,1.0,0.759,9.651000000000001e-25,1013,Q93847
rank0007_ca6_proteinbinders_3501_A,AF-P17343-F1-model_v6,0.303,295,0.858,0.859,3.171e-25,1012,P17343
rank0007_ca6_proteinbinders_3501_A,AF-B3NPW0-F1-model_v6,0.37,339,0.985,0.754,3.108e-26,1011,B3NPW0
rank0007_ca6_proteinbinders_3501_A,AF-Q6PBD6-F1-model_v6,0.352,292,0.849,0.951,5.145e-25,1009,Q6PBD6
rank0007_ca6_proteinbinders_3501_A,AF-Q5R5W8-F1-model_v6,0.276,342,0.994,0.874,2.0510000000000002e-25,1008,Q5R5W8
rank0007_ca6_proteinbinders_3501_A,AF-P62880-F1-model_v6,0.267,342,0.994,0.874,2.0510000000000002e-25,1007,P62880
rank0007_ca6_proteinbinders_3501_A,AF-P0CS43-F1-model_v6,0.333,340,0.988,0.778,8.413e-27,1007,P0CS43
rank0007_ca6_proteinbinders_3501_A,AF-A8XZJ9-F1-model_v6,0.31,341,0.991,0.751,5.6680000000000005e-25,1004,A8XZJ9
rank0007_ca6_proteinbinders_3501_A,AF-Q6GMD2-F1-model_v6,0.345,292,0.849,0.951,4.902e-25,1001,Q6GMD2
rank0007_ca6_proteinbinders_3501_A,AF-Q6PH57-F1-model_v6,0.284,342,0.994,0.874,2.613e-25,999,Q6PH57
rank0007_ca6_proteinbinders_3501_A,AF-P11017-F1-model_v6,0.267,342,0.994,0.874,3.667e-25,998,P11017
rank0007_ca6_proteinbinders_3501_A,AF-O45040-F1-model_v6,0.261,342,0.994,0.874,4.902e-25,998,O45040
rank0007_ca6_proteinbinders_3501_A,AF-P54313-F1-model_v6,0.267,342,0.994,0.874,4.039e-25,997,P54313
rank0007_ca6_proteinbinders_3501_A,AF-Q61011-F1-model_v6,0.264,342,0.994,0.874,3.021e-25,995,Q61011
rank0007_ca6_proteinbinders_3501_A,AF-P79959-F1-model_v6,0.279,342,0.994,0.874,4.45e-25,995,P79959
rank0007_ca6_proteinbinders_3501_A,AF-O35353-F1-model_v6,0.264,342,0.994,0.874,4.902e-25,994,O35353
rank0007_ca6_proteinbinders_3501_A,AF-P78706-F1-model_v6,0.352,344,1.0,0.523,2.4400000000000003e-26,994,P78706
rank0007_ca6_proteinbinders_3501_A,AF-P29387-F1-model_v6,0.264,342,0.994,0.874,5.4e-25,992,P29387
rank0007_ca6_proteinbinders_3501_A,AF-P16520-F1-model_v6,0.264,342,0.994,0.874,3.848e-25,992,P16520
rank0007_ca6_proteinbinders_3501_A,AF-Q96DI7-F1-model_v6,0.299,338,0.983,0.832,9.011e-26,992,Q96DI7
rank0007_ca6_proteinbinders_3501_A,AF-P53699-F1-model_v6,0.277,354,0.974,0.518,1.063e-24,992,P53699
rank0007_ca6_proteinbinders_3501_A,AF-P79147-F1-model_v6,0.261,342,0.994,0.874,5.4e-25,991,P79147
rank0007_ca6_proteinbinders_3501_A,AF-P62874-F1-model_v6,0.273,342,0.994,0.874,6.244000000000001e-25,991,P62874
rank0007_ca6_proteinbinders_3501_A,AF-Q5RF51-F1-model_v6,0.296,338,0.983,0.832,1.042e-25,991,Q5RF51
rank0007_ca6_proteinbinders_3501_A,AF-P26308-F1-model_v6,0.264,342,0.994,0.874,6.244000000000001e-25,985,P26308
rank0007_ca6_proteinbinders_3501_A,AF-P62879-F1-model_v6,0.267,342,0.994,0.874,8.761e-25,984,P62879
rank0007_ca6_proteinbinders_3501_A,AF-P52287-F1-model_v6,0.258,342,0.994,0.874,7.577000000000001e-25,984,P52287
rank0007_ca6_proteinbinders_3501_A,AF-Q5JTN6-F1-model_v6,0.352,326,0.948,0.882,7.577000000000001e-25,983,Q5JTN6
rank0007_ca6_proteinbinders_3501_A,AF-P54311-F1-model_v6,0.273,342,0.994,0.874,1.063e-24,983,P54311
rank0007_ca6_proteinbinders_3501_A,AF-Q08706-F1-model_v6,0.264,342,0.994,0.871,6.244000000000001e-25,983,Q08706
rank0007_ca6_proteinbinders_3501_A,AF-Q9HAV0-F1-model_v6,0.267,342,0.994,0.874,1.013e-24,982,Q9HAV0
rank0007_ca6_proteinbinders_3501_A,AF-P62871-F1-model_v6,0.273,342,0.994,0.874,1.116e-24,982,P62871
rank0007_ca6_proteinbinders_3501_A,AF-P62873-F1-model_v6,0.273,342,0.994,0.874,1.116e-24,982,P62873
rank0007_ca6_proteinbinders_3501_A,AF-Q32LN7-F1-model_v6,0.283,342,0.994,0.98,1.229e-24,979,Q32LN7
rank0007_ca6_proteinbinders_3501_A,AF-P62872-F1-model_v6,0.273,342,0.994,0.874,1.421e-24,978,P62872
rank0007_ca6_proteinbinders_3501_A,AF-Q4V7A0-F1-model_v6,0.28,342,0.994,0.98,7.577000000000001e-25,977,Q4V7A0
rank0007_ca6_proteinbinders_3501_A,AF-B7FNU7-F1-model_v6,0.3,341,0.991,0.727,6.74e-26,976,B7FNU7
rank0007_ca6_proteinbinders_3501_A,AF-Q2HJH6-F1-model_v6,0.308,338,0.983,0.83,4.239e-25,975,Q2HJH6
rank0007_ca6_proteinbinders_3501_A,AF-Q8TC44-2-F1-model_v6,0.414,250,0.727,0.555,9.575e-23,975,Q8TC44-2
rank0007_ca6_proteinbinders_3501_A,AF-Q4P9P9-F1-model_v6,0.309,341,0.991,0.753,5.829e-26,973,Q4P9P9
rank0007_ca6_proteinbinders_3501_A,AF-P23232-F1-model_v6,0.25,342,0.994,0.871,1.9e-24,971,P23232
rank0007_ca6_proteinbinders_3501_A,AF-Q6PE01-F1-model_v6,0.311,338,0.983,0.83,6.553000000000001e-25,967,Q6PE01
rank0007_ca6_proteinbinders_3501_A,AF-Q6ZMY6-F1-model_v6,0.28,338,0.983,0.629,2.937e-24,967,Q6ZMY6
rank0007_ca6_proteinbinders_3501_A,AF-Q229Z6-F1-model_v6,0.28,342,0.994,0.484,1.421e-24,963,Q229Z6
rank0007_ca6_proteinbinders_3501_A,AF-P36408-F1-model_v6,0.261,340,0.988,0.85,3.927e-24,961,P36408
rank0007_ca6_proteinbinders_3501_A,AF-Q93134-F1-model_v6,0.309,344,1.0,0.978,6.878000000000001e-25,960,Q93134
rank0007_ca6_proteinbinders_3501_A,AF-Q10282-F1-model_v6,0.238,344,1.0,0.967,4.541e-24,959,Q10282
rank0007_ca6_proteinbinders_3501_A,AF-O42248-F1-model_v6,0.296,344,1.0,0.978,7.577000000000001e-25,958,O42248
rank0007_ca6_proteinbinders_3501_A,AF-O75529-F1-model_v6,0.318,304,0.782,0.516,8.282e-23,957,O75529
rank0007_ca6_proteinbinders_3501_A,AF-P63247-F1-model_v6,0.296,344,1.0,0.978,1.229e-24,950,P63247
rank0007_ca6_proteinbinders_3501_A,AF-O14435-F1-model_v6,0.272,342,0.994,0.833,4.541e-24,950,O14435
rank0007_ca6_proteinbinders_3501_A,AF-Q6PBY0-F1-model_v6,0.265,341,0.991,0.762,2.937e-24,950,Q6PBY0
rank0007_ca6_proteinbinders_3501_A,AF-P74598-F1-model_v6,0.303,336,0.977,0.825,7.367e-24,948,P74598
rank0007_ca6_proteinbinders_3501_A,AF-Q4R7Y4-F1-model_v6,0.296,344,1.0,0.978,1.644e-24,947,Q4R7Y4
rank0007_ca6_proteinbinders_3501_A,AF-P0CS46-F1-model_v6,0.283,288,0.837,0.399,7.732e-24,947,P0CS46
rank0007_ca6_proteinbinders_3501_A,AF-Q9ERF3-F1-model_v6,0.282,342,0.994,0.98,2.5399999999999998e-24,946,Q9ERF3
rank0007_ca6_proteinbinders_3501_A,AF-Q9SZQ5-F1-model_v6,0.328,310,0.852,0.966,1.566e-24,946,Q9SZQ5
rank0007_ca6_proteinbinders_3501_A,AF-O14775-F1-model_v6,0.267,341,0.991,0.762,2.799e-24,943,O14775
rank0007_ca6_proteinbinders_3501_A,AF-Q9GZS3-F1-model_v6,0.291,333,0.968,0.948,5.25e-24,939,Q9GZS3
rank0007_ca6_proteinbinders_3501_A,AF-Q6ZMY6-2-F1-model_v6,0.286,338,0.983,0.697,3.083e-24,939,Q6ZMY6-2
rank0007_ca6_proteinbinders_3501_A,AF-P38011-F1-model_v6,0.285,344,1.0,0.975,4.326e-24,937,P38011
rank0007_ca6_proteinbinders_3501_A,AF-A1L271-F1-model_v6,0.264,341,0.991,0.848,5.51e-24,935,A1L271
rank0007_ca6_proteinbinders_3501_A,AF-P62881-F1-model_v6,0.27,341,0.991,0.762,5.25e-24,934,P62881
rank0007_ca6_proteinbinders_3501_A,AF-Q10281-F1-model_v6,0.303,344,1.0,0.987,6.687e-24,933,Q10281
rank0007_ca6_proteinbinders_3501_A,AF-P62881-2-F1-model_v6,0.267,341,0.991,0.853,4.326e-24,933,P62881-2
rank0007_ca6_proteinbinders_3501_A,AF-Q9NSI6-F1-model_v6,0.266,371,0.997,0.16,1.162e-22,932,Q9NSI6
rank0007_ca6_proteinbinders_3501_A,AF-Q6PNB6-F1-model_v6,0.267,341,0.991,0.853,6.687e-24,931,Q6PNB6
rank0007_ca6_proteinbinders_3501_A,AF-Q01369-F1-model_v6,0.328,303,0.858,0.959,4.206e-23,929,Q01369
rank0007_ca6_proteinbinders_3501_A,AF-P63246-F1-model_v6,0.296,344,1.0,0.978,4.766e-24,929,P63246
rank0007_ca6_proteinbinders_3501_A,AF-Q5XIG8-F1-model_v6,0.228,338,0.983,0.82,9.384e-24,929,Q5XIG8
rank0007_ca6_proteinbinders_3501_A,AF-Q5ZL33-F1-model_v6,0.236,343,0.997,0.831,1.2539999999999999e-23,928,Q5ZL33
rank0007_ca6_proteinbinders_3501_A,AF-Q80ZD0-F1-model_v6,0.267,341,0.991,0.853,7.367e-24,928,Q80ZD0
rank0007_ca6_proteinbinders_3501_A,AF-Q9NFZ1-F1-model_v6,0.267,341,0.991,0.861,4.326e-24,927,Q9NFZ1
rank0007_ca6_proteinbinders_3501_A,AF-O14775-2-F1-model_v6,0.267,341,0.991,0.853,7.732e-24,927,O14775-2
rank0007_ca6_proteinbinders_3501_A,AF-P63243-F1-model_v6,0.296,344,1.0,0.978,1.492e-24,926,P63243
rank0007_ca6_proteinbinders_3501_A,AF-P62873-2-F1-model_v6,0.302,289,0.84,0.861,5.1039999999999997e-23,926,P62873-2
rank0007_ca6_proteinbinders_3501_A,AF-Q5RDY7-F1-model_v6,0.267,341,0.991,0.853,8.518e-24,926,Q5RDY7
rank0007_ca6_proteinbinders_3501_A,AF-Q91WQ5-F1-model_v6,0.312,316,0.814,0.537,9.575e-23,926,Q91WQ5
rank0007_ca6_proteinbinders_3501_A,AF-O18640-F1-model_v6,0.304,344,1.0,0.978,1.139e-23,925,O18640
rank0007_ca6_proteinbinders_3501_A,AF-P63245-F1-model_v6,0.296,344,1.0,0.978,1.566e-24,924,P63245
rank0007_ca6_proteinbinders_3501_A,AF-P63005-2-F1-model_v6,0.337,312,0.907,0.721,4.541e-24,923,P63005-2
rank0007_ca6_proteinbinders_3501_A,AF-G1SJB4-F1-model_v6,0.296,344,1.0,0.978,2.306e-24,920,G1SJB4
rank0007_ca6_proteinbinders_3501_A,AF-P68040-F1-model_v6,0.296,344,1.0,0.978,2.306e-24,918,P68040
rank0007_ca6_proteinbinders_3501_A,AF-P83774-F1-model_v6,0.307,344,1.0,0.972,1.0849999999999999e-23,918,P83774
rank0007_ca6_proteinbinders_3501_A,AF-Q39836-F1-model_v6,0.278,344,1.0,0.985,1.3819999999999998e-23,918,Q39836
rank0007_ca6_proteinbinders_3501_A,AF-O14170-F1-model_v6,0.273,354,0.991,0.504,1.5539999999999998e-22,918,O14170
rank0007_ca6_proteinbinders_3501_A,AF-O42249-F1-model_v6,0.288,344,1.0,0.978,3.742e-24,917,O42249
rank0007_ca6_proteinbinders_3501_A,AF-B8N9H4-F1-model_v6,0.319,349,0.988,0.767,1.229e-24,917,B8N9H4
rank0007_ca6_proteinbinders_3501_A,AF-D4DG66-F1-model_v6,0.311,350,0.855,0.759,4.634e-23,916,D4DG66
rank0007_ca6_proteinbinders_3501_A,AF-Q9Y3F4-F1-model_v6,0.225,342,0.994,0.829,2.353e-23,915,Q9Y3F4
rank0007_ca6_proteinbinders_3501_A,AF-Q8W1K8-F1-model_v6,0.326,344,1.0,0.905,1.995e-24,915,Q8W1K8
rank0007_ca6_proteinbinders_3501_A,AF-P49178-F1-model_v6,0.274,343,0.997,0.839,3.565e-24,915,P49178
rank0007_ca6_proteinbinders_3501_A,AF-D1ZEB4-F1-model_v6,0.333,347,0.988,0.754,3.021e-25,915,D1ZEB4
rank0007_ca6_proteinbinders_3501_A,AF-P63244-F1-model_v6,0.296,344,1.0,0.978,3.083e-24,914,P63244
rank0007_ca6_proteinbinders_3501_A,AF-Q9Z1Z2-F1-model_v6,0.228,342,0.994,0.829,2.592e-23,914,Q9Z1Z2
rank0007_ca6_proteinbinders_3501_A,AF-O14727-F1-model_v6,0.284,340,0.988,0.244,1.2539999999999999e-23,913,O14727
rank0007_ca6_proteinbinders_3501_A,AF-O15736-F1-model_v6,0.276,339,0.985,0.485,3.302e-23,912,O15736
rank0007_ca6_proteinbinders_3501_A,AF-P49177-F1-model_v6,0.277,341,0.991,0.836,1.522e-23,911,P49177
rank0007_ca6_proteinbinders_3501_A,AF-B8AP31-F1-model_v6,0.265,344,1.0,0.842,4.326e-24,911,B8AP31
rank0007_ca6_proteinbinders_3501_A,AF-O24076-F1-model_v6,0.283,344,1.0,0.985,1.5979999999999998e-23,910,O24076
rank0007_ca6_proteinbinders_3501_A,AF-Q6L4F8-F1-model_v6,0.291,344,1.0,0.964,1.76e-23,908,Q6L4F8
rank0007_ca6_proteinbinders_3501_A,AF-Q5E959-F1-model_v6,0.228,338,0.983,0.82,4.8629999999999996e-23,908,Q5E959
rank0007_ca6_proteinbinders_3501_A,AF-P56094-F1-model_v6,0.299,354,0.994,0.519,6.878000000000001e-25,908,P56094
rank0007_ca6_proteinbinders_3501_A,AF-Q39336-F1-model_v6,0.3,344,1.0,0.985,1.76e-23,907,Q39336
rank0007_ca6_proteinbinders_3501_A,AF-P69104-F1-model_v6,0.275,344,1.0,0.987,1.9389999999999998e-23,906,P69104
rank0007_ca6_proteinbinders_3501_A,AF-P49026-F1-model_v6,0.272,344,1.0,0.982,1.0849999999999999e-23,905,P49026
rank0007_ca6_proteinbinders_3501_A,AF-P29829-F1-model_v6,0.271,340,0.988,0.858,2.0349999999999998e-23,905,P29829
rank0007_ca6_proteinbinders_3501_A,AF-Q40507-F1-model_v6,0.268,341,0.991,0.84,2.242e-23,905,Q40507
rank0007_ca6_proteinbinders_3501_A,AF-C0S902-F1-model_v6,0.331,372,0.988,0.778,1.354e-24,904,C0S902
rank0007_ca6_proteinbinders_3501_A,AF-P69103-F1-model_v6,0.275,344,1.0,0.987,3.302e-23,903,P69103
rank0007_ca6_proteinbinders_3501_A,AF-P49027-F1-model_v6,0.288,344,1.0,0.964,1.195e-23,903,P49027
rank0007_ca6_proteinbinders_3501_A,AF-A0A223GEB2-F1-model_v6,0.28,344,1.0,0.984,1.5979999999999998e-23,901,A0A223GEB2
rank0007_ca6_proteinbinders_3501_A,AF-Q9C1X0-F1-model_v6,0.196,344,1.0,0.997,1.162e-22,900,Q9C1X0
rank0007_ca6_proteinbinders_3501_A,AF-Q9C4Z6-F1-model_v6,0.272,344,1.0,0.985,8.518e-24,900,Q9C4Z6
rank0007_ca6_proteinbinders_3501_A,AF-Q8NBT0-3-F1-model_v6,0.395,267,0.776,0.702,1.371e-21,900,Q8NBT0-3
rank0007_ca6_proteinbinders_3501_A,AF-C6HTE8-F1-model_v6,0.337,345,0.855,0.757,1.711e-22,900,C6HTE8
rank0007_ca6_proteinbinders_3501_A,AF-P62882-F1-model_v6,0.269,341,0.991,0.853,2.856e-23,897,P62882
rank0007_ca6_proteinbinders_3501_A,AF-Q5FVN8-F1-model_v6,0.348,309,0.872,0.649,4.206e-23,897,Q5FVN8
rank0007_ca6_proteinbinders_3501_A,AF-Q8IZU2-2-F1-model_v6,0.295,333,0.968,0.227,3.818e-23,896,Q8IZU2-2
rank0007_ca6_proteinbinders_3501_A,AF-G4MQX3-F1-model_v6,0.281,344,1.0,0.981,8.691999999999999e-23,895,G4MQX3
rank0007_ca6_proteinbinders_3501_A,AF-Q5RAC9-F1-model_v6,0.28,288,0.837,0.466,3.818e-23,894,Q5RAC9
rank0007_ca6_proteinbinders_3501_A,AF-Q5XGI5-F1-model_v6,0.248,341,0.991,0.924,1.0049999999999999e-22,893,Q5XGI5
rank0007_ca6_proteinbinders_3501_A,AF-Q5BE22-F1-model_v6,0.267,344,1.0,0.664,2.1359999999999998e-23,893,Q5BE22
rank0007_ca6_proteinbinders_3501_A,AF-Q40687-F1-model_v6,0.268,343,0.997,0.839,1.195e-23,892,Q40687
rank0007_ca6_proteinbinders_3501_A,AF-Q4WT34-F1-model_v6,0.267,344,1.0,0.662,1.9389999999999998e-23,890,Q4WT34
rank0007_ca6_proteinbinders_3501_A,AF-Q7RY30-F1-model_v6,0.329,348,0.988,0.768,1.566e-24,890,Q7RY30
rank0007_ca6_proteinbinders_3501_A,AF-A7EKM8-F1-model_v6,0.358,304,0.811,0.664,8.869999999999999e-22,890,A7EKM8
rank0007_ca6_proteinbinders_3501_A,AF-O48847-3-F1-model_v6,0.284,342,0.994,0.368,1.317e-23,890,O48847-3
rank0007_ca6_proteinbinders_3501_A,AF-Q9UT85-F1-model_v6,0.26,341,0.991,0.586,6.501999999999999e-23,889,Q9UT85
rank0007_ca6_proteinbinders_3501_A,AF-Q94BR4-F1-model_v6,0.276,288,0.837,0.549,2.4009999999999996e-22,888,Q94BR4
rank0007_ca6_proteinbinders_3501_A,AF-Q8C0J2-F1-model_v6,0.273,288,0.837,0.466,5.902e-23,888,Q8C0J2
rank0007_ca6_proteinbinders_3501_A,AF-C1GB49-F1-model_v6,0.329,372,0.988,0.778,2.42e-24,887,C1GB49
rank0007_ca6_proteinbinders_3501_A,AF-P93397-F1-model_v6,0.266,341,0.991,0.836,3.6379999999999996e-23,886,P93397
rank0007_ca6_proteinbinders_3501_A,AF-P0CS48-F1-model_v6,0.266,344,1.0,0.638,3.6379999999999996e-23,886,P0CS48
rank0007_ca6_proteinbinders_3501_A,AF-P87060-F1-model_v6,0.25,369,0.977,0.476,2.9139999999999996e-22,886,P87060
rank0007_ca6_proteinbinders_3501_A,AF-Q55AR8-F1-model_v6,0.255,339,0.985,0.842,1.6309999999999998e-22,885,Q55AR8
rank0007_ca6_proteinbinders_3501_A,AF-Q7KWL3-F1-model_v6,0.214,340,0.988,0.67,1.7959999999999999e-22,885,Q7KWL3
rank0007_ca6_proteinbinders_3501_A,AF-Q9NSI6-3-F1-model_v6,0.27,366,0.983,0.166,2.451e-21,885,Q9NSI6-3
rank0007_ca6_proteinbinders_3501_A,AF-B6GZD3-F1-model_v6,0.305,355,0.991,0.765,1.811e-24,884,B6GZD3
rank0007_ca6_proteinbinders_3501_A,AF-B8M7Q5-F1-model_v6,0.311,341,0.991,0.487,4.670000000000001e-25,884,B8M7Q5
rank0007_ca6_proteinbinders_3501_A,AF-Q54LT8-F1-model_v6,0.225,338,0.983,0.983,3.818e-23,883,Q54LT8
rank0007_ca6_proteinbinders_3501_A,AF-C4JZS6-F1-model_v6,0.304,340,0.983,0.762,6.07e-24,883,C4JZS6
rank0007_ca6_proteinbinders_3501_A,AF-O42469-F1-model_v6,0.263,287,0.834,0.368,2.5209999999999997e-22,883,O42469
rank0007_ca6_proteinbinders_3501_A,AF-O94620-F1-model_v6,0.259,338,0.983,0.871,2.5209999999999997e-22,882,O94620
rank0007_ca6_proteinbinders_3501_A,AF-Q20636-F1-model_v6,0.277,341,0.991,0.81,5.623e-23,882,Q20636
rank0007_ca6_proteinbinders_3501_A,AF-Q676U5-5-F1-model_v6,0.28,288,0.837,0.637,9.123e-23,881,Q676U5-5
rank0007_ca6_proteinbinders_3501_A,AF-Q9Y3F4-2-F1-model_v6,0.219,338,0.983,0.826,7.162e-23,879,Q9Y3F4-2
rank0007_ca6_proteinbinders_3501_A,AF-B2AEZ5-F1-model_v6,0.321,358,0.988,0.772,3.565e-24,879,B2AEZ5
rank0007_ca6_proteinbinders_3501_A,AF-Q8C0J2-2-F1-model_v6,0.273,288,0.837,0.481,1.0549999999999999e-22,878,Q8C0J2-2
rank0007_ca6_proteinbinders_3501_A,AF-Q21215-F1-model_v6,0.295,344,1.0,0.972,6.824e-23,877,Q21215
rank0007_ca6_proteinbinders_3501_A,AF-D5GBI7-F1-model_v6,0.335,342,0.988,0.757,6.07e-24,877,D5GBI7
rank0007_ca6_proteinbinders_3501_A,AF-Q2UGU1-F1-model_v6,0.318,349,0.988,0.767,1.725e-24,877,Q2UGU1
rank0007_ca6_proteinbinders_3501_A,AF-Q5ZME8-F1-model_v6,0.276,340,0.988,0.602,8.94e-24,877,Q5ZME8
rank0007_ca6_proteinbinders_3501_A,AF-Q5I0B9-2-F1-model_v6,0.292,286,0.831,0.523,1.0049999999999999e-22,877,Q5I0B9-2
rank0007_ca6_proteinbinders_3501_A,AF-Q0U1B1-F1-model_v6,0.336,356,0.988,0.771,6.07e-24,875,Q0U1B1
rank0007_ca6_proteinbinders_3501_A,AF-Q6DH44-F1-model_v6,0.253,342,0.994,0.924,4.504999999999999e-22,874,Q6DH44
rank0007_ca6_proteinbinders_3501_A,AF-P93398-F1-model_v6,0.264,343,0.997,0.841,9.123e-23,874,P93398
rank0007_ca6_proteinbinders_3501_A,AF-Q5ZMC3-F1-model_v6,0.314,307,0.866,0.645,2.9139999999999996e-22,874,Q5ZMC3
rank0007_ca6_proteinbinders_3501_A,AF-O24456-F1-model_v6,0.288,344,1.0,0.985,9.575e-23,873,O24456
rank0007_ca6_proteinbinders_3501_A,AF-Q676U5-2-F1-model_v6,0.28,288,0.837,0.481,1.41e-22,873,Q676U5-2
rank0007_ca6_proteinbinders_3501_A,AF-P62883-F1-model_v6,0.303,303,0.858,0.971,1.026e-21,872,P62883
rank0007_ca6_proteinbinders_3501_A,AF-Q8C0J2-3-F1-model_v6,0.273,288,0.837,0.454,1.6309999999999998e-22,872,Q8C0J2-3
rank0007_ca6_proteinbinders_3501_A,AF-Q9DAJ4-F1-model_v6,0.238,340,0.988,0.914,3.712e-22,871,Q9DAJ4
rank0007_ca6_proteinbinders_3501_A,AF-Q42384-F1-model_v6,0.232,344,1.0,0.619,1.162e-22,871,Q42384
rank0007_ca6_proteinbinders_3501_A,AF-O43660-F1-model_v6,0.264,344,1.0,0.584,1.107e-22,870,O43660
rank0007_ca6_proteinbinders_3501_A,AF-Q676U5-F1-model_v6,0.282,286,0.831,0.463,1.9789999999999997e-22,870,Q676U5
rank0007_ca6_proteinbinders_3501_A,AF-B2VWG7-F1-model_v6,0.33,355,0.988,0.77,1.5979999999999998e-23,869,B2VWG7
rank0007_ca6_proteinbinders_3501_A,AF-C5GVJ9-F1-model_v6,0.311,367,0.988,0.776,1.139e-23,869,C5GVJ9
rank0007_ca6_proteinbinders_3501_A,AF-P38129-F1-model_v6,0.321,322,0.916,0.404,6.371e-24,869,P38129
rank0007_ca6_proteinbinders_3501_A,AF-Q2UQ34-F1-model_v6,0.229,338,0.983,0.937,7.732e-24,868,Q2UQ34
rank0007_ca6_proteinbinders_3501_A,AF-C5JD40-F1-model_v6,0.311,367,0.988,0.776,1.317e-23,868,C5JD40
rank0007_ca6_proteinbinders_3501_A,AF-Q8N9V3-F1-model_v6,0.308,344,1.0,0.653,2.6449999999999995e-22,868,Q8N9V3
rank0007_ca6_proteinbinders_3501_A,AF-Q04726-4-F1-model_v6,0.267,287,0.834,0.365,8.051999999999999e-22,867,Q04726-4
rank0007_ca6_proteinbinders_3501_A,AF-P93563-F1-model_v6,0.261,343,0.997,0.841,7.162e-23,866,P93563
rank0007_ca6_proteinbinders_3501_A,AF-F4KB17-F1-model_v6,0.258,340,0.988,0.344,3.121e-21,866,F4KB17
rank0007_ca6_proteinbinders_3501_A,AF-Q5BLX8-F1-model_v6,0.241,340,0.988,0.914,4.963e-22,865,Q5BLX8
rank0007_ca6_proteinbinders_3501_A,AF-Q75AV4-F1-model_v6,0.255,288,0.837,0.641,4.727999999999999e-22,865,Q75AV4
rank0007_ca6_proteinbinders_3501_A,AF-B7PY76-F1-model_v6,0.277,325,0.866,0.765,3.8959999999999997e-22,864,B7PY76
rank0007_ca6_proteinbinders_3501_A,AF-Q6NNP0-F1-model_v6,0.264,297,0.863,0.576,3.5369999999999996e-22,864,Q6NNP0
rank0007_ca6_proteinbinders_3501_A,AF-A1CF18-F1-model_v6,0.308,357,0.991,0.821,6.371e-24,863,A1CF18
rank0007_ca6_proteinbinders_3501_A,AF-Q04726-6-F1-model_v6,0.263,287,0.834,0.368,8.869999999999999e-22,863,Q04726-6
rank0007_ca6_proteinbinders_3501_A,AF-B8M0Q1-F1-model_v6,0.285,352,0.988,0.767,5.357e-23,862,B8M0Q1
rank0007_ca6_proteinbinders_3501_A,AF-Q6NLV4-F1-model_v6,0.257,344,1.0,0.451,1.162e-22,861,Q6NLV4
rank0007_ca6_proteinbinders_3501_A,AF-Q6CKE8-F1-model_v6,0.249,344,1.0,0.696,2.1799999999999997e-22,860,Q6CKE8
rank0007_ca6_proteinbinders_3501_A,AF-Q00664-F1-model_v6,0.273,340,0.988,0.766,3.818e-23,860,Q00664
rank0007_ca6_proteinbinders_3501_A,AF-A2RRU3-F1-model_v6,0.268,288,0.837,0.528,4.597e-21,860,A2RRU3
rank0007_ca6_proteinbinders_3501_A,AF-A0AUS0-F1-model_v6,0.286,344,1.0,0.639,1.2199999999999999e-22,859,A0AUS0
rank0007_ca6_proteinbinders_3501_A,AF-Q9UTN4-F1-model_v6,0.283,307,0.837,0.603,4.504999999999999e-22,859,Q9UTN4
rank0007_ca6_proteinbinders_3501_A,AF-Q5XGE2-F1-model_v6,0.233,344,1.0,0.557,2.6449999999999995e-22,858,Q5XGE2
rank0007_ca6_proteinbinders_3501_A,AF-Q25306-F1-model_v6,0.303,303,0.858,0.971,2.974e-21,857,Q25306
rank0007_ca6_proteinbinders_3501_A,AF-Q4I7X1-F1-model_v6,0.232,308,0.837,0.503,7.670999999999999e-22,857,Q4I7X1
rank0007_ca6_proteinbinders_3501_A,AF-P16371-2-F1-model_v6,0.26,287,0.834,0.392,1.245e-21,857,P16371-2
rank0007_ca6_proteinbinders_3501_A,AF-U4PCM1-F1-model_v6,0.237,344,1.0,0.363,3.2099999999999996e-22,856,U4PCM1
rank0007_ca6_proteinbinders_3501_A,AF-Q6P4J8-F1-model_v6,0.268,340,0.988,0.602,4.007e-23,855,Q6P4J8
rank0007_ca6_proteinbinders_3501_A,AF-Q5I0B9-F1-model_v6,0.292,286,0.831,0.452,3.8959999999999997e-22,855,Q5I0B9
rank0007_ca6_proteinbinders_3501_A,AF-P16649-F1-model_v6,0.282,378,1.0,0.53,7.367e-24,854,P16649
rank0007_ca6_proteinbinders_3501_A,AF-Q07141-F1-model_v6,0.26,287,0.834,0.377,1.371e-21,854,Q07141
rank0007_ca6_proteinbinders_3501_A,AF-Q2HBX6-F1-model_v6,0.328,357,0.988,0.786,1.677e-23,853,Q2HBX6
rank0007_ca6_proteinbinders_3501_A,AF-P41318-F1-model_v6,0.264,294,0.855,0.97,1.13e-21,852,P41318
rank0007_ca6_proteinbinders_3501_A,AF-Q54H44-F1-model_v6,0.2,344,1.0,0.991,4.8629999999999996e-23,852,Q54H44
rank0007_ca6_proteinbinders_3501_A,AF-Q04726-3-F1-model_v6,0.267,287,0.834,0.369,1.924e-21,851,Q04726-3
rank0007_ca6_proteinbinders_3501_A,AF-Q9LXN4-F1-model_v6,0.254,350,0.837,0.342,4.963e-22,851,Q9LXN4
rank0007_ca6_proteinbinders_3501_A,AF-C7Z6H2-F1-model_v6,0.303,353,0.988,0.788,1.5979999999999998e-23,850,C7Z6H2
rank0007_ca6_proteinbinders_3501_A,AF-Q28DW0-F1-model_v6,0.351,312,0.837,0.937,2.335e-21,849,Q28DW0
rank0007_ca6_proteinbinders_3501_A,AF-A1D7I5-F1-model_v6,0.232,338,0.983,0.938,2.353e-23,849,A1D7I5
rank0007_ca6_proteinbinders_3501_A,AF-Q2GT28-F1-model_v6,0.34,347,0.988,0.766,3.146e-23,849,Q2GT28
rank0007_ca6_proteinbinders_3501_A,AF-B6QC56-F1-model_v6,0.285,352,0.988,0.767,7.162e-23,849,B6QC56
rank0007_ca6_proteinbinders_3501_A,AF-O76071-F1-model_v6,0.35,316,0.837,0.932,1.51e-21,848,O76071
rank0007_ca6_proteinbinders_3501_A,AF-Q2KJJ5-F1-model_v6,0.218,480,0.953,0.6,3.171e-25,848,Q2KJJ5
rank0007_ca6_proteinbinders_3501_A,AF-Q04727-2-F1-model_v6,0.267,287,0.834,0.401,2.572e-21,847,Q04727-2
rank0007_ca6_proteinbinders_3501_A,AF-Q75BY3-F1-model_v6,0.263,344,1.0,0.711,3.2099999999999996e-22,846,Q75BY3
rank0007_ca6_proteinbinders_3501_A,AF-Q4V7Y7-F1-model_v6,0.279,341,0.991,0.45,1.924e-21,846,Q4V7Y7
rank0007_ca6_proteinbinders_3501_A,AF-Q08122-4-F1-model_v6,0.263,287,0.834,0.361,2.7e-21,846,Q08122-4
rank0007_ca6_proteinbinders_3501_A,AF-Q04727-3-F1-model_v6,0.267,287,0.834,0.35,2.7e-21,846,Q04727-3
rank0007_ca6_proteinbinders_3501_A,AF-P62884-F1-model_v6,0.268,338,0.983,0.974,3.121e-21,844,P62884
rank0007_ca6_proteinbinders_3501_A,AF-Q9WVB2-F1-model_v6,0.256,287,0.834,0.368,2.833e-21,844,Q9WVB2
rank0007_ca6_proteinbinders_3501_A,AF-F1SS88-F1-model_v6,0.192,330,0.959,0.456,6.146e-21,843,F1SS88
rank0007_ca6_proteinbinders_3501_A,AF-Q62440-2-F1-model_v6,0.267,287,0.834,0.405,3.121e-21,843,Q62440-2
rank0007_ca6_proteinbinders_3501_A,AF-Q62440-5-F1-model_v6,0.267,287,0.834,0.381,2.974e-21,843,Q62440-5
rank0007_ca6_proteinbinders_3501_A,AF-Q62440-F1-model_v6,0.27,287,0.834,0.366,3.121e-21,843,Q62440
rank0007_ca6_proteinbinders_3501_A,AF-Q62441-F1-model_v6,0.267,287,0.834,0.365,3.121e-21,843,Q62441
rank0007_ca6_proteinbinders_3501_A,AF-Q4ICM0-F1-model_v6,0.29,355,0.988,0.772,3.6379999999999996e-23,842,Q4ICM0
rank0007_ca6_proteinbinders_3501_A,AF-Q08122-2-F1-model_v6,0.267,287,0.834,0.367,3.276e-21,842,Q08122-2
rank0007_ca6_proteinbinders_3501_A,AF-Q6NVM2-F1-model_v6,0.275,343,0.997,0.453,2.335e-21,841,Q6NVM2
rank0007_ca6_proteinbinders_3501_A,AF-O42478-F1-model_v6,0.263,287,0.834,0.365,3.609e-21,841,O42478
rank0007_ca6_proteinbinders_3501_A,AF-Q12788-F1-model_v6,0.228,480,0.953,0.594,5.145e-25,841,Q12788
rank0007_ca6_proteinbinders_3501_A,AF-O88879-F1-model_v6,0.254,420,0.971,0.336,6.371e-24,841,O88879
rank0007_ca6_proteinbinders_3501_A,AF-P62879-2-F1-model_v6,0.296,241,0.701,0.992,2.891e-20,840,P62879-2
rank0007_ca6_proteinbinders_3501_A,AF-Q8W117-F1-model_v6,0.273,340,0.988,0.603,1.162e-22,840,Q8W117
rank0007_ca6_proteinbinders_3501_A,AF-P16371-F1-model_v6,0.26,287,0.834,0.386,3.439e-21,840,P16371
rank0007_ca6_proteinbinders_3501_A,AF-Q6CG48-F1-model_v6,0.267,339,0.985,0.753,9.575e-23,839,Q6CG48
rank0007_ca6_proteinbinders_3501_A,AF-Q54Y96-F1-model_v6,0.225,341,0.991,0.581,5.357e-23,839,Q54Y96
rank0007_ca6_proteinbinders_3501_A,AF-Q5F201-F1-model_v6,0.18,330,0.959,0.456,6.146e-21,839,Q5F201
rank0007_ca6_proteinbinders_3501_A,AF-Q9C0J8-F1-model_v6,0.267,288,0.837,0.213,1.746e-21,839,Q9C0J8
rank0007_ca6_proteinbinders_3501_A,AF-A1CJY4-F1-model_v6,0.238,338,0.983,0.938,7.518e-23,837,A1CJY4
rank0007_ca6_proteinbinders_3501_A,AF-C0NRC6-F1-model_v6,0.322,349,0.988,0.765,8.282e-23,837,C0NRC6
rank0007_ca6_proteinbinders_3501_A,AF-Q5F3D7-F1-model_v6,0.243,288,0.837,0.537,1.2700000000000002e-20,837,Q5F3D7
rank0007_ca6_proteinbinders_3501_A,AF-Q04725-2-F1-model_v6,0.256,287,0.834,0.454,3.439e-21,837,Q04725-2
rank0007_ca6_proteinbinders_3501_A,AF-O13166-F1-model_v6,0.267,287,0.834,0.371,4.173e-21,836,O13166
rank0007_ca6_proteinbinders_3501_A,AF-Q04724-F1-model_v6,0.27,287,0.834,0.366,5.064e-21,835,Q04724
rank0007_ca6_proteinbinders_3501_A,AF-B0XYC8-F1-model_v6,0.235,338,0.983,0.938,7.162e-23,834,B0XYC8
rank0007_ca6_proteinbinders_3501_A,AF-Q5M7T1-F1-model_v6,0.36,316,0.837,0.932,4.825e-21,833,Q5M7T1
rank0007_ca6_proteinbinders_3501_A,AF-Q62440-3-F1-model_v6,0.267,287,0.834,0.434,6.146e-21,833,Q62440-3
rank0007_ca6_proteinbinders_3501_A,AF-Q04726-7-F1-model_v6,0.263,287,0.834,0.37,6.146e-21,833,Q04726-7
rank0007_ca6_proteinbinders_3501_A,AF-Q8C4J7-F1-model_v6,0.208,480,0.953,0.599,1.29e-24,833,Q8C4J7
rank0007_ca6_proteinbinders_3501_A,AF-F4HTH8-3-F1-model_v6,0.252,340,0.988,0.268,1.7959999999999999e-22,833,F4HTH8-3
rank0007_ca6_proteinbinders_3501_A,AF-Q9EPV5-F1-model_v6,0.25,420,0.971,0.336,8.116e-24,833,Q9EPV5
rank0007_ca6_proteinbinders_3501_A,AF-Q8N1V2-F1-model_v6,0.18,330,0.959,0.456,9.500000000000001e-21,832,Q8N1V2
rank0007_ca6_proteinbinders_3501_A,AF-Q04725-F1-model_v6,0.26,287,0.834,0.38,5.8550000000000004e-21,832,Q04725
rank0007_ca6_proteinbinders_3501_A,AF-A4RDD7-F1-model_v6,0.218,338,0.983,0.921,2.288e-22,831,A4RDD7
rank0007_ca6_proteinbinders_3501_A,AF-Q8N0X2-2-F1-model_v6,0.294,248,0.721,0.544,5.024e-19,831,Q8N0X2-2
rank0007_ca6_proteinbinders_3501_A,AF-Q6NRT3-F1-model_v6,0.265,340,0.988,0.602,1.6309999999999998e-22,831,Q6NRT3
rank0007_ca6_proteinbinders_3501_A,AF-Q5ZIU8-F1-model_v6,0.277,343,0.997,0.452,5.064e-21,831,Q5ZIU8
rank0007_ca6_proteinbinders_3501_A,AF-B7QKS1-F1-model_v6,0.303,344,1.0,0.997,8.869999999999999e-22,829,B7QKS1
rank0007_ca6_proteinbinders_3501_A,AF-A4R3M4-F1-model_v6,0.314,354,0.988,0.768,1.107e-22,829,A4R3M4
rank0007_ca6_proteinbinders_3501_A,AF-O94967-4-F1-model_v6,0.305,316,0.855,0.341,1.245e-21,829,O94967-4
rank0007_ca6_proteinbinders_3501_A,AF-Q0D0X6-F1-model_v6,0.277,341,0.988,0.765,1.107e-22,828,Q0D0X6
rank0007_ca6_proteinbinders_3501_A,AF-P0CS49-F1-model_v6,0.276,344,1.0,0.638,4.0889999999999997e-22,827,P0CS49
rank0007_ca6_proteinbinders_3501_A,AF-Q7ZVA0-F1-model_v6,0.265,343,0.997,0.598,4.634e-23,827,Q7ZVA0
rank0007_ca6_proteinbinders_3501_A,AF-Q9JIT3-F1-model_v6,0.267,287,0.834,0.369,7.828e-21,827,Q9JIT3
rank0007_ca6_proteinbinders_3501_A,AF-B4JB43-F1-model_v6,0.21,338,0.983,0.96,7.518e-23,826,B4JB43
rank0007_ca6_proteinbinders_3501_A,AF-Q2TAY7-2-F1-model_v6,0.265,340,0.988,0.878,1.711e-22,826,Q2TAY7-2
rank0007_ca6_proteinbinders_3501_A,AF-Q9BRX9-F1-model_v6,0.236,330,0.959,0.886,2.7e-21,825,Q9BRX9
rank0007_ca6_proteinbinders_3501_A,AF-Q04727-4-F1-model_v6,0.267,287,0.834,0.377,9.971e-21,825,Q04727-4
rank0007_ca6_proteinbinders_3501_A,AF-Q5R4T8-F1-model_v6,0.179,341,0.991,0.67,6.7700000000000004e-21,823,Q5R4T8
rank0007_ca6_proteinbinders_3501_A,AF-A7MB12-F1-model_v6,0.244,336,0.977,0.547,5.064e-21,823,A7MB12
rank0007_ca6_proteinbinders_3501_A,AF-O22785-F1-model_v6,0.293,286,0.831,0.541,2.0610000000000003e-20,823,O22785
rank0007_ca6_proteinbinders_3501_A,AF-A6RUL1-F1-model_v6,0.224,338,0.983,0.937,3.712e-22,822,A6RUL1
rank0007_ca6_proteinbinders_3501_A,AF-Q9D0I6-F1-model_v6,0.3,344,1.0,0.654,3.439e-21,822,Q9D0I6
rank0007_ca6_proteinbinders_3501_A,AF-Q9AV81-F1-model_v6,0.273,288,0.831,0.546,2.3830000000000002e-20,821,Q9AV81
rank0007_ca6_proteinbinders_3501_A,AF-Q8CGF6-F1-model_v6,0.325,321,0.872,0.349,1.746e-21,821,Q8CGF6
rank0007_ca6_proteinbinders_3501_A,AF-Q9FUY2-F1-model_v6,0.27,342,0.994,0.314,2.451e-21,821,Q9FUY2
rank0007_ca6_proteinbinders_3501_A,AF-A7EF03-F1-model_v6,0.221,338,0.983,0.937,2.777e-22,820,A7EF03
rank0007_ca6_proteinbinders_3501_A,AF-Q6PAC3-F1-model_v6,0.193,341,0.991,0.67,3.121e-21,820,Q6PAC3
rank0007_ca6_proteinbinders_3501_A,AF-O02195-F1-model_v6,0.21,338,0.983,0.96,1.711e-22,819,O02195
rank0007_ca6_proteinbinders_3501_A,AF-Q8N1V2-2-F1-model_v6,0.18,330,0.959,0.449,2.27e-20,819,Q8N1V2-2
rank0007_ca6_proteinbinders_3501_A,AF-Q04726-F1-model_v6,0.235,337,0.98,0.394,6.964e-22,818,Q04726
rank0007_ca6_proteinbinders_3501_A,AF-P0CS39-2-F1-model_v6,0.25,343,0.858,0.415,2.572e-21,818,P0CS39-2
rank0007_ca6_proteinbinders_3501_A,AF-Q6FL15-F1-model_v6,0.215,338,0.983,0.919,8.691999999999999e-23,817,Q6FL15
rank0007_ca6_proteinbinders_3501_A,AF-D4AZ50-F1-model_v6,0.276,354,0.988,0.768,5.737999999999999e-22,817,D4AZ50
rank0007_ca6_proteinbinders_3501_A,AF-Q09855-F1-model_v6,0.259,333,0.968,0.549,1.439e-21,817,Q09855
rank0007_ca6_proteinbinders_3501_A,AF-Q8C0J2-5-F1-model_v6,0.227,338,0.983,0.509,3.2099999999999996e-22,817,Q8C0J2-5
rank0007_ca6_proteinbinders_3501_A,AF-O35242-F1-model_v6,0.226,343,0.997,0.323,5.579e-21,817,O35242
rank0007_ca6_proteinbinders_3501_A,AF-E1BKF9-F1-model_v6,0.186,330,0.959,0.454,2.755e-20,816,E1BKF9
rank0007_ca6_proteinbinders_3501_A,AF-Q1DPU4-F1-model_v6,0.232,338,0.983,0.938,1.711e-22,815,Q1DPU4
rank0007_ca6_proteinbinders_3501_A,AF-D1ZEM6-F1-model_v6,0.295,372,0.991,0.765,1.2199999999999999e-22,815,D1ZEM6
rank0007_ca6_proteinbinders_3501_A,AF-Q92636-2-F1-model_v6,0.232,343,0.997,0.313,9.500000000000001e-21,815,Q92636-2
rank0007_ca6_proteinbinders_3501_A,AF-Q6CP71-F1-model_v6,0.222,342,0.994,0.664,7.828e-21,814,Q6CP71
rank0007_ca6_proteinbinders_3501_A,AF-Q5U2W5-F1-model_v6,0.214,485,0.968,0.606,3.236e-24,814,Q5U2W5
rank0007_ca6_proteinbinders_3501_A,AF-P38123-F1-model_v6,0.25,344,1.0,1.0,8.869999999999999e-22,813,P38123
rank0007_ca6_proteinbinders_3501_A,AF-Q32SG6-F1-model_v6,0.247,352,0.837,0.365,5.579e-21,813,Q32SG6
rank0007_ca6_proteinbinders_3501_A,AF-C4JPW9-F1-model_v6,0.298,359,0.991,0.782,1.41e-22,812,C4JPW9
rank0007_ca6_proteinbinders_3501_A,AF-Q652L2-F1-model_v6,0.254,352,0.837,0.361,2.572e-21,812,Q652L2
rank0007_ca6_proteinbinders_3501_A,AF-Q04727-F1-model_v6,0.263,287,0.834,0.365,1.618e-20,811,Q04727
rank0007_ca6_proteinbinders_3501_A,AF-A6H603-2-F1-model_v6,0.248,339,0.985,0.236,1.5410000000000002e-20,810,A6H603-2
rank0007_ca6_proteinbinders_3501_A,AF-O02482-F1-model_v6,0.222,344,1.0,0.49,8.624e-21,809,O02482
rank0007_ca6_proteinbinders_3501_A,AF-Q54D08-F1-model_v6,0.251,294,0.855,0.961,1.618e-20,808,Q54D08
rank0007_ca6_proteinbinders_3501_A,AF-B3N4C7-F1-model_v6,0.219,338,0.983,0.96,2.6449999999999995e-22,808,B3N4C7
rank0007_ca6_proteinbinders_3501_A,AF-Q7RY68-F1-model_v6,0.24,342,0.994,0.489,2.777e-22,808,Q7RY68
rank0007_ca6_proteinbinders_3501_A,AF-Q8C7V3-F1-model_v6,0.243,338,0.983,0.542,9.500000000000001e-21,807,Q8C7V3
rank0007_ca6_proteinbinders_3501_A,AF-Q8N1V2-3-F1-model_v6,0.18,330,0.959,0.513,4.6910000000000003e-20,807,Q8N1V2-3
rank0007_ca6_proteinbinders_3501_A,AF-Q6S7B0-F1-model_v6,0.298,333,0.968,0.483,2.5209999999999997e-22,807,Q6S7B0
rank0007_ca6_proteinbinders_3501_A,AF-P0CS38-F1-model_v6,0.25,343,0.858,0.389,6.451e-21,807,P0CS38
rank0007_ca6_proteinbinders_3501_A,AF-B4GSH1-F1-model_v6,0.21,338,0.983,0.96,3.2099999999999996e-22,806,B4GSH1
rank0007_ca6_proteinbinders_3501_A,AF-B5X212-F1-model_v6,0.307,341,0.991,0.973,1.833e-21,806,B5X212
rank0007_ca6_proteinbinders_3501_A,AF-O80990-F1-model_v6,0.3,344,1.0,0.969,3.2099999999999996e-22,806,O80990
rank0007_ca6_proteinbinders_3501_A,AF-C5FWH1-F1-model_v6,0.292,357,0.997,0.774,3.5369999999999996e-22,804,C5FWH1
rank0007_ca6_proteinbinders_3501_A,AF-A7TH19-F1-model_v6,0.197,338,0.983,0.916,3.8959999999999997e-22,802,A7TH19
rank0007_ca6_proteinbinders_3501_A,AF-Q8TED0-F1-model_v6,0.233,344,1.0,0.554,6.7700000000000004e-21,802,Q8TED0
rank0007_ca6_proteinbinders_3501_A,AF-Q7RXH4-F1-model_v6,0.204,338,0.983,0.908,6.635e-22,800,Q7RXH4
rank0007_ca6_proteinbinders_3501_A,AF-Q7ZW33-F1-model_v6,0.229,338,0.983,0.549,8.216e-21,800,Q7ZW33
rank0007_ca6_proteinbinders_3501_A,AF-O13282-F1-model_v6,0.287,322,0.936,0.491,3.2099999999999996e-22,800,O13282
rank0007_ca6_proteinbinders_3501_A,AF-A6ZMK5-F1-model_v6,0.208,342,0.994,0.928,3.8959999999999997e-22,799,A6ZMK5
rank0007_ca6_proteinbinders_3501_A,AF-Q16MY0-F1-model_v6,0.232,353,0.994,0.536,3.2099999999999996e-22,798,Q16MY0
rank0007_ca6_proteinbinders_3501_A,AF-Q13033-F1-model_v6,0.228,341,0.991,0.412,1.439e-21,798,Q13033
rank0007_ca6_proteinbinders_3501_A,AF-Q4P4R3-F1-model_v6,0.271,330,0.837,0.324,4.258e-20,797,Q4P4R3
rank0007_ca6_proteinbinders_3501_A,AF-Q9SJT9-F1-model_v6,0.234,340,0.988,0.259,3.121e-21,797,Q9SJT9
rank0007_ca6_proteinbinders_3501_A,AF-B4KKN1-F1-model_v6,0.261,306,0.849,0.73,2.6250000000000002e-20,796,B4KKN1
rank0007_ca6_proteinbinders_3501_A,AF-A2QP30-F1-model_v6,0.265,338,0.983,0.763,4.0889999999999997e-22,796,A2QP30
rank0007_ca6_proteinbinders_3501_A,AF-B4Q354-F1-model_v6,0.219,338,0.983,0.96,6.635e-22,795,B4Q354
rank0007_ca6_proteinbinders_3501_A,AF-B6QC06-F1-model_v6,0.268,339,0.985,0.743,7.670999999999999e-22,795,B6QC06
rank0007_ca6_proteinbinders_3501_A,AF-Q20059-2-F1-model_v6,0.241,305,0.837,0.449,8.384000000000001e-20,795,Q20059-2
rank0007_ca6_proteinbinders_3501_A,AF-Q54PE0-F1-model_v6,0.213,402,0.951,0.436,3.8959999999999997e-22,795,Q54PE0
rank0007_ca6_proteinbinders_3501_A,AF-A6H603-3-F1-model_v6,0.248,340,0.988,0.277,3.866e-20,795,A6H603-3
rank0007_ca6_proteinbinders_3501_A,AF-Q20059-F1-model_v6,0.241,305,0.837,0.447,1.121e-19,794,Q20059
rank0007_ca6_proteinbinders_3501_A,AF-B4KGX9-F1-model_v6,0.22,337,0.98,0.969,7.670999999999999e-22,793,B4KGX9
rank0007_ca6_proteinbinders_3501_A,AF-Q29L19-F1-model_v6,0.213,338,0.983,0.96,6.635e-22,793,Q29L19
rank0007_ca6_proteinbinders_3501_A,AF-B4J8H6-F1-model_v6,0.24,357,0.977,0.535,3.8959999999999997e-22,793,B4J8H6
rank0007_ca6_proteinbinders_3501_A,AF-Q99973-F1-model_v6,0.226,295,0.858,0.109,3.035e-20,793,Q99973
rank0007_ca6_proteinbinders_3501_A,AF-B4N0L0-F1-model_v6,0.226,337,0.98,0.969,6.964e-22,792,B4N0L0
rank0007_ca6_proteinbinders_3501_A,AF-P0CS33-F1-model_v6,0.218,338,0.983,0.935,2.019e-21,792,P0CS33
rank0007_ca6_proteinbinders_3501_A,AF-Q2GTM8-F1-model_v6,0.215,338,0.983,0.921,1.245e-21,791,Q2GTM8
rank0007_ca6_proteinbinders_3501_A,AF-A7RWD2-F1-model_v6,0.309,336,0.977,0.985,1.51e-21,790,A7RWD2
rank0007_ca6_proteinbinders_3501_A,AF-Q5REE0-F1-model_v6,0.231,344,1.0,0.554,1.7820000000000002e-20,790,Q5REE0
rank0007_ca6_proteinbinders_3501_A,AF-Q12220-F1-model_v6,0.26,353,0.968,0.374,4.8629999999999996e-23,790,Q12220
rank0007_ca6_proteinbinders_3501_A,AF-P53622-F1-model_v6,0.248,344,1.0,0.269,2.1190000000000002e-21,790,P53622
rank0007_ca6_proteinbinders_3501_A,AF-Q6BSL7-F1-model_v6,0.227,338,0.983,0.926,7.308999999999999e-22,789,Q6BSL7
rank0007_ca6_proteinbinders_3501_A,AF-P40968-F1-model_v6,0.217,291,0.831,0.64,2.27e-20,789,P40968
rank0007_ca6_proteinbinders_3501_A,AF-Q59WJ4-F1-model_v6,0.236,341,0.991,0.591,1.186e-21,789,Q59WJ4
rank0007_ca6_proteinbinders_3501_A,AF-Q9UNX4-F1-model_v6,0.269,344,0.968,0.365,3.6379999999999996e-23,789,Q9UNX4
rank0007_ca6_proteinbinders_3501_A,AF-Q6CGP9-F1-model_v6,0.234,340,0.988,0.617,6.022999999999999e-22,788,Q6CGP9
rank0007_ca6_proteinbinders_3501_A,AF-Q9FNN2-F1-model_v6,0.245,343,0.997,0.508,1.0980000000000001e-20,788,Q9FNN2
rank0007_ca6_proteinbinders_3501_A,AF-B3MVL6-F1-model_v6,0.22,337,0.98,0.969,7.670999999999999e-22,787,B3MVL6
rank0007_ca6_proteinbinders_3501_A,AF-P42841-F1-model_v6,0.215,342,0.994,0.641,1.1530000000000001e-20,787,P42841
rank0007_ca6_proteinbinders_3501_A,AF-B4QFZ8-F1-model_v6,0.273,344,1.0,0.991,6.146e-21,786,B4QFZ8
rank0007_ca6_proteinbinders_3501_A,AF-O43017-F1-model_v6,0.254,342,0.994,0.85,4.292e-22,786,O43017
rank0007_ca6_proteinbinders_3501_A,AF-P0CS38-2-F1-model_v6,0.25,343,0.858,0.415,2.163e-20,786,P0CS38-2
rank0007_ca6_proteinbinders_3501_A,AF-P54198-F1-model_v6,0.234,343,0.837,0.337,3.3430000000000005e-20,786,P54198
rank0007_ca6_proteinbinders_3501_A,AF-P53621-2-F1-model_v6,0.246,342,0.994,0.259,2.335e-21,786,P53621-2
rank0007_ca6_proteinbinders_3501_A,AF-B4LUA5-F1-model_v6,0.223,337,0.98,0.969,9.309999999999999e-22,785,B4LUA5
rank0007_ca6_proteinbinders_3501_A,AF-B4HRQ6-F1-model_v6,0.273,344,1.0,0.991,3.609e-21,785,B4HRQ6
rank0007_ca6_proteinbinders_3501_A,AF-B0XAF3-F1-model_v6,0.313,342,0.994,0.979,1.306e-21,784,B0XAF3
rank0007_ca6_proteinbinders_3501_A,AF-Q32PJ6-F1-model_v6,0.356,316,0.837,0.932,6.909e-20,783,Q32PJ6
rank0007_ca6_proteinbinders_3501_A,AF-Q04726-2-F1-model_v6,0.235,337,0.98,0.4,7.458e-21,783,Q04726-2
rank0007_ca6_proteinbinders_3501_A,AF-Q8SQS4-F1-model_v6,0.235,323,0.939,0.538,1.924e-21,782,Q8SQS4
rank0007_ca6_proteinbinders_3501_A,AF-A6H603-F1-model_v6,0.248,340,0.988,0.218,1.068e-19,782,A6H603
rank0007_ca6_proteinbinders_3501_A,AF-O94967-3-F1-model_v6,0.305,316,0.855,0.343,1.0980000000000001e-20,781,O94967-3
rank0007_ca6_proteinbinders_3501_A,AF-Q16K15-F1-model_v6,0.216,338,0.983,0.96,8.869999999999999e-22,780,Q16K15
rank0007_ca6_proteinbinders_3501_A,AF-B5X9P2-F1-model_v6,0.314,343,0.997,0.979,9.500000000000001e-21,780,B5X9P2
rank0007_ca6_proteinbinders_3501_A,AF-Q6BU94-F1-model_v6,0.231,342,0.994,0.736,7.828e-21,780,Q6BU94
rank0007_ca6_proteinbinders_3501_A,AF-B4JPT9-F1-model_v6,0.271,319,0.863,0.761,1.8710000000000003e-20,780,B4JPT9
rank0007_ca6_proteinbinders_3501_A,AF-O00628-F1-model_v6,0.273,299,0.837,0.926,7.251e-20,779,O00628
rank0007_ca6_proteinbinders_3501_A,AF-B4KTK4-F1-model_v6,0.291,342,0.994,0.985,3.788e-21,779,B4KTK4
rank0007_ca6_proteinbinders_3501_A,AF-Q04726-5-F1-model_v6,0.235,337,0.98,0.395,9.500000000000001e-21,779,Q04726-5
rank0007_ca6_proteinbinders_3501_A,AF-Q54S79-F1-model_v6,0.237,346,0.968,0.367,3.059e-22,779,Q54S79
rank0007_ca6_proteinbinders_3501_A,AF-Q94A40-F1-model_v6,0.247,342,0.994,0.262,7.458e-21,779,Q94A40
rank0007_ca6_proteinbinders_3501_A,AF-Q17GR9-F1-model_v6,0.298,341,0.991,0.976,2.833e-21,778,Q17GR9
rank0007_ca6_proteinbinders_3501_A,AF-A3LX18-F1-model_v6,0.238,342,0.994,0.934,9.309999999999999e-22,778,A3LX18
rank0007_ca6_proteinbinders_3501_A,AF-B4NW98-F1-model_v6,0.214,337,0.98,0.969,2.225e-21,777,B4NW98
rank0007_ca6_proteinbinders_3501_A,AF-P35184-F1-model_v6,0.177,377,1.0,0.875,1.948e-18,777,P35184
rank0007_ca6_proteinbinders_3501_A,AF-P53621-F1-model_v6,0.246,342,0.994,0.261,2.833e-21,777,P53621
rank0007_ca6_proteinbinders_3501_A,AF-Q54MT0-F1-model_v6,0.197,338,0.983,0.934,3.788e-21,775,Q54MT0
rank0007_ca6_proteinbinders_3501_A,AF-Q9FKT5-F1-model_v6,0.255,342,0.994,0.971,1.5410000000000002e-20,774,Q9FKT5
rank0007_ca6_proteinbinders_3501_A,AF-Q9QZD9-F1-model_v6,0.204,338,0.983,0.957,1.585e-21,774,Q9QZD9
rank0007_ca6_proteinbinders_3501_A,AF-Q6CI08-F1-model_v6,0.224,340,0.988,0.95,8.450999999999999e-22,774,Q6CI08
rank0007_ca6_proteinbinders_3501_A,AF-Q99KN2-F1-model_v6,0.328,344,1.0,0.976,3.609e-21,774,Q99KN2
rank0007_ca6_proteinbinders_3501_A,AF-Q9W328-F1-model_v6,0.27,297,0.858,0.949,1.469e-20,773,Q9W328
rank0007_ca6_proteinbinders_3501_A,AF-B0XFT7-F1-model_v6,0.206,338,0.983,0.96,1.245e-21,773,B0XFT7
rank0007_ca6_proteinbinders_3501_A,AF-B4GDM7-F1-model_v6,0.293,344,1.0,0.991,3.609e-21,773,B4GDM7
rank0007_ca6_proteinbinders_3501_A,AF-B2B766-F1-model_v6,0.303,357,0.991,0.763,1.306e-21,773,B2B766
rank0007_ca6_proteinbinders_3501_A,AF-P54198-2-F1-model_v6,0.238,343,0.837,0.423,8.384000000000001e-20,773,P54198-2
rank0007_ca6_proteinbinders_3501_A,AF-B3NQR5-F1-model_v6,0.273,344,1.0,0.991,1.2100000000000001e-20,771,B3NQR5
rank0007_ca6_proteinbinders_3501_A,AF-Q08122-F1-model_v6,0.232,337,0.98,0.394,1.0980000000000001e-20,771,Q08122
rank0007_ca6_proteinbinders_3501_A,AF-Q7ZV55-F1-model_v6,0.206,338,0.983,0.957,2.019e-21,769,Q7ZV55
rank0007_ca6_proteinbinders_3501_A,AF-Q5AI86-F1-model_v6,0.243,338,0.983,0.926,1.026e-21,769,Q5AI86
rank0007_ca6_proteinbinders_3501_A,AF-P35605-F1-model_v6,0.23,340,0.988,0.322,4.258e-20,769,P35605
rank0007_ca6_proteinbinders_3501_A,AF-P16520-2-F1-model_v6,0.299,256,0.744,0.848,3.758e-19,768,P16520-2
rank0007_ca6_proteinbinders_3501_A,AF-B0BNA7-F1-model_v6,0.201,338,0.983,0.957,2.1190000000000002e-21,768,B0BNA7
rank0007_ca6_proteinbinders_3501_A,AF-Q7PP77-F1-model_v6,0.195,338,0.983,0.96,1.664e-21,768,Q7PP77
rank0007_ca6_proteinbinders_3501_A,AF-B4JW81-F1-model_v6,0.288,342,0.994,0.985,7.828e-21,768,B4JW81
rank0007_ca6_proteinbinders_3501_A,AF-O74845-F1-model_v6,0.193,349,0.959,0.619,4.561e-19,768,O74845
rank0007_ca6_proteinbinders_3501_A,AF-Q9H7D7-2-F1-model_v6,0.246,339,0.985,0.459,4.6910000000000003e-20,768,Q9H7D7-2
rank0007_ca6_proteinbinders_3501_A,AF-B4P7Q3-F1-model_v6,0.271,344,1.0,0.991,1.2100000000000001e-20,767,B4P7Q3
rank0007_ca6_proteinbinders_3501_A,AF-Q8BHB4-F1-model_v6,0.272,344,0.968,0.365,1.344e-22,767,Q8BHB4
rank0007_ca6_proteinbinders_3501_A,AF-Q9NRL3-F1-model_v6,0.225,341,0.991,0.433,1.8710000000000003e-20,766,Q9NRL3
rank0007_ca6_proteinbinders_3501_A,AF-Q75C26-F1-model_v6,0.309,343,0.997,0.985,4.173e-21,765,Q75C26
rank0007_ca6_proteinbinders_3501_A,AF-Q292E8-F1-model_v6,0.291,344,1.0,0.991,5.8550000000000004e-21,765,Q292E8
rank0007_ca6_proteinbinders_3501_A,AF-Q28D01-F1-model_v6,0.252,339,0.985,0.482,2.3830000000000002e-20,765,Q28D01
rank0007_ca6_proteinbinders_3501_A,AF-Q8C6G8-F1-model_v6,0.249,339,0.985,0.462,5.168e-20,765,Q8C6G8
rank0007_ca6_proteinbinders_3501_A,AF-Q20059-3-F1-model_v6,0.241,305,0.837,0.438,4.787e-19,764,Q20059-3
rank0007_ca6_proteinbinders_3501_A,AF-Q29HG9-F1-model_v6,0.253,300,0.863,0.952,8.800000000000001e-20,763,Q29HG9
rank0007_ca6_proteinbinders_3501_A,AF-Q8TED0-3-F1-model_v6,0.25,277,0.805,0.531,6.717e-19,763,Q8TED0-3
rank0007_ca6_proteinbinders_3501_A,AF-Q0J3D9-F1-model_v6,0.235,342,0.994,0.261,1.618e-20,763,Q0J3D9
rank0007_ca6_proteinbinders_3501_A,AF-Q05946-F1-model_v6,0.192,504,0.968,0.617,4.007e-23,762,Q05946
rank0007_ca6_proteinbinders_3501_A,AF-P41811-F1-model_v6,0.266,344,1.0,0.337,1.068e-19,762,P41811
rank0007_ca6_proteinbinders_3501_A,AF-Q27954-F1-model_v6,0.247,342,0.994,0.261,1.2100000000000001e-20,762,Q27954
rank0007_ca6_proteinbinders_3501_A,AF-Q5R7R2-F1-model_v6,0.207,338,0.983,0.957,4.38e-21,760,Q5R7R2
rank0007_ca6_proteinbinders_3501_A,AF-P18851-F1-model_v6,0.233,343,0.997,0.804,6.451e-21,760,P18851
rank0007_ca6_proteinbinders_3501_A,AF-G5EEG7-F1-model_v6,0.226,343,0.997,0.596,1.047e-20,760,G5EEG7
rank0007_ca6_proteinbinders_3501_A,AF-Q8BH57-2-F1-model_v6,0.228,376,0.997,0.568,6.964e-22,760,Q8BH57-2
rank0007_ca6_proteinbinders_3501_A,AF-P79987-F1-model_v6,0.234,343,0.837,0.337,2.678e-19,760,P79987
rank0007_ca6_proteinbinders_3501_A,AF-Q8CIE6-F1-model_v6,0.249,342,0.994,0.261,1.469e-20,760,Q8CIE6
rank0007_ca6_proteinbinders_3501_A,AF-B4LJT7-F1-model_v6,0.298,343,0.997,0.988,7.828e-21,759,B4LJT7
rank0007_ca6_proteinbinders_3501_A,AF-Q05048-F1-model_v6,0.199,341,0.991,0.759,1.833e-21,758,Q05048
rank0007_ca6_proteinbinders_3501_A,AF-Q19124-F1-model_v6,0.23,336,0.977,0.554,3.035e-20,758,Q19124
rank0007_ca6_proteinbinders_3501_A,AF-A5DGL8-F1-model_v6,0.23,338,0.983,0.925,7.828e-21,757,A5DGL8
rank0007_ca6_proteinbinders_3501_A,AF-O43815-2-F1-model_v6,0.207,341,0.991,0.449,2.0610000000000003e-20,757,O43815-2
rank0007_ca6_proteinbinders_3501_A,AF-Q54YD8-F1-model_v6,0.245,342,0.994,0.293,1.733e-19,757,Q54YD8
rank0007_ca6_proteinbinders_3501_A,AF-Q5A7Q3-F1-model_v6,0.214,344,1.0,0.812,2.27e-20,756,Q5A7Q3
rank0007_ca6_proteinbinders_3501_A,AF-Q61666-2-F1-model_v6,0.236,343,0.837,0.609,2.431e-19,756,Q61666-2
rank0007_ca6_proteinbinders_3501_A,AF-Q9AUR7-F1-model_v6,0.226,392,0.983,0.322,1.026e-21,755,Q9AUR7
rank0007_ca6_proteinbinders_3501_A,AF-Q13347-F1-model_v6,0.201,338,0.983,0.957,6.146e-21,754,Q13347
rank0007_ca6_proteinbinders_3501_A,AF-Q38884-F1-model_v6,0.228,338,0.983,0.963,3.609e-21,754,Q38884
rank0007_ca6_proteinbinders_3501_A,AF-Q6P0D9-F1-model_v6,0.291,341,0.991,0.976,1.618e-20,754,Q6P0D9
rank0007_ca6_proteinbinders_3501_A,AF-A5DVY3-F1-model_v6,0.224,342,0.994,0.934,4.825e-21,754,A5DVY3
rank0007_ca6_proteinbinders_3501_A,AF-P87314-F1-model_v6,0.25,332,0.837,0.356,3.945e-19,754,P87314
rank0007_ca6_proteinbinders_3501_A,AF-Q5SP67-F1-model_v6,0.249,339,0.985,0.514,7.611e-20,753,Q5SP67
rank0007_ca6_proteinbinders_3501_A,AF-Q7T2F6-F1-model_v6,0.264,366,0.994,0.865,4.173e-21,752,Q7T2F6
rank0007_ca6_proteinbinders_3501_A,AF-Q5RAW8-F1-model_v6,0.234,358,0.959,0.529,4.38e-21,751,Q5RAW8
rank0007_ca6_proteinbinders_3501_A,AF-Q66J51-F1-model_v6,0.196,340,0.988,0.969,2.451e-21,750,Q66J51
rank0007_ca6_proteinbinders_3501_A,AF-A8QBF3-F1-model_v6,0.204,338,0.983,0.957,5.064e-21,750,A8QBF3
rank0007_ca6_proteinbinders_3501_A,AF-B3MC74-F1-model_v6,0.29,342,0.994,0.985,1.698e-20,750,B3MC74
rank0007_ca6_proteinbinders_3501_A,AF-Q7K1Y4-F1-model_v6,0.272,344,1.0,0.991,4.6910000000000003e-20,748,Q7K1Y4
rank0007_ca6_proteinbinders_3501_A,AF-Q5BJQ6-F1-model_v6,0.202,341,0.991,0.759,4.173e-21,748,Q5BJQ6
rank0007_ca6_proteinbinders_3501_A,AF-Q5IH81-F1-model_v6,0.198,338,0.983,0.934,3.276e-21,747,Q5IH81
rank0007_ca6_proteinbinders_3501_A,AF-B4MY77-F1-model_v6,0.289,342,0.994,0.985,1.8710000000000003e-20,746,B4MY77
rank0007_ca6_proteinbinders_3501_A,AF-Q9JHB4-2-F1-model_v6,0.288,294,0.849,0.803,2.252e-18,745,Q9JHB4-2
rank0007_ca6_proteinbinders_3501_A,AF-Q5R8K2-F1-model_v6,0.191,341,0.991,0.759,6.7700000000000004e-21,745,Q5R8K2
rank0007_ca6_proteinbinders_3501_A,AF-Q8QFR2-F1-model_v6,0.234,343,0.837,0.339,3.945e-19,745,Q8QFR2
rank0007_ca6_proteinbinders_3501_A,AF-Q5EBE8-F1-model_v6,0.204,340,0.988,0.969,5.579e-21,744,Q5EBE8
rank0007_ca6_proteinbinders_3501_A,AF-Q8R537-F1-model_v6,0.247,337,0.98,0.969,1.176e-19,743,Q8R537
rank0007_ca6_proteinbinders_3501_A,AF-Q5E966-F1-model_v6,0.204,338,0.983,0.957,1.1530000000000001e-20,742,Q5E966
rank0007_ca6_proteinbinders_3501_A,AF-O54929-F1-model_v6,0.253,338,0.968,0.837,2.833e-21,742,O54929
rank0007_ca6_proteinbinders_3501_A,AF-Q5R664-F1-model_v6,0.23,340,0.988,0.322,2.951e-19,742,Q5R664
rank0007_ca6_proteinbinders_3501_A,AF-Q55FR9-F1-model_v6,0.2,391,0.994,0.32,1.585e-21,742,Q55FR9
rank0007_ca6_proteinbinders_3501_A,AF-Q5EBE8-2-F1-model_v6,0.204,338,0.983,0.942,1.5410000000000002e-20,740,Q5EBE8-2
rank0007_ca6_proteinbinders_3501_A,AF-B6K1G6-F1-model_v6,0.286,344,1.0,0.538,3.1850000000000004e-20,740,B6K1G6
rank0007_ca6_proteinbinders_3501_A,AF-Q5VQ78-F1-model_v6,0.228,367,0.968,0.405,3.439e-21,738,Q5VQ78
rank0007_ca6_proteinbinders_3501_A,AF-Q7Z4S6-4-F1-model_v6,0.24,343,0.997,0.19,3.1850000000000004e-20,738,Q7Z4S6-4
rank0007_ca6_proteinbinders_3501_A,AF-Q9JHB4-F1-model_v6,0.282,294,0.849,0.801,2.364e-18,736,Q9JHB4
rank0007_ca6_proteinbinders_3501_A,AF-Q7Z4S6-2-F1-model_v6,0.24,343,0.997,0.191,3.3430000000000005e-20,736,Q7Z4S6-2
rank0007_ca6_proteinbinders_3501_A,AF-A8WVX8-F1-model_v6,0.213,338,0.983,0.957,1.5410000000000002e-20,735,A8WVX8
rank0007_ca6_proteinbinders_3501_A,AF-Q9W5Z5-F1-model_v6,0.247,372,1.0,0.871,5.8550000000000004e-21,735,Q9W5Z5
rank0007_ca6_proteinbinders_3501_A,AF-Q0V8J1-F1-model_v6,0.252,336,0.962,0.828,8.624e-21,733,Q0V8J1
rank0007_ca6_proteinbinders_3501_A,AF-Q86TI4-4-F1-model_v6,0.283,263,0.727,0.546,3.072e-17,733,Q86TI4-4
rank0007_ca6_proteinbinders_3501_A,AF-O42611-F1-model_v6,0.238,343,0.837,0.335,1.457e-18,733,O42611
rank0007_ca6_proteinbinders_3501_A,AF-O17468-F1-model_v6,0.279,340,0.837,0.325,3.25e-19,733,O17468
rank0007_ca6_proteinbinders_3501_A,AF-P91341-F1-model_v6,0.187,402,0.959,0.442,5.975000000000001e-20,732,P91341
rank0007_ca6_proteinbinders_3501_A,AF-F4IIK6-F1-model_v6,0.239,306,0.89,0.952,1.909e-19,731,F4IIK6
rank0007_ca6_proteinbinders_3501_A,AF-Q965S8-F1-model_v6,0.21,338,0.983,0.957,6.451e-21,730,Q965S8
rank0007_ca6_proteinbinders_3501_A,AF-Q9AUR8-F1-model_v6,0.226,392,0.983,0.322,3.609e-21,728,Q9AUR8
rank0007_ca6_proteinbinders_3501_A,AF-Q7Z4S6-6-F1-model_v6,0.251,343,0.997,0.196,5.693e-20,728,Q7Z4S6-6
rank0007_ca6_proteinbinders_3501_A,AF-Q9XF57-F1-model_v6,0.242,338,0.983,0.975,1.909e-19,726,Q9XF57
rank0007_ca6_proteinbinders_3501_A,AF-P97865-F1-model_v6,0.243,337,0.98,0.969,3.097e-19,725,P97865
rank0007_ca6_proteinbinders_3501_A,AF-Q9NYS7-F1-model_v6,0.255,339,0.968,0.839,6.7700000000000004e-21,725,Q9NYS7
rank0007_ca6_proteinbinders_3501_A,AF-Q2GSJ9-F1-model_v6,0.238,361,0.855,0.334,1.529e-18,725,Q2GSJ9
rank0007_ca6_proteinbinders_3501_A,AF-Q8NA23-2-F1-model_v6,0.247,341,0.991,0.822,6.097e-19,724,Q8NA23-2
rank0007_ca6_proteinbinders_3501_A,AF-Q4V837-F1-model_v6,0.243,341,0.837,0.48,1.651e-19,724,Q4V837
rank0007_ca6_proteinbinders_3501_A,AF-Q9Y6I7-F1-model_v6,0.25,364,0.991,0.865,4.9240000000000005e-20,722,Q9Y6I7
rank0007_ca6_proteinbinders_3501_A,AF-Q09406-F1-model_v6,0.219,339,0.985,0.558,7.611e-20,721,Q09406
rank0007_ca6_proteinbinders_3501_A,AF-Q9VCN9-F1-model_v6,0.234,344,0.91,0.463,1.8710000000000003e-20,719,Q9VCN9
rank0007_ca6_proteinbinders_3501_A,AF-Q8L828-F1-model_v6,0.218,369,0.968,0.406,7.106e-21,719,Q8L828
rank0007_ca6_proteinbinders_3501_A,AF-O62621-F1-model_v6,0.232,370,0.968,0.405,3.609e-21,718,O62621
rank0007_ca6_proteinbinders_3501_A,AF-Q2TZG4-F1-model_v6,0.232,341,0.991,0.533,2.103e-19,717,Q2TZG4
rank0007_ca6_proteinbinders_3501_A,AF-Q9BVC4-F1-model_v6,0.205,308,0.866,0.945,1.605e-18,715,Q9BVC4
rank0007_ca6_proteinbinders_3501_A,AF-Q6H8D5-F1-model_v6,0.228,367,0.968,0.403,1.3330000000000001e-20,715,Q6H8D5
rank0007_ca6_proteinbinders_3501_A,AF-O94394-F1-model_v6,0.247,331,0.962,0.802,1.018e-19,714,O94394
rank0007_ca6_proteinbinders_3501_A,AF-Q6FVD3-F1-model_v6,0.217,360,0.855,0.429,5.809e-19,714,Q6FVD3
rank0007_ca6_proteinbinders_3501_A,AF-Q20168-F1-model_v6,0.226,369,0.968,0.369,7.106e-21,714,Q20168
rank0007_ca6_proteinbinders_3501_A,AF-Q9NYS7-2-F1-model_v6,0.253,338,0.968,0.803,2.163e-20,713,Q9NYS7-2
rank0007_ca6_proteinbinders_3501_A,AF-C4R6H3-F1-model_v6,0.216,371,0.977,0.742,3.035e-20,713,C4R6H3
rank0007_ca6_proteinbinders_3501_A,AF-O75037-3-F1-model_v6,0.243,335,0.974,0.193,3.035e-20,710,O75037-3
rank0007_ca6_proteinbinders_3501_A,AF-B2ZZS9-F1-model_v6,0.222,288,0.837,0.712,2.044e-18,708,B2ZZS9
rank0007_ca6_proteinbinders_3501_A,AF-Q6P1V3-F1-model_v6,0.281,347,0.965,0.822,7.828e-21,708,Q6P1V3
rank0007_ca6_proteinbinders_3501_A,AF-Q8L828-2-F1-model_v6,0.222,364,0.959,0.397,3.1850000000000004e-20,708,Q8L828-2
rank0007_ca6_proteinbinders_3501_A,AF-Q9I9H8-F1-model_v6,0.272,350,0.922,0.278,3.4659999999999997e-23,708,Q9I9H8
rank0007_ca6_proteinbinders_3501_A,AF-O75037-F1-model_v6,0.234,336,0.977,0.19,7.988000000000001e-20,707,O75037
rank0007_ca6_proteinbinders_3501_A,AF-Q6CBI8-F1-model_v6,0.285,340,0.988,0.994,2.207e-19,706,Q6CBI8
rank0007_ca6_proteinbinders_3501_A,AF-P14197-F1-model_v6,0.222,341,0.991,0.665,8.384000000000001e-20,706,P14197
rank0007_ca6_proteinbinders_3501_A,AF-Q676U5-4-F1-model_v6,0.253,246,0.715,0.558,1.417e-17,705,Q676U5-4
rank0007_ca6_proteinbinders_3501_A,AF-Q3B7M6-F1-model_v6,0.254,296,0.86,0.445,8.318e-18,705,Q3B7M6
rank0007_ca6_proteinbinders_3501_A,AF-Q9D180-F1-model_v6,0.165,330,0.959,0.263,2.6250000000000002e-20,705,Q9D180
rank0007_ca6_proteinbinders_3501_A,AF-Q6H8D6-F1-model_v6,0.228,367,0.968,0.403,3.866e-20,704,Q6H8D6
rank0007_ca6_proteinbinders_3501_A,AF-Q6UXN9-F1-model_v6,0.202,344,1.0,0.962,2.207e-19,703,Q6UXN9
rank0007_ca6_proteinbinders_3501_A,AF-O35142-F1-model_v6,0.216,366,0.968,0.404,2.891e-20,703,O35142
rank0007_ca6_proteinbinders_3501_A,AF-Q6NS57-2-F1-model_v6,0.22,385,0.953,0.255,2.5010000000000002e-20,702,Q6NS57-2
rank0007_ca6_proteinbinders_3501_A,AF-O42858-F1-model_v6,0.204,342,0.994,0.786,6.097e-19,700,O42858
rank0007_ca6_proteinbinders_3501_A,AF-Q7KWK5-F1-model_v6,0.198,296,0.834,0.576,8.731e-18,699,Q7KWK5
rank0007_ca6_proteinbinders_3501_A,AF-Q5I0B4-F1-model_v6,0.208,312,0.872,0.957,1.768e-18,697,Q5I0B4
rank0007_ca6_proteinbinders_3501_A,AF-F1M5N7-F1-model_v6,0.239,336,0.977,0.19,5.424e-20,697,F1M5N7
rank0007_ca6_proteinbinders_3501_A,AF-P33215-2-F1-model_v6,0.244,304,0.884,0.575,1.225e-17,696,P33215-2
rank0007_ca6_proteinbinders_3501_A,AF-Q4IBR4-F1-model_v6,0.265,358,0.855,0.342,2.364e-18,696,Q4IBR4
rank0007_ca6_proteinbinders_3501_A,AF-Q9C827-F1-model_v6,0.218,369,0.968,0.398,4.6910000000000003e-20,694,Q9C827
rank0007_ca6_proteinbinders_3501_A,AF-Q8NA23-F1-model_v6,0.25,341,0.991,0.82,5.381e-18,693,Q8NA23
rank0007_ca6_proteinbinders_3501_A,AF-O55029-F1-model_v6,0.216,366,0.968,0.404,4.6910000000000003e-20,693,O55029
rank0007_ca6_proteinbinders_3501_A,AF-O54927-F1-model_v6,0.268,367,1.0,0.872,6.582e-20,692,O54927
rank0007_ca6_proteinbinders_3501_A,AF-Q6CMA2-F1-model_v6,0.277,344,1.0,0.988,6.097e-19,690,Q6CMA2
rank0007_ca6_proteinbinders_3501_A,AF-O60336-6-F1-model_v6,0.218,385,0.953,0.255,2.891e-20,690,O60336-6
rank0007_ca6_proteinbinders_3501_A,AF-Q8NHV4-F1-model_v6,0.237,304,0.884,0.442,1.35e-17,687,Q8NHV4
rank0007_ca6_proteinbinders_3501_A,AF-O60336-2-F1-model_v6,0.215,385,0.953,0.313,5.693e-20,687,O60336-2
rank0007_ca6_proteinbinders_3501_A,AF-Q96MR6-F1-model_v6,0.162,330,0.959,0.262,3.5090000000000005e-20,687,Q96MR6
rank0007_ca6_proteinbinders_3501_A,AF-B3RNR8-F1-model_v6,0.298,307,0.828,0.981,1.112e-17,686,B3RNR8
rank0007_ca6_proteinbinders_3501_A,AF-Q9UT57-F1-model_v6,0.28,342,0.994,0.539,8.152e-19,686,Q9UT57
rank0007_ca6_proteinbinders_3501_A,AF-O60336-F1-model_v6,0.218,385,0.953,0.254,4.9240000000000005e-20,686,O60336
rank0007_ca6_proteinbinders_3501_A,AF-A0A396ISC0-F1-model_v6,0.244,335,0.974,0.621,1.296e-19,685,A0A396ISC0
rank0007_ca6_proteinbinders_3501_A,AF-O62471-3-F1-model_v6,0.211,460,0.98,0.347,8.518e-24,685,O62471-3
rank0007_ca6_proteinbinders_3501_A,AF-O42937-F1-model_v6,0.22,368,0.971,0.462,4.057e-20,684,O42937
rank0007_ca6_proteinbinders_3501_A,AF-Q9LFE2-F1-model_v6,0.181,598,0.974,0.683,1.013e-24,684,Q9LFE2
rank0007_ca6_proteinbinders_3501_A,AF-Q6NS57-F1-model_v6,0.215,385,0.953,0.256,6.582e-20,684,Q6NS57
rank0007_ca6_proteinbinders_3501_A,AF-P33215-F1-model_v6,0.242,314,0.913,0.456,1.286e-17,682,P33215
rank0007_ca6_proteinbinders_3501_A,AF-A1L112-F1-model_v6,0.219,286,0.831,0.737,1.112e-17,681,A1L112
rank0007_ca6_proteinbinders_3501_A,AF-Q0IF90-F1-model_v6,0.187,337,0.98,0.615,4.025e-18,680,Q0IF90
rank0007_ca6_proteinbinders_3501_A,AF-Q6CXX3-F1-model_v6,0.232,362,0.855,0.42,3.011e-18,680,Q6CXX3
rank0007_ca6_proteinbinders_3501_A,AF-Q9M7I2-F1-model_v6,0.255,335,0.974,0.636,2.552e-19,679,Q9M7I2
rank0007_ca6_proteinbinders_3501_A,AF-Q4R4I8-F1-model_v6,0.218,366,0.968,0.404,8.384000000000001e-20,679,Q4R4I8
rank0007_ca6_proteinbinders_3501_A,AF-Q61666-F1-model_v6,0.229,357,1.0,0.352,1.651e-19,679,Q61666
rank0007_ca6_proteinbinders_3501_A,AF-Q8LPL5-F1-model_v6,0.23,335,0.974,0.628,3.097e-19,678,Q8LPL5
rank0007_ca6_proteinbinders_3501_A,AF-Q54TD8-F1-model_v6,0.206,348,0.855,0.418,1.36e-19,678,Q54TD8
rank0007_ca6_proteinbinders_3501_A,AF-Q5BIM8-F1-model_v6,0.203,343,0.997,0.844,5.024e-19,677,Q5BIM8
rank0007_ca6_proteinbinders_3501_A,AF-O80990-2-F1-model_v6,0.291,326,0.948,0.955,1.26e-18,676,O80990-2
rank0007_ca6_proteinbinders_3501_A,AF-Q9SXY1-F1-model_v6,0.237,356,0.837,0.731,5.274e-19,676,Q9SXY1
rank0007_ca6_proteinbinders_3501_A,AF-B3P4F8-F1-model_v6,0.198,287,0.834,0.564,1.56e-17,676,B3P4F8
rank0007_ca6_proteinbinders_3501_A,AF-Q09309-F1-model_v6,0.18,341,0.991,0.676,3.25e-19,675,Q09309
rank0007_ca6_proteinbinders_3501_A,AF-Q8NHV4-3-F1-model_v6,0.246,296,0.86,0.439,4.525e-17,675,Q8NHV4-3
rank0007_ca6_proteinbinders_3501_A,AF-Q9BVC4-5-F1-model_v6,0.21,303,0.855,0.932,9.618e-18,674,Q9BVC4-5
rank0007_ca6_proteinbinders_3501_A,AF-B4M4W4-F1-model_v6,0.208,287,0.834,0.558,1.167e-17,674,B4M4W4
rank0007_ca6_proteinbinders_3501_A,AF-O62471-F1-model_v6,0.211,459,0.977,0.288,2.1359999999999998e-23,674,O62471
rank0007_ca6_proteinbinders_3501_A,AF-O80775-F1-model_v6,0.211,286,0.831,0.799,1.56e-17,672,O80775
rank0007_ca6_proteinbinders_3501_A,AF-B4GMG4-F1-model_v6,0.219,287,0.834,0.559,9.618e-18,672,B4GMG4
rank0007_ca6_proteinbinders_3501_A,AF-Q91WM3-F1-model_v6,0.226,336,0.977,0.68,6.717e-19,670,Q91WM3
rank0007_ca6_proteinbinders_3501_A,AF-Q5SSI6-F1-model_v6,0.203,296,0.831,0.536,1.457e-18,670,Q5SSI6
rank0007_ca6_proteinbinders_3501_A,AF-O43379-4-F1-model_v6,0.194,386,0.965,0.253,2.678e-19,670,O43379-4
rank0007_ca6_proteinbinders_3501_A,AF-Q05583-F1-model_v6,0.273,343,0.997,0.988,8.556e-19,669,Q05583
rank0007_ca6_proteinbinders_3501_A,AF-B4KE10-F1-model_v6,0.201,287,0.834,0.555,1.638e-17,669,B4KE10
rank0007_ca6_proteinbinders_3501_A,AF-Q6DTM3-F1-model_v6,0.215,338,0.983,0.301,1.388e-18,667,Q6DTM3
rank0007_ca6_proteinbinders_3501_A,AF-Q8L3Z8-F1-model_v6,0.261,335,0.974,0.625,6.717e-19,666,Q8L3Z8
rank0007_ca6_proteinbinders_3501_A,AF-Q8N157-2-F1-model_v6,0.187,342,0.994,0.305,1.038e-18,666,Q8N157-2
rank0007_ca6_proteinbinders_3501_A,AF-Q8T088-F1-model_v6,0.205,287,0.834,0.564,3.729e-17,665,Q8T088
rank0007_ca6_proteinbinders_3501_A,AF-Q5BDU4-F1-model_v6,0.239,359,0.974,0.348,2.431e-19,665,Q5BDU4
rank0007_ca6_proteinbinders_3501_A,AF-F1DLK1-F1-model_v6,0.23,361,0.863,0.963,5.274e-19,664,F1DLK1
rank0007_ca6_proteinbinders_3501_A,AF-O17468-3-F1-model_v6,0.26,353,0.983,0.808,3.758e-19,664,O17468-3
rank0007_ca6_proteinbinders_3501_A,AF-Q3U3T8-2-F1-model_v6,0.197,386,0.965,0.359,6.4e-19,664,Q3U3T8-2
rank0007_ca6_proteinbinders_3501_A,AF-O43379-F1-model_v6,0.194,386,0.965,0.254,5.024e-19,664,O43379
rank0007_ca6_proteinbinders_3501_A,AF-O43818-F1-model_v6,0.217,338,0.983,0.684,1.605e-18,663,O43818
rank0007_ca6_proteinbinders_3501_A,AF-Q6C553-F1-model_v6,0.219,389,0.855,0.368,1.804e-17,663,Q6C553
rank0007_ca6_proteinbinders_3501_A,AF-Q04305-F1-model_v6,0.213,344,1.0,0.589,9.618e-18,662,Q04305
rank0007_ca6_proteinbinders_3501_A,AF-Q5ZJW8-F1-model_v6,0.207,363,0.965,0.504,5.535e-19,659,Q5ZJW8
rank0007_ca6_proteinbinders_3501_A,AF-Q9Y6I7-2-F1-model_v6,0.343,219,0.619,0.796,1.706e-15,657,Q9Y6I7-2
rank0007_ca6_proteinbinders_3501_A,AF-Q99J09-F1-model_v6,0.235,298,0.837,0.871,5.491e-17,656,Q99J09
rank0007_ca6_proteinbinders_3501_A,AF-B3M1G0-F1-model_v6,0.212,287,0.834,0.584,4.749e-17,656,B3M1G0
rank0007_ca6_proteinbinders_3501_A,AF-Q6FJ73-F1-model_v6,0.285,343,0.997,0.991,7.551e-18,655,Q6FJ73
rank0007_ca6_proteinbinders_3501_A,AF-O17468-2-F1-model_v6,0.261,370,0.983,0.815,6.097e-19,655,O17468-2
rank0007_ca6_proteinbinders_3501_A,AF-Q8VZS9-F1-model_v6,0.258,335,0.974,0.636,1.323e-18,655,Q8VZS9
rank0007_ca6_proteinbinders_3501_A,AF-Q6GPU3-F1-model_v6,0.239,347,0.878,0.488,2.733e-18,655,Q6GPU3
rank0007_ca6_proteinbinders_3501_A,AF-Q9M0V4-F1-model_v6,0.233,349,0.983,0.692,6.097e-19,654,Q9M0V4
rank0007_ca6_proteinbinders_3501_A,AF-Q3U3T8-3-F1-model_v6,0.2,386,0.965,0.258,1.201e-18,654,Q3U3T8-3
rank0007_ca6_proteinbinders_3501_A,AF-P59328-2-F1-model_v6,0.214,341,0.991,0.466,1.56e-17,652,P59328-2
rank0007_ca6_proteinbinders_3501_A,AF-Q6P1W0-F1-model_v6,0.235,363,0.956,0.509,5.024e-19,652,Q6P1W0
rank0007_ca6_proteinbinders_3501_A,AF-Q8HXL3-F1-model_v6,0.206,384,0.959,0.249,1.144e-18,652,Q8HXL3
rank0007_ca6_proteinbinders_3501_A,AF-Q8N136-2-F1-model_v6,0.296,333,0.968,0.656,3.059e-22,651,Q8N136-2
rank0007_ca6_proteinbinders_3501_A,AF-Q5ZKU8-F1-model_v6,0.178,308,0.895,0.802,1.529e-18,650,Q5ZKU8
rank0007_ca6_proteinbinders_3501_A,AF-A8PD13-F1-model_v6,0.189,337,0.858,0.752,7.342e-17,650,A8PD13
rank0007_ca6_proteinbinders_3501_A,AF-Q93ZG3-F1-model_v6,0.216,399,0.994,0.887,2.003e-19,650,Q93ZG3
rank0007_ca6_proteinbinders_3501_A,AF-Q9ULI1-F1-model_v6,0.154,334,0.971,0.191,1.167e-17,650,Q9ULI1
rank0007_ca6_proteinbinders_3501_A,AF-Q9BQA1-F1-model_v6,0.236,298,0.837,0.871,1.25e-16,648,Q9BQA1
rank0007_ca6_proteinbinders_3501_A,AF-Q8CFJ9-F1-model_v6,0.254,297,0.826,0.376,9.351e-17,648,Q8CFJ9
rank0007_ca6_proteinbinders_3501_A,AF-Q96S15-F1-model_v6,0.25,297,0.826,0.376,1.25e-16,643,Q96S15
rank0007_ca6_proteinbinders_3501_A,AF-Q9C270-F1-model_v6,0.23,398,0.956,0.443,4.007e-23,642,Q9C270
rank0007_ca6_proteinbinders_3501_A,AF-Q54MH6-F1-model_v6,0.165,341,0.991,0.625,2.103e-19,641,Q54MH6
rank0007_ca6_proteinbinders_3501_A,AF-Q9C107-F1-model_v6,0.194,337,0.98,0.357,4.985e-17,639,Q9C107
rank0007_ca6_proteinbinders_3501_A,AF-Q3MV14-F1-model_v6,0.211,367,0.855,0.951,3.412e-19,638,Q3MV14
rank0007_ca6_proteinbinders_3501_A,AF-Q3U3T8-F1-model_v6,0.2,386,0.965,0.253,3.481e-18,638,Q3U3T8
rank0007_ca6_proteinbinders_3501_A,AF-Q9EQ15-F1-model_v6,0.218,341,0.991,0.96,2.733e-18,637,Q9EQ15
rank0007_ca6_proteinbinders_3501_A,AF-Q54SA5-F1-model_v6,0.184,342,0.994,0.716,8.253e-16,637,Q54SA5
rank0007_ca6_proteinbinders_3501_A,AF-P78972-F1-model_v6,0.25,335,0.974,0.623,1.768e-18,637,P78972
rank0007_ca6_proteinbinders_3501_A,AF-Q9D0N7-F1-model_v6,0.2,370,0.965,0.647,4.561e-19,637,Q9D0N7
rank0007_ca6_proteinbinders_3501_A,AF-Q75LV5-F1-model_v6,0.205,332,0.965,0.642,1.605e-18,636,Q75LV5
rank0007_ca6_proteinbinders_3501_A,AF-Q4QR85-F1-model_v6,0.217,331,0.962,0.874,1.081e-16,634,Q4QR85
rank0007_ca6_proteinbinders_3501_A,AF-Q54HW5-F1-model_v6,0.167,345,1.0,0.961,1.201e-18,633,Q54HW5
rank0007_ca6_proteinbinders_3501_A,AF-Q29RL0-F1-model_v6,0.208,294,0.837,0.277,1.112e-17,632,Q29RL0
rank0007_ca6_proteinbinders_3501_A,AF-Q6DDI6-F1-model_v6,0.189,331,0.962,0.269,5.381e-18,632,Q6DDI6
rank0007_ca6_proteinbinders_3501_A,AF-Q9NZJ0-F1-model_v6,0.193,353,0.997,0.484,8.556e-19,631,Q9NZJ0
rank0007_ca6_proteinbinders_3501_A,AF-Q96DN5-2-F1-model_v6,0.184,330,0.959,0.292,8.318e-18,631,Q96DN5-2
rank0007_ca6_proteinbinders_3501_A,AF-Q68FJ6-F1-model_v6,0.195,315,0.916,0.84,3.011e-18,630,Q68FJ6
rank0007_ca6_proteinbinders_3501_A,AF-A8JAN3-F1-model_v6,0.235,337,0.951,0.162,7.194e-18,630,A8JAN3
rank0007_ca6_proteinbinders_3501_A,AF-A6ZYM0-F1-model_v6,0.276,343,0.997,0.988,1.988e-17,627,A6ZYM0
rank0007_ca6_proteinbinders_3501_A,AF-Q32KQ2-F1-model_v6,0.169,350,0.855,0.978,2.462e-16,627,Q32KQ2
rank0007_ca6_proteinbinders_3501_A,AF-Q96DN5-F1-model_v6,0.205,298,0.849,0.28,7.926e-18,627,Q96DN5
rank0007_ca6_proteinbinders_3501_A,AF-A9VDW7-F1-model_v6,0.264,349,0.852,0.69,4.749e-17,625,A9VDW7
rank0007_ca6_proteinbinders_3501_A,AF-Q6DEY8-F1-model_v6,0.182,330,0.959,0.268,2.733e-18,624,Q6DEY8
rank0007_ca6_proteinbinders_3501_A,AF-Q6ZMW3-F1-model_v6,0.228,388,0.971,0.198,1.5410000000000002e-20,624,Q6ZMW3
rank0007_ca6_proteinbinders_3501_A,AF-P0CS55-F1-model_v6,0.175,380,0.994,0.782,2.789e-17,623,P0CS55
rank0007_ca6_proteinbinders_3501_A,AF-Q3MKM6-F1-model_v6,0.197,340,0.983,0.71,2.604e-18,621,Q3MKM6
rank0007_ca6_proteinbinders_3501_A,AF-G5EF68-F1-model_v6,0.23,317,0.907,0.489,3.914e-17,621,G5EF68
rank0007_ca6_proteinbinders_3501_A,AF-Q96DN5-3-F1-model_v6,0.186,330,0.959,0.301,8.731e-18,621,Q96DN5-3
rank0007_ca6_proteinbinders_3501_A,AF-H2LP95-F1-model_v6,0.17,340,0.988,0.288,1.06e-17,621,H2LP95
rank0007_ca6_proteinbinders_3501_A,AF-Q5RBZ2-F1-model_v6,0.237,298,0.837,0.871,4.399e-16,619,Q5RBZ2
rank0007_ca6_proteinbinders_3501_A,AF-Q9H1Z4-F1-model_v6,0.233,342,0.994,0.664,1.457e-18,619,Q9H1Z4
rank0007_ca6_proteinbinders_3501_A,AF-Q15291-2-F1-model_v6,0.189,332,0.965,0.6,1.06e-17,619,Q15291-2
rank0007_ca6_proteinbinders_3501_A,AF-Q54RP0-F1-model_v6,0.2,340,0.988,0.522,3.317e-18,619,Q54RP0
rank0007_ca6_proteinbinders_3501_A,AF-A8QD31-F1-model_v6,0.202,361,0.988,0.418,3.317e-18,619,A8QD31
rank0007_ca6_proteinbinders_3501_A,AF-A7TLU2-F1-model_v6,0.236,346,1.0,0.997,6.531e-18,617,A7TLU2
rank0007_ca6_proteinbinders_3501_A,AF-Q7RZI0-F1-model_v6,0.238,373,1.0,0.36,3.16e-18,617,Q7RZI0
rank0007_ca6_proteinbinders_3501_A,AF-Q13112-F1-model_v6,0.21,363,0.965,0.649,4.025e-18,615,Q13112
rank0007_ca6_proteinbinders_3501_A,AF-O13985-F1-model_v6,0.187,429,0.837,0.838,6.995e-17,614,O13985
rank0007_ca6_proteinbinders_3501_A,AF-Q7ZX22-F1-model_v6,0.234,297,0.826,0.381,7.863e-16,614,Q7ZX22
rank0007_ca6_proteinbinders_3501_A,AF-Q0WV90-F1-model_v6,0.229,314,0.837,0.28,4.985e-17,614,Q0WV90
rank0007_ca6_proteinbinders_3501_A,AF-Q6DKP5-F1-model_v6,0.236,342,0.994,0.664,2.604e-18,612,Q6DKP5
rank0007_ca6_proteinbinders_3501_A,AF-Q6NXY1-F1-model_v6,0.205,298,0.849,0.299,3.553e-17,612,Q6NXY1
rank0007_ca6_proteinbinders_3501_A,AF-P0CS34-F1-model_v6,0.217,345,0.834,0.416,1.35e-17,611,P0CS34
rank0007_ca6_proteinbinders_3501_A,AF-Q94AI7-F1-model_v6,0.218,314,0.837,0.278,2.789e-17,611,Q94AI7
rank0007_ca6_proteinbinders_3501_A,AF-Q60525-F1-model_v6,0.234,329,0.846,0.612,3.553e-17,610,Q60525
rank0007_ca6_proteinbinders_3501_A,AF-Q2HJE1-F1-model_v6,0.19,339,0.977,0.454,2.869e-18,610,Q2HJE1
rank0007_ca6_proteinbinders_3501_A,AF-P0CS35-F1-model_v6,0.225,345,0.834,0.416,1.487e-17,610,P0CS35
rank0007_ca6_proteinbinders_3501_A,AF-Q9QXL1-F1-model_v6,0.237,334,0.971,0.185,1.56e-17,609,Q9QXL1
rank0007_ca6_proteinbinders_3501_A,AF-Q9V7P1-F1-model_v6,0.176,294,0.837,0.581,3.291e-16,608,Q9V7P1
rank0007_ca6_proteinbinders_3501_A,AF-Q7ZVL2-F1-model_v6,0.24,297,0.826,0.381,1.051e-15,608,Q7ZVL2
rank0007_ca6_proteinbinders_3501_A,AF-Q9LRZ0-F1-model_v6,0.214,310,0.831,0.274,1.377e-16,608,Q9LRZ0
rank0007_ca6_proteinbinders_3501_A,AF-Q9BRP4-2-F1-model_v6,0.208,368,0.962,0.981,7.194e-18,607,Q9BRP4-2
rank0007_ca6_proteinbinders_3501_A,AF-P78750-F1-model_v6,0.204,297,0.837,0.572,3.914e-17,607,P78750
rank0007_ca6_proteinbinders_3501_A,AF-B4QTL6-F1-model_v6,0.183,341,0.991,0.584,3.805e-16,606,B4QTL6
rank0007_ca6_proteinbinders_3501_A,AF-Q8VC51-F1-model_v6,0.225,330,0.849,0.62,2.927e-17,606,Q8VC51
rank0007_ca6_proteinbinders_3501_A,AF-Q8SRK1-F1-model_v6,0.206,357,0.994,0.93,2.789e-17,605,Q8SRK1
rank0007_ca6_proteinbinders_3501_A,AF-P35606-2-F1-model_v6,0.208,368,0.959,0.42,1.428e-19,605,P35606-2
rank0007_ca6_proteinbinders_3501_A,AF-Q9DCE5-F1-model_v6,0.198,308,0.895,0.791,1.487e-17,604,Q9DCE5
rank0007_ca6_proteinbinders_3501_A,AF-Q54KM3-F1-model_v6,0.256,344,1.0,0.435,3.835e-18,604,Q54KM3
rank0007_ca6_proteinbinders_3501_A,AF-Q9BYB4-F1-model_v6,0.231,308,0.855,0.942,1.804e-17,603,Q9BYB4
rank0007_ca6_proteinbinders_3501_A,AF-Q9UM11-3-F1-model_v6,0.274,295,0.858,0.616,1.377e-16,603,Q9UM11-3
rank0007_ca6_proteinbinders_3501_A,AF-Q0WV90-1-F1-model_v6,0.227,314,0.837,0.281,9.351e-17,603,Q0WV90-1
rank0007_ca6_proteinbinders_3501_A,AF-P0CS41-F1-model_v6,0.175,297,0.837,0.794,1.548e-15,602,P0CS41
rank0007_ca6_proteinbinders_3501_A,AF-Q9NWT1-F1-model_v6,0.18,299,0.869,0.745,1.56e-17,602,Q9NWT1
rank0007_ca6_proteinbinders_3501_A,AF-O14727-4-F1-model_v6,0.211,496,0.933,0.412,2.5399999999999998e-24,602,O14727-4
rank0007_ca6_proteinbinders_3501_A,AF-Q969X6-2-F1-model_v6,0.189,419,0.948,0.734,1.529e-18,600,Q969X6-2
rank0007_ca6_proteinbinders_3501_A,AF-Q5E9I7-F1-model_v6,0.211,338,0.983,0.915,2.129e-16,599,Q5E9I7
rank0007_ca6_proteinbinders_3501_A,AF-O75083-F1-model_v6,0.238,414,0.959,0.683,1.162e-22,599,O75083
rank0007_ca6_proteinbinders_3501_A,AF-P0CS54-F1-model_v6,0.169,380,0.994,0.782,7.706e-17,597,P0CS54
rank0007_ca6_proteinbinders_3501_A,AF-Q5XII5-F1-model_v6,0.225,330,0.849,0.62,2.927e-17,596,Q5XII5
rank0007_ca6_proteinbinders_3501_A,AF-Q04199-F1-model_v6,0.192,388,0.837,0.829,4.847e-16,594,Q04199
rank0007_ca6_proteinbinders_3501_A,AF-Q4L235-2-F1-model_v6,0.168,344,1.0,0.345,1.103e-15,594,Q4L235-2
rank0007_ca6_proteinbinders_3501_A,AF-O24456-2-F1-model_v6,0.248,344,1.0,0.982,4.108e-17,593,O24456-2
rank0007_ca6_proteinbinders_3501_A,AF-P0CS40-F1-model_v6,0.164,338,0.983,0.848,8.253e-16,593,P0CS40
rank0007_ca6_proteinbinders_3501_A,AF-A2AKB9-2-F1-model_v6,0.193,360,0.983,0.681,6.855e-18,591,A2AKB9-2
rank0007_ca6_proteinbinders_3501_A,AF-Q5NBT9-F1-model_v6,0.183,312,0.831,0.276,3.291e-16,589,Q5NBT9
rank0007_ca6_proteinbinders_3501_A,AF-Q5ACW8-F1-model_v6,0.22,375,0.98,0.413,2.412e-17,588,Q5ACW8
rank0007_ca6_proteinbinders_3501_A,AF-Q64LD2-2-F1-model_v6,0.195,331,0.962,1.0,6.222e-18,587,Q64LD2-2
rank0007_ca6_proteinbinders_3501_A,AF-E9Q4P1-F1-model_v6,0.165,375,0.852,0.915,1.002e-15,587,E9Q4P1
rank0007_ca6_proteinbinders_3501_A,AF-Q74ZN0-F1-model_v6,0.212,379,0.98,0.459,1.638e-17,587,Q74ZN0
rank0007_ca6_proteinbinders_3501_A,AF-Q8L4M1-F1-model_v6,0.208,341,0.878,0.929,1.548e-15,585,Q8L4M1
rank0007_ca6_proteinbinders_3501_A,AF-Q09731-F1-model_v6,0.25,347,0.916,0.361,9.815e-17,585,Q09731
rank0007_ca6_proteinbinders_3501_A,AF-Q80WC9-F1-model_v6,0.177,344,1.0,0.31,1.548e-15,583,Q80WC9
rank0007_ca6_proteinbinders_3501_A,AF-Q27GK7-F1-model_v6,0.206,312,0.831,0.275,1.754e-16,583,Q27GK7
rank0007_ca6_proteinbinders_3501_A,AF-Q11176-2-F1-model_v6,0.239,373,0.962,0.721,4.057e-20,581,Q11176-2
rank0007_ca6_proteinbinders_3501_A,AF-Q6NUD0-F1-model_v6,0.202,335,0.974,0.91,1.548e-15,580,Q6NUD0
rank0007_ca6_proteinbinders_3501_A,AF-Q0J7U6-F1-model_v6,0.221,312,0.831,0.275,2.07e-15,580,Q0J7U6
rank0007_ca6_proteinbinders_3501_A,AF-P97499-F1-model_v6,0.202,470,0.971,0.179,8.98e-19,580,P97499
rank0007_ca6_proteinbinders_3501_A,AF-Q54ZP5-F1-model_v6,0.139,581,0.875,0.496,1.276e-15,579,Q54ZP5
rank0007_ca6_proteinbinders_3501_A,AF-Q59RH5-F1-model_v6,0.193,344,1.0,0.88,8.088e-17,576,Q59RH5
rank0007_ca6_proteinbinders_3501_A,AF-Q61666-3-F1-model_v6,0.232,296,0.744,0.653,3.962e-14,576,Q61666-3
rank0007_ca6_proteinbinders_3501_A,AF-Q2KJH4-F1-model_v6,0.234,414,0.959,0.683,8.450999999999999e-22,576,Q2KJH4
rank0007_ca6_proteinbinders_3501_A,AF-Q10NY2-F1-model_v6,0.206,314,0.837,0.277,3.625e-16,575,Q10NY2
rank0007_ca6_proteinbinders_3501_A,AF-P53851-F1-model_v6,0.186,302,0.834,0.716,3.199e-15,572,P53851
rank0007_ca6_proteinbinders_3501_A,AF-Q95JL5-F1-model_v6,0.153,507,0.974,0.888,6.4e-19,571,Q95JL5
rank0007_ca6_proteinbinders_3501_A,AF-Q5FW06-F1-model_v6,0.185,404,1.0,0.884,6.349e-17,569,Q5FW06
rank0007_ca6_proteinbinders_3501_A,AF-Q8IWB7-F1-model_v6,0.167,375,0.852,0.915,3.199e-15,568,Q8IWB7
rank0007_ca6_proteinbinders_3501_A,AF-O94533-F1-model_v6,0.175,430,0.959,0.566,1.215e-15,568,O94533
rank0007_ca6_proteinbinders_3501_A,AF-P20484-F1-model_v6,0.185,349,0.936,0.843,1.25e-16,567,P20484
rank0007_ca6_proteinbinders_3501_A,AF-P26309-F1-model_v6,0.206,341,0.991,0.503,4.399e-16,567,P26309
rank0007_ca6_proteinbinders_3501_A,AF-Q9UTR9-F1-model_v6,0.176,359,0.858,0.976,4.399e-16,565,Q9UTR9
rank0007_ca6_proteinbinders_3501_A,AF-O74453-F1-model_v6,0.201,302,0.878,0.824,2.462e-16,564,O74453
rank0007_ca6_proteinbinders_3501_A,AF-Q9BUR4-F1-model_v6,0.223,329,0.849,0.6,7.138e-16,564,Q9BUR4
rank0007_ca6_proteinbinders_3501_A,AF-O88342-F1-model_v6,0.236,414,0.959,0.683,3.8959999999999997e-22,564,O88342
rank0007_ca6_proteinbinders_3501_A,AF-Q5XJS5-F1-model_v6,0.179,300,0.826,0.929,6.3e-15,563,Q5XJS5
rank0007_ca6_proteinbinders_3501_A,AF-Q84JM4-F1-model_v6,0.2,311,0.831,0.281,6.479e-16,562,Q84JM4
rank0007_ca6_proteinbinders_3501_A,AF-O88879-2-F1-model_v6,0.202,593,0.971,0.479,2.6659999999999998e-24,562,O88879-2
rank0007_ca6_proteinbinders_3501_A,AF-O14775-3-F1-model_v6,0.239,341,0.991,0.816,2.19e-17,561,O14775-3
rank0007_ca6_proteinbinders_3501_A,AF-Q9VU68-F1-model_v6,0.206,409,0.959,0.673,4.057e-20,561,Q9VU68
rank0007_ca6_proteinbinders_3501_A,AF-Q66H99-F1-model_v6,0.17,287,0.834,0.417,1.79e-15,561,Q66H99
rank0007_ca6_proteinbinders_3501_A,AF-Q9BVC4-3-F1-model_v6,0.24,241,0.672,0.927,1.043e-13,560,Q9BVC4-3
rank0007_ca6_proteinbinders_3501_A,AF-A8ILK1-F1-model_v6,0.188,556,0.98,0.904,3.976e-21,560,A8ILK1
rank0007_ca6_proteinbinders_3501_A,AF-Q5RJG1-F1-model_v6,0.173,287,0.834,0.418,1.879e-15,560,Q5RJG1
rank0007_ca6_proteinbinders_3501_A,AF-Q18964-F1-model_v6,0.132,381,0.863,0.918,7.645e-15,559,Q18964
rank0007_ca6_proteinbinders_3501_A,AF-Q6ED65-F1-model_v6,0.177,534,0.968,0.27,8.216e-21,558,Q6ED65
rank0007_ca6_proteinbinders_3501_A,AF-Q7Z5U6-F1-model_v6,0.192,353,0.983,0.986,5.882e-16,557,Q7Z5U6
rank0007_ca6_proteinbinders_3501_A,AF-Q9VU68-2-F1-model_v6,0.206,409,0.959,0.677,3.3430000000000005e-20,557,Q9VU68-2
rank0007_ca6_proteinbinders_3501_A,AF-Q3SWZ7-F1-model_v6,0.201,367,0.994,0.68,1.988e-17,554,Q3SWZ7
rank0007_ca6_proteinbinders_3501_A,AF-O88656-F1-model_v6,0.171,354,0.971,0.952,4.108e-17,550,O88656
rank0007_ca6_proteinbinders_3501_A,AF-B6K7R8-F1-model_v6,0.181,356,0.858,0.975,5.448e-15,549,B6K7R8
rank0007_ca6_proteinbinders_3501_A,AF-A8XXC7-F1-model_v6,0.136,381,0.863,0.914,2.327e-14,549,A8XXC7
rank0007_ca6_proteinbinders_3501_A,AF-Q2KIY3-F1-model_v6,0.167,375,0.852,0.915,1.827e-14,548,Q2KIY3
rank0007_ca6_proteinbinders_3501_A,AF-Q0UNC6-F1-model_v6,0.223,360,1.0,0.345,3.225e-17,547,Q0UNC6
rank0007_ca6_proteinbinders_3501_A,AF-O14727-2-F1-model_v6,0.188,592,0.971,0.479,6.07e-24,546,O14727-2
rank0007_ca6_proteinbinders_3501_A,AF-Q8AVT9-F1-model_v6,0.175,352,0.971,0.951,2.712e-16,542,Q8AVT9
rank0007_ca6_proteinbinders_3501_A,AF-Q4L235-F1-model_v6,0.168,344,1.0,0.31,5.047e-14,542,Q4L235
rank0007_ca6_proteinbinders_3501_A,AF-Q8N9V3-2-F1-model_v6,0.316,215,0.619,0.56,3.852e-13,541,Q8N9V3-2
rank0007_ca6_proteinbinders_3501_A,AF-Q19873-F1-model_v6,0.2,285,0.828,0.469,3.962e-14,539,Q19873
rank0007_ca6_proteinbinders_3501_A,AF-Q5RKI0-F1-model_v6,0.218,463,0.977,0.764,9.771e-22,538,Q5RKI0
rank0007_ca6_proteinbinders_3501_A,AF-Q6GNU1-F1-model_v6,0.15,352,0.974,0.954,3.994e-16,532,Q6GNU1
rank0007_ca6_proteinbinders_3501_A,AF-O15143-F1-model_v6,0.174,354,0.971,0.952,9.351e-17,532,O15143
rank0007_ca6_proteinbinders_3501_A,AF-Q5RG49-F1-model_v6,0.194,364,1.0,0.317,2.563e-14,532,Q5RG49
rank0007_ca6_proteinbinders_3501_A,AF-P53196-F1-model_v6,0.168,357,0.951,0.856,3.525e-15,529,P53196
rank0007_ca6_proteinbinders_3501_A,AF-Q9P4X3-F1-model_v6,0.187,337,0.98,0.548,3.962e-14,527,Q9P4X3
rank0007_ca6_proteinbinders_3501_A,AF-O96622-F1-model_v6,0.164,352,0.994,0.954,3.135e-16,524,O96622
rank0007_ca6_proteinbinders_3501_A,AF-Q9WV32-F1-model_v6,0.168,354,0.971,0.952,2.987e-16,524,Q9WV32
rank0007_ca6_proteinbinders_3501_A,AF-Q15061-F1-model_v6,0.206,349,0.866,0.516,1.002e-15,523,Q15061
rank0007_ca6_proteinbinders_3501_A,AF-P42000-F1-model_v6,0.153,332,0.965,0.711,3.199e-15,522,P42000
rank0007_ca6_proteinbinders_3501_A,AF-O75083-3-F1-model_v6,0.243,418,0.971,0.897,2.1799999999999997e-22,522,O75083-3
rank0007_ca6_proteinbinders_3501_A,AF-P90587-F1-model_v6,0.223,409,0.959,0.681,1.618e-20,522,P90587
rank0007_ca6_proteinbinders_3501_A,AF-Q32P44-F1-model_v6,0.197,408,0.974,0.455,6.222e-18,522,Q32P44
rank0007_ca6_proteinbinders_3501_A,AF-Q8NFP9-3-F1-model_v6,0.167,338,0.965,0.457,2.028e-16,521,Q8NFP9-3
rank0007_ca6_proteinbinders_3501_A,AF-Q8BUB4-F1-model_v6,0.16,381,0.991,0.952,5.718e-15,520,Q8BUB4
rank0007_ca6_proteinbinders_3501_A,AF-Q4R6D2-F1-model_v6,0.186,334,0.971,0.878,2.28e-15,519,Q4R6D2
rank0007_ca6_proteinbinders_3501_A,AF-Q8N122-F1-model_v6,0.21,306,0.837,0.229,1.434e-14,519,Q8N122
rank0007_ca6_proteinbinders_3501_A,AF-Q8NFP9-2-F1-model_v6,0.151,346,1.0,0.66,3.135e-16,516,Q8NFP9-2
rank0007_ca6_proteinbinders_3501_A,AF-B7FF09-F1-model_v6,0.131,509,0.968,0.467,1.276e-15,516,B7FF09
rank0007_ca6_proteinbinders_3501_A,AF-Q19317-F1-model_v6,0.15,356,0.991,0.142,1.215e-15,516,Q19317
rank0007_ca6_proteinbinders_3501_A,AF-Q96P53-F1-model_v6,0.163,381,0.991,0.952,1.126e-14,512,Q96P53
rank0007_ca6_proteinbinders_3501_A,AF-Q9VBU8-F1-model_v6,0.19,342,0.994,0.978,1.434e-14,510,Q9VBU8
rank0007_ca6_proteinbinders_3501_A,AF-P38328-F1-model_v6,0.126,380,0.971,0.99,2.112e-14,510,P38328
rank0007_ca6_proteinbinders_3501_A,AF-Q9EPN1-2-F1-model_v6,0.156,346,1.0,0.468,2.129e-16,508,Q9EPN1-2
rank0007_ca6_proteinbinders_3501_A,AF-Q9EP82-F1-model_v6,0.194,315,0.82,0.763,1.043e-13,507,Q9EP82
rank0007_ca6_proteinbinders_3501_A,AF-A0A1L8EXB5-F1-model_v6,0.179,355,0.994,0.959,3.199e-15,506,A0A1L8EXB5
rank0007_ca6_proteinbinders_3501_A,AF-Q06679-F1-model_v6,0.219,352,0.942,0.454,7.138e-16,505,Q06679
rank0007_ca6_proteinbinders_3501_A,AF-Q4WHP6-F1-model_v6,0.157,286,0.831,0.244,5.297e-14,505,Q4WHP6
rank0007_ca6_proteinbinders_3501_A,AF-Q6ED65-3-F1-model_v6,0.175,534,0.968,0.458,1.3330000000000001e-20,504,Q6ED65-3
rank0007_ca6_proteinbinders_3501_A,AF-I7MKT5-F1-model_v6,0.18,363,0.936,0.289,2.298e-17,504,I7MKT5
rank0007_ca6_proteinbinders_3501_A,AF-Q5RF99-F1-model_v6,0.187,328,0.953,0.859,1.58e-14,503,Q5RF99
rank0007_ca6_proteinbinders_3501_A,AF-Q5E9A4-F1-model_v6,0.186,334,0.971,0.878,8.839e-15,502,Q5E9A4
rank0007_ca6_proteinbinders_3501_A,AF-Q7TNG5-F1-model_v6,0.206,395,0.959,0.609,3.412e-19,502,Q7TNG5
rank0007_ca6_proteinbinders_3501_A,AF-Q8C570-F1-model_v6,0.183,334,0.971,0.878,1.022e-14,500,Q8C570
rank0007_ca6_proteinbinders_3501_A,AF-Q54FW9-F1-model_v6,0.12,348,0.91,0.685,2.442e-14,500,Q54FW9
rank0007_ca6_proteinbinders_3501_A,AF-P78406-F1-model_v6,0.183,334,0.971,0.883,1.505e-14,498,P78406
rank0007_ca6_proteinbinders_3501_A,AF-Q05BV3-4-F1-model_v6,0.2,402,0.98,0.646,4.057e-20,498,Q05BV3-4
rank0007_ca6_proteinbinders_3501_A,AF-Q8GYY7-F1-model_v6,0.179,331,0.962,0.402,8.839e-15,497,Q8GYY7
rank0007_ca6_proteinbinders_3501_A,AF-E9Q743-F1-model_v6,0.192,347,0.933,0.267,3.883e-15,497,E9Q743
rank0007_ca6_proteinbinders_3501_A,AF-O15213-F1-model_v6,0.209,337,0.98,0.469,3.024e-13,495,O15213
rank0007_ca6_proteinbinders_3501_A,AF-Q9Y1C1-F1-model_v6,0.198,395,0.959,0.595,5.127e-18,495,Q9Y1C1
rank0007_ca6_proteinbinders_3501_A,AF-Q5FVA9-F1-model_v6,0.183,334,0.971,0.878,1.658e-14,494,Q5FVA9
rank0007_ca6_proteinbinders_3501_A,AF-F4K1G2-F1-model_v6,0.13,360,1.0,0.346,4.675e-13,493,F4K1G2
rank0007_ca6_proteinbinders_3501_A,AF-Q7ZWF0-F1-model_v6,0.19,334,0.971,0.878,2.69e-14,492,Q7ZWF0
rank0007_ca6_proteinbinders_3501_A,AF-Q6DIF4-F1-model_v6,0.223,463,0.977,0.763,6.022999999999999e-22,491,Q6DIF4
rank0007_ca6_proteinbinders_3501_A,AF-Q5TJE7-F1-model_v6,0.203,285,0.828,0.451,3.174e-13,491,Q5TJE7
rank0007_ca6_proteinbinders_3501_A,AF-Q8N122-3-F1-model_v6,0.195,306,0.837,0.26,3.962e-14,491,Q8N122-3
rank0007_ca6_proteinbinders_3501_A,AF-Q05BV3-F1-model_v6,0.177,534,0.968,0.271,3.5090000000000005e-20,491,Q05BV3
rank0007_ca6_proteinbinders_3501_A,AF-Q32P44-2-F1-model_v6,0.197,408,0.974,0.445,8.088e-17,490,Q32P44-2
rank0007_ca6_proteinbinders_3501_A,AF-Q9UKT8-F1-model_v6,0.23,344,1.0,0.687,1.339e-15,489,Q9UKT8
rank0007_ca6_proteinbinders_3501_A,AF-Q05BC3-3-F1-model_v6,0.183,393,0.953,0.473,1.225e-17,489,Q05BC3-3
rank0007_ca6_proteinbinders_3501_A,AF-P25365-F1-model_v6,0.152,321,0.837,0.301,1.149e-13,489,P25365
rank0007_ca6_proteinbinders_3501_A,AF-Q9UVG6-F1-model_v6,0.12,403,0.852,0.301,2.054e-13,489,Q9UVG6
rank0007_ca6_proteinbinders_3501_A,AF-Q8BQM8-F1-model_v6,0.175,534,0.968,0.27,6.909e-20,489,Q8BQM8
rank0007_ca6_proteinbinders_3501_A,AF-Q26613-F1-model_v6,0.21,395,0.959,0.576,1.323e-18,488,Q26613
rank0007_ca6_proteinbinders_3501_A,AF-Q9M0E5-F1-model_v6,0.152,418,0.852,0.28,2.563e-14,488,Q9M0E5
rank0007_ca6_proteinbinders_3501_A,AF-Q6ZMW3-2-F1-model_v6,0.194,534,0.968,0.285,5.168e-20,488,Q6ZMW3-2
rank0007_ca6_proteinbinders_3501_A,AF-Q9N9X3-F1-model_v6,0.178,430,0.951,0.601,1.56e-17,487,Q9N9X3
rank0007_ca6_proteinbinders_3501_A,AF-P78774-F1-model_v6,0.132,375,0.997,0.995,2.28e-15,486,P78774
rank0007_ca6_proteinbinders_3501_A,AF-Q9LV35-F1-model_v6,0.177,470,0.985,0.772,7.05e-19,486,Q9LV35
rank0007_ca6_proteinbinders_3501_A,AF-Q9W7F2-F1-model_v6,0.223,463,0.977,0.763,6.964e-22,485,Q9W7F2
rank0007_ca6_proteinbinders_3501_A,AF-Q7TNG5-3-F1-model_v6,0.208,395,0.959,0.47,1.323e-18,485,Q7TNG5-3
rank0007_ca6_proteinbinders_3501_A,AF-Q8NI36-F1-model_v6,0.164,448,0.968,0.501,3.276e-21,485,Q8NI36
rank0007_ca6_proteinbinders_3501_A,AF-Q6ED65-2-F1-model_v6,0.178,534,0.968,0.333,6.909e-20,485,Q6ED65-2
rank0007_ca6_proteinbinders_3501_A,AF-Q05BV3-5-F1-model_v6,0.176,534,0.968,0.27,6.909e-20,485,Q05BV3-5
rank0007_ca6_proteinbinders_3501_A,AF-B2RZ17-F1-model_v6,0.235,344,1.0,0.687,2.636e-15,484,B2RZ17
rank0007_ca6_proteinbinders_3501_A,AF-Q6PAX7-F1-model_v6,0.226,462,0.974,0.761,6.964e-22,484,Q6PAX7
rank0007_ca6_proteinbinders_3501_A,AF-Q9Z0H1-F1-model_v6,0.213,287,0.834,0.445,7.585e-13,484,Q9Z0H1
rank0007_ca6_proteinbinders_3501_A,AF-Q5SQM0-F1-model_v6,0.173,543,0.968,0.277,7.611e-20,484,Q5SQM0
rank0007_ca6_proteinbinders_3501_A,AF-Q5ZMV9-F1-model_v6,0.264,238,0.674,0.338,8.949e-12,483,Q5ZMV9
rank0007_ca6_proteinbinders_3501_A,AF-O00423-3-F1-model_v6,0.181,393,0.953,0.471,1.487e-17,483,O00423-3
rank0007_ca6_proteinbinders_3501_A,AF-O80775-2-F1-model_v6,0.214,235,0.683,0.77,5.516e-12,480,O80775-2
rank0007_ca6_proteinbinders_3501_A,AF-Q4V8C3-2-F1-model_v6,0.186,393,0.953,0.502,2.412e-17,480,Q4V8C3-2
rank0007_ca6_proteinbinders_3501_A,AF-O14301-F1-model_v6,0.192,403,0.959,0.677,1.909e-19,478,O14301
rank0007_ca6_proteinbinders_3501_A,AF-Q05BC3-2-F1-model_v6,0.183,393,0.953,0.502,3.385e-17,477,Q05BC3-2
rank0007_ca6_proteinbinders_3501_A,AF-Q9SV01-F1-model_v6,0.142,342,0.983,0.753,3.427e-14,476,Q9SV01
rank0007_ca6_proteinbinders_3501_A,AF-Q8VC03-F1-model_v6,0.197,408,0.974,0.455,1.081e-16,476,Q8VC03
rank0007_ca6_proteinbinders_3501_A,AF-O95834-2-F1-model_v6,0.208,395,0.959,0.496,5.381e-18,474,O95834-2
rank0007_ca6_proteinbinders_3501_A,AF-Q6P6T4-2-F1-model_v6,0.213,395,0.959,0.623,7.551e-18,471,Q6P6T4-2
rank0007_ca6_proteinbinders_3501_A,AF-Q6ED65-4-F1-model_v6,0.199,402,0.98,0.301,5.274e-19,471,Q6ED65-4
rank0007_ca6_proteinbinders_3501_A,AF-Q6C2S3-F1-model_v6,0.172,336,0.977,0.848,2.616e-13,470,Q6C2S3
rank0007_ca6_proteinbinders_3501_A,AF-O95834-F1-model_v6,0.205,395,0.959,0.609,7.194e-18,470,O95834
rank0007_ca6_proteinbinders_3501_A,AF-Q15542-2-F1-model_v6,0.271,277,0.805,0.36,1.366e-14,470,Q15542-2
rank0007_ca6_proteinbinders_3501_A,AF-Q8K4Q0-F1-model_v6,0.189,306,0.837,0.229,1.692e-13,469,Q8K4Q0
rank0007_ca6_proteinbinders_3501_A,AF-P40055-F1-model_v6,0.163,334,0.971,0.534,5.405e-13,468,P40055
rank0007_ca6_proteinbinders_3501_A,AF-Q4PHV3-F1-model_v6,0.17,368,0.916,0.627,1.434e-14,468,Q4PHV3
rank0007_ca6_proteinbinders_3501_A,AF-Q6P6T4-F1-model_v6,0.208,395,0.959,0.609,7.194e-18,468,Q6P6T4
rank0007_ca6_proteinbinders_3501_A,AF-Q8VCG3-F1-model_v6,0.158,313,0.907,0.815,3.086e-12,456,Q8VCG3
rank0007_ca6_proteinbinders_3501_A,AF-Q944S2-F1-model_v6,0.209,341,0.991,0.844,1.536e-13,456,Q944S2
rank0007_ca6_proteinbinders_3501_A,AF-P57081-2-F1-model_v6,0.196,316,0.863,0.769,2.881e-13,456,P57081-2
rank0007_ca6_proteinbinders_3501_A,AF-O93277-F1-model_v6,0.234,463,0.977,0.76,1.469e-20,455,O93277
rank0007_ca6_proteinbinders_3501_A,AF-Q5FVB6-F1-model_v6,0.175,325,0.866,0.821,1.231e-12,453,Q5FVB6
rank0007_ca6_proteinbinders_3501_A,AF-A8IRK7-F1-model_v6,0.145,440,0.98,0.54,1.475e-15,450,A8IRK7
rank0007_ca6_proteinbinders_3501_A,AF-Q8TBY9-F1-model_v6,0.162,429,0.98,0.373,3.883e-15,449,Q8TBY9
rank0007_ca6_proteinbinders_3501_A,AF-Q8IV35-F1-model_v6,0.161,493,0.948,0.47,1.56e-17,448,Q8IV35
rank0007_ca6_proteinbinders_3501_A,AF-Q4V8C3-F1-model_v6,0.177,395,0.959,0.485,1.167e-17,444,Q4V8C3
rank0007_ca6_proteinbinders_3501_A,AF-Q7TNG5-2-F1-model_v6,0.209,395,0.959,0.591,3.011e-18,442,Q7TNG5-2
rank0007_ca6_proteinbinders_3501_A,AF-Q6RFH5-F1-model_v6,0.166,272,0.765,0.706,6.694e-12,441,Q6RFH5
rank0007_ca6_proteinbinders_3501_A,AF-Q3UMY5-2-F1-model_v6,0.176,407,0.959,0.443,1.135e-16,439,Q3UMY5-2
rank0007_ca6_proteinbinders_3501_A,AF-Q5RE88-F1-model_v6,0.167,438,0.974,0.379,6.3e-15,439,Q5RE88
rank0007_ca6_proteinbinders_3501_A,AF-A8XSV3-F1-model_v6,0.161,360,0.971,0.142,2.69e-14,437,A8XSV3
rank0007_ca6_proteinbinders_3501_A,AF-Q58D06-F1-model_v6,0.151,313,0.907,0.813,3.745e-12,436,Q58D06
rank0007_ca6_proteinbinders_3501_A,AF-B7FF09-2-F1-model_v6,0.136,464,0.985,0.434,6.002e-15,435,B7FF09-2
rank0007_ca6_proteinbinders_3501_A,AF-Q6DFF9-F1-model_v6,0.153,641,0.965,0.406,1.296e-19,434,Q6DFF9
rank0007_ca6_proteinbinders_3501_A,AF-O00423-F1-model_v6,0.18,395,0.959,0.485,1.417e-17,433,O00423
rank0007_ca6_proteinbinders_3501_A,AF-Q6FQG2-F1-model_v6,0.15,359,0.985,0.707,3.332e-13,432,Q6FQG2
rank0007_ca6_proteinbinders_3501_A,AF-G0S902-F1-model_v6,0.152,332,0.965,0.458,7.226e-13,432,G0S902
rank0007_ca6_proteinbinders_3501_A,AF-Q01454-F1-model_v6,0.144,347,0.994,0.374,4.244e-13,432,Q01454
rank0007_ca6_proteinbinders_3501_A,AF-Q9ZU34-F1-model_v6,0.192,467,0.974,0.764,1.323e-18,431,Q9ZU34
rank0007_ca6_proteinbinders_3501_A,AF-O95834-3-F1-model_v6,0.207,395,0.959,0.465,1.894e-17,427,O95834-3
rank0007_ca6_proteinbinders_3501_A,AF-Q92747-2-F1-model_v6,0.171,304,0.837,0.881,2.492e-13,423,Q92747-2
rank0007_ca6_proteinbinders_3501_A,AF-Q3UMY5-F1-model_v6,0.176,406,0.956,0.411,7.138e-16,419,Q3UMY5
rank0007_ca6_proteinbinders_3501_A,AF-B4MA12-F1-model_v6,0.149,338,0.846,0.851,2.423e-12,412,B4MA12
rank0007_ca6_proteinbinders_3501_A,AF-Q9D565-F1-model_v6,0.133,447,0.985,0.412,3.962e-14,411,Q9D565
rank0007_ca6_proteinbinders_3501_A,AF-O60161-F1-model_v6,0.165,410,0.977,0.577,4.489e-15,410,O60161
rank0007_ca6_proteinbinders_3501_A,AF-A8WGE3-F1-model_v6,0.184,319,0.852,0.665,1.679e-11,408,A8WGE3
rank0007_ca6_proteinbinders_3501_A,AF-Q9UQ03-F1-model_v6,0.191,330,0.89,0.688,2.356e-11,405,Q9UQ03
rank0007_ca6_proteinbinders_3501_A,AF-A2QVV2-F1-model_v6,0.134,424,0.991,0.717,6.25e-13,402,A2QVV2
rank0007_ca6_proteinbinders_3501_A,AF-Q96KV7-7-F1-model_v6,0.238,287,0.834,0.87,6.612e-15,400,Q96KV7-7
rank0007_ca6_proteinbinders_3501_A,AF-Q2TAF3-F1-model_v6,0.141,559,0.968,0.603,3.994e-16,400,Q2TAF3
rank0007_ca6_proteinbinders_3501_A,AF-Q3UMY5-3-F1-model_v6,0.165,456,0.965,0.488,1.25e-16,399,Q3UMY5-3
rank0007_ca6_proteinbinders_3501_A,AF-Q9VUI3-2-F1-model_v6,0.178,435,0.977,0.531,1.671e-16,397,Q9VUI3-2
rank0007_ca6_proteinbinders_3501_A,AF-Q6DJD8-F1-model_v6,0.186,356,0.945,0.749,7.374e-12,393,Q6DJD8
rank0007_ca6_proteinbinders_3501_A,AF-Q3UMY5-4-F1-model_v6,0.161,456,0.965,0.521,3.135e-16,393,Q3UMY5-4
rank0007_ca6_proteinbinders_3501_A,AF-Q6DIP5-F1-model_v6,0.165,462,0.965,0.498,4.192e-16,393,Q6DIP5
rank0007_ca6_proteinbinders_3501_A,AF-Q9D5R2-F1-model_v6,0.152,339,0.846,0.598,1.086e-11,382,Q9D5R2
rank0007_ca6_proteinbinders_3501_A,AF-Q9BVC4-4-F1-model_v6,0.171,198,0.567,0.912,8.879e-10,378,Q9BVC4-4
rank0007_ca6_proteinbinders_3501_A,AF-Q96KV7-10-F1-model_v6,0.236,195,0.509,0.72,5.321e-09,363,Q96KV7-10
rank0007_ca6_proteinbinders_3501_A,AF-B4JWS7-F1-model_v6,0.134,337,0.86,0.875,9.585e-11,360,B4JWS7
rank0007_ca6_proteinbinders_3501_A,AF-Q9D565-3-F1-model_v6,0.135,504,0.939,0.491,2.904e-15,360,Q9D565-3
rank0007_ca6_proteinbinders_3501_A,AF-Q8TBZ3-2-F1-model_v6,0.143,344,0.855,0.592,4.21e-11,353,Q8TBZ3-2
rank0007_ca6_proteinbinders_3501_A,AF-Q8TBZ3-F1-model_v6,0.147,375,0.922,0.659,1.035e-11,352,Q8TBZ3
rank0007_ca6_proteinbinders_3501_A,AF-Q09019-F1-model_v6,0.147,320,0.799,0.475,5.363e-11,351,Q09019
rank0007_ca6_proteinbinders_3501_A,AF-B1ANS9-F1-model_v6,0.128,504,0.913,0.466,1.126e-14,351,B1ANS9
rank0007_ca6_proteinbinders_3501_A,AF-Q9VUI3-F1-model_v6,0.14,548,0.968,0.509,1.932e-16,350,Q9VUI3
rank0007_ca6_proteinbinders_3501_A,AF-P26449-F1-model_v6,0.148,334,0.971,0.962,1.981e-10,339,P26449
rank0007_ca6_proteinbinders_3501_A,AF-Q8TBZ3-7-F1-model_v6,0.135,375,0.855,0.625,8.701e-11,337,Q8TBZ3-7
rank0007_ca6_proteinbinders_3501_A,AF-Q08274-F1-model_v6,0.153,343,0.872,0.516,5.363e-11,332,Q08274
rank0007_ca6_proteinbinders_3501_A,AF-Q9D565-2-F1-model_v6,0.119,563,0.939,0.585,4.489e-15,331,Q9D565-2
rank0007_ca6_proteinbinders_3501_A,AF-Q9VBC4-F1-model_v6,0.14,255,0.741,0.278,7.679e-10,307,Q9VBC4
rank0007_ca6_proteinbinders_3501_A,AF-D9N129-2-F1-model_v6,0.131,267,0.756,0.356,2.575e-09,297,D9N129-2
rank0007_ca6_proteinbinders_3501_A,AF-Q6FRH8-F1-model_v6,0.103,357,0.797,0.253,2.702e-09,288,Q6FRH8
rank0007_ca6_proteinbinders_3501_A,AF-O75717-2-F1-model_v6,0.115,512,0.951,0.509,1.713e-10,267,O75717-2
rank0007_ca6_proteinbinders_3501_A,AF-Q8TBZ3-4-F1-model_v6,0.177,312,0.84,0.625,2.977e-09,243,Q8TBZ3-4
rank0007_ca6_proteinbinders_3501_A,AF-Q8TBZ3-6-F1-model_v6,0.152,312,0.84,0.6,5.321e-09,234,Q8TBZ3-6
rank0007_ca6_proteinbinders_3501_A,AF-Q8TBZ3-5-F1-model_v6,0.168,314,0.846,0.618,7.113e-09,232,Q8TBZ3-5
rank0009_ca6_proteinbinders_4013_A,AF-Q57894-F1-model_v6,0.155,176,0.946,0.98,3.723e-05,162,Q57894
rank0009_ca6_proteinbinders_4013_A,AF-Q6Z6G6-F1-model_v6,0.145,213,0.978,0.587,6.455e-05,92,Q6Z6G6
rank0010_ca6_proteinbinders_4494_A,AF-A8GNC7-F1-model_v6,0.139,194,0.985,0.39,3.126e-05,141,A8GNC7
rank0010_ca6_proteinbinders_4494_A,AF-Q4ULT6-F1-model_v6,0.138,194,0.985,0.436,3.769e-05,136,Q4ULT6
rank0010_ca6_proteinbinders_4494_A,AF-Q085C9-F1-model_v6,0.148,195,0.99,0.448,5.146e-05,107,Q085C9
rank0010_ca6_proteinbinders_4494_A,AF-Q6Z6G6-F1-model_v6,0.15,222,1.0,0.612,6.203e-05,84,Q6Z6G6
rank0010_ca6_proteinbinders_4494_A,AF-O64862-F1-model_v6,0.153,222,1.0,0.625,8.47e-05,82,O64862
rank0014_ca6_proteinbinders_2016_A,AF-Q47QR3-F1-model_v6,0.144,323,0.961,0.941,7.31e-05,97,Q47QR3
rank0014_ca6_proteinbinders_2016_A,AF-A4SKT0-F1-model_v6,0.133,322,0.958,0.948,8.654e-05,92,A4SKT0
rank0014_ca6_proteinbinders_2016_A,AF-P53446-F1-model_v6,0.115,328,0.976,0.882,9.155e-05,86,P53446
rank0015_ca6_proteinbinders_3999_A,AF-Q57894-F1-model_v6,0.098,174,0.967,0.993,8.06e-05,136,Q57894
rank0015_ca6_proteinbinders_3999_A,AF-Q8TTI0-F1-model_v6,0.148,161,0.833,0.415,3.844e-05,117,Q8TTI0
rank0017_ca6_proteinbinders_5713_A,AF-Q6P2Y2-F1-model_v6,0.394,339,1.0,0.807,8.631e-34,1539,Q6P2Y2
rank0017_ca6_proteinbinders_5713_A,AF-Q8YRI1-F1-model_v6,0.497,334,0.985,0.216,6.4160000000000004e-34,1516,Q8YRI1
rank0017_ca6_proteinbinders_5713_A,AF-Q5FWQ6-F1-model_v6,0.397,339,1.0,0.807,2.826e-33,1515,Q5FWQ6
rank0017_ca6_proteinbinders_5713_A,AF-Q3Y8L7-F1-model_v6,0.405,339,1.0,0.751,3.0310000000000003e-32,1472,Q3Y8L7
rank0017_ca6_proteinbinders_5713_A,AF-Q5BK30-F1-model_v6,0.405,339,1.0,0.807,4.1969999999999996e-33,1471,Q5BK30
rank0017_ca6_proteinbinders_5713_A,AF-Q1LV15-F1-model_v6,0.4,339,1.0,0.807,2.613e-32,1443,Q1LV15
rank0017_ca6_proteinbinders_5713_A,AF-Q4R8E7-F1-model_v6,0.4,339,1.0,0.807,3.3460000000000003e-32,1435,Q4R8E7
rank0017_ca6_proteinbinders_5713_A,AF-Q5RFF8-F1-model_v6,0.341,380,0.994,0.784,5.5990000000000004e-31,1338,Q5RFF8
rank0017_ca6_proteinbinders_5713_A,AF-Q9VPR4-F1-model_v6,0.316,376,0.988,0.77,2.5910000000000003e-30,1324,Q9VPR4
rank0017_ca6_proteinbinders_5713_A,AF-Q7ZXK9-F1-model_v6,0.349,380,0.994,0.798,2.024e-30,1315,Q7ZXK9
rank0017_ca6_proteinbinders_5713_A,AF-Q8VEJ4-F1-model_v6,0.339,380,0.994,0.784,3.663e-30,1310,Q8VEJ4
rank0017_ca6_proteinbinders_5713_A,AF-Q9NVX2-F1-model_v6,0.339,380,0.994,0.784,6.308e-30,1297,Q9NVX2
rank0017_ca6_proteinbinders_5713_A,AF-O74855-F1-model_v6,0.321,377,0.994,0.751,2.17e-29,1272,O74855
rank0017_ca6_proteinbinders_5713_A,AF-Q58D20-F1-model_v6,0.334,380,0.994,0.782,4.1269999999999997e-29,1268,Q58D20
rank0017_ca6_proteinbinders_5713_A,AF-G0SC29-F1-model_v6,0.335,380,0.994,0.735,5.833e-29,1262,G0SC29
rank0017_ca6_proteinbinders_5713_A,AF-Q9FLX9-F1-model_v6,0.333,372,0.991,0.786,8.244e-29,1243,Q9FLX9
rank0017_ca6_proteinbinders_5713_A,AF-P25382-F1-model_v6,0.305,380,0.991,0.738,1.224e-28,1241,P25382
rank0017_ca6_proteinbinders_5713_A,AF-Q00808-F1-model_v6,0.48,376,1.0,0.277,1.161e-33,1218,Q00808
rank0017_ca6_proteinbinders_5713_A,AF-P49695-F1-model_v6,0.413,336,0.991,0.387,3.6320000000000003e-28,1153,P49695
rank0017_ca6_proteinbinders_5713_A,AF-Q86TI4-1-F1-model_v6,0.231,451,0.994,0.919,2.5480000000000002e-26,1125,Q86TI4-1
rank0017_ca6_proteinbinders_5713_A,AF-Q5RE95-F1-model_v6,0.377,338,0.997,0.9,2.895e-27,1094,Q5RE95
rank0017_ca6_proteinbinders_5713_A,AF-Q2KIG2-F1-model_v6,0.38,339,1.0,0.892,9.288e-28,1093,Q2KIG2
rank0017_ca6_proteinbinders_5713_A,AF-B5X3C4-F1-model_v6,0.308,336,0.991,0.754,9.288e-28,1083,B5X3C4
rank0017_ca6_proteinbinders_5713_A,AF-P61965-F1-model_v6,0.38,339,1.0,0.892,2.376e-27,1078,P61965
rank0017_ca6_proteinbinders_5713_A,AF-Q498M4-F1-model_v6,0.383,339,1.0,0.892,2.152e-27,1066,Q498M4
rank0017_ca6_proteinbinders_5713_A,AF-P61964-F1-model_v6,0.383,339,1.0,0.892,2.261e-27,1065,P61964
rank0017_ca6_proteinbinders_5713_A,AF-Q5M786-F1-model_v6,0.383,339,1.0,0.892,2.496e-27,1065,Q5M786
rank0017_ca6_proteinbinders_5713_A,AF-Q9V3J8-F1-model_v6,0.372,339,1.0,0.825,4.299e-27,1065,Q9V3J8
rank0017_ca6_proteinbinders_5713_A,AF-Q4V8C4-F1-model_v6,0.367,339,1.0,0.909,3.707e-27,1064,Q4V8C4
rank0017_ca6_proteinbinders_5713_A,AF-P43034-F1-model_v6,0.317,336,0.991,0.754,3.042e-27,1057,P43034
rank0017_ca6_proteinbinders_5713_A,AF-Q9D7H2-F1-model_v6,0.361,339,1.0,0.909,8.588e-27,1052,Q9D7H2
rank0017_ca6_proteinbinders_5713_A,AF-Q9PTR5-F1-model_v6,0.317,336,0.991,0.754,4.746e-27,1051,Q9PTR5
rank0017_ca6_proteinbinders_5713_A,AF-P63005-F1-model_v6,0.317,336,0.991,0.754,4.299e-27,1051,P63005
rank0017_ca6_proteinbinders_5713_A,AF-Q9BZK7-F1-model_v6,0.282,356,0.994,0.693,6.988e-25,1049,Q9BZK7
rank0017_ca6_proteinbinders_5713_A,AF-B4GAJ1-F1-model_v6,0.319,336,0.991,0.754,2.755e-27,1048,B4GAJ1
rank0017_ca6_proteinbinders_5713_A,AF-Q8K450-4-F1-model_v6,0.283,339,1.0,0.939,8.343000000000001e-26,1047,Q8K450-4
rank0017_ca6_proteinbinders_5713_A,AF-Q9M2Z2-F1-model_v6,0.342,338,0.997,0.946,6.076e-27,1044,Q9M2Z2
rank0017_ca6_proteinbinders_5713_A,AF-Q8HXX0-F1-model_v6,0.314,336,0.991,0.754,7.048e-27,1044,Q8HXX0
rank0017_ca6_proteinbinders_5713_A,AF-P74442-F1-model_v6,0.321,339,1.0,0.241,7.558000000000001e-26,1044,P74442
rank0017_ca6_proteinbinders_5713_A,AF-Q86VZ2-F1-model_v6,0.375,338,0.997,0.9,8.588e-27,1043,Q86VZ2
rank0017_ca6_proteinbinders_5713_A,AF-Q7KNS3-F1-model_v6,0.319,336,0.991,0.754,4.986e-27,1043,Q7KNS3
rank0017_ca6_proteinbinders_5713_A,AF-B3MEY6-F1-model_v6,0.322,336,0.991,0.754,7.405e-27,1040,B3MEY6
rank0017_ca6_proteinbinders_5713_A,AF-B4QHG6-F1-model_v6,0.322,336,0.991,0.754,7.048e-27,1039,B4QHG6
rank0017_ca6_proteinbinders_5713_A,AF-Q291L9-F1-model_v6,0.319,336,0.991,0.754,4.5169999999999996e-27,1039,Q291L9
rank0017_ca6_proteinbinders_5713_A,AF-B4HSL3-F1-model_v6,0.319,336,0.991,0.754,7.048e-27,1039,B4HSL3
rank0017_ca6_proteinbinders_5713_A,AF-B4LQ21-F1-model_v6,0.319,336,0.991,0.754,6.3839999999999995e-27,1039,B4LQ21
rank0017_ca6_proteinbinders_5713_A,AF-B4P6P9-F1-model_v6,0.319,336,0.991,0.754,6.708e-27,1038,B4P6P9
rank0017_ca6_proteinbinders_5713_A,AF-B3S4I5-F1-model_v6,0.314,336,0.991,0.756,6.708e-27,1037,B3S4I5
rank0017_ca6_proteinbinders_5713_A,AF-Q8YV57-F1-model_v6,0.345,449,0.979,0.267,6.493e-31,1037,Q8YV57
rank0017_ca6_proteinbinders_5713_A,AF-Q7T394-F1-model_v6,0.314,336,0.991,0.754,1.2750000000000001e-26,1035,Q7T394
rank0017_ca6_proteinbinders_5713_A,AF-Q7SZM9-F1-model_v6,0.282,356,0.994,0.686,9.877e-25,1033,Q7SZM9
rank0017_ca6_proteinbinders_5713_A,AF-Q54KL5-F1-model_v6,0.372,339,1.0,0.893,3.2620000000000003e-26,1032,Q54KL5
rank0017_ca6_proteinbinders_5713_A,AF-Q8K450-F1-model_v6,0.283,339,1.0,0.455,1.437e-25,1032,Q8K450
rank0017_ca6_proteinbinders_5713_A,AF-P63004-F1-model_v6,0.317,336,0.991,0.754,1.8030000000000003e-26,1029,P63004
rank0017_ca6_proteinbinders_5713_A,AF-Q93794-2-F1-model_v6,0.333,332,0.979,0.562,1.179e-25,1029,Q93794-2
rank0017_ca6_proteinbinders_5713_A,AF-C3XVT5-F1-model_v6,0.319,336,0.991,0.756,1.0470000000000001e-26,1028,C3XVT5
rank0017_ca6_proteinbinders_5713_A,AF-B4JWA1-F1-model_v6,0.319,336,0.991,0.754,1.554e-26,1025,B4JWA1
rank0017_ca6_proteinbinders_5713_A,AF-Q5RD06-F1-model_v6,0.297,339,1.0,0.647,9.21e-26,1025,Q5RD06
rank0017_ca6_proteinbinders_5713_A,AF-B4KT48-F1-model_v6,0.316,336,0.991,0.754,1.7160000000000002e-26,1023,B4KT48
rank0017_ca6_proteinbinders_5713_A,AF-Q8I0F4-F1-model_v6,0.329,336,0.991,0.764,4.299e-27,1023,Q8I0F4
rank0017_ca6_proteinbinders_5713_A,AF-Q17963-F1-model_v6,0.334,339,1.0,0.793,4.3880000000000004e-26,1022,Q17963
rank0017_ca6_proteinbinders_5713_A,AF-Q9SY00-F1-model_v6,0.346,339,1.0,0.898,5.903000000000001e-26,1021,Q9SY00
rank0017_ca6_proteinbinders_5713_A,AF-B3NPW0-F1-model_v6,0.319,336,0.991,0.754,1.8940000000000002e-26,1021,B3NPW0
rank0017_ca6_proteinbinders_5713_A,AF-Q61FW2-F1-model_v6,0.332,332,0.979,0.56,4.944e-25,1017,Q61FW2
rank0017_ca6_proteinbinders_5713_A,AF-Q23256-F1-model_v6,0.297,339,1.0,0.595,7.193e-26,1016,Q23256
rank0017_ca6_proteinbinders_5713_A,AF-B4MY65-F1-model_v6,0.319,336,0.991,0.758,3.1050000000000004e-26,1015,B4MY65
rank0017_ca6_proteinbinders_5713_A,AF-Q8N0X2-F1-model_v6,0.281,339,1.0,0.461,1.51e-25,1015,Q8N0X2
rank0017_ca6_proteinbinders_5713_A,AF-A8X8C6-F1-model_v6,0.341,338,0.997,0.807,4.844e-26,1014,A8X8C6
rank0017_ca6_proteinbinders_5713_A,AF-D3TLL6-F1-model_v6,0.308,336,0.991,0.754,4.3880000000000004e-26,1014,D3TLL6
rank0017_ca6_proteinbinders_5713_A,AF-Q8BHD1-F1-model_v6,0.297,339,1.0,0.613,1.751e-25,1007,Q8BHD1
rank0017_ca6_proteinbinders_5713_A,AF-Q8NBT0-F1-model_v6,0.294,339,1.0,0.717,6.988e-25,1006,Q8NBT0
rank0017_ca6_proteinbinders_5713_A,AF-Q7T0P4-F1-model_v6,0.303,339,1.0,0.662,6.33e-25,1003,Q7T0P4
rank0017_ca6_proteinbinders_5713_A,AF-Q93794-F1-model_v6,0.328,332,0.979,0.56,6.651e-25,1000,Q93794
rank0017_ca6_proteinbinders_5713_A,AF-Q09715-F1-model_v6,0.33,339,1.0,0.498,3.6010000000000006e-26,998,Q09715
rank0017_ca6_proteinbinders_5713_A,AF-Q13685-F1-model_v6,0.264,344,0.985,0.793,1.113e-23,997,Q13685
rank0017_ca6_proteinbinders_5713_A,AF-Q8JZX3-3-F1-model_v6,0.295,339,1.0,0.82,1.146e-24,990,Q8JZX3-3
rank0017_ca6_proteinbinders_5713_A,AF-Q9VU65-F1-model_v6,0.282,339,1.0,0.747,8.105e-25,990,Q9VU65
rank0017_ca6_proteinbinders_5713_A,AF-Q28I85-F1-model_v6,0.307,339,1.0,0.662,8.105e-25,986,Q28I85
rank0017_ca6_proteinbinders_5713_A,AF-O43172-F1-model_v6,0.286,337,0.994,0.573,1.933e-25,984,O43172
rank0017_ca6_proteinbinders_5713_A,AF-O13982-F1-model_v6,0.238,345,0.994,0.865,2.709e-23,983,O13982
rank0017_ca6_proteinbinders_5713_A,AF-Q8JZX3-F1-model_v6,0.301,337,0.994,0.716,3.234e-24,983,Q8JZX3
rank0017_ca6_proteinbinders_5713_A,AF-D3ZW91-F1-model_v6,0.297,339,1.0,0.612,6.025e-25,981,D3ZW91
rank0017_ca6_proteinbinders_5713_A,AF-Q8JZX3-2-F1-model_v6,0.3,339,1.0,0.818,4.571e-24,979,Q8JZX3-2
rank0017_ca6_proteinbinders_5713_A,AF-Q3SZK1-F1-model_v6,0.27,344,0.985,0.793,2.116e-23,979,Q3SZK1
rank0017_ca6_proteinbinders_5713_A,AF-A0DB19-F1-model_v6,0.292,338,0.997,0.762,1.667e-25,978,A0DB19
rank0017_ca6_proteinbinders_5713_A,AF-P36408-F1-model_v6,0.28,338,0.997,0.853,4.479e-25,977,P36408
rank0017_ca6_proteinbinders_5713_A,AF-F6ZT52-F1-model_v6,0.333,339,1.0,0.621,3.862e-25,977,F6ZT52
rank0017_ca6_proteinbinders_5713_A,AF-Q8W1K8-F1-model_v6,0.329,338,0.997,0.897,1.8940000000000002e-26,976,Q8W1K8
rank0017_ca6_proteinbinders_5713_A,AF-Q7ZVF0-F1-model_v6,0.293,339,1.0,0.702,1.878e-24,975,Q7ZVF0
rank0017_ca6_proteinbinders_5713_A,AF-Q7YR70-F1-model_v6,0.267,344,0.985,0.791,2.846e-23,974,Q7YR70
rank0017_ca6_proteinbinders_5713_A,AF-Q5R5W8-F1-model_v6,0.311,339,1.0,0.874,4.057e-25,973,Q5R5W8
rank0017_ca6_proteinbinders_5713_A,AF-Q8TC44-F1-model_v6,0.3,339,1.0,0.611,1.038e-24,971,Q8TC44
rank0017_ca6_proteinbinders_5713_A,AF-O76734-F1-model_v6,0.353,338,0.997,0.527,8.343000000000001e-26,970,O76734
rank0017_ca6_proteinbinders_5713_A,AF-Q4V7Z1-F1-model_v6,0.32,339,1.0,0.624,2.4039999999999998e-24,968,Q4V7Z1
rank0017_ca6_proteinbinders_5713_A,AF-Q61011-F1-model_v6,0.282,339,1.0,0.874,1.146e-24,967,Q61011
rank0017_ca6_proteinbinders_5713_A,AF-Q61ZF6-F1-model_v6,0.3,339,1.0,0.874,9.400000000000001e-25,967,Q61ZF6
rank0017_ca6_proteinbinders_5713_A,AF-P62880-F1-model_v6,0.297,339,1.0,0.874,6.651e-25,965,P62880
rank0017_ca6_proteinbinders_5713_A,AF-Q8NBT0-2-F1-model_v6,0.3,339,1.0,0.813,1.878e-24,964,Q8NBT0-2
rank0017_ca6_proteinbinders_5713_A,AF-Q8N136-2-F1-model_v6,0.374,253,0.746,0.68,3.207e-22,962,Q8N136-2
rank0017_ca6_proteinbinders_5713_A,AF-O60907-F1-model_v6,0.275,356,0.994,0.617,2.0139999999999998e-23,962,O60907
rank0017_ca6_proteinbinders_5713_A,AF-Q6PH57-F1-model_v6,0.303,339,1.0,0.874,8.516e-25,961,Q6PH57
rank0017_ca6_proteinbinders_5713_A,AF-O22212-F1-model_v6,0.302,337,0.994,0.525,7.494e-24,961,O22212
rank0017_ca6_proteinbinders_5713_A,AF-P93107-F1-model_v6,0.276,338,0.997,0.48,5.853e-24,961,P93107
rank0017_ca6_proteinbinders_5713_A,AF-P17343-F1-model_v6,0.3,339,1.0,0.874,1.541e-24,959,P17343
rank0017_ca6_proteinbinders_5713_A,AF-Q08706-F1-model_v6,0.288,339,1.0,0.871,1.3959999999999999e-24,957,Q08706
rank0017_ca6_proteinbinders_5713_A,AF-P54311-F1-model_v6,0.309,339,1.0,0.874,8.947e-25,956,P54311
rank0017_ca6_proteinbinders_5713_A,AF-Q5GIS3-F1-model_v6,0.272,339,1.0,0.871,1.3959999999999999e-24,956,Q5GIS3
rank0017_ca6_proteinbinders_5713_A,AF-B8AP31-F1-model_v6,0.277,337,0.994,0.832,1.751e-25,955,B8AP31
rank0017_ca6_proteinbinders_5713_A,AF-Q93847-F1-model_v6,0.313,339,1.0,0.754,1.701e-24,955,Q93847
rank0017_ca6_proteinbinders_5713_A,AF-Q9UUG8-F1-model_v6,0.332,339,1.0,0.512,6.846000000000001e-26,955,Q9UUG8
rank0017_ca6_proteinbinders_5713_A,AF-A2CEH0-F1-model_v6,0.314,339,1.0,0.596,1.329e-24,953,A2CEH0
rank0017_ca6_proteinbinders_5713_A,AF-P62871-F1-model_v6,0.309,339,1.0,0.874,1.146e-24,951,P62871
rank0017_ca6_proteinbinders_5713_A,AF-P79959-F1-model_v6,0.297,339,1.0,0.874,1.038e-24,951,P79959
rank0017_ca6_proteinbinders_5713_A,AF-F6ZT52-2-F1-model_v6,0.338,339,1.0,0.77,1.146e-24,950,F6ZT52-2
rank0017_ca6_proteinbinders_5713_A,AF-P0CS43-F1-model_v6,0.314,335,0.988,0.774,3.975e-26,950,P0CS43
rank0017_ca6_proteinbinders_5713_A,AF-P11017-F1-model_v6,0.297,339,1.0,0.874,1.878e-24,948,P11017
rank0017_ca6_proteinbinders_5713_A,AF-P54313-F1-model_v6,0.297,339,1.0,0.874,1.973e-24,948,P54313
rank0017_ca6_proteinbinders_5713_A,AF-P62874-F1-model_v6,0.309,339,1.0,0.874,1.3959999999999999e-24,948,P62874
rank0017_ca6_proteinbinders_5713_A,AF-O35353-F1-model_v6,0.294,339,1.0,0.874,1.878e-24,948,O35353
rank0017_ca6_proteinbinders_5713_A,AF-D3BUN1-F1-model_v6,0.316,336,0.991,0.767,6.651e-25,948,D3BUN1
rank0017_ca6_proteinbinders_5713_A,AF-Q5JTN6-F1-model_v6,0.339,327,0.965,0.892,1.701e-24,947,Q5JTN6
rank0017_ca6_proteinbinders_5713_A,AF-P62872-F1-model_v6,0.309,339,1.0,0.874,1.467e-24,947,P62872
rank0017_ca6_proteinbinders_5713_A,AF-O45040-F1-model_v6,0.294,339,1.0,0.874,3.941e-24,947,O45040
rank0017_ca6_proteinbinders_5713_A,AF-P29387-F1-model_v6,0.3,339,1.0,0.874,3.234e-24,947,P29387
rank0017_ca6_proteinbinders_5713_A,AF-Q9NDC9-F1-model_v6,0.311,336,0.991,0.755,1.667e-25,947,Q9NDC9
rank0017_ca6_proteinbinders_5713_A,AF-P62879-F1-model_v6,0.297,339,1.0,0.874,2.288e-24,946,P62879
rank0017_ca6_proteinbinders_5713_A,AF-P62873-F1-model_v6,0.309,339,1.0,0.874,1.701e-24,944,P62873
rank0017_ca6_proteinbinders_5713_A,AF-P16520-F1-model_v6,0.274,339,1.0,0.874,1.701e-24,943,P16520
rank0017_ca6_proteinbinders_5713_A,AF-P26308-F1-model_v6,0.265,339,1.0,0.874,3.078e-24,942,P26308
rank0017_ca6_proteinbinders_5713_A,AF-Q9D994-F1-model_v6,0.355,323,0.953,0.914,3.941e-24,941,Q9D994
rank0017_ca6_proteinbinders_5713_A,AF-P79147-F1-model_v6,0.268,339,1.0,0.874,1.787e-24,941,P79147
rank0017_ca6_proteinbinders_5713_A,AF-P52287-F1-model_v6,0.285,339,1.0,0.874,5.046e-24,937,P52287
rank0017_ca6_proteinbinders_5713_A,AF-Q9HAV0-F1-model_v6,0.291,339,1.0,0.874,2.654e-24,936,Q9HAV0
rank0017_ca6_proteinbinders_5713_A,AF-Q5ZL33-F1-model_v6,0.265,339,1.0,0.829,3.941e-24,935,Q5ZL33
rank0017_ca6_proteinbinders_5713_A,AF-Q8BHJ5-F1-model_v6,0.278,356,0.994,0.693,1.254e-22,935,Q8BHJ5
rank0017_ca6_proteinbinders_5713_A,AF-Q10282-F1-model_v6,0.243,339,1.0,0.961,2.789e-24,934,Q10282
rank0017_ca6_proteinbinders_5713_A,AF-Q9DAW6-F1-model_v6,0.294,338,0.997,0.576,4.141e-24,933,Q9DAW6
rank0017_ca6_proteinbinders_5713_A,AF-Q2TBP4-F1-model_v6,0.3,339,1.0,0.717,1.573e-23,931,Q2TBP4
rank0017_ca6_proteinbinders_5713_A,AF-P0CY34-F1-model_v6,0.308,338,0.997,0.621,2.6e-25,930,P0CY34
rank0017_ca6_proteinbinders_5713_A,AF-P0CS42-F1-model_v6,0.316,335,0.988,0.774,1.122e-25,928,P0CS42
rank0017_ca6_proteinbinders_5713_A,AF-P63005-2-F1-model_v6,0.355,285,0.796,0.729,6.595e-23,925,P63005-2
rank0017_ca6_proteinbinders_5713_A,AF-Q40687-F1-model_v6,0.277,337,0.994,0.832,1.878e-24,923,Q40687
rank0017_ca6_proteinbinders_5713_A,AF-Q3MHE2-F1-model_v6,0.292,337,0.994,0.574,8.692e-24,923,Q3MHE2
rank0017_ca6_proteinbinders_5713_A,AF-O14775-F1-model_v6,0.259,339,1.0,0.765,1.787e-24,921,O14775
rank0017_ca6_proteinbinders_5713_A,AF-P23232-F1-model_v6,0.285,339,1.0,0.871,1.425e-23,919,P23232
rank0017_ca6_proteinbinders_5713_A,AF-P93398-F1-model_v6,0.29,337,0.994,0.833,4.803e-24,919,P93398
rank0017_ca6_proteinbinders_5713_A,AF-Q5BE22-F1-model_v6,0.277,339,1.0,0.659,5.046e-24,919,Q5BE22
rank0017_ca6_proteinbinders_5713_A,AF-B8P4B0-F1-model_v6,0.312,337,0.988,0.769,2.242e-25,918,B8P4B0
rank0017_ca6_proteinbinders_5713_A,AF-Q6GPC6-F1-model_v6,0.274,356,0.994,0.682,4.532999999999999e-22,917,Q6GPC6
rank0017_ca6_proteinbinders_5713_A,AF-A1L271-F1-model_v6,0.268,339,1.0,0.851,2.789e-24,916,A1L271
rank0017_ca6_proteinbinders_5713_A,AF-P29829-F1-model_v6,0.258,338,0.997,0.861,7.874e-24,915,P29829
rank0017_ca6_proteinbinders_5713_A,AF-Q9Z1Z2-F1-model_v6,0.253,339,1.0,0.829,1.3559999999999998e-23,914,Q9Z1Z2
rank0017_ca6_proteinbinders_5713_A,AF-Q5ZJH5-F1-model_v6,0.285,339,1.0,0.98,2.4539999999999997e-23,913,Q5ZJH5
rank0017_ca6_proteinbinders_5713_A,AF-Q8VDD9-F1-model_v6,0.276,369,0.994,0.203,1.4539999999999999e-22,912,Q8VDD9
rank0017_ca6_proteinbinders_5713_A,AF-Q9NFZ1-F1-model_v6,0.249,339,1.0,0.864,1.008e-23,911,Q9NFZ1
rank0017_ca6_proteinbinders_5713_A,AF-Q6PNB6-F1-model_v6,0.259,339,1.0,0.856,3.941e-24,911,Q6PNB6
rank0017_ca6_proteinbinders_5713_A,AF-C4YFX2-F1-model_v6,0.313,338,0.997,0.622,1.619e-24,911,C4YFX2
rank0017_ca6_proteinbinders_5713_A,AF-Q9Y3F4-F1-model_v6,0.253,339,1.0,0.829,1.653e-23,910,Q9Y3F4
rank0017_ca6_proteinbinders_5713_A,AF-Q6PBY0-F1-model_v6,0.265,339,1.0,0.765,4.571e-24,910,Q6PBY0
rank0017_ca6_proteinbinders_5713_A,AF-P62881-F1-model_v6,0.262,339,1.0,0.765,3.941e-24,910,P62881
rank0017_ca6_proteinbinders_5713_A,AF-Q6P5M2-F1-model_v6,0.277,339,1.0,0.98,9.132e-24,908,Q6P5M2
rank0017_ca6_proteinbinders_5713_A,AF-O43172-2-F1-model_v6,0.291,338,0.997,0.576,2.3359999999999999e-23,908,O43172-2
rank0017_ca6_proteinbinders_5713_A,AF-P93397-F1-model_v6,0.284,337,0.994,0.833,8.692e-24,907,P93397
rank0017_ca6_proteinbinders_5713_A,AF-Q5E959-F1-model_v6,0.253,339,1.0,0.829,2.223e-23,906,Q5E959
rank0017_ca6_proteinbinders_5713_A,AF-A8XZJ9-F1-model_v6,0.291,336,0.991,0.746,1.2649999999999999e-24,906,A8XZJ9
rank0017_ca6_proteinbinders_5713_A,AF-Q4P9P9-F1-model_v6,0.303,339,0.991,0.748,6.651e-25,906,Q4P9P9
rank0017_ca6_proteinbinders_5713_A,AF-Q5RDY7-F1-model_v6,0.259,339,1.0,0.856,5.302e-24,905,Q5RDY7
rank0017_ca6_proteinbinders_5713_A,AF-O14775-2-F1-model_v6,0.259,339,1.0,0.856,6.461e-24,903,O14775-2
rank0017_ca6_proteinbinders_5713_A,AF-Q80ZD0-F1-model_v6,0.259,339,1.0,0.856,6.15e-24,903,Q80ZD0
rank0017_ca6_proteinbinders_5713_A,AF-O60907-2-F1-model_v6,0.281,349,0.985,0.663,9.055e-22,903,O60907-2
rank0017_ca6_proteinbinders_5713_A,AF-Q4WT34-F1-model_v6,0.277,339,1.0,0.658,1.7359999999999998e-23,902,Q4WT34
rank0017_ca6_proteinbinders_5713_A,AF-P74598-F1-model_v6,0.27,333,0.982,0.825,2.4539999999999997e-23,900,P74598
rank0017_ca6_proteinbinders_5713_A,AF-Q54LT8-F1-model_v6,0.26,333,0.982,0.976,4.666e-23,899,Q54LT8
rank0017_ca6_proteinbinders_5713_A,AF-Q32LN7-F1-model_v6,0.265,339,1.0,0.98,5.151e-23,899,Q32LN7
rank0017_ca6_proteinbinders_5713_A,AF-Q6GMD2-F1-model_v6,0.285,339,1.0,0.98,2.4539999999999997e-23,899,Q6GMD2
rank0017_ca6_proteinbinders_5713_A,AF-Q8WWQ0-F1-model_v6,0.275,369,0.994,0.203,3.37e-22,898,Q8WWQ0
rank0017_ca6_proteinbinders_5713_A,AF-P78706-F1-model_v6,0.349,338,0.997,0.518,1.329e-24,897,P78706
rank0017_ca6_proteinbinders_5713_A,AF-P46800-F1-model_v6,0.296,339,1.0,0.96,7.874e-24,896,P46800
rank0017_ca6_proteinbinders_5713_A,AF-Q6RI45-5-F1-model_v6,0.264,371,0.994,0.268,3.207e-22,895,Q6RI45-5
rank0017_ca6_proteinbinders_5713_A,AF-Q5XIG8-F1-model_v6,0.244,339,1.0,0.829,1.3559999999999998e-23,894,Q5XIG8
rank0017_ca6_proteinbinders_5713_A,AF-P20053-F1-model_v6,0.27,339,1.0,0.649,1.0289999999999999e-22,887,P20053
rank0017_ca6_proteinbinders_5713_A,AF-A8NEG8-F1-model_v6,0.307,335,0.988,0.767,4.803e-24,886,A8NEG8
rank0017_ca6_proteinbinders_5713_A,AF-P0CS48-F1-model_v6,0.25,339,1.0,0.634,9.132e-24,886,P0CS48
rank0017_ca6_proteinbinders_5713_A,AF-P69103-F1-model_v6,0.282,338,0.997,0.978,2.846e-23,885,P69103
rank0017_ca6_proteinbinders_5713_A,AF-P69104-F1-model_v6,0.286,338,0.997,0.978,3.829e-23,884,P69104
rank0017_ca6_proteinbinders_5713_A,AF-Q93134-F1-model_v6,0.284,339,1.0,0.972,1.7719999999999998e-22,882,Q93134
rank0017_ca6_proteinbinders_5713_A,AF-Q6PBD6-F1-model_v6,0.279,339,1.0,0.98,1.8239999999999998e-23,880,Q6PBD6
rank0017_ca6_proteinbinders_5713_A,AF-Q9GZS3-F1-model_v6,0.306,288,0.847,0.944,1.4539999999999999e-22,879,Q9GZS3
rank0017_ca6_proteinbinders_5713_A,AF-Q921C3-2-F1-model_v6,0.266,368,0.994,0.163,7.071999999999999e-22,879,Q921C3-2
rank0017_ca6_proteinbinders_5713_A,AF-Q4V7A0-F1-model_v6,0.258,339,1.0,0.98,1.317e-22,875,Q4V7A0
rank0017_ca6_proteinbinders_5713_A,AF-Q6ZMY6-F1-model_v6,0.279,338,0.997,0.629,1.7719999999999998e-22,872,Q6ZMY6
rank0017_ca6_proteinbinders_5713_A,AF-Q12417-F1-model_v6,0.275,339,1.0,0.665,7.648999999999999e-23,870,Q12417
rank0017_ca6_proteinbinders_5713_A,AF-P62881-2-F1-model_v6,0.262,339,1.0,0.856,7.648999999999999e-23,869,P62881-2
rank0017_ca6_proteinbinders_5713_A,AF-Q6RI45-2-F1-model_v6,0.265,365,0.976,0.224,8.618e-22,865,Q6RI45-2
rank0017_ca6_proteinbinders_5713_A,AF-P0CS49-F1-model_v6,0.25,339,1.0,0.634,2.9909999999999996e-23,864,P0CS49
rank0017_ca6_proteinbinders_5713_A,AF-P68040-F1-model_v6,0.276,339,1.0,0.972,8.035999999999999e-23,862,P68040
rank0017_ca6_proteinbinders_5713_A,AF-Q54Y96-F1-model_v6,0.285,291,0.826,0.549,1.497e-23,862,Q54Y96
rank0017_ca6_proteinbinders_5713_A,AF-P25387-F1-model_v6,0.286,338,0.997,0.972,1.6869999999999998e-22,861,P25387
rank0017_ca6_proteinbinders_5713_A,AF-O42249-F1-model_v6,0.27,339,1.0,0.972,1.5279999999999998e-22,860,O42249
rank0017_ca6_proteinbinders_5713_A,AF-P63243-F1-model_v6,0.279,339,1.0,0.972,1.4539999999999999e-22,860,P63243
rank0017_ca6_proteinbinders_5713_A,AF-Q9ERF3-F1-model_v6,0.258,339,1.0,0.98,3.72e-22,859,Q9ERF3
rank0017_ca6_proteinbinders_5713_A,AF-O15736-F1-model_v6,0.279,336,0.991,0.485,1.254e-22,859,O15736
rank0017_ca6_proteinbinders_5713_A,AF-Q229Z6-F1-model_v6,0.25,339,1.0,0.484,3.37e-22,859,Q229Z6
rank0017_ca6_proteinbinders_5713_A,AF-P63244-F1-model_v6,0.276,339,1.0,0.972,1.136e-22,858,P63244
rank0017_ca6_proteinbinders_5713_A,AF-B7FNU7-F1-model_v6,0.28,335,0.988,0.72,1.8239999999999998e-23,858,B7FNU7
rank0017_ca6_proteinbinders_5713_A,AF-Q3KQ62-F1-model_v6,0.24,336,0.991,0.917,3.37e-22,857,Q3KQ62
rank0017_ca6_proteinbinders_5713_A,AF-C1GB49-F1-model_v6,0.295,366,0.853,0.766,4.106e-22,857,C1GB49
rank0017_ca6_proteinbinders_5713_A,AF-B5FZ19-F1-model_v6,0.213,331,0.976,0.945,6.15e-24,856,B5FZ19
rank0017_ca6_proteinbinders_5713_A,AF-Q9WUC8-F1-model_v6,0.247,339,1.0,0.58,2.2689999999999997e-22,855,Q9WUC8
rank0017_ca6_proteinbinders_5713_A,AF-Q5R7R2-F1-model_v6,0.21,331,0.976,0.945,9.595e-24,854,Q5R7R2
rank0017_ca6_proteinbinders_5713_A,AF-O14435-F1-model_v6,0.282,337,0.994,0.827,3.5399999999999998e-22,854,O14435
rank0017_ca6_proteinbinders_5713_A,AF-C0S902-F1-model_v6,0.282,366,0.853,0.766,2.6319999999999997e-22,854,C0S902
rank0017_ca6_proteinbinders_5713_A,AF-A0A223GEB2-F1-model_v6,0.284,338,0.997,0.975,1.317e-22,853,A0A223GEB2
rank0017_ca6_proteinbinders_5713_A,AF-P63245-F1-model_v6,0.276,339,1.0,0.972,1.4539999999999999e-22,853,P63245
rank0017_ca6_proteinbinders_5713_A,AF-Q9USN3-F1-model_v6,0.232,433,0.973,0.557,1.933e-25,853,Q9USN3
rank0017_ca6_proteinbinders_5713_A,AF-Q5EBE8-F1-model_v6,0.2,331,0.976,0.945,8.692e-24,852,Q5EBE8
rank0017_ca6_proteinbinders_5713_A,AF-Q9C4Z6-F1-model_v6,0.278,338,0.997,0.975,8.872e-23,852,Q9C4Z6
rank0017_ca6_proteinbinders_5713_A,AF-Q922V4-F1-model_v6,0.247,339,1.0,0.581,2.6319999999999997e-22,852,Q922V4
rank0017_ca6_proteinbinders_5713_A,AF-Q25306-F1-model_v6,0.295,336,0.991,0.978,6.406999999999999e-22,851,Q25306
rank0017_ca6_proteinbinders_5713_A,AF-O42248-F1-model_v6,0.281,339,1.0,0.972,2.16e-22,851,O42248
rank0017_ca6_proteinbinders_5713_A,AF-Q9SZQ5-F1-model_v6,0.26,338,0.997,0.988,6.595e-23,851,Q9SZQ5
rank0017_ca6_proteinbinders_5713_A,AF-Q5RF51-F1-model_v6,0.266,332,0.979,0.824,9.320999999999999e-23,851,Q5RF51
rank0017_ca6_proteinbinders_5713_A,AF-Q2HJH6-F1-model_v6,0.269,332,0.979,0.821,9.320999999999999e-23,851,Q2HJH6
rank0017_ca6_proteinbinders_5713_A,AF-Q2KID6-F1-model_v6,0.247,339,1.0,0.581,3.207e-22,851,Q2KID6
rank0017_ca6_proteinbinders_5713_A,AF-Q5E966-F1-model_v6,0.21,331,0.976,0.945,1.425e-23,850,Q5E966
rank0017_ca6_proteinbinders_5713_A,AF-Q9LFE2-F1-model_v6,0.25,329,0.971,0.339,1.6869999999999998e-22,850,Q9LFE2
rank0017_ca6_proteinbinders_5713_A,AF-Q6DH44-F1-model_v6,0.248,336,0.991,0.914,4.313999999999999e-22,849,Q6DH44
rank0017_ca6_proteinbinders_5713_A,AF-P63247-F1-model_v6,0.276,339,1.0,0.972,1.956e-22,849,P63247
rank0017_ca6_proteinbinders_5713_A,AF-O18640-F1-model_v6,0.278,339,1.0,0.972,2.9049999999999995e-22,849,O18640
rank0017_ca6_proteinbinders_5713_A,AF-B0BNA7-F1-model_v6,0.21,331,0.976,0.945,1.653e-23,849,B0BNA7
rank0017_ca6_proteinbinders_5713_A,AF-Q6PE01-F1-model_v6,0.276,332,0.979,0.821,7.648999999999999e-23,849,Q6PE01
rank0017_ca6_proteinbinders_5713_A,AF-O43660-2-F1-model_v6,0.247,339,1.0,0.59,3.72e-22,849,O43660-2
rank0017_ca6_proteinbinders_5713_A,AF-Q5XGI5-F1-model_v6,0.243,336,0.991,0.917,6.097999999999999e-22,848,Q5XGI5
rank0017_ca6_proteinbinders_5713_A,AF-Q01369-F1-model_v6,0.281,338,0.997,0.972,6.406999999999999e-22,848,Q01369
rank0017_ca6_proteinbinders_5713_A,AF-G1SJB4-F1-model_v6,0.279,339,1.0,0.972,3.9079999999999995e-22,847,G1SJB4
rank0017_ca6_proteinbinders_5713_A,AF-Q8C0J2-F1-model_v6,0.281,282,0.832,0.461,1.136e-22,847,Q8C0J2
rank0017_ca6_proteinbinders_5713_A,AF-Q15542-F1-model_v6,0.314,277,0.735,0.346,5.366e-21,846,Q15542
rank0017_ca6_proteinbinders_5713_A,AF-Q39836-F1-model_v6,0.29,338,0.997,0.975,1.4539999999999999e-22,845,Q39836
rank0017_ca6_proteinbinders_5713_A,AF-Q75BY3-F1-model_v6,0.263,339,1.0,0.706,3.5399999999999998e-22,845,Q75BY3
rank0017_ca6_proteinbinders_5713_A,AF-Q921C3-F1-model_v6,0.267,368,0.994,0.16,3.439e-21,845,Q921C3
rank0017_ca6_proteinbinders_5713_A,AF-Q10281-F1-model_v6,0.291,339,1.0,0.981,1.136e-22,843,Q10281
rank0017_ca6_proteinbinders_5713_A,AF-Q66J51-F1-model_v6,0.201,331,0.976,0.945,1.917e-23,843,Q66J51
rank0017_ca6_proteinbinders_5713_A,AF-B6GZD3-F1-model_v6,0.262,348,0.861,0.75,9.055e-22,843,B6GZD3
rank0017_ca6_proteinbinders_5713_A,AF-P63246-F1-model_v6,0.278,339,1.0,0.972,2.6319999999999997e-22,842,P63246
rank0017_ca6_proteinbinders_5713_A,AF-Q9QZD9-F1-model_v6,0.216,331,0.976,0.945,1.7359999999999998e-23,842,Q9QZD9
rank0017_ca6_proteinbinders_5713_A,AF-P49027-F1-model_v6,0.282,339,1.0,0.958,4.9019999999999996e-23,842,P49027
rank0017_ca6_proteinbinders_5713_A,AF-Q20636-F1-model_v6,0.268,339,1.0,0.813,1.384e-22,842,Q20636
rank0017_ca6_proteinbinders_5713_A,AF-Q7ZV55-F1-model_v6,0.228,331,0.976,0.945,4.4409999999999997e-23,841,Q7ZV55
rank0017_ca6_proteinbinders_5713_A,AF-Q9DAJ4-F1-model_v6,0.269,284,0.838,0.883,1.103e-21,840,Q9DAJ4
rank0017_ca6_proteinbinders_5713_A,AF-G4MQX3-F1-model_v6,0.278,338,0.997,0.972,7.806999999999999e-22,840,G4MQX3
rank0017_ca6_proteinbinders_5713_A,AF-Q55AR8-F1-model_v6,0.264,334,0.985,0.845,1.6049999999999998e-22,839,Q55AR8
rank0017_ca6_proteinbinders_5713_A,AF-P62873-2-F1-model_v6,0.296,326,0.962,0.855,1.159e-21,838,P62873-2
rank0017_ca6_proteinbinders_5713_A,AF-O75529-F1-model_v6,0.279,302,0.779,0.513,1.306e-20,838,O75529
rank0017_ca6_proteinbinders_5713_A,AF-Q8C092-F1-model_v6,0.307,273,0.723,0.341,1.2430000000000001e-20,838,Q8C092
rank0017_ca6_proteinbinders_5713_A,AF-P62883-F1-model_v6,0.29,336,0.991,0.978,2.686e-21,837,P62883
rank0017_ca6_proteinbinders_5713_A,AF-P83774-F1-model_v6,0.281,339,1.0,0.965,6.277e-23,837,P83774
rank0017_ca6_proteinbinders_5713_A,AF-Q9LV28-F1-model_v6,0.28,338,0.997,0.975,2.2689999999999997e-22,837,Q9LV28
rank0017_ca6_proteinbinders_5713_A,AF-O43660-F1-model_v6,0.28,339,1.0,0.58,1.28e-21,837,O43660
rank0017_ca6_proteinbinders_5713_A,AF-P49026-F1-model_v6,0.267,338,0.997,0.972,2.6319999999999997e-22,836,P49026
rank0017_ca6_proteinbinders_5713_A,AF-Q5IH81-F1-model_v6,0.201,331,0.976,0.922,2.4539999999999997e-23,834,Q5IH81
rank0017_ca6_proteinbinders_5713_A,AF-Q8C0J2-3-F1-model_v6,0.276,282,0.832,0.449,2.7649999999999996e-22,833,Q8C0J2-3
rank0017_ca6_proteinbinders_5713_A,AF-Q42384-F1-model_v6,0.247,339,1.0,0.615,5.257e-22,831,Q42384
rank0017_ca6_proteinbinders_5713_A,AF-Q6L4F8-F1-model_v6,0.3,339,1.0,0.958,4.023e-23,830,Q6L4F8
rank0017_ca6_proteinbinders_5713_A,AF-P62882-F1-model_v6,0.262,339,1.0,0.856,4.313999999999999e-22,830,P62882
rank0017_ca6_proteinbinders_5713_A,AF-O13615-F1-model_v6,0.265,339,1.0,0.63,1.413e-21,829,O13615
rank0017_ca6_proteinbinders_5713_A,AF-Q21215-F1-model_v6,0.293,339,1.0,0.966,4.106e-22,827,Q21215
rank0017_ca6_proteinbinders_5713_A,AF-O94620-F1-model_v6,0.262,332,0.979,0.862,1.218e-21,826,O94620
rank0017_ca6_proteinbinders_5713_A,AF-Q4WX90-F1-model_v6,0.203,331,0.976,0.926,7.28e-23,826,Q4WX90
rank0017_ca6_proteinbinders_5713_A,AF-Q6CKE8-F1-model_v6,0.226,339,1.0,0.691,5.004e-22,826,Q6CKE8
rank0017_ca6_proteinbinders_5713_A,AF-P49846-F1-model_v6,0.318,276,0.732,0.392,2.6100000000000003e-20,826,P49846
rank0017_ca6_proteinbinders_5713_A,AF-Q8YTC2-F1-model_v6,0.346,455,0.985,0.362,9.725e-33,825,Q8YTC2
rank0017_ca6_proteinbinders_5713_A,AF-Q6C709-F1-model_v6,0.238,339,1.0,0.676,1.722e-21,824,Q6C709
rank0017_ca6_proteinbinders_5713_A,AF-Q13347-F1-model_v6,0.213,331,0.976,0.945,6.928999999999999e-23,823,Q13347
rank0017_ca6_proteinbinders_5713_A,AF-Q9DC48-F1-model_v6,0.241,336,0.991,0.518,3.37e-22,823,Q9DC48
rank0017_ca6_proteinbinders_5713_A,AF-Q9Y3F4-2-F1-model_v6,0.235,339,1.0,0.835,5.004e-22,821,Q9Y3F4-2
rank0017_ca6_proteinbinders_5713_A,AF-Q6BVZ3-F1-model_v6,0.208,337,0.994,0.619,5.524e-22,821,Q6BVZ3
rank0017_ca6_proteinbinders_5713_A,AF-P93340-F1-model_v6,0.281,338,0.997,0.972,1.254e-22,820,P93340
rank0017_ca6_proteinbinders_5713_A,AF-B0XFT7-F1-model_v6,0.207,331,0.976,0.948,3.4689999999999996e-23,820,B0XFT7
rank0017_ca6_proteinbinders_5713_A,AF-Q75AV4-F1-model_v6,0.219,336,0.991,0.664,8.202999999999999e-22,820,Q75AV4
rank0017_ca6_proteinbinders_5713_A,AF-Q5EBE8-2-F1-model_v6,0.204,331,0.976,0.93,9.320999999999999e-23,819,Q5EBE8-2
rank0017_ca6_proteinbinders_5713_A,AF-O14170-F1-model_v6,0.283,352,0.997,0.501,1.103e-21,819,O14170
rank0017_ca6_proteinbinders_5713_A,AF-B0XYC8-F1-model_v6,0.203,331,0.976,0.926,1.254e-22,818,B0XYC8
rank0017_ca6_proteinbinders_5713_A,AF-Q5BLX8-F1-model_v6,0.238,337,0.994,0.927,1.103e-21,817,Q5BLX8
rank0017_ca6_proteinbinders_5713_A,AF-B8N9H4-F1-model_v6,0.318,343,0.853,0.754,3.797e-21,817,B8N9H4
rank0017_ca6_proteinbinders_5713_A,AF-Q9BRX9-F1-model_v6,0.233,337,0.994,0.927,9.995999999999999e-22,815,Q9BRX9
rank0017_ca6_proteinbinders_5713_A,AF-Q6FJS0-F1-model_v6,0.218,336,0.991,0.648,9.513999999999998e-22,814,Q6FJS0
rank0017_ca6_proteinbinders_5713_A,AF-P0CS47-F1-model_v6,0.239,336,0.991,0.412,1.997e-21,814,P0CS47
rank0017_ca6_proteinbinders_5713_A,AF-Q0CXH9-F1-model_v6,0.208,331,0.976,0.926,3.052e-22,813,Q0CXH9
rank0017_ca6_proteinbinders_5713_A,AF-A4RDD7-F1-model_v6,0.22,334,0.985,0.918,6.097999999999999e-22,813,A4RDD7
rank0017_ca6_proteinbinders_5713_A,AF-P0CS46-F1-model_v6,0.237,336,0.991,0.413,6.539e-21,813,P0CS46
rank0017_ca6_proteinbinders_5713_A,AF-Q8RXA7-F1-model_v6,0.254,345,0.982,0.291,2.7420000000000005e-20,812,Q8RXA7
rank0017_ca6_proteinbinders_5713_A,AF-P87060-F1-model_v6,0.239,370,1.0,0.477,7.806999999999999e-22,811,P87060
rank0017_ca6_proteinbinders_5713_A,AF-O43017-F1-model_v6,0.29,338,0.997,0.847,3.207e-22,810,O43017
rank0017_ca6_proteinbinders_5713_A,AF-Q25189-F1-model_v6,0.287,339,1.0,0.975,9.995999999999999e-22,808,Q25189
rank0017_ca6_proteinbinders_5713_A,AF-B2AEZ5-F1-model_v6,0.301,355,0.861,0.765,3.439e-21,808,B2AEZ5
rank0017_ca6_proteinbinders_5713_A,AF-Q39336-F1-model_v6,0.279,338,0.997,0.976,6.097999999999999e-22,807,Q39336
rank0017_ca6_proteinbinders_5713_A,AF-Q7ZUV2-F1-model_v6,0.328,288,0.85,0.405,3.0270000000000003e-20,807,Q7ZUV2
rank0017_ca6_proteinbinders_5713_A,AF-O02195-F1-model_v6,0.208,331,0.976,0.948,7.648999999999999e-23,804,O02195
rank0017_ca6_proteinbinders_5713_A,AF-B4JB43-F1-model_v6,0.19,332,0.979,0.951,1.081e-22,804,B4JB43
rank0017_ca6_proteinbinders_5713_A,AF-Q2UQ34-F1-model_v6,0.208,331,0.976,0.925,6.730999999999999e-22,804,Q2UQ34
rank0017_ca6_proteinbinders_5713_A,AF-Q9UT85-F1-model_v6,0.246,337,0.994,0.584,1.56e-21,803,Q9UT85
rank0017_ca6_proteinbinders_5713_A,AF-Q2HBX6-F1-model_v6,0.308,354,0.861,0.78,5.366e-21,802,Q2HBX6
rank0017_ca6_proteinbinders_5713_A,AF-Q94BR4-F1-model_v6,0.243,337,0.994,0.574,2.557e-21,801,Q94BR4
rank0017_ca6_proteinbinders_5713_A,AF-C4JZS6-F1-model_v6,0.258,342,0.994,0.767,1.1929999999999998e-22,800,C4JZS6
rank0017_ca6_proteinbinders_5713_A,AF-B3N4C7-F1-model_v6,0.205,332,0.979,0.951,1.1929999999999998e-22,799,B3N4C7
rank0017_ca6_proteinbinders_5713_A,AF-P56094-F1-model_v6,0.303,353,0.997,0.518,7.28e-23,799,P56094
rank0017_ca6_proteinbinders_5713_A,AF-Q6NLV4-F1-model_v6,0.227,336,0.991,0.451,9.711e-21,798,Q6NLV4
rank0017_ca6_proteinbinders_5713_A,AF-Q9NSI6-F1-model_v6,0.258,368,0.994,0.159,3.341e-20,798,Q9NSI6
rank0017_ca6_proteinbinders_5713_A,AF-Q6S7B0-F1-model_v6,0.309,299,0.779,0.447,1.757e-20,797,Q6S7B0
rank0017_ca6_proteinbinders_5713_A,AF-B4Q354-F1-model_v6,0.211,332,0.979,0.951,1.384e-22,796,B4Q354
rank0017_ca6_proteinbinders_5713_A,AF-A7EKM8-F1-model_v6,0.338,301,0.805,0.657,3.18e-20,796,A7EKM8
rank0017_ca6_proteinbinders_5713_A,AF-O48847-F1-model_v6,0.255,339,1.0,0.367,9.995999999999999e-22,796,O48847
rank0017_ca6_proteinbinders_5713_A,AF-Q16K15-F1-model_v6,0.218,331,0.976,0.948,1.0289999999999999e-22,795,Q16K15
rank0017_ca6_proteinbinders_5713_A,AF-Q5B8Y3-F1-model_v6,0.213,331,0.976,0.926,7.806999999999999e-22,795,Q5B8Y3
rank0017_ca6_proteinbinders_5713_A,AF-Q09855-F1-model_v6,0.275,335,0.988,0.559,2.822e-21,795,Q09855
rank0017_ca6_proteinbinders_5713_A,AF-Q38884-F1-model_v6,0.25,331,0.976,0.951,1.956e-22,794,Q38884
rank0017_ca6_proteinbinders_5713_A,AF-Q7RXH4-F1-model_v6,0.208,331,0.976,0.896,3.72e-22,793,Q7RXH4
rank0017_ca6_proteinbinders_5713_A,AF-C0NRC6-F1-model_v6,0.292,346,0.861,0.759,1.2430000000000001e-20,793,C0NRC6
rank0017_ca6_proteinbinders_5713_A,AF-Q39190-F1-model_v6,0.25,339,1.0,0.622,5.638e-21,793,Q39190
rank0017_ca6_proteinbinders_5713_A,AF-O48847-3-F1-model_v6,0.255,339,1.0,0.368,1.218e-21,793,O48847-3
rank0017_ca6_proteinbinders_5713_A,AF-D4DG66-F1-model_v6,0.31,348,0.853,0.755,3.439e-21,792,D4DG66
rank0017_ca6_proteinbinders_5713_A,AF-C5JD40-F1-model_v6,0.291,361,0.853,0.763,1.846e-20,792,C5JD40
rank0017_ca6_proteinbinders_5713_A,AF-Q9BVA0-F1-model_v6,0.27,337,0.994,0.441,4.1910000000000004e-21,792,Q9BVA0
rank0017_ca6_proteinbinders_5713_A,AF-A1CF18-F1-model_v6,0.289,350,0.853,0.805,2.364e-20,791,A1CF18
rank0017_ca6_proteinbinders_5713_A,AF-B4I195-F1-model_v6,0.208,332,0.979,0.951,2.2689999999999997e-22,790,B4I195
rank0017_ca6_proteinbinders_5713_A,AF-Q2GTM8-F1-model_v6,0.211,332,0.979,0.912,8.618e-22,790,Q2GTM8
rank0017_ca6_proteinbinders_5713_A,AF-Q7RY68-F1-model_v6,0.217,337,0.994,0.486,1.956e-22,790,Q7RY68
rank0017_ca6_proteinbinders_5713_A,AF-C6HTE8-F1-model_v6,0.289,346,0.861,0.759,2.0380000000000002e-20,789,C6HTE8
rank0017_ca6_proteinbinders_5713_A,AF-A7RM20-F1-model_v6,0.2,331,0.976,0.944,1.3450000000000001e-21,788,A7RM20
rank0017_ca6_proteinbinders_5713_A,AF-Q7PP77-F1-model_v6,0.213,332,0.979,0.951,1.081e-22,788,Q7PP77
rank0017_ca6_proteinbinders_5713_A,AF-Q96DI7-2-F1-model_v6,0.283,323,0.953,0.697,1.28e-21,788,Q96DI7-2
rank0017_ca6_proteinbinders_5713_A,AF-Q5FVN8-F1-model_v6,0.285,339,1.0,0.649,1.901e-21,788,Q5FVN8
rank0017_ca6_proteinbinders_5713_A,AF-Q5XGE2-F1-model_v6,0.22,336,0.991,0.561,1.673e-20,788,Q5XGE2
rank0017_ca6_proteinbinders_5713_A,AF-P38011-F1-model_v6,0.245,339,1.0,0.969,1.809e-21,787,P38011
rank0017_ca6_proteinbinders_5713_A,AF-P79083-F1-model_v6,0.201,334,0.985,0.954,5.004e-22,787,P79083
rank0017_ca6_proteinbinders_5713_A,AF-Q0D0X6-F1-model_v6,0.239,341,0.994,0.765,8.202999999999999e-22,787,Q0D0X6
rank0017_ca6_proteinbinders_5713_A,AF-D5GBI7-F1-model_v6,0.284,340,0.988,0.752,6.406999999999999e-22,787,D5GBI7
rank0017_ca6_proteinbinders_5713_A,AF-Q965S8-F1-model_v6,0.222,332,0.979,0.948,9.995999999999999e-22,786,Q965S8
rank0017_ca6_proteinbinders_5713_A,AF-A7EF03-F1-model_v6,0.206,331,0.976,0.925,1.809e-21,786,A7EF03
rank0017_ca6_proteinbinders_5713_A,AF-Q1HPW4-F1-model_v6,0.205,331,0.976,0.936,1.956e-22,784,Q1HPW4
rank0017_ca6_proteinbinders_5713_A,AF-A6RUL1-F1-model_v6,0.207,334,0.985,0.934,1.56e-21,784,A6RUL1
rank0017_ca6_proteinbinders_5713_A,AF-Q7ZXZ2-F1-model_v6,0.204,339,1.0,0.553,1.9400000000000003e-20,784,Q7ZXZ2
rank0017_ca6_proteinbinders_5713_A,AF-P16649-F1-model_v6,0.275,372,0.997,0.522,1.6049999999999998e-22,784,P16649
rank0017_ca6_proteinbinders_5713_A,AF-A1CJY4-F1-model_v6,0.206,331,0.976,0.926,1.8619999999999998e-22,783,A1CJY4
rank0017_ca6_proteinbinders_5713_A,AF-B2VWG7-F1-model_v6,0.274,353,0.988,0.766,2.557e-21,783,B2VWG7
rank0017_ca6_proteinbinders_5713_A,AF-O48847-2-F1-model_v6,0.255,339,1.0,0.359,2.433e-21,783,O48847-2
rank0017_ca6_proteinbinders_5713_A,AF-P62884-F1-model_v6,0.309,336,0.991,0.978,3.116e-21,782,P62884
rank0017_ca6_proteinbinders_5713_A,AF-Q5ZMC3-F1-model_v6,0.274,339,1.0,0.649,1.515e-20,782,Q5ZMC3
rank0017_ca6_proteinbinders_5713_A,AF-D1ZEB4-F1-model_v6,0.304,345,0.988,0.75,2.7649999999999996e-22,781,D1ZEB4
rank0017_ca6_proteinbinders_5713_A,AF-B4GSH1-F1-model_v6,0.207,331,0.976,0.948,7.071999999999999e-22,780,B4GSH1
rank0017_ca6_proteinbinders_5713_A,AF-A1D7I5-F1-model_v6,0.203,331,0.976,0.926,1.809e-21,779,A1D7I5
rank0017_ca6_proteinbinders_5713_A,AF-P38129-F1-model_v6,0.273,330,0.965,0.414,2.9049999999999995e-22,779,P38129
rank0017_ca6_proteinbinders_5713_A,AF-Q6FL15-F1-model_v6,0.227,332,0.979,0.911,3.052e-22,778,Q6FL15
rank0017_ca6_proteinbinders_5713_A,AF-Q6BSL7-F1-model_v6,0.201,334,0.985,0.923,4.313999999999999e-22,778,Q6BSL7
rank0017_ca6_proteinbinders_5713_A,AF-Q29L19-F1-model_v6,0.205,332,0.979,0.951,4.313999999999999e-22,777,Q29L19
rank0017_ca6_proteinbinders_5713_A,AF-A8WVX8-F1-model_v6,0.205,332,0.979,0.948,3.116e-21,776,A8WVX8
rank0017_ca6_proteinbinders_5713_A,AF-Q10051-F1-model_v6,0.232,339,1.0,0.602,2.0380000000000002e-20,776,Q10051
rank0017_ca6_proteinbinders_5713_A,AF-B4KGX9-F1-model_v6,0.201,330,0.973,0.957,5.804e-22,775,B4KGX9
rank0017_ca6_proteinbinders_5713_A,AF-Q7RY30-F1-model_v6,0.294,346,0.988,0.764,2.433e-21,775,Q7RY30
rank0017_ca6_proteinbinders_5713_A,AF-Q2UGU1-F1-model_v6,0.292,348,0.991,0.765,2.686e-21,775,Q2UGU1
rank0017_ca6_proteinbinders_5713_A,AF-Q9I9H8-F1-model_v6,0.265,337,0.976,0.267,1.0720000000000001e-20,775,Q9I9H8
rank0017_ca6_proteinbinders_5713_A,AF-A5DVY3-F1-model_v6,0.209,334,0.985,0.923,5.004e-22,774,A5DVY3
rank0017_ca6_proteinbinders_5713_A,AF-Q0U1B1-F1-model_v6,0.278,354,0.988,0.766,1.484e-21,773,Q0U1B1
rank0017_ca6_proteinbinders_5713_A,AF-Q8C7V3-F1-model_v6,0.218,336,0.991,0.547,4.071e-20,773,Q8C7V3
rank0017_ca6_proteinbinders_5713_A,AF-E3LB80-F1-model_v6,0.205,334,0.985,0.929,2.316e-21,772,E3LB80
rank0017_ca6_proteinbinders_5713_A,AF-A7MB12-F1-model_v6,0.208,336,0.991,0.557,5.755000000000001e-20,771,A7MB12
rank0017_ca6_proteinbinders_5713_A,AF-B0X2V9-F1-model_v6,0.237,305,0.873,0.455,1.306e-20,770,B0X2V9
rank0017_ca6_proteinbinders_5713_A,AF-O62471-F1-model_v6,0.22,372,0.968,0.234,5.151e-23,770,O62471
rank0017_ca6_proteinbinders_5713_A,AF-A0AUS0-F1-model_v6,0.267,339,1.0,0.634,1.515e-20,768,A0AUS0
rank0017_ca6_proteinbinders_5713_A,AF-Q09406-F1-model_v6,0.227,336,0.991,0.558,4.1910000000000004e-21,768,Q09406
rank0017_ca6_proteinbinders_5713_A,AF-O35242-F1-model_v6,0.227,338,0.997,0.321,1.0720000000000001e-20,768,O35242
rank0017_ca6_proteinbinders_5713_A,AF-Q5R8K2-F1-model_v6,0.209,337,0.994,0.756,2.316e-21,767,Q5R8K2
rank0017_ca6_proteinbinders_5713_A,AF-B3MVL6-F1-model_v6,0.206,330,0.973,0.957,7.806999999999999e-22,766,B3MVL6
rank0017_ca6_proteinbinders_5713_A,AF-F4HTH8-2-F1-model_v6,0.253,337,0.994,0.245,1.1260000000000001e-20,766,F4HTH8-2
rank0017_ca6_proteinbinders_5713_A,AF-Q9C1X0-F1-model_v6,0.209,339,1.0,0.99,1.041e-19,765,Q9C1X0
rank0017_ca6_proteinbinders_5713_A,AF-Q92636-F1-model_v6,0.224,338,0.997,0.322,1.1830000000000001e-20,765,Q92636
rank0017_ca6_proteinbinders_5713_A,AF-Q54R82-F1-model_v6,0.25,341,0.991,0.362,1.722e-21,765,Q54R82
rank0017_ca6_proteinbinders_5713_A,AF-Q4I7X1-F1-model_v6,0.222,337,0.994,0.521,2.204e-21,764,Q4I7X1
rank0017_ca6_proteinbinders_5713_A,AF-F4HTH8-F1-model_v6,0.253,337,0.994,0.245,1.515e-20,763,F4HTH8
rank0017_ca6_proteinbinders_5713_A,AF-B4LUA5-F1-model_v6,0.219,330,0.973,0.957,1.56e-21,762,B4LUA5
rank0017_ca6_proteinbinders_5713_A,AF-A2QEV8-F1-model_v6,0.193,331,0.976,0.926,2.204e-21,762,A2QEV8
rank0017_ca6_proteinbinders_5713_A,AF-Q8NBT0-3-F1-model_v6,0.337,264,0.779,0.702,5.59e-19,762,Q8NBT0-3
rank0017_ca6_proteinbinders_5713_A,AF-C5GVJ9-F1-model_v6,0.278,365,0.988,0.772,7.219e-21,762,C5GVJ9
rank0017_ca6_proteinbinders_5713_A,AF-O60508-F1-model_v6,0.238,336,0.991,0.518,1.757e-20,762,O60508
rank0017_ca6_proteinbinders_5713_A,AF-Q8H0T9-F1-model_v6,0.25,337,0.994,0.345,9.711e-21,761,Q8H0T9
rank0017_ca6_proteinbinders_5713_A,AF-Q9NSI6-3-F1-model_v6,0.256,368,0.994,0.167,3.089e-19,761,Q9NSI6-3
rank0017_ca6_proteinbinders_5713_A,AF-Q00664-F1-model_v6,0.25,340,0.994,0.766,2.316e-21,760,Q00664
rank0017_ca6_proteinbinders_5713_A,AF-Q59WJ4-F1-model_v6,0.223,337,0.994,0.589,2.557e-21,760,Q59WJ4
rank0017_ca6_proteinbinders_5713_A,AF-B4N0L0-F1-model_v6,0.212,330,0.973,0.957,9.995999999999999e-22,758,B4N0L0
rank0017_ca6_proteinbinders_5713_A,AF-Q6NRT3-F1-model_v6,0.236,336,0.991,0.6,4.627e-21,758,Q6NRT3
rank0017_ca6_proteinbinders_5713_A,AF-F4HTH8-3-F1-model_v6,0.253,337,0.994,0.268,1.9400000000000003e-20,758,F4HTH8-3
rank0017_ca6_proteinbinders_5713_A,AF-Q1DPU4-F1-model_v6,0.197,331,0.976,0.926,1.28e-21,757,Q1DPU4
rank0017_ca6_proteinbinders_5713_A,AF-A0A1P8AW69-F1-model_v6,0.242,337,0.994,0.284,1.707e-19,757,A0A1P8AW69
rank0017_ca6_proteinbinders_5713_A,AF-O62471-3-F1-model_v6,0.219,374,0.973,0.282,1.1929999999999998e-22,757,O62471-3
rank0017_ca6_proteinbinders_5713_A,AF-Q3UKJ7-F1-model_v6,0.239,336,0.991,0.6,4.1910000000000004e-21,756,Q3UKJ7
rank0017_ca6_proteinbinders_5713_A,AF-Q91WQ5-F1-model_v6,0.267,319,0.941,0.537,4.403e-21,756,Q91WQ5
rank0017_ca6_proteinbinders_5713_A,AF-A2RRU3-F1-model_v6,0.212,336,0.991,0.547,1.401e-19,755,A2RRU3
rank0017_ca6_proteinbinders_5713_A,AF-Q4V7Y7-F1-model_v6,0.269,337,0.994,0.443,2.1410000000000002e-20,755,Q4V7Y7
rank0017_ca6_proteinbinders_5713_A,AF-Q8H0T9-2-F1-model_v6,0.249,337,0.994,0.346,3.6880000000000005e-20,754,Q8H0T9-2
rank0017_ca6_proteinbinders_5713_A,AF-Q4WLM7-F1-model_v6,0.297,359,0.988,0.769,1.901e-21,753,Q4WLM7
rank0017_ca6_proteinbinders_5713_A,AF-A7TH19-F1-model_v6,0.209,331,0.976,0.905,2.686e-21,752,A7TH19
rank0017_ca6_proteinbinders_5713_A,AF-Q6CGP9-F1-model_v6,0.211,336,0.991,0.615,2.965e-21,751,Q6CGP9
rank0017_ca6_proteinbinders_5713_A,AF-Q9C0J8-F1-model_v6,0.214,336,0.991,0.22,6.046e-20,751,Q9C0J8
rank0017_ca6_proteinbinders_5713_A,AF-Q5REE0-F1-model_v6,0.202,336,0.991,0.558,3.246e-19,750,Q5REE0
rank0017_ca6_proteinbinders_5713_A,AF-Q9AV81-F1-model_v6,0.253,337,0.994,0.575,4.278e-20,749,Q9AV81
rank0017_ca6_proteinbinders_5713_A,AF-Q55FJ2-F1-model_v6,0.205,338,0.997,0.401,3.0270000000000003e-20,748,Q55FJ2
rank0017_ca6_proteinbinders_5713_A,AF-P07834-F1-model_v6,0.231,369,0.991,0.474,9.433e-20,748,P07834
rank0017_ca6_proteinbinders_5713_A,AF-Q92636-2-F1-model_v6,0.224,338,0.997,0.311,3.341e-20,748,Q92636-2
rank0017_ca6_proteinbinders_5713_A,AF-B6QC06-F1-model_v6,0.226,336,0.991,0.743,7.584e-21,747,B6QC06
rank0017_ca6_proteinbinders_5713_A,AF-B4QB64-F1-model_v6,0.222,353,0.965,0.528,1.6390000000000001e-21,747,B4QB64
rank0017_ca6_proteinbinders_5713_A,AF-B0XM00-F1-model_v6,0.297,359,0.988,0.769,3.116e-21,746,B0XM00
rank0017_ca6_proteinbinders_5713_A,AF-Q8TED0-F1-model_v6,0.205,336,0.991,0.558,2.798e-19,746,Q8TED0
rank0017_ca6_proteinbinders_5713_A,AF-A3LX18-F1-model_v6,0.201,334,0.985,0.923,5.638e-21,745,A3LX18
rank0017_ca6_proteinbinders_5713_A,AF-Q9D0I6-F1-model_v6,0.28,339,1.0,0.65,2.6100000000000003e-20,745,Q9D0I6
rank0017_ca6_proteinbinders_5713_A,AF-Q6GL39-F1-model_v6,0.21,338,0.997,0.952,4.627e-21,744,Q6GL39
rank0017_ca6_proteinbinders_5713_A,AF-B4NW98-F1-model_v6,0.206,330,0.973,0.957,3.797e-21,744,B4NW98
rank0017_ca6_proteinbinders_5713_A,AF-B4KRQ4-F1-model_v6,0.227,352,0.965,0.518,3.614e-21,744,B4KRQ4
rank0017_ca6_proteinbinders_5713_A,AF-Q54S59-F1-model_v6,0.212,338,0.997,0.987,3.089e-19,743,Q54S59
rank0017_ca6_proteinbinders_5713_A,AF-A6ZMK5-F1-model_v6,0.198,334,0.985,0.916,4.627e-21,742,A6ZMK5
rank0017_ca6_proteinbinders_5713_A,AF-B8M0Q1-F1-model_v6,0.267,350,0.988,0.763,1.9400000000000003e-20,742,B8M0Q1
rank0017_ca6_proteinbinders_5713_A,AF-Q99KP6-F1-model_v6,0.219,339,1.0,0.591,4.82e-19,742,Q99KP6
rank0017_ca6_proteinbinders_5713_A,AF-Q2TBS9-F1-model_v6,0.242,336,0.991,0.6,1.306e-20,742,Q2TBS9
rank0017_ca6_proteinbinders_5713_A,AF-Q99M63-F1-model_v6,0.239,336,0.991,0.6,1.5920000000000002e-20,742,Q99M63
rank0017_ca6_proteinbinders_5713_A,AF-B4MFM2-F1-model_v6,0.224,352,0.965,0.528,2.686e-21,742,B4MFM2
rank0017_ca6_proteinbinders_5713_A,AF-B4P7H8-F1-model_v6,0.223,353,0.965,0.519,2.965e-21,742,B4P7H8
rank0017_ca6_proteinbinders_5713_A,AF-Q13033-F1-model_v6,0.228,339,1.0,0.413,1.442e-20,742,Q13033
rank0017_ca6_proteinbinders_5713_A,AF-Q6NVM2-F1-model_v6,0.28,337,0.994,0.441,6.352e-20,741,Q6NVM2
rank0017_ca6_proteinbinders_5713_A,AF-Q8K4P0-F1-model_v6,0.208,336,0.991,0.221,2.535e-19,741,Q8K4P0
rank0017_ca6_proteinbinders_5713_A,AF-P40217-F1-model_v6,0.206,332,0.979,0.911,1.218e-21,739,P40217
rank0017_ca6_proteinbinders_5713_A,AF-Q99LC2-F1-model_v6,0.205,337,0.994,0.756,2.686e-21,739,Q99LC2
rank0017_ca6_proteinbinders_5713_A,AF-Q9NSI6-2-F1-model_v6,0.252,368,0.994,0.162,2.186e-19,739,Q9NSI6-2
rank0017_ca6_proteinbinders_5713_A,AF-Q5A7Q3-F1-model_v6,0.22,338,0.997,0.805,4.278e-20,738,Q5A7Q3
rank0017_ca6_proteinbinders_5713_A,AF-Q05048-F1-model_v6,0.208,337,0.994,0.756,2.822e-21,738,Q05048
rank0017_ca6_proteinbinders_5713_A,AF-Q6CI08-F1-model_v6,0.222,333,0.982,0.938,3.797e-21,737,Q6CI08
rank0017_ca6_proteinbinders_5713_A,AF-Q5F3D7-F1-model_v6,0.191,336,0.991,0.556,4.587e-19,737,Q5F3D7
rank0017_ca6_proteinbinders_5713_A,AF-Q5F201-F1-model_v6,0.186,329,0.971,0.46,4.587e-19,737,Q5F201
rank0017_ca6_proteinbinders_5713_A,AF-P42841-F1-model_v6,0.204,336,0.991,0.634,1.707e-19,736,P42841
rank0017_ca6_proteinbinders_5713_A,AF-A1DP19-F1-model_v6,0.255,359,0.988,0.814,7.219e-21,735,A1DP19
rank0017_ca6_proteinbinders_5713_A,AF-Q12788-F1-model_v6,0.227,443,0.979,0.548,1.6390000000000001e-21,734,Q12788
rank0017_ca6_proteinbinders_5713_A,AF-Q54H44-F1-model_v6,0.204,339,1.0,0.985,1.442e-20,733,Q54H44
rank0017_ca6_proteinbinders_5713_A,AF-A8QBF3-F1-model_v6,0.194,332,0.979,0.948,2.1410000000000002e-20,733,A8QBF3
rank0017_ca6_proteinbinders_5713_A,AF-P40968-F1-model_v6,0.183,337,0.994,0.666,3.341e-20,733,P40968
rank0017_ca6_proteinbinders_5713_A,AF-O61585-F1-model_v6,0.252,337,0.994,0.419,3.8750000000000004e-20,733,O61585
rank0017_ca6_proteinbinders_5713_A,AF-Q76B40-F1-model_v6,0.239,336,0.991,0.6,2.8810000000000004e-20,732,Q76B40
rank0017_ca6_proteinbinders_5713_A,AF-Q5ZIU8-F1-model_v6,0.25,337,0.994,0.44,1.794e-19,732,Q5ZIU8
rank0017_ca6_proteinbinders_5713_A,AF-Q09150-F1-model_v6,0.215,339,1.0,0.974,5.59e-19,731,Q09150
rank0017_ca6_proteinbinders_5713_A,AF-O94365-F1-model_v6,0.199,333,0.982,0.581,9.433e-20,731,O94365
rank0017_ca6_proteinbinders_5713_A,AF-Q2TAY7-F1-model_v6,0.245,336,0.991,0.6,1.306e-20,731,Q2TAY7
rank0017_ca6_proteinbinders_5713_A,AF-Q1LZ08-F1-model_v6,0.222,353,0.965,0.528,3.797e-21,731,Q1LZ08
rank0017_ca6_proteinbinders_5713_A,AF-A6H603-3-F1-model_v6,0.215,339,0.991,0.276,2.413e-19,731,A6H603-3
rank0017_ca6_proteinbinders_5713_A,AF-A6H603-2-F1-model_v6,0.215,339,0.991,0.236,2.413e-19,731,A6H603-2
rank0017_ca6_proteinbinders_5713_A,AF-Q13033-2-F1-model_v6,0.228,339,1.0,0.461,4.962e-20,730,Q13033-2
rank0017_ca6_proteinbinders_5713_A,AF-Q9ERG2-F1-model_v6,0.228,339,1.0,0.413,4.7220000000000006e-20,730,Q9ERG2
rank0017_ca6_proteinbinders_5713_A,AF-Q16MY0-F1-model_v6,0.22,340,0.968,0.516,7.584e-21,729,Q16MY0
rank0017_ca6_proteinbinders_5713_A,AF-O42469-F1-model_v6,0.202,339,1.0,0.383,2.663e-19,729,O42469
rank0017_ca6_proteinbinders_5713_A,AF-Q5AI86-F1-model_v6,0.206,334,0.985,0.923,1.0720000000000001e-20,728,Q5AI86
rank0017_ca6_proteinbinders_5713_A,AF-Q5BJQ6-F1-model_v6,0.205,337,0.994,0.756,6.2240000000000005e-21,728,Q5BJQ6
rank0017_ca6_proteinbinders_5713_A,AF-Q6CP71-F1-model_v6,0.208,336,0.991,0.657,1.98e-19,728,Q6CP71
rank0017_ca6_proteinbinders_5713_A,AF-Q9NRL3-F1-model_v6,0.221,339,1.0,0.434,2.7420000000000005e-20,728,Q9NRL3
rank0017_ca6_proteinbinders_5713_A,AF-Q04726-4-F1-model_v6,0.203,339,1.0,0.381,3.765e-19,728,Q04726-4
rank0017_ca6_proteinbinders_5713_A,AF-Q99973-F1-model_v6,0.244,281,0.829,0.105,2.186e-19,728,Q99973
rank0017_ca6_proteinbinders_5713_A,AF-A2QP30-F1-model_v6,0.234,340,0.994,0.767,1.846e-20,727,A2QP30
rank0017_ca6_proteinbinders_5713_A,AF-B3NSK1-F1-model_v6,0.222,353,0.965,0.519,4.627e-21,727,B3NSK1
rank0017_ca6_proteinbinders_5713_A,AF-P18851-F1-model_v6,0.258,338,0.997,0.799,1.1260000000000001e-20,726,P18851
rank0017_ca6_proteinbinders_5713_A,AF-F4JF14-F1-model_v6,0.243,286,0.829,0.3,3.583e-19,726,F4JF14
rank0017_ca6_proteinbinders_5713_A,AF-P16520-2-F1-model_v6,0.314,250,0.735,0.842,2.344e-18,725,P16520-2
rank0017_ca6_proteinbinders_5713_A,AF-Q9JHB4-2-F1-model_v6,0.228,329,0.971,0.798,1.884e-19,725,Q9JHB4-2
rank0017_ca6_proteinbinders_5713_A,AF-D4AZ50-F1-model_v6,0.314,352,0.988,0.764,7.969e-21,725,D4AZ50
rank0017_ca6_proteinbinders_5713_A,AF-Q9JMJ4-F1-model_v6,0.219,339,1.0,0.591,1.578e-18,725,Q9JMJ4
rank0017_ca6_proteinbinders_5713_A,AF-Q7ZW33-F1-model_v6,0.208,337,0.994,0.557,6.171e-19,725,Q7ZW33
rank0017_ca6_proteinbinders_5713_A,AF-B4HND9-F1-model_v6,0.221,353,0.965,0.519,4.627e-21,725,B4HND9
rank0017_ca6_proteinbinders_5713_A,AF-Q8BG40-F1-model_v6,0.279,338,0.997,0.448,3.6880000000000005e-20,724,Q8BG40
rank0017_ca6_proteinbinders_5713_A,AF-Q07141-F1-model_v6,0.199,339,1.0,0.393,5.321e-19,723,Q07141
rank0017_ca6_proteinbinders_5713_A,AF-P58404-F1-model_v6,0.226,339,1.0,0.43,1.041e-19,723,P58404
rank0017_ca6_proteinbinders_5713_A,AF-Q5VQ78-F1-model_v6,0.222,338,0.997,0.321,2.08e-19,721,Q5VQ78
rank0017_ca6_proteinbinders_5713_A,AF-P0DPA1-F1-model_v6,0.227,337,0.991,0.573,1.413e-21,720,P0DPA1
rank0017_ca6_proteinbinders_5713_A,AF-O74319-F1-model_v6,0.245,315,0.929,0.453,4.071e-20,720,O74319
rank0017_ca6_proteinbinders_5713_A,AF-B3MET8-F1-model_v6,0.22,353,0.965,0.529,8.372e-21,719,B3MET8
rank0017_ca6_proteinbinders_5713_A,AF-Q5U2W5-F1-model_v6,0.227,443,0.979,0.554,2.686e-21,719,Q5U2W5
rank0017_ca6_proteinbinders_5713_A,AF-Q8BHB4-F1-model_v6,0.24,334,0.95,0.355,7.969e-21,719,Q8BHB4
rank0017_ca6_proteinbinders_5713_A,AF-C4JPW9-F1-model_v6,0.281,357,0.991,0.778,3.18e-20,718,C4JPW9
rank0017_ca6_proteinbinders_5713_A,AF-A5D7H2-F1-model_v6,0.222,339,1.0,0.413,6.674000000000001e-20,718,A5D7H2
rank0017_ca6_proteinbinders_5713_A,AF-Q149M9-F1-model_v6,0.211,339,0.991,0.217,8.302e-19,718,Q149M9
rank0017_ca6_proteinbinders_5713_A,AF-B4J8H6-F1-model_v6,0.226,352,0.965,0.528,8.372e-21,717,B4J8H6
rank0017_ca6_proteinbinders_5713_A,AF-Q2KJJ5-F1-model_v6,0.225,442,0.976,0.553,5.638e-21,717,Q2KJJ5
rank0017_ca6_proteinbinders_5713_A,AF-Q96J01-F1-model_v6,0.253,288,0.832,0.821,4.156e-19,716,Q96J01
rank0017_ca6_proteinbinders_5713_A,AF-B4GIJ0-F1-model_v6,0.22,364,0.997,0.535,4.1910000000000004e-21,716,B4GIJ0
rank0017_ca6_proteinbinders_5713_A,AF-Q04726-6-F1-model_v6,0.203,339,1.0,0.383,7.901e-19,716,Q04726-6
rank0017_ca6_proteinbinders_5713_A,AF-Q9FKT5-F1-model_v6,0.264,337,0.994,0.959,5.477000000000001e-20,715,Q9FKT5
rank0017_ca6_proteinbinders_5713_A,AF-Q6CKX3-F1-model_v6,0.207,332,0.979,0.905,2.822e-21,714,Q6CKX3
rank0017_ca6_proteinbinders_5713_A,AF-B6QC56-F1-model_v6,0.291,350,0.988,0.763,5.477000000000001e-20,714,B6QC56
rank0017_ca6_proteinbinders_5713_A,AF-P58405-2-F1-model_v6,0.224,339,1.0,0.453,1.208e-19,714,P58405-2
rank0017_ca6_proteinbinders_5713_A,AF-O13166-F1-model_v6,0.203,339,1.0,0.386,9.164e-19,714,O13166
rank0017_ca6_proteinbinders_5713_A,AF-Q9FUY2-F1-model_v6,0.257,339,1.0,0.314,2.296e-19,714,Q9FUY2
rank0017_ca6_proteinbinders_5713_A,AF-Q9NV06-F1-model_v6,0.179,336,0.991,0.665,2.798e-19,713,Q9NV06
rank0017_ca6_proteinbinders_5713_A,AF-Q04726-F1-model_v6,0.206,339,1.0,0.381,6.171e-19,713,Q04726
rank0017_ca6_proteinbinders_5713_A,AF-Q6UXN9-F1-model_v6,0.209,338,0.997,0.952,3.341e-20,712,Q6UXN9
rank0017_ca6_proteinbinders_5713_A,AF-Q28YY2-F1-model_v6,0.225,364,0.997,0.535,1.997e-21,712,Q28YY2
rank0017_ca6_proteinbinders_5713_A,AF-Q58E77-F1-model_v6,0.216,338,0.997,0.952,4.7220000000000006e-20,711,Q58E77
rank0017_ca6_proteinbinders_5713_A,AF-F4KB17-F1-model_v6,0.248,337,0.994,0.344,2.296e-19,711,F4KB17
rank0017_ca6_proteinbinders_5713_A,AF-Q759L2-F1-model_v6,0.198,331,0.976,0.905,4.7220000000000006e-20,710,Q759L2
rank0017_ca6_proteinbinders_5713_A,AF-P70483-F1-model_v6,0.2,339,1.0,0.422,1.401e-19,710,P70483
rank0017_ca6_proteinbinders_5713_A,AF-P58405-F1-model_v6,0.223,339,1.0,0.414,1.884e-19,710,P58405
rank0017_ca6_proteinbinders_5713_A,AF-A4R3M4-F1-model_v6,0.277,352,0.988,0.764,2.7420000000000005e-20,709,A4R3M4
rank0017_ca6_proteinbinders_5713_A,AF-Q12220-F1-model_v6,0.241,354,0.976,0.375,2.557e-21,709,Q12220
rank0017_ca6_proteinbinders_5713_A,AF-P14197-F1-model_v6,0.212,338,0.997,0.665,5.755000000000001e-20,708,P14197
rank0017_ca6_proteinbinders_5713_A,AF-Q54D08-F1-model_v6,0.255,294,0.864,0.967,6.812e-19,707,Q54D08
rank0017_ca6_proteinbinders_5713_A,AF-A5DGL8-F1-model_v6,0.188,334,0.985,0.922,1.041e-19,707,A5DGL8
rank0017_ca6_proteinbinders_5713_A,AF-Q8NA23-F1-model_v6,0.241,315,0.912,0.858,1.578e-18,707,Q8NA23
rank0017_ca6_proteinbinders_5713_A,AF-O43815-2-F1-model_v6,0.203,339,1.0,0.45,1.546e-19,707,O43815-2
rank0017_ca6_proteinbinders_5713_A,AF-Q8C4J7-F1-model_v6,0.224,443,0.979,0.553,8.797000000000001e-21,707,Q8C4J7
rank0017_ca6_proteinbinders_5713_A,AF-Q6H8D5-F1-model_v6,0.213,338,0.997,0.32,3.955e-19,707,Q6H8D5
rank0017_ca6_proteinbinders_5713_A,AF-Q4P6E2-F1-model_v6,0.215,331,0.976,0.919,7.969e-21,706,Q4P6E2
rank0017_ca6_proteinbinders_5713_A,AF-P16371-F1-model_v6,0.205,339,1.0,0.403,1.012e-18,705,P16371
rank0017_ca6_proteinbinders_5713_A,AF-Q08122-1-F1-model_v6,0.209,339,1.0,0.381,1.233e-18,704,Q08122-1
rank0017_ca6_proteinbinders_5713_A,AF-O22785-F1-model_v6,0.25,337,0.994,0.57,1.831e-18,703,O22785
rank0017_ca6_proteinbinders_5713_A,AF-Q9FNN2-F1-model_v6,0.23,335,0.988,0.499,2.94e-19,703,Q9FNN2
rank0017_ca6_proteinbinders_5713_A,AF-Q9WVB2-F1-model_v6,0.201,339,1.0,0.383,1.117e-18,703,Q9WVB2
rank0017_ca6_proteinbinders_5713_A,AF-Q5ZMV7-F1-model_v6,0.217,338,0.997,0.952,5.477000000000001e-20,702,Q5ZMV7
rank0017_ca6_proteinbinders_5713_A,AF-Q9S7I8-F1-model_v6,0.237,336,0.991,0.678,1.269e-19,702,Q9S7I8
rank0017_ca6_proteinbinders_5713_A,AF-O55106-F1-model_v6,0.2,339,1.0,0.422,1.98e-19,702,O55106
rank0017_ca6_proteinbinders_5713_A,AF-Q9AUR7-F1-model_v6,0.231,331,0.976,0.256,2.08e-19,702,Q9AUR7
rank0017_ca6_proteinbinders_5713_A,AF-Q54MT0-F1-model_v6,0.193,332,0.979,0.924,6.046e-20,701,Q54MT0
rank0017_ca6_proteinbinders_5713_A,AF-Q04725-2-F1-model_v6,0.2,339,1.0,0.473,2.123e-18,701,Q04725-2
rank0017_ca6_proteinbinders_5713_A,AF-P16371-2-F1-model_v6,0.236,283,0.835,0.391,5.874e-19,701,P16371-2
rank0017_ca6_proteinbinders_5713_A,AF-Q04727-F1-model_v6,0.2,339,1.0,0.38,3.313e-18,700,Q04727
rank0017_ca6_proteinbinders_5713_A,AF-Q04726-7-F1-model_v6,0.203,339,1.0,0.386,2.463e-18,699,Q04726-7
rank0017_ca6_proteinbinders_5713_A,AF-O42478-F1-model_v6,0.197,339,1.0,0.381,2.587e-18,699,O42478
rank0017_ca6_proteinbinders_5713_A,AF-Q5RFQ3-F1-model_v6,0.187,443,0.968,0.483,1.757e-20,699,Q5RFQ3
rank0017_ca6_proteinbinders_5713_A,AF-O02482-F1-model_v6,0.214,338,0.997,0.485,1.233e-18,698,O02482
rank0017_ca6_proteinbinders_5713_A,AF-E1BKF9-F1-model_v6,0.204,328,0.968,0.523,1.625e-19,698,E1BKF9
rank0017_ca6_proteinbinders_5713_A,AF-Q9LV27-F1-model_v6,0.267,296,0.864,0.97,1.923e-18,697,Q9LV27
rank0017_ca6_proteinbinders_5713_A,AF-Q8N1V2-F1-model_v6,0.204,328,0.968,0.526,1.794e-19,697,Q8N1V2
rank0017_ca6_proteinbinders_5713_A,AF-A6H603-F1-model_v6,0.218,339,0.991,0.217,3.001e-18,697,A6H603
rank0017_ca6_proteinbinders_5713_A,AF-Q640J6-F1-model_v6,0.216,338,0.997,0.952,1.794e-19,694,Q640J6
rank0017_ca6_proteinbinders_5713_A,AF-Q8NA23-2-F1-model_v6,0.212,337,0.994,0.814,6.171e-19,694,Q8NA23-2
rank0017_ca6_proteinbinders_5713_A,AF-D1ZEM6-F1-model_v6,0.29,367,0.985,0.755,1.041e-19,694,D1ZEM6
rank0017_ca6_proteinbinders_5713_A,AF-Q08122-F1-model_v6,0.203,339,1.0,0.381,3.657e-18,694,Q08122
rank0017_ca6_proteinbinders_5713_A,AF-Q54J37-F1-model_v6,0.192,342,1.0,0.414,5.2130000000000006e-20,693,Q54J37
rank0017_ca6_proteinbinders_5713_A,AF-Q9SJT9-F1-model_v6,0.228,335,0.988,0.26,3.765e-19,693,Q9SJT9
rank0017_ca6_proteinbinders_5713_A,AF-Q9JHB4-F1-model_v6,0.225,329,0.971,0.796,1.43e-18,692,Q9JHB4
rank0017_ca6_proteinbinders_5713_A,AF-B2B766-F1-model_v6,0.279,352,0.985,0.752,4.278e-20,692,B2B766
rank0017_ca6_proteinbinders_5713_A,AF-O43815-F1-model_v6,0.203,339,1.0,0.422,3.246e-19,692,O43815
rank0017_ca6_proteinbinders_5713_A,AF-P87177-F1-model_v6,0.207,349,0.968,0.379,2.484e-20,692,P87177
rank0017_ca6_proteinbinders_5713_A,AF-Q9W328-F1-model_v6,0.234,303,0.879,0.968,3.153e-18,690,Q9W328
rank0017_ca6_proteinbinders_5713_A,AF-Q8SQS4-F1-model_v6,0.234,318,0.938,0.54,1.208e-19,690,Q8SQS4
rank0017_ca6_proteinbinders_5713_A,AF-Q62441-F1-model_v6,0.224,283,0.835,0.364,2.856e-18,690,Q62441
rank0017_ca6_proteinbinders_5713_A,AF-B4QFZ8-F1-model_v6,0.265,339,1.0,0.985,1.472e-19,689,B4QFZ8
rank0017_ca6_proteinbinders_5713_A,AF-Q91WM3-F1-model_v6,0.227,332,0.979,0.678,1.15e-19,689,Q91WM3
rank0017_ca6_proteinbinders_5713_A,AF-Q04726-2-F1-model_v6,0.206,339,1.0,0.387,2.856e-18,689,Q04726-2
rank0017_ca6_proteinbinders_5713_A,AF-O13282-F1-model_v6,0.252,327,0.965,0.499,8.979e-20,688,O13282
rank0017_ca6_proteinbinders_5713_A,AF-Q62440-5-F1-model_v6,0.197,339,1.0,0.397,5.169e-18,688,Q62440-5
rank0017_ca6_proteinbinders_5713_A,AF-Q08122-2-F1-model_v6,0.203,339,1.0,0.382,5.169e-18,688,Q08122-2
rank0017_ca6_proteinbinders_5713_A,AF-Q9LYK6-F1-model_v6,0.186,337,0.994,0.903,1.472e-19,687,Q9LYK6
rank0017_ca6_proteinbinders_5713_A,AF-Q29RH4-F1-model_v6,0.253,288,0.832,0.821,2.344e-18,687,Q29RH4
rank0017_ca6_proteinbinders_5713_A,AF-O94967-4-F1-model_v6,0.233,337,0.994,0.344,8.546000000000001e-20,687,O94967-4
rank0017_ca6_proteinbinders_5713_A,AF-Q4R2Z6-F1-model_v6,0.212,370,0.997,0.595,3.8750000000000004e-20,686,Q4R2Z6
rank0017_ca6_proteinbinders_5713_A,AF-Q7KWL3-F1-model_v6,0.198,336,0.991,0.667,9.164e-19,685,Q7KWL3
rank0017_ca6_proteinbinders_5713_A,AF-A8ILK1-F1-model_v6,0.205,332,0.976,0.54,2.798e-19,685,A8ILK1
rank0017_ca6_proteinbinders_5713_A,AF-Q62440-2-F1-model_v6,0.197,339,1.0,0.422,6.299e-18,685,Q62440-2
rank0017_ca6_proteinbinders_5713_A,AF-Q04727-4-F1-model_v6,0.201,339,1.0,0.393,3.481e-18,685,Q04727-4
rank0017_ca6_proteinbinders_5713_A,AF-Q8BH57-2-F1-model_v6,0.214,371,1.0,0.56,2.8810000000000004e-20,684,Q8BH57-2
rank0017_ca6_proteinbinders_5713_A,AF-Q62440-F1-model_v6,0.196,339,1.0,0.382,3.313e-18,684,Q62440
rank0017_ca6_proteinbinders_5713_A,AF-Q04727-3-F1-model_v6,0.224,283,0.835,0.349,4.242e-18,684,Q04727-3
rank0017_ca6_proteinbinders_5713_A,AF-Q2TZG4-F1-model_v6,0.224,336,0.991,0.53,4.82e-19,683,Q2TZG4
rank0017_ca6_proteinbinders_5713_A,AF-Q04725-F1-model_v6,0.206,339,1.0,0.396,2.719e-18,682,Q04725
rank0017_ca6_proteinbinders_5713_A,AF-B3NQR5-F1-model_v6,0.269,339,1.0,0.985,2.413e-19,681,B3NQR5
rank0017_ca6_proteinbinders_5713_A,AF-Q62440-3-F1-model_v6,0.197,339,1.0,0.452,8.903e-18,681,Q62440-3
rank0017_ca6_proteinbinders_5713_A,AF-Q55FR9-F1-model_v6,0.212,329,0.971,0.251,1.012e-18,681,Q55FR9
rank0017_ca6_proteinbinders_5713_A,AF-Q04727-2-F1-model_v6,0.196,339,1.0,0.418,4.457e-18,680,Q04727-2
rank0017_ca6_proteinbinders_5713_A,AF-P58404-2-F1-model_v6,0.248,339,1.0,0.434,4.366e-19,680,P58404-2
rank0017_ca6_proteinbinders_5713_A,AF-O42937-F1-model_v6,0.198,339,1.0,0.368,3.153e-18,680,O42937
rank0017_ca6_proteinbinders_5713_A,AF-P35606-F1-model_v6,0.203,337,0.994,0.325,2.463e-18,680,P35606
rank0017_ca6_proteinbinders_5713_A,AF-Q28DW0-F1-model_v6,0.263,338,0.997,0.973,6.812e-19,679,Q28DW0
rank0017_ca6_proteinbinders_5713_A,AF-Q04724-F1-model_v6,0.196,339,1.0,0.382,4.682e-18,679,Q04724
rank0017_ca6_proteinbinders_5713_A,AF-O13168-F1-model_v6,0.206,339,1.0,0.381,5.431e-18,678,O13168
rank0017_ca6_proteinbinders_5713_A,AF-Q8VE80-F1-model_v6,0.253,288,0.832,0.821,3.481e-18,677,Q8VE80
rank0017_ca6_proteinbinders_5713_A,AF-P0CS39-2-F1-model_v6,0.247,339,0.85,0.41,3.481e-18,677,P0CS39-2
rank0017_ca6_proteinbinders_5713_A,AF-Q8CBE3-F1-model_v6,0.234,342,1.0,0.69,7.901e-19,676,Q8CBE3
rank0017_ca6_proteinbinders_5713_A,AF-O43818-F1-model_v6,0.211,333,0.982,0.676,2.663e-19,674,O43818
rank0017_ca6_proteinbinders_5713_A,AF-Q0J3D9-F1-model_v6,0.228,335,0.988,0.26,1.658e-18,672,Q0J3D9
rank0017_ca6_proteinbinders_5713_A,AF-Q5R650-F1-model_v6,0.231,341,1.0,0.689,2.021e-18,670,Q5R650
rank0017_ca6_proteinbinders_5713_A,AF-P62879-2-F1-model_v6,0.287,281,0.829,0.996,1.233e-18,669,P62879-2
rank0017_ca6_proteinbinders_5713_A,AF-Q7ZYQ6-F1-model_v6,0.17,336,0.991,0.665,3.481e-18,669,Q7ZYQ6
rank0017_ca6_proteinbinders_5713_A,AF-Q9R1A8-F1-model_v6,0.219,306,0.835,0.417,1.033e-17,669,Q9R1A8
rank0017_ca6_proteinbinders_5713_A,AF-P35605-F1-model_v6,0.203,337,0.994,0.325,4.92e-18,667,P35605
rank0017_ca6_proteinbinders_5713_A,AF-Q54YD8-F1-model_v6,0.242,287,0.847,0.286,9.354e-18,667,Q54YD8
rank0017_ca6_proteinbinders_5713_A,AF-P0CS39-F1-model_v6,0.244,339,0.85,0.385,4.037e-18,666,P0CS39
rank0017_ca6_proteinbinders_5713_A,AF-B4P7Q3-F1-model_v6,0.267,339,1.0,0.985,8.302e-19,665,B4P7Q3
rank0017_ca6_proteinbinders_5713_A,AF-Q9W5Z5-F1-model_v6,0.262,345,0.826,0.808,1.533e-17,665,Q9W5Z5
rank0017_ca6_proteinbinders_5713_A,AF-G5EF68-F1-model_v6,0.241,278,0.732,0.429,1.054e-16,665,G5EF68
rank0017_ca6_proteinbinders_5713_A,AF-B3MC74-F1-model_v6,0.268,339,1.0,0.985,8.302e-19,664,B3MC74
rank0017_ca6_proteinbinders_5713_A,AF-Q5M7T1-F1-model_v6,0.266,338,0.997,0.968,1.578e-18,663,Q5M7T1
rank0017_ca6_proteinbinders_5713_A,AF-A4IIX9-F1-model_v6,0.234,340,1.0,0.688,1.831e-18,663,A4IIX9
rank0017_ca6_proteinbinders_5713_A,AF-Q99973-2-F1-model_v6,0.216,367,0.976,0.14,5.2130000000000006e-20,663,Q99973-2
rank0017_ca6_proteinbinders_5713_A,AF-Q292E8-F1-model_v6,0.271,339,1.0,0.985,8.722e-19,661,Q292E8
rank0017_ca6_proteinbinders_5713_A,AF-Q99KN2-F1-model_v6,0.268,339,1.0,0.971,2.021e-18,660,Q99KN2
rank0017_ca6_proteinbinders_5713_A,AF-Q08122-4-F1-model_v6,0.204,334,0.985,0.389,1.578e-18,660,Q08122-4
rank0017_ca6_proteinbinders_5713_A,AF-Q9USL1-F1-model_v6,0.195,289,0.853,0.932,9.828e-18,659,Q9USL1
rank0017_ca6_proteinbinders_5713_A,AF-Q9Y2I8-F1-model_v6,0.233,338,0.994,0.684,2.231e-18,659,Q9Y2I8
rank0017_ca6_proteinbinders_5713_A,AF-F4IIK6-2-F1-model_v6,0.238,299,0.867,0.958,1.533e-17,658,F4IIK6-2
rank0017_ca6_proteinbinders_5713_A,AF-Q8NHY2-2-F1-model_v6,0.199,339,1.0,0.461,3.153e-18,658,Q8NHY2-2
rank0017_ca6_proteinbinders_5713_A,AF-Q6P0D9-F1-model_v6,0.265,338,0.997,0.976,2.231e-18,656,Q6P0D9
rank0017_ca6_proteinbinders_5713_A,AF-Q9Y2I8-2-F1-model_v6,0.233,339,0.994,0.685,3.657e-18,656,Q9Y2I8-2
rank0017_ca6_proteinbinders_5713_A,AF-Q8NHY2-4-F1-model_v6,0.226,306,0.835,0.43,2.514e-17,656,Q8NHY2-4
rank0017_ca6_proteinbinders_5713_A,AF-Q803V5-F1-model_v6,0.237,276,0.776,0.847,4.549e-17,655,Q803V5
rank0017_ca6_proteinbinders_5713_A,AF-B4MY77-F1-model_v6,0.271,339,1.0,0.985,1.361e-18,654,B4MY77
rank0017_ca6_proteinbinders_5713_A,AF-Q04726-3-F1-model_v6,0.204,334,0.985,0.398,1.923e-18,654,Q04726-3
rank0017_ca6_proteinbinders_5713_A,AF-P0CS38-2-F1-model_v6,0.242,339,0.85,0.41,9.828e-18,653,P0CS38-2
rank0017_ca6_proteinbinders_5713_A,AF-Q64LD2-F1-model_v6,0.197,336,0.991,0.564,2.94e-19,652,Q64LD2
rank0017_ca6_proteinbinders_5713_A,AF-Q8NHY2-F1-model_v6,0.199,339,1.0,0.446,4.457e-18,652,Q8NHY2
rank0017_ca6_proteinbinders_5713_A,AF-Q17GR9-F1-model_v6,0.25,338,0.997,0.976,2.021e-18,651,Q17GR9
rank0017_ca6_proteinbinders_5713_A,AF-Q8VYZ5-2-F1-model_v6,0.234,342,0.956,0.398,7.368e-20,651,Q8VYZ5-2
rank0017_ca6_proteinbinders_5713_A,AF-Q5R664-F1-model_v6,0.203,337,0.994,0.325,1.533e-17,651,Q5R664
rank0017_ca6_proteinbinders_5713_A,AF-Q6H8D6-F1-model_v6,0.213,369,0.971,0.405,1.794e-19,651,Q6H8D6
rank0017_ca6_proteinbinders_5713_A,AF-Q7T2F6-F1-model_v6,0.225,363,0.991,0.858,2.021e-18,649,Q7T2F6
rank0017_ca6_proteinbinders_5713_A,AF-Q9R1K5-F1-model_v6,0.237,338,0.997,0.596,2.856e-18,649,Q9R1K5
rank0017_ca6_proteinbinders_5713_A,AF-Q8L828-2-F1-model_v6,0.229,365,0.962,0.398,2.798e-19,649,Q8L828-2
rank0017_ca6_proteinbinders_5713_A,AF-Q9UM11-F1-model_v6,0.237,338,0.997,0.593,2.719e-18,648,Q9UM11
rank0017_ca6_proteinbinders_5713_A,AF-Q4R4I8-F1-model_v6,0.203,337,0.994,0.325,1.869e-17,648,Q4R4I8
rank0017_ca6_proteinbinders_5713_A,AF-P53621-F1-model_v6,0.203,331,0.976,0.256,1.085e-17,648,P53621
rank0017_ca6_proteinbinders_5713_A,AF-Q04726-5-F1-model_v6,0.204,334,0.985,0.395,3.001e-18,647,Q04726-5
rank0017_ca6_proteinbinders_5713_A,AF-Q9BRP4-2-F1-model_v6,0.196,336,0.991,0.816,4.037e-18,645,Q9BRP4-2
rank0017_ca6_proteinbinders_5713_A,AF-P0CS38-F1-model_v6,0.24,329,0.829,0.373,1.693e-17,645,P0CS38
rank0017_ca6_proteinbinders_5713_A,AF-Q8L828-F1-model_v6,0.216,369,0.973,0.406,1.98e-19,645,Q8L828
rank0017_ca6_proteinbinders_5713_A,AF-O76071-F1-model_v6,0.255,338,0.997,0.968,5.706e-18,644,O76071
rank0017_ca6_proteinbinders_5713_A,AF-Q9JIT3-F1-model_v6,0.206,334,0.985,0.398,5.169e-18,644,Q9JIT3
rank0017_ca6_proteinbinders_5713_A,AF-Q8VYZ5-F1-model_v6,0.236,335,0.935,0.372,2.08e-19,644,Q8VYZ5
rank0017_ca6_proteinbinders_5713_A,AF-O14727-4-F1-model_v6,0.207,507,0.994,0.421,1.008e-23,643,O14727-4
rank0017_ca6_proteinbinders_5713_A,AF-A7RWD2-F1-model_v6,0.268,331,0.976,0.979,1.117e-18,642,A7RWD2
rank0017_ca6_proteinbinders_5713_A,AF-Q8NHY2-3-F1-model_v6,0.199,339,1.0,0.644,1.033e-17,641,Q8NHY2-3
rank0017_ca6_proteinbinders_5713_A,AF-Q54PP7-F1-model_v6,0.164,337,0.994,0.263,1.14e-17,641,Q54PP7
rank0017_ca6_proteinbinders_5713_A,AF-Q8MYE8-F1-model_v6,0.195,362,0.923,0.852,9.164e-19,640,Q8MYE8
rank0017_ca6_proteinbinders_5713_A,AF-Q8BH57-3-F1-model_v6,0.204,414,0.994,0.719,4.071e-20,639,Q8BH57-3
rank0017_ca6_proteinbinders_5713_A,AF-Q05946-F1-model_v6,0.184,508,0.985,0.622,1.9400000000000003e-20,638,Q05946
rank0017_ca6_proteinbinders_5713_A,AF-Q54PE0-F1-model_v6,0.222,340,0.944,0.369,1.625e-19,638,Q54PE0
rank0017_ca6_proteinbinders_5713_A,AF-Q6DDF0-F1-model_v6,0.261,341,1.0,0.689,1.361e-18,637,Q6DDF0
rank0017_ca6_proteinbinders_5713_A,AF-Q9Z2K5-F1-model_v6,0.25,310,0.876,0.951,3.733e-17,636,Q9Z2K5
rank0017_ca6_proteinbinders_5713_A,AF-Q9UM11-2-F1-model_v6,0.236,336,0.991,0.602,1.693e-17,636,Q9UM11-2
rank0017_ca6_proteinbinders_5713_A,AF-E9Q349-F1-model_v6,0.201,337,0.994,0.581,1.012e-18,635,E9Q349
rank0017_ca6_proteinbinders_5713_A,AF-Q3MKM6-F1-model_v6,0.203,334,0.982,0.697,2.123e-18,634,Q3MKM6
rank0017_ca6_proteinbinders_5713_A,AF-P93471-F1-model_v6,0.191,337,0.994,0.47,1.533e-17,634,P93471
rank0017_ca6_proteinbinders_5713_A,AF-Q05B17-F1-model_v6,0.196,414,0.994,0.611,7.741000000000001e-20,634,Q05B17
rank0017_ca6_proteinbinders_5713_A,AF-Q9LXN4-F1-model_v6,0.244,353,0.973,0.345,3.001e-18,634,Q9LXN4
rank0017_ca6_proteinbinders_5713_A,AF-F4IIK6-F1-model_v6,0.242,302,0.873,0.965,5.276e-17,633,F4IIK6
rank0017_ca6_proteinbinders_5713_A,AF-Q9AUR8-F1-model_v6,0.216,393,0.982,0.323,5.321e-19,633,Q9AUR8
rank0017_ca6_proteinbinders_5713_A,AF-Q9EPV5-F1-model_v6,0.21,538,0.959,0.431,4.227e-23,633,Q9EPV5
rank0017_ca6_proteinbinders_5713_A,AF-Q05B30-F1-model_v6,0.201,345,0.994,0.459,6.171e-19,632,Q05B30
rank0017_ca6_proteinbinders_5713_A,AF-Q9AYE4-F1-model_v6,0.269,305,0.879,0.965,3.922e-17,630,Q9AYE4
rank0017_ca6_proteinbinders_5713_A,AF-C4R6H3-F1-model_v6,0.198,374,0.991,0.748,3.481e-18,630,C4R6H3
rank0017_ca6_proteinbinders_5713_A,AF-O62621-F1-model_v6,0.208,370,0.973,0.405,7.52e-19,628,O62621
rank0017_ca6_proteinbinders_5713_A,AF-Q5R9T6-F1-model_v6,0.193,283,0.835,0.739,8.231e-17,627,Q5R9T6
rank0017_ca6_proteinbinders_5713_A,AF-Q4L235-2-F1-model_v6,0.155,339,1.0,0.339,4.878e-16,627,Q4L235-2
rank0017_ca6_proteinbinders_5713_A,AF-Q09309-F1-model_v6,0.164,335,0.988,0.67,6.299e-18,626,Q09309
rank0017_ca6_proteinbinders_5713_A,AF-P59328-2-F1-model_v6,0.198,338,0.997,0.466,1.693e-17,626,P59328-2
rank0017_ca6_proteinbinders_5713_A,AF-Q6PFM9-F1-model_v6,0.201,414,0.994,0.612,7.013000000000001e-20,626,Q6PFM9
rank0017_ca6_proteinbinders_5713_A,AF-Q5RAW8-F1-model_v6,0.199,414,0.994,0.612,5.755000000000001e-20,626,Q5RAW8
rank0017_ca6_proteinbinders_5713_A,AF-Q8TAF3-F1-model_v6,0.201,414,0.994,0.612,8.133000000000001e-20,626,Q8TAF3
rank0017_ca6_proteinbinders_5713_A,AF-Q9C827-F1-model_v6,0.229,369,0.973,0.398,1.063e-18,625,Q9C827
rank0017_ca6_proteinbinders_5713_A,AF-Q8BH57-F1-model_v6,0.201,414,0.994,0.612,6.674000000000001e-20,624,Q8BH57
rank0017_ca6_proteinbinders_5713_A,AF-B3H5K9-2-F1-model_v6,0.215,313,0.885,0.401,6.429e-17,624,B3H5K9-2
rank0017_ca6_proteinbinders_5713_A,AF-Q32SG6-F1-model_v6,0.232,362,0.994,0.376,3.153e-18,624,Q32SG6
rank0017_ca6_proteinbinders_5713_A,AF-Q652L2-F1-model_v6,0.223,362,0.994,0.371,2.463e-18,624,Q652L2
rank0017_ca6_proteinbinders_5713_A,AF-Q0V8J1-F1-model_v6,0.234,354,0.994,0.872,3.001e-18,622,Q0V8J1
rank0017_ca6_proteinbinders_5713_A,AF-Q676U5-4-F1-model_v6,0.28,255,0.746,0.596,8.649e-17,622,Q676U5-4
rank0017_ca6_proteinbinders_5713_A,AF-Q32PJ6-F1-model_v6,0.259,338,0.997,0.968,1.258e-17,620,Q32PJ6
rank0017_ca6_proteinbinders_5713_A,AF-Q9CAA0-F1-model_v6,0.218,370,0.968,0.402,1.117e-18,620,Q9CAA0
rank0017_ca6_proteinbinders_5713_A,AF-Q40153-F1-model_v6,0.213,355,0.991,0.751,2.296e-19,619,Q40153
rank0017_ca6_proteinbinders_5713_A,AF-Q8TED0-3-F1-model_v6,0.223,275,0.811,0.533,6.895e-16,619,Q8TED0-3
rank0017_ca6_proteinbinders_5713_A,AF-O88879-2-F1-model_v6,0.212,540,0.965,0.436,1.6869999999999998e-22,619,O88879-2
rank0017_ca6_proteinbinders_5713_A,AF-O88879-F1-model_v6,0.241,423,0.985,0.339,2.6319999999999997e-22,619,O88879
rank0017_ca6_proteinbinders_5713_A,AF-O54929-F1-model_v6,0.245,336,0.968,0.832,2.123e-18,618,O54929
rank0017_ca6_proteinbinders_5713_A,AF-Q32PG3-F1-model_v6,0.218,362,0.976,0.535,1.208e-19,618,Q32PG3
rank0017_ca6_proteinbinders_5713_A,AF-O54927-F1-model_v6,0.268,339,0.823,0.805,3.451e-16,616,O54927
rank0017_ca6_proteinbinders_5713_A,AF-Q9M0V4-F1-model_v6,0.198,330,0.973,0.645,2.856e-18,616,Q9M0V4
rank0017_ca6_proteinbinders_5713_A,AF-O35142-F1-model_v6,0.187,366,0.973,0.404,3.313e-18,616,O35142
rank0017_ca6_proteinbinders_5713_A,AF-Q5F3K4-F1-model_v6,0.199,414,0.994,0.611,1.269e-19,615,Q5F3K4
rank0017_ca6_proteinbinders_5713_A,AF-Q91VU6-2-F1-model_v6,0.195,333,0.823,0.659,9.354e-18,614,Q91VU6-2
rank0017_ca6_proteinbinders_5713_A,AF-Q9H6Y2-F1-model_v6,0.202,283,0.835,0.739,1.907e-16,613,Q9H6Y2
rank0017_ca6_proteinbinders_5713_A,AF-Q9C1X1-F1-model_v6,0.236,386,0.95,0.452,5.924e-21,612,Q9C1X1
rank0017_ca6_proteinbinders_5713_A,AF-Q86HX1-F1-model_v6,0.205,337,0.994,0.301,5.995e-18,612,Q86HX1
rank0017_ca6_proteinbinders_5713_A,AF-A2RRH5-2-F1-model_v6,0.19,338,0.997,0.442,5.995e-18,611,A2RRH5-2
rank0017_ca6_proteinbinders_5713_A,AF-Q4P4R3-F1-model_v6,0.205,349,1.0,0.343,1.869e-17,611,Q4P4R3
rank0017_ca6_proteinbinders_5713_A,AF-A1L112-F1-model_v6,0.196,283,0.835,0.737,3.626e-16,606,A1L112
rank0017_ca6_proteinbinders_5713_A,AF-Q9CX97-F1-model_v6,0.203,283,0.835,0.729,4.206e-16,606,Q9CX97
rank0017_ca6_proteinbinders_5713_A,AF-Q9UM11-3-F1-model_v6,0.276,247,0.726,0.611,2.045e-15,606,Q9UM11-3
rank0017_ca6_proteinbinders_5713_A,AF-Q20168-F1-model_v6,0.201,371,0.973,0.371,2.021e-18,606,Q20168
rank0017_ca6_proteinbinders_5713_A,AF-Q96J01-2-F1-model_v6,0.254,267,0.788,0.807,7.611e-16,605,Q96J01-2
rank0017_ca6_proteinbinders_5713_A,AF-Q6P1V3-F1-model_v6,0.255,360,1.0,0.853,1.233e-18,605,Q6P1V3
rank0017_ca6_proteinbinders_5713_A,AF-Q58DT8-F1-model_v6,0.203,283,0.835,0.741,4.643e-16,604,Q58DT8
rank0017_ca6_proteinbinders_5713_A,AF-Q5ZK69-F1-model_v6,0.187,337,0.994,0.783,4.549e-17,604,Q5ZK69
rank0017_ca6_proteinbinders_5713_A,AF-Q148I1-F1-model_v6,0.189,347,0.947,0.885,2.719e-18,604,Q148I1
rank0017_ca6_proteinbinders_5713_A,AF-B3H5K9-F1-model_v6,0.208,322,0.941,0.412,2.775e-17,604,B3H5K9
rank0017_ca6_proteinbinders_5713_A,AF-Q8TAF3-4-F1-model_v6,0.225,312,0.838,0.524,1.117e-18,603,Q8TAF3-4
rank0017_ca6_proteinbinders_5713_A,AF-Q9VCN9-F1-model_v6,0.235,343,0.912,0.462,5.995e-18,602,Q9VCN9
rank0017_ca6_proteinbinders_5713_A,AF-O14727-2-F1-model_v6,0.223,423,0.985,0.342,1.56e-21,602,O14727-2
rank0017_ca6_proteinbinders_5713_A,AF-Q7KWK5-F1-model_v6,0.155,339,1.0,0.599,9.547e-17,601,Q7KWK5
rank0017_ca6_proteinbinders_5713_A,AF-P41811-F1-model_v6,0.197,369,0.965,0.415,6.953e-18,601,P41811
rank0017_ca6_proteinbinders_5713_A,AF-Q9NYS7-F1-model_v6,0.236,336,0.965,0.832,3.481e-18,600,Q9NYS7
rank0017_ca6_proteinbinders_5713_A,AF-Q9BRP4-F1-model_v6,0.189,347,0.947,0.885,6.618e-18,598,Q9BRP4
rank0017_ca6_proteinbinders_5713_A,AF-Q9NYS7-2-F1-model_v6,0.232,354,0.994,0.841,1.322e-17,598,Q9NYS7-2
rank0017_ca6_proteinbinders_5713_A,AF-Q75LV5-F1-model_v6,0.2,329,0.971,0.642,7.306e-18,598,Q75LV5
rank0017_ca6_proteinbinders_5713_A,AF-A2RRH5-F1-model_v6,0.193,338,0.997,0.391,1.611e-17,598,A2RRH5
rank0017_ca6_proteinbinders_5713_A,AF-Q5E9I8-F1-model_v6,0.2,347,0.991,0.636,8.065e-18,597,Q5E9I8
rank0017_ca6_proteinbinders_5713_A,AF-Q5ZLL7-F1-model_v6,0.195,345,0.994,0.459,1.502e-18,597,Q5ZLL7
rank0017_ca6_proteinbinders_5713_A,AF-U4PCM1-2-F1-model_v6,0.301,209,0.602,0.346,2.421e-14,595,U4PCM1-2
rank0017_ca6_proteinbinders_5713_A,AF-Q80WC9-F1-model_v6,0.16,339,1.0,0.308,3.889e-15,595,Q80WC9
rank0017_ca6_proteinbinders_5713_A,AF-O94394-F1-model_v6,0.204,328,0.968,0.802,8.231e-17,593,O94394
rank0017_ca6_proteinbinders_5713_A,AF-Q4IBR4-F1-model_v6,0.222,355,0.85,0.339,1.163e-16,593,Q4IBR4
rank0017_ca6_proteinbinders_5713_A,AF-Q9Y6I7-2-F1-model_v6,0.327,218,0.605,0.793,7.183e-14,592,Q9Y6I7-2
rank0017_ca6_proteinbinders_5713_A,AF-Q9C107-F1-model_v6,0.144,332,0.979,0.356,4.003e-16,592,Q9C107
rank0017_ca6_proteinbinders_5713_A,AF-Q96MR6-F1-model_v6,0.162,323,0.95,0.258,3.842e-18,592,Q96MR6
rank0017_ca6_proteinbinders_5713_A,AF-O42858-F1-model_v6,0.179,336,0.991,0.779,8.231e-17,591,O42858
rank0017_ca6_proteinbinders_5713_A,AF-Q9D180-F1-model_v6,0.175,323,0.95,0.259,1.778e-17,591,Q9D180
rank0017_ca6_proteinbinders_5713_A,AF-P43254-F1-model_v6,0.186,338,0.997,0.462,8.649e-17,589,P43254
rank0017_ca6_proteinbinders_5713_A,AF-F1DLK1-F1-model_v6,0.181,362,0.994,0.965,1.923e-18,588,F1DLK1
rank0017_ca6_proteinbinders_5713_A,AF-P87314-F1-model_v6,0.231,333,0.968,0.357,3.553e-17,588,P87314
rank0017_ca6_proteinbinders_5713_A,AF-Q7RZI0-F1-model_v6,0.209,361,0.855,0.349,1.644e-16,586,Q7RZI0
rank0017_ca6_proteinbinders_5713_A,AF-Q96WV5-F1-model_v6,0.191,399,0.994,0.331,1.533e-17,585,Q96WV5
rank0017_ca6_proteinbinders_5713_A,AF-Q9VPH8-F1-model_v6,0.19,336,0.991,0.624,5.021e-17,584,Q9VPH8
rank0017_ca6_proteinbinders_5713_A,AF-B2ZZS9-F1-model_v6,0.186,283,0.835,0.707,2.045e-15,583,B2ZZS9
rank0017_ca6_proteinbinders_5713_A,AF-Q54RP0-F1-model_v6,0.205,336,0.991,0.515,8.903e-18,583,Q54RP0
rank0017_ca6_proteinbinders_5713_A,AF-Q6NVE8-F1-model_v6,0.162,406,0.994,0.444,1.107e-16,580,Q6NVE8
rank0017_ca6_proteinbinders_5713_A,AF-Q6NXY1-F1-model_v6,0.188,298,0.853,0.299,4.779e-17,579,Q6NXY1
rank0017_ca6_proteinbinders_5713_A,AF-Q9Y6I7-F1-model_v6,0.261,347,0.971,0.824,3.063e-17,578,Q9Y6I7
rank0017_ca6_proteinbinders_5713_A,AF-Q15291-F1-model_v6,0.182,336,0.991,0.569,1.003e-16,577,Q15291
rank0017_ca6_proteinbinders_5713_A,AF-Q5R7H5-F1-model_v6,0.185,347,0.991,0.636,4.121e-17,577,Q5R7H5
rank0017_ca6_proteinbinders_5713_A,AF-Q5M9G8-F1-model_v6,0.184,347,0.991,0.632,3.218e-17,577,Q5M9G8
rank0017_ca6_proteinbinders_5713_A,AF-P25635-F1-model_v6,0.245,406,0.968,0.44,2.25e-20,576,P25635
rank0017_ca6_proteinbinders_5713_A,AF-Q6FVD3-F1-model_v6,0.198,358,0.858,0.426,2.212e-16,575,Q6FVD3
rank0017_ca6_proteinbinders_5713_A,AF-Q4L235-F1-model_v6,0.149,339,1.0,0.308,4.979e-15,575,Q4L235
rank0017_ca6_proteinbinders_5713_A,AF-Q9ULI1-F1-model_v6,0.137,331,0.971,0.19,2.566e-16,575,Q9ULI1
rank0017_ca6_proteinbinders_5713_A,AF-Q15269-F1-model_v6,0.169,444,0.973,0.483,1.1830000000000001e-20,574,Q15269
rank0017_ca6_proteinbinders_5713_A,AF-O80775-F1-model_v6,0.171,327,0.965,0.805,4.51e-15,573,O80775
rank0017_ca6_proteinbinders_5713_A,AF-P97499-F1-model_v6,0.215,414,0.959,0.157,7.741000000000001e-20,573,P97499
rank0017_ca6_proteinbinders_5713_A,AF-Q4X1Y0-F1-model_v6,0.191,336,0.991,0.588,1.565e-16,572,Q4X1Y0
rank0017_ca6_proteinbinders_5713_A,AF-A4D1P6-F1-model_v6,0.19,345,0.994,0.462,2.063e-17,572,A4D1P6
rank0017_ca6_proteinbinders_5713_A,AF-P32479-F1-model_v6,0.196,374,0.85,0.445,2.976e-16,572,P32479
rank0017_ca6_proteinbinders_5713_A,AF-Q9XW12-F1-model_v6,0.209,339,1.0,0.991,2.832e-16,569,Q9XW12
rank0017_ca6_proteinbinders_5713_A,AF-Q54KM3-F1-model_v6,0.203,336,0.991,0.435,1.198e-17,569,Q54KM3
rank0017_ca6_proteinbinders_5713_A,AF-B4JSW8-F1-model_v6,0.164,336,0.991,0.577,6.067e-15,567,B4JSW8
rank0017_ca6_proteinbinders_5713_A,AF-Q8BX09-F1-model_v6,0.181,336,0.991,0.569,2.004e-16,567,Q8BX09
rank0017_ca6_proteinbinders_5713_A,AF-F4K1G2-F1-model_v6,0.129,358,1.0,0.344,4.979e-15,566,F4K1G2
rank0017_ca6_proteinbinders_5713_A,AF-Q29RL0-F1-model_v6,0.186,290,0.835,0.273,1.815e-16,566,Q29RL0
rank0017_ca6_proteinbinders_5713_A,AF-Q64LD2-2-F1-model_v6,0.198,284,0.805,0.99,2.832e-16,563,Q64LD2-2
rank0017_ca6_proteinbinders_5713_A,AF-Q6DRF9-F1-model_v6,0.189,283,0.835,0.731,2.045e-15,563,Q6DRF9
rank0017_ca6_proteinbinders_5713_A,AF-O60336-6-F1-model_v6,0.178,382,0.95,0.253,1.163e-16,563,O60336-6
rank0017_ca6_proteinbinders_5713_A,AF-O43379-4-F1-model_v6,0.182,384,0.965,0.252,2.004e-16,563,O43379-4
rank0017_ca6_proteinbinders_5713_A,AF-Q9SXY1-2-F1-model_v6,0.236,352,0.829,0.887,4.878e-16,562,Q9SXY1-2
rank0017_ca6_proteinbinders_5713_A,AF-Q8NHV4-F1-model_v6,0.189,293,0.861,0.444,8.162e-15,562,Q8NHV4
rank0017_ca6_proteinbinders_5713_A,AF-Q6P5U7-F1-model_v6,0.142,331,0.971,0.19,6.246e-16,562,Q6P5U7
rank0017_ca6_proteinbinders_5713_A,AF-Q8L4M1-F1-model_v6,0.203,341,0.882,0.929,2.492e-15,561,Q8L4M1
rank0017_ca6_proteinbinders_5713_A,AF-Q6ZD63-F1-model_v6,0.243,348,0.823,0.689,2.976e-16,561,Q6ZD63
rank0017_ca6_proteinbinders_5713_A,AF-Q2UBU2-F1-model_v6,0.2,370,0.994,0.35,2.976e-16,561,Q2UBU2
rank0017_ca6_proteinbinders_5713_A,AF-Q3U3T8-2-F1-model_v6,0.185,384,0.965,0.357,1.644e-16,561,Q3U3T8-2
rank0017_ca6_proteinbinders_5713_A,AF-Q3MV14-F1-model_v6,0.19,371,0.994,0.961,6.953e-18,560,Q3MV14
rank0017_ca6_proteinbinders_5713_A,AF-Q5R6T6-F1-model_v6,0.195,345,0.994,0.485,4.121e-17,559,Q5R6T6
rank0017_ca6_proteinbinders_5713_A,AF-B4M4W4-F1-model_v6,0.183,283,0.835,0.556,5.496e-15,558,B4M4W4
rank0017_ca6_proteinbinders_5713_A,AF-O43379-F1-model_v6,0.177,384,0.965,0.253,3.81e-16,558,O43379
rank0017_ca6_proteinbinders_5713_A,AF-Q6NVE8-2-F1-model_v6,0.174,407,0.997,0.931,4.329e-17,557,Q6NVE8-2
rank0017_ca6_proteinbinders_5713_A,AF-Q20059-3-F1-model_v6,0.168,446,0.994,0.64,8.065e-18,557,Q20059-3
rank0017_ca6_proteinbinders_5713_A,AF-Q8NI36-F1-model_v6,0.147,448,0.973,0.501,1.269e-19,557,Q8NI36
rank0017_ca6_proteinbinders_5713_A,AF-Q6DFF9-F1-model_v6,0.176,386,0.95,0.244,3.451e-16,557,Q6DFF9
rank0017_ca6_proteinbinders_5713_A,AF-Q5AZX0-F1-model_v6,0.204,336,0.991,0.522,1.728e-16,556,Q5AZX0
rank0017_ca6_proteinbinders_5713_A,AF-O60336-F1-model_v6,0.186,382,0.95,0.252,1.728e-16,555,O60336
rank0017_ca6_proteinbinders_5713_A,AF-Q8NHV4-3-F1-model_v6,0.19,302,0.879,0.453,9.467e-15,554,Q8NHV4-3
rank0017_ca6_proteinbinders_5713_A,AF-P33215-2-F1-model_v6,0.195,293,0.861,0.577,1.63e-14,553,P33215-2
rank0017_ca6_proteinbinders_5713_A,AF-P33215-F1-model_v6,0.197,260,0.767,0.394,1.891e-14,553,P33215
rank0017_ca6_proteinbinders_5713_A,AF-Q15291-2-F1-model_v6,0.182,336,0.991,0.612,5.658e-16,552,Q15291-2
rank0017_ca6_proteinbinders_5713_A,AF-Q3B7M6-F1-model_v6,0.199,293,0.861,0.445,1.212e-14,551,Q3B7M6
rank0017_ca6_proteinbinders_5713_A,AF-Q96DN5-2-F1-model_v6,0.178,298,0.853,0.298,5.125e-16,551,Q96DN5-2
rank0017_ca6_proteinbinders_5713_A,AF-Q5BDU4-F1-model_v6,0.224,357,0.973,0.346,2.976e-16,551,Q5BDU4
rank0017_ca6_proteinbinders_5713_A,AF-Q96DN5-F1-model_v6,0.179,290,0.835,0.272,6.562e-16,551,Q96DN5
rank0017_ca6_proteinbinders_5713_A,AF-P26309-F1-model_v6,0.22,287,0.826,0.47,3.889e-15,550,P26309
rank0017_ca6_proteinbinders_5713_A,AF-Q3U3T8-3-F1-model_v6,0.182,384,0.965,0.256,3.285e-16,549,Q3U3T8-3
rank0017_ca6_proteinbinders_5713_A,AF-Q5JSH3-3-F1-model_v6,0.194,349,0.814,0.814,2.045e-15,548,Q5JSH3-3
rank0017_ca6_proteinbinders_5713_A,AF-B4KE10-F1-model_v6,0.176,283,0.835,0.553,1.045e-14,548,B4KE10
rank0017_ca6_proteinbinders_5713_A,AF-Q6NS57-F1-model_v6,0.173,411,0.994,0.273,1.418e-16,544,Q6NS57
rank0017_ca6_proteinbinders_5713_A,AF-Q9SXY1-F1-model_v6,0.229,352,0.829,0.723,1.597e-15,542,Q9SXY1
rank0017_ca6_proteinbinders_5713_A,AF-Q96MR6-2-F1-model_v6,0.171,333,0.947,0.477,2.212e-16,542,Q96MR6-2
rank0017_ca6_proteinbinders_5713_A,AF-Q96DN5-3-F1-model_v6,0.171,299,0.853,0.308,7.244e-16,542,Q96DN5-3
rank0017_ca6_proteinbinders_5713_A,AF-Q11176-F1-model_v6,0.224,420,0.971,0.687,1.6390000000000001e-21,540,Q11176
rank0017_ca6_proteinbinders_5713_A,AF-A8XSW2-F1-model_v6,0.187,338,0.997,0.466,8.827e-16,540,A8XSW2
rank0017_ca6_proteinbinders_5713_A,AF-Q498F0-F1-model_v6,0.185,403,0.994,0.442,7.835e-17,540,Q498F0
rank0017_ca6_proteinbinders_5713_A,AF-B3M1G0-F1-model_v6,0.166,283,0.835,0.582,3.596e-14,539,B3M1G0
rank0017_ca6_proteinbinders_5713_A,AF-O14053-F1-model_v6,0.166,436,0.959,0.483,2.719e-18,539,O14053
rank0017_ca6_proteinbinders_5713_A,AF-Q8BU03-F1-model_v6,0.18,444,0.973,0.483,7.219e-21,539,Q8BU03
rank0017_ca6_proteinbinders_5713_A,AF-Q54SA5-F1-model_v6,0.175,337,0.994,0.708,5.082e-14,538,Q54SA5
rank0017_ca6_proteinbinders_5713_A,AF-Q58D00-F1-model_v6,0.242,305,0.853,0.672,2.976e-16,538,Q58D00
rank0017_ca6_proteinbinders_5713_A,AF-Q6NS57-2-F1-model_v6,0.178,411,0.994,0.272,1.418e-16,538,Q6NS57-2
rank0017_ca6_proteinbinders_5713_A,AF-Q8HXL3-F1-model_v6,0.185,384,0.965,0.249,7.244e-16,538,Q8HXL3
rank0017_ca6_proteinbinders_5713_A,AF-B4GMG4-F1-model_v6,0.158,336,0.991,0.577,6.375e-15,536,B4GMG4
rank0017_ca6_proteinbinders_5713_A,AF-Q6DEY8-F1-model_v6,0.15,327,0.965,0.268,1.447e-15,536,Q6DEY8
rank0017_ca6_proteinbinders_5713_A,AF-Q54DM1-F1-model_v6,0.187,338,0.997,0.937,9.275e-16,534,Q54DM1
rank0017_ca6_proteinbinders_5713_A,AF-P35606-2-F1-model_v6,0.197,364,0.953,0.415,8.903e-18,534,P35606-2
rank0017_ca6_proteinbinders_5713_A,AF-Q0IF90-F1-model_v6,0.183,283,0.835,0.598,4.604e-14,533,Q0IF90
rank0017_ca6_proteinbinders_5713_A,AF-O60137-F1-model_v6,0.171,345,1.0,0.966,5.276e-17,532,O60137
rank0017_ca6_proteinbinders_5713_A,AF-B4QTL6-F1-model_v6,0.158,336,0.991,0.582,5.082e-14,532,B4QTL6
rank0017_ca6_proteinbinders_5713_A,AF-B4N984-F1-model_v6,0.189,283,0.835,0.556,2.304e-14,532,B4N984
rank0017_ca6_proteinbinders_5713_A,AF-Q06078-F1-model_v6,0.17,449,0.965,0.478,1.742e-18,532,Q06078
rank0017_ca6_proteinbinders_5713_A,AF-Q9R037-F1-model_v6,0.181,407,0.997,0.448,1.349e-16,531,Q9R037
rank0017_ca6_proteinbinders_5713_A,AF-Q5RG49-F1-model_v6,0.204,368,0.991,0.32,2.673e-14,530,Q5RG49
rank0017_ca6_proteinbinders_5713_A,AF-Q9XSC3-F1-model_v6,0.169,406,0.994,0.445,2.324e-16,529,Q9XSC3
rank0017_ca6_proteinbinders_5713_A,AF-Q2GSJ9-F1-model_v6,0.183,368,0.982,0.341,3.191e-15,529,Q2GSJ9
rank0017_ca6_proteinbinders_5713_A,AF-Q6DDI6-F1-model_v6,0.162,327,0.965,0.268,2.492e-15,529,Q6DDI6
rank0017_ca6_proteinbinders_5713_A,AF-Q3U3T8-F1-model_v6,0.182,384,0.965,0.252,1.311e-15,529,Q3U3T8
rank0017_ca6_proteinbinders_5713_A,AF-Q9DCE5-F1-model_v6,0.203,299,0.882,0.772,7.611e-16,528,Q9DCE5
rank0017_ca6_proteinbinders_5713_A,AF-Q60584-F1-model_v6,0.268,259,0.764,0.614,5.231e-15,528,Q60584
rank0017_ca6_proteinbinders_5713_A,AF-Q68FJ6-F1-model_v6,0.195,311,0.917,0.835,8.402e-16,527,Q68FJ6
rank0017_ca6_proteinbinders_5713_A,AF-B3P4F8-F1-model_v6,0.173,283,0.835,0.562,4.604e-14,527,B3P4F8
rank0017_ca6_proteinbinders_5713_A,AF-Q5R1S9-F1-model_v6,0.194,378,0.994,0.668,2.696e-16,527,Q5R1S9
rank0017_ca6_proteinbinders_5713_A,AF-Q294Y7-F1-model_v6,0.163,336,0.991,0.577,1.273e-14,526,Q294Y7
rank0017_ca6_proteinbinders_5713_A,AF-Q5JSH3-F1-model_v6,0.169,406,0.994,0.445,3.126e-16,526,Q5JSH3
rank0017_ca6_proteinbinders_5713_A,AF-Q95JL5-F1-model_v6,0.149,413,0.976,0.723,3.001e-18,525,Q95JL5
rank0017_ca6_proteinbinders_5713_A,AF-Q9H808-2-F1-model_v6,0.169,339,1.0,0.655,6.698e-15,524,Q9H808-2
rank0017_ca6_proteinbinders_5713_A,AF-A2RRH5-4-F1-model_v6,0.192,320,0.944,0.341,7.997e-16,523,A2RRH5-4
rank0017_ca6_proteinbinders_5713_A,AF-B4PU14-F1-model_v6,0.173,283,0.835,0.561,5.61e-14,522,B4PU14
rank0017_ca6_proteinbinders_5713_A,AF-O75083-F1-model_v6,0.23,415,0.968,0.685,2.0380000000000002e-20,522,O75083
rank0017_ca6_proteinbinders_5713_A,AF-O60336-2-F1-model_v6,0.178,382,0.95,0.31,1.678e-15,522,O60336-2
rank0017_ca6_proteinbinders_5713_A,AF-Q84JM4-F1-model_v6,0.143,339,1.0,0.3,7.611e-16,521,Q84JM4
rank0017_ca6_proteinbinders_5713_A,AF-Q20059-F1-model_v6,0.165,446,0.994,0.653,1.107e-16,520,Q20059
rank0017_ca6_proteinbinders_5713_A,AF-A5DB75-F1-model_v6,0.19,312,0.823,0.246,2.304e-14,519,A5DB75
rank0017_ca6_proteinbinders_5713_A,AF-Q6BYU4-F1-model_v6,0.176,385,0.982,0.391,1.763e-15,518,Q6BYU4
rank0017_ca6_proteinbinders_5713_A,AF-Q9VU68-2-F1-model_v6,0.189,407,0.959,0.674,6.674000000000001e-20,517,Q9VU68-2
rank0017_ca6_proteinbinders_5713_A,AF-Q94AI7-F1-model_v6,0.15,338,0.997,0.296,6.562e-16,517,Q94AI7
rank0017_ca6_proteinbinders_5713_A,AF-Q9D0N7-F1-model_v6,0.183,378,0.994,0.661,9.745e-16,515,Q9D0N7
rank0017_ca6_proteinbinders_5713_A,AF-Q9LRZ0-F1-model_v6,0.156,334,0.985,0.295,2.751e-15,515,Q9LRZ0
rank0017_ca6_proteinbinders_5713_A,AF-I7MKT5-F1-model_v6,0.136,376,0.953,0.3,1.611e-17,515,I7MKT5
rank0017_ca6_proteinbinders_5713_A,AF-P0CS40-F1-model_v6,0.147,335,0.988,0.848,2.808e-14,514,P0CS40
rank0017_ca6_proteinbinders_5713_A,AF-O88342-F1-model_v6,0.235,415,0.968,0.685,6.046e-20,514,O88342
rank0017_ca6_proteinbinders_5713_A,AF-Q8TAF3-3-F1-model_v6,0.178,405,0.994,0.606,1.884e-19,512,Q8TAF3-3
rank0017_ca6_proteinbinders_5713_A,AF-O24456-2-F1-model_v6,0.249,338,0.997,0.971,9.547e-17,508,O24456-2
rank0017_ca6_proteinbinders_5713_A,AF-Q2KJH4-F1-model_v6,0.232,411,0.956,0.678,8.546000000000001e-20,508,Q2KJH4
rank0017_ca6_proteinbinders_5713_A,AF-O14775-3-F1-model_v6,0.224,339,1.0,0.82,6.119e-17,507,O14775-3
rank0017_ca6_proteinbinders_5713_A,AF-Q6PAX7-F1-model_v6,0.233,415,0.968,0.684,1.333e-19,505,Q6PAX7
rank0017_ca6_proteinbinders_5713_A,AF-H2LP95-F1-model_v6,0.173,337,0.994,0.298,6.895e-16,505,H2LP95
rank0017_ca6_proteinbinders_5713_A,AF-Q9M3B4-F1-model_v6,0.206,308,0.879,0.703,5.775e-15,504,Q9M3B4
rank0017_ca6_proteinbinders_5713_A,AF-O13985-F1-model_v6,0.175,425,0.829,0.83,2.951e-14,504,O13985
rank0017_ca6_proteinbinders_5713_A,AF-B2RZ17-F1-model_v6,0.242,305,0.853,0.672,4.293e-15,502,B2RZ17
rank0017_ca6_proteinbinders_5713_A,AF-Q38942-F1-model_v6,0.168,334,0.985,0.897,3.889e-15,501,Q38942
rank0017_ca6_proteinbinders_5713_A,AF-Q7Z5U6-F1-model_v6,0.183,350,0.979,0.978,1.406e-14,499,Q7Z5U6
rank0017_ca6_proteinbinders_5713_A,AF-Q8T088-F1-model_v6,0.15,339,1.0,0.578,3.1e-14,499,Q8T088
rank0017_ca6_proteinbinders_5713_A,AF-Q13112-F1-model_v6,0.204,359,0.959,0.642,3.701e-15,498,Q13112
rank0017_ca6_proteinbinders_5713_A,AF-Q9H808-F1-model_v6,0.168,339,1.0,0.514,3.422e-14,497,Q9H808
rank0017_ca6_proteinbinders_5713_A,AF-Q9VU68-F1-model_v6,0.188,407,0.959,0.669,5.321e-19,497,Q9VU68
rank0017_ca6_proteinbinders_5713_A,AF-Q66H99-F1-model_v6,0.134,331,0.976,0.429,1.338e-14,494,Q66H99
rank0017_ca6_proteinbinders_5713_A,AF-Q9UKT8-F1-model_v6,0.242,305,0.853,0.672,3.889e-15,491,Q9UKT8
rank0017_ca6_proteinbinders_5713_A,AF-Q5RJG1-F1-model_v6,0.137,331,0.976,0.429,1.891e-14,489,Q5RJG1
rank0017_ca6_proteinbinders_5713_A,AF-Q9WVB3-F1-model_v6,0.169,339,1.0,0.509,2.421e-14,487,Q9WVB3
rank0017_ca6_proteinbinders_5713_A,AF-Q9BRP4-3-F1-model_v6,0.197,272,0.77,0.982,4.257e-13,486,Q9BRP4-3
rank0017_ca6_proteinbinders_5713_A,AF-Q15542-2-F1-model_v6,0.277,269,0.678,0.361,3.67e-13,486,Q15542-2
rank0017_ca6_proteinbinders_5713_A,AF-Q5JSH3-2-F1-model_v6,0.151,398,0.994,0.44,3.422e-14,486,Q5JSH3-2
rank0017_ca6_proteinbinders_5713_A,AF-Q19873-F1-model_v6,0.186,278,0.82,0.467,2.131e-13,485,Q19873
rank0017_ca6_proteinbinders_5713_A,AF-Q9W7F2-F1-model_v6,0.23,415,0.968,0.684,7.52e-19,482,Q9W7F2
rank0017_ca6_proteinbinders_5713_A,AF-Q5ACW8-F1-model_v6,0.2,377,0.994,0.416,1.406e-14,482,Q5ACW8
rank0017_ca6_proteinbinders_5713_A,AF-Q5RKI0-F1-model_v6,0.231,415,0.968,0.685,8.302e-19,481,Q5RKI0
rank0017_ca6_proteinbinders_5713_A,AF-Q9BSC4-F1-model_v6,0.131,331,0.976,0.429,3.257e-14,481,Q9BSC4
rank0017_ca6_proteinbinders_5713_A,AF-Q802W4-F1-model_v6,0.146,331,0.976,0.409,3.778e-14,481,Q802W4
rank0017_ca6_proteinbinders_5713_A,AF-Q4PHV3-F1-model_v6,0.172,366,0.808,0.624,1.177e-13,480,Q4PHV3
rank0017_ca6_proteinbinders_5713_A,AF-Q6ZMW3-2-F1-model_v6,0.19,407,0.973,0.217,6.484e-19,480,Q6ZMW3-2
rank0017_ca6_proteinbinders_5713_A,AF-P0CS41-F1-model_v6,0.148,339,1.0,0.853,9.196e-14,479,P0CS41
rank0017_ca6_proteinbinders_5713_A,AF-O14301-F1-model_v6,0.201,406,0.973,0.682,9.164e-19,479,O14301
rank0017_ca6_proteinbinders_5713_A,AF-Q5NBT9-F1-model_v6,0.168,338,0.997,0.298,3.596e-14,479,Q5NBT9
rank0017_ca6_proteinbinders_5713_A,AF-Q09731-F1-model_v6,0.192,403,0.968,0.419,1.13e-15,477,Q09731
rank0017_ca6_proteinbinders_5713_A,AF-P53196-F1-model_v6,0.161,355,0.95,0.851,3.257e-14,476,P53196
rank0017_ca6_proteinbinders_5713_A,AF-Q9Y1C1-F1-model_v6,0.181,393,0.959,0.592,8.903e-18,474,Q9Y1C1
rank0017_ca6_proteinbinders_5713_A,AF-Q7T0Q5-F1-model_v6,0.137,331,0.976,0.428,6.836e-14,473,Q7T0Q5
rank0017_ca6_proteinbinders_5713_A,AF-Q54ZP5-F1-model_v6,0.119,578,0.994,0.493,1.837e-13,473,Q54ZP5
rank0017_ca6_proteinbinders_5713_A,AF-O93277-F1-model_v6,0.229,422,0.988,0.693,5.59e-19,472,O93277
rank0017_ca6_proteinbinders_5713_A,AF-Q9C270-F1-model_v6,0.206,443,0.973,0.493,1.757e-20,471,Q9C270
rank0017_ca6_proteinbinders_5713_A,AF-Q6ED65-F1-model_v6,0.181,406,0.971,0.205,2.719e-18,469,Q6ED65
rank0017_ca6_proteinbinders_5713_A,AF-Q86W42-F1-model_v6,0.167,303,0.832,0.889,5.187e-13,467,Q86W42
rank0017_ca6_proteinbinders_5713_A,AF-Q6AY87-F1-model_v6,0.17,303,0.832,0.889,2.471e-13,466,Q6AY87
rank0017_ca6_proteinbinders_5713_A,AF-P20484-F1-model_v6,0.167,348,0.947,0.841,1.154e-14,466,P20484
rank0017_ca6_proteinbinders_5713_A,AF-Q9ZU34-F1-model_v6,0.22,421,0.971,0.689,6.171e-19,465,Q9ZU34
rank0017_ca6_proteinbinders_5713_A,AF-Q6NVM6-F1-model_v6,0.14,331,0.976,0.43,1.3e-13,465,Q6NVM6
rank0017_ca6_proteinbinders_5713_A,AF-Q05BC3-2-F1-model_v6,0.172,393,0.959,0.502,5.824e-17,465,Q05BC3-2
rank0017_ca6_proteinbinders_5713_A,AF-Q26613-F1-model_v6,0.186,393,0.959,0.573,1.533e-17,462,Q26613
rank0017_ca6_proteinbinders_5713_A,AF-Q9UTR9-F1-model_v6,0.149,362,0.994,0.984,4.17e-14,461,Q9UTR9
rank0017_ca6_proteinbinders_5713_A,AF-Q969X6-2-F1-model_v6,0.128,424,0.968,0.743,1.763e-15,461,Q969X6-2
rank0017_ca6_proteinbinders_5713_A,AF-Q6DIF4-F1-model_v6,0.23,415,0.968,0.684,1.173e-18,461,Q6DIF4
rank0017_ca6_proteinbinders_5713_A,AF-Q05BC3-3-F1-model_v6,0.158,393,0.959,0.473,1.778e-17,461,Q05BC3-3
rank0017_ca6_proteinbinders_5713_A,AF-O96622-F1-model_v6,0.153,353,0.997,0.957,2.028e-13,460,O96622
rank0017_ca6_proteinbinders_5713_A,AF-Q960N3-F1-model_v6,0.185,285,0.823,0.59,1.435e-13,460,Q960N3
rank0017_ca6_proteinbinders_5713_A,AF-Q04725-3-F1-model_v6,0.232,238,0.702,0.334,2.07e-12,459,Q04725-3
rank0017_ca6_proteinbinders_5713_A,AF-Q9P4X3-F1-model_v6,0.186,332,0.979,0.542,1.202e-12,455,Q9P4X3
rank0017_ca6_proteinbinders_5713_A,AF-P53851-F1-model_v6,0.158,329,0.971,0.725,2.239e-13,453,P53851
rank0017_ca6_proteinbinders_5713_A,AF-Q4V8C3-F1-model_v6,0.151,393,0.959,0.483,2.392e-17,452,Q4V8C3
rank0017_ca6_proteinbinders_5713_A,AF-Q05BC3-F1-model_v6,0.158,393,0.959,0.483,5.276e-17,448,Q05BC3
rank0017_ca6_proteinbinders_5713_A,AF-A8NZM5-F1-model_v6,0.149,326,0.962,0.718,4.345e-12,447,A8NZM5
rank0017_ca6_proteinbinders_5713_A,AF-Q05BV3-4-F1-model_v6,0.168,399,0.976,0.641,1.869e-17,447,Q05BV3-4
rank0017_ca6_proteinbinders_5713_A,AF-Q6ED65-3-F1-model_v6,0.163,399,0.976,0.342,1.533e-17,447,Q6ED65-3
rank0017_ca6_proteinbinders_5713_A,AF-Q5XJS5-F1-model_v6,0.152,316,0.882,0.978,1.875e-12,446,Q5XJS5
rank0017_ca6_proteinbinders_5713_A,AF-Q9Z0H1-F1-model_v6,0.207,278,0.82,0.439,1.327e-12,446,Q9Z0H1
rank0017_ca6_proteinbinders_5713_A,AF-I7MM07-F1-model_v6,0.157,415,0.914,0.385,8.903e-18,446,I7MM07
rank0017_ca6_proteinbinders_5713_A,AF-Q6ED65-4-F1-model_v6,0.178,406,0.971,0.304,3.063e-17,446,Q6ED65-4
rank0017_ca6_proteinbinders_5713_A,AF-Q04199-F1-model_v6,0.151,384,0.829,0.821,1.089e-12,444,Q04199
rank0017_ca6_proteinbinders_5713_A,AF-P48234-F1-model_v6,0.141,331,0.976,0.414,1.93e-13,444,P48234
rank0017_ca6_proteinbinders_5713_A,AF-Q8BQM8-F1-model_v6,0.178,406,0.971,0.205,3.063e-17,444,Q8BQM8
rank0017_ca6_proteinbinders_5713_A,AF-Q5TJE7-F1-model_v6,0.212,278,0.82,0.446,2.522e-12,443,Q5TJE7
rank0017_ca6_proteinbinders_5713_A,AF-A8JAN3-F1-model_v6,0.184,408,0.926,0.196,1.033e-17,443,A8JAN3
rank0017_ca6_proteinbinders_5713_A,AF-Q86W42-2-F1-model_v6,0.171,296,0.811,0.934,1.785e-12,441,Q86W42-2
rank0017_ca6_proteinbinders_5713_A,AF-Q96KV7-F1-model_v6,0.206,447,0.965,0.256,3.955e-19,441,Q96KV7
rank0017_ca6_proteinbinders_5713_A,AF-O80775-2-F1-model_v6,0.223,230,0.678,0.77,2.986e-11,439,O80775-2
rank0017_ca6_proteinbinders_5713_A,AF-Q8N9V3-2-F1-model_v6,0.26,252,0.743,0.56,4.345e-12,437,Q8N9V3-2
rank0017_ca6_proteinbinders_5713_A,AF-Q06679-F1-model_v6,0.178,357,0.962,0.46,4.739e-15,437,Q06679
rank0017_ca6_proteinbinders_5713_A,AF-O95834-2-F1-model_v6,0.174,390,0.95,0.49,3.922e-17,437,O95834-2
rank0017_ca6_proteinbinders_5713_A,AF-O00423-3-F1-model_v6,0.162,393,0.959,0.471,2.566e-16,437,O00423-3
rank0017_ca6_proteinbinders_5713_A,AF-Q9P6N1-F1-model_v6,0.132,329,0.87,0.982,2.522e-12,435,Q9P6N1
rank0017_ca6_proteinbinders_5713_A,AF-O15213-F1-model_v6,0.209,278,0.82,0.448,4.135e-12,434,O15213
rank0017_ca6_proteinbinders_5713_A,AF-O00423-F1-model_v6,0.152,393,0.959,0.482,6.755e-17,434,O00423
rank0017_ca6_proteinbinders_5713_A,AF-Q6P6T4-2-F1-model_v6,0.167,390,0.95,0.615,1.565e-16,428,Q6P6T4-2
rank0017_ca6_proteinbinders_5713_A,AF-Q7TNG5-F1-model_v6,0.165,390,0.95,0.601,5.543e-17,428,Q7TNG5
rank0017_ca6_proteinbinders_5713_A,AF-O95834-F1-model_v6,0.17,390,0.95,0.601,7.835e-17,427,O95834
rank0017_ca6_proteinbinders_5713_A,AF-Q7TNG5-3-F1-model_v6,0.165,390,0.95,0.464,6.755e-17,427,Q7TNG5-3
rank0017_ca6_proteinbinders_5713_A,AF-Q6P6T4-F1-model_v6,0.169,390,0.95,0.601,1.054e-16,426,Q6P6T4
rank0017_ca6_proteinbinders_5713_A,AF-Q4WTC4-F1-model_v6,0.196,365,0.891,0.35,1.394e-12,426,Q4WTC4
rank0017_ca6_proteinbinders_5713_A,AF-Q5SQM0-F1-model_v6,0.179,425,0.994,0.217,2.021e-18,426,Q5SQM0
rank0017_ca6_proteinbinders_5713_A,AF-Q5U4D9-F1-model_v6,0.158,303,0.832,0.889,1.289e-11,420,Q5U4D9
rank0017_ca6_proteinbinders_5713_A,AF-A2QVV2-F1-model_v6,0.13,388,0.802,0.657,4.135e-12,420,A2QVV2
rank0017_ca6_proteinbinders_5713_A,AF-Q05BV3-F1-model_v6,0.172,425,0.994,0.216,2.856e-18,419,Q05BV3
rank0017_ca6_proteinbinders_5713_A,AF-Q8VC03-F1-model_v6,0.191,352,0.959,0.392,9.275e-16,418,Q8VC03
rank0017_ca6_proteinbinders_5713_A,AF-Q11176-2-F1-model_v6,0.193,460,0.965,0.89,1.033e-17,417,Q11176-2
rank0017_ca6_proteinbinders_5713_A,AF-P40055-F1-model_v6,0.164,332,0.979,0.536,3.137e-11,417,P40055
rank0017_ca6_proteinbinders_5713_A,AF-Q8VCG3-F1-model_v6,0.139,313,0.912,0.815,1.327e-12,415,Q8VCG3
rank0017_ca6_proteinbinders_5713_A,AF-Q32P44-F1-model_v6,0.165,404,0.95,0.451,1.815e-16,413,Q32P44
rank0017_ca6_proteinbinders_5713_A,AF-Q32P44-2-F1-model_v6,0.196,404,0.968,0.441,1.098e-14,412,Q32P44-2
rank0017_ca6_proteinbinders_5713_A,AF-Q0CKB1-F1-model_v6,0.127,381,0.802,0.648,1.495e-11,411,Q0CKB1
rank0017_ca6_proteinbinders_5713_A,AF-Q9P7C0-F1-model_v6,0.154,377,0.997,0.719,3.324e-13,410,Q9P7C0
rank0017_ca6_proteinbinders_5713_A,AF-Q9N9X3-F1-model_v6,0.223,365,0.959,0.51,5.944e-16,410,Q9N9X3
rank0017_ca6_proteinbinders_5713_A,AF-A0JP70-F1-model_v6,0.22,376,0.959,0.203,2.105e-16,410,A0JP70
rank0017_ca6_proteinbinders_5713_A,AF-Q3UMY5-F1-model_v6,0.149,403,0.953,0.408,6.067e-15,408,Q3UMY5
rank0017_ca6_proteinbinders_5713_A,AF-A2QW83-F1-model_v6,0.134,288,0.85,0.245,6.779e-12,407,A2QW83
rank0017_ca6_proteinbinders_5713_A,AF-Q8TDJ6-2-F1-model_v6,0.133,368,0.985,0.153,4.565e-12,405,Q8TDJ6-2
rank0017_ca6_proteinbinders_5713_A,AF-Q96KV7-7-F1-model_v6,0.222,259,0.711,0.866,3.1e-14,404,Q96KV7-7
rank0017_ca6_proteinbinders_5713_A,AF-G0S902-F1-model_v6,0.137,331,0.976,0.466,1.97e-12,404,G0S902
rank0017_ca6_proteinbinders_5713_A,AF-Q6ZPG2-F1-model_v6,0.196,448,0.968,0.239,8.065e-18,402,Q6ZPG2
rank0017_ca6_proteinbinders_5713_A,AF-P32330-F1-model_v6,0.132,339,0.858,0.398,5.039e-12,400,P32330
rank0017_ca6_proteinbinders_5713_A,AF-Q05BV3-5-F1-model_v6,0.172,425,0.994,0.215,2.915e-17,400,Q05BV3-5
rank0017_ca6_proteinbinders_5713_A,AF-Q6RFH5-2-F1-model_v6,0.143,296,0.853,0.809,1.227e-11,395,Q6RFH5-2
rank0017_ca6_proteinbinders_5713_A,AF-Q05BV3-2-F1-model_v6,0.175,425,0.994,0.372,3.218e-17,395,Q05BV3-2
rank0017_ca6_proteinbinders_5713_A,AF-Q8N1V2-2-F1-model_v6,0.137,603,0.994,0.957,2.186e-19,394,Q8N1V2-2
rank0017_ca6_proteinbinders_5713_A,AF-Q3UMY5-4-F1-model_v6,0.149,405,0.959,0.462,6.375e-15,394,Q3UMY5-4
rank0017_ca6_proteinbinders_5713_A,AF-Q6DIP5-F1-model_v6,0.146,407,0.959,0.439,6.375e-15,394,Q6DIP5
rank0017_ca6_proteinbinders_5713_A,AF-Q03177-F1-model_v6,0.165,357,0.891,0.428,3.012e-13,393,Q03177
rank0017_ca6_proteinbinders_5713_A,AF-Q3UMY5-2-F1-model_v6,0.145,405,0.959,0.441,1.853e-15,393,Q3UMY5-2
rank0017_ca6_proteinbinders_5713_A,AF-Q6ED65-2-F1-model_v6,0.173,425,0.994,0.265,4.779e-17,393,Q6ED65-2
rank0017_ca6_proteinbinders_5713_A,AF-Q54FW9-F1-model_v6,0.11,347,0.932,0.683,8.26e-12,388,Q54FW9
rank0017_ca6_proteinbinders_5713_A,AF-A8WGE3-F1-model_v6,0.161,332,0.917,0.692,8.679e-12,379,A8WGE3
rank0017_ca6_proteinbinders_5713_A,AF-A8WGE3-2-F1-model_v6,0.168,326,0.914,0.686,7.862e-12,374,A8WGE3-2
rank0017_ca6_proteinbinders_5713_A,AF-Q9HC35-2-F1-model_v6,0.138,405,0.959,0.439,5.775e-15,372,Q9HC35-2
rank0017_ca6_proteinbinders_5713_A,AF-Q969X6-F1-model_v6,0.137,447,0.947,0.652,6.193e-14,370,Q969X6
rank0017_ca6_proteinbinders_5713_A,AF-Q3UMY5-3-F1-model_v6,0.144,405,0.959,0.434,7.768e-15,370,Q3UMY5-3
rank0017_ca6_proteinbinders_5713_A,AF-Q9FHK8-F1-model_v6,0.146,327,0.867,0.874,2.842e-11,367,Q9FHK8
rank0017_ca6_proteinbinders_5713_A,AF-A1DMI8-F1-model_v6,0.142,387,0.802,0.642,2.926e-12,367,A1DMI8
rank0017_ca6_proteinbinders_5713_A,AF-Q62440-6-F1-model_v6,0.221,184,0.513,0.282,2.201e-09,364,Q62440-6
rank0017_ca6_proteinbinders_5713_A,AF-Q2TAF3-F1-model_v6,0.144,407,0.959,0.439,1.987e-14,364,Q2TAF3
rank0017_ca6_proteinbinders_5713_A,AF-Q8BH44-F1-model_v6,0.173,315,0.888,0.656,4.221e-11,363,Q8BH44
rank0017_ca6_proteinbinders_5713_A,AF-O45487-F1-model_v6,0.174,458,0.994,0.514,6.895e-16,362,O45487
rank0017_ca6_proteinbinders_5713_A,AF-Q6DJD8-F1-model_v6,0.162,326,0.914,0.686,4.659e-11,361,Q6DJD8
rank0017_ca6_proteinbinders_5713_A,AF-Q9BSC4-4-F1-model_v6,0.155,260,0.735,0.393,5.143e-11,361,Q9BSC4-4
rank0017_ca6_proteinbinders_5713_A,AF-Q0WPK3-F1-model_v6,0.123,351,0.876,0.898,5.965e-11,356,Q0WPK3
rank0017_ca6_proteinbinders_5713_A,AF-Q9UQ03-2-F1-model_v6,0.165,332,0.917,0.699,4.221e-11,356,Q9UQ03-2
rank0017_ca6_proteinbinders_5713_A,AF-Q10437-F1-model_v6,0.115,414,0.991,0.762,2.22e-11,354,Q10437
rank0017_ca6_proteinbinders_5713_A,AF-P43601-F1-model_v6,0.158,315,0.85,0.63,1.785e-12,345,P43601
rank0017_ca6_proteinbinders_5713_A,AF-A8IRK7-F1-model_v6,0.154,497,0.991,0.61,4.739e-15,343,A8IRK7
rank0017_ca6_proteinbinders_5713_A,AF-Q08924-F1-model_v6,0.15,444,0.941,0.438,6.016e-13,343,Q08924
rank0017_ca6_proteinbinders_5713_A,AF-Q8GYD7-F1-model_v6,0.131,363,0.914,0.924,3.823e-11,342,Q8GYD7
rank0017_ca6_proteinbinders_5713_A,AF-Q9P4R5-F1-model_v6,0.14,423,0.994,0.715,7.122e-12,341,Q9P4R5
rank0017_ca6_proteinbinders_5713_A,AF-Q9NRJ4-2-F1-model_v6,0.123,363,0.997,0.535,3.823e-11,339,Q9NRJ4-2
rank0017_ca6_proteinbinders_5713_A,AF-A1CTE6-F1-model_v6,0.145,387,0.802,0.675,9.779e-11,338,A1CTE6
rank0017_ca6_proteinbinders_5713_A,AF-Q8C5V5-F1-model_v6,0.118,613,0.959,0.786,3.23e-12,335,Q8C5V5
rank0017_ca6_proteinbinders_5713_A,AF-Q5ABA6-F1-model_v6,0.188,304,0.897,0.536,5.294e-12,328,Q5ABA6
rank0017_ca6_proteinbinders_5713_A,AF-Q2UM42-F1-model_v6,0.139,422,0.994,0.738,3.823e-11,323,Q2UM42
rank0017_ca6_proteinbinders_5713_A,AF-W0T5P4-F1-model_v6,0.145,319,0.841,0.622,2.113e-11,322,W0T5P4
rank0017_ca6_proteinbinders_5713_A,AF-B8N4F5-F1-model_v6,0.135,422,0.994,0.738,9.307e-11,319,B8N4F5
rank0017_ca6_proteinbinders_5713_A,AF-Q6FM63-F1-model_v6,0.166,329,0.882,0.651,8.26e-12,318,Q6FM63
rank0017_ca6_proteinbinders_5713_A,AF-Q9D5R2-F1-model_v6,0.129,351,0.876,0.619,1.343e-09,308,Q9D5R2
rank0017_ca6_proteinbinders_5713_A,AF-Q7ZVR1-F1-model_v6,0.157,508,0.968,0.611,7.394e-15,306,Q7ZVR1
rank0017_ca6_proteinbinders_5713_A,AF-Q8TBZ3-2-F1-model_v6,0.144,281,0.811,0.484,1.898e-09,294,Q8TBZ3-2
rank0017_ca6_proteinbinders_5713_A,AF-Q6DFC6-F1-model_v6,0.14,558,0.959,0.671,4.739e-15,294,Q6DFC6
rank0017_ca6_proteinbinders_5713_A,AF-Q6BIL4-F1-model_v6,0.182,287,0.847,0.511,3.296e-11,292,Q6BIL4
rank0017_ca6_proteinbinders_5713_A,AF-Q8TBZ3-F1-model_v6,0.139,281,0.811,0.494,1.278e-09,290,Q8TBZ3
rank0017_ca6_proteinbinders_5713_A,AF-Q8TBZ3-7-F1-model_v6,0.131,312,0.811,0.52,3.791e-09,282,Q8TBZ3-7
rank0017_ca6_proteinbinders_5713_A,AF-Q09019-F1-model_v6,0.125,250,0.737,0.371,5.915e-09,281,Q09019
rank0017_ca6_proteinbinders_5713_A,AF-Q08274-F1-model_v6,0.12,340,0.873,0.511,4.397e-09,277,Q08274
rank0017_ca6_proteinbinders_5713_A,AF-Q9BSC4-2-F1-model_v6,0.125,282,0.832,0.368,3.175e-08,262,Q9BSC4-2
rank0017_ca6_proteinbinders_5713_A,AF-Q9VBC4-F1-model_v6,0.136,251,0.737,0.276,5.469e-08,249,Q9VBC4
rank0017_ca6_proteinbinders_5713_A,AF-Q8TBZ3-4-F1-model_v6,0.166,241,0.605,0.483,1.148e-07,248,Q8TBZ3-4
rank0017_ca6_proteinbinders_5713_A,AF-Q8TBZ3-6-F1-model_v6,0.196,183,0.54,0.325,1.399e-07,246,Q8TBZ3-6
rank0017_ca6_proteinbinders_5713_A,AF-D9N129-F1-model_v6,0.118,263,0.749,0.342,3.175e-08,245,D9N129
rank0017_ca6_proteinbinders_5713_A,AF-P9WI79-F1-model_v6,0.164,241,0.711,0.357,5.313e-07,242,P9WI79
rank0017_ca6_proteinbinders_5713_A,AF-Q8TBZ3-5-F1-model_v6,0.192,187,0.552,0.341,2.409e-07,236,Q8TBZ3-5
rank0017_ca6_proteinbinders_5713_A,AF-D9N129-2-F1-model_v6,0.121,296,0.873,0.351,1.59e-08,223,D9N129-2
rank0019_ca6_proteinbinders_4522_A,AF-P66784-F1-model_v6,0.156,231,0.827,0.909,2.202e-06,142,P66784
rank0019_ca6_proteinbinders_4522_A,AF-P9WGS8-F1-model_v6,0.156,231,0.827,0.909,3.773e-06,138,P9WGS8
rank0019_ca6_proteinbinders_4522_A,AF-P9WGS9-F1-model_v6,0.156,231,0.827,0.909,4.793e-06,136,P9WGS9
rank0019_ca6_proteinbinders_4522_A,AF-A0R610-F1-model_v6,0.166,231,0.827,0.909,3.666e-05,122,A0R610
rank0019_ca6_proteinbinders_4522_A,AF-Q54GP3-F1-model_v6,0.105,251,0.972,0.94,5.917e-05,112,Q54GP3
rank0019_ca6_proteinbinders_4522_A,AF-P93031-F1-model_v6,0.117,334,0.992,0.895,9.828e-06,101,P93031
rank0019_ca6_proteinbinders_4522_A,AF-E6Y2X0-F1-model_v6,0.153,274,0.972,0.83,8.996e-05,93,E6Y2X0
rank0020_ca6_proteinbinders_4019_A,AF-G0RNA2-F1-model_v6,0.121,195,0.849,0.641,7.443e-05,114,G0RNA2
rank0020_ca6_proteinbinders_4019_A,AF-Q7M8I9-F1-model_v6,0.134,174,0.79,0.504,8.946e-05,109,Q7M8I9
rank0020_ca6_proteinbinders_4019_A,AF-A7ZEK1-F1-model_v6,0.124,176,0.812,0.518,8.946e-05,106,A7ZEK1
rank0020_ca6_proteinbinders_4019_A,AF-Q981C9-F1-model_v6,0.149,177,0.925,0.381,8.946e-05,105,Q981C9
rank0020_ca6_proteinbinders_4019_A,AF-B4HSL7-F1-model_v6,0.129,214,0.978,0.624,8.946e-05,89,B4HSL7
rank0027_ca6_proteinbinders_3180_A,AF-Q46EN8-F1-model_v6,0.165,272,0.978,0.931,4.193e-06,128,Q46EN8
rank0027_ca6_proteinbinders_3180_A,AF-Q6L2N4-F1-model_v6,0.13,269,0.968,0.93,2.188e-06,125,Q6L2N4
rank0027_ca6_proteinbinders_3180_A,AF-A1RXV6-F1-model_v6,0.177,274,0.986,0.918,9.014e-07,124,A1RXV6
rank0027_ca6_proteinbinders_3180_A,AF-A8MDA4-F1-model_v6,0.13,276,0.993,0.891,1.628e-06,124,A8MDA4
rank0027_ca6_proteinbinders_3180_A,AF-Q9YEF5-F1-model_v6,0.159,272,0.978,0.913,8.009e-07,122,Q9YEF5
rank0027_ca6_proteinbinders_3180_A,AF-A3DN81-F1-model_v6,0.143,268,0.964,0.922,5.007e-06,117,A3DN81
rank0027_ca6_proteinbinders_3180_A,AF-Q3AE33-F1-model_v6,0.143,295,0.989,0.688,6.342e-06,113,Q3AE33
rank0027_ca6_proteinbinders_3180_A,AF-A2SU66-F1-model_v6,0.112,296,0.993,0.696,2.772e-06,112,A2SU66
rank0027_ca6_proteinbinders_3180_A,AF-P61425-F1-model_v6,0.121,297,0.993,0.683,4.719e-06,111,P61425
rank0027_ca6_proteinbinders_3180_A,AF-A8F821-F1-model_v6,0.143,295,0.989,0.696,4.719e-06,109,A8F821
rank0027_ca6_proteinbinders_3180_A,AF-B8GKY4-F1-model_v6,0.106,296,0.993,0.698,1.018e-05,109,B8GKY4
rank0027_ca6_proteinbinders_3180_A,AF-A7I8Q1-F1-model_v6,0.123,300,0.993,0.706,3.12e-06,108,A7I8Q1
rank0027_ca6_proteinbinders_3180_A,AF-Q39YG0-F1-model_v6,0.129,297,0.993,0.683,7.573e-06,106,Q39YG0
rank0027_ca6_proteinbinders_3180_A,AF-Q8U1U1-F1-model_v6,0.148,275,0.989,0.986,5.329e-05,105,Q8U1U1
rank0027_ca6_proteinbinders_3180_A,AF-Q9V0X8-F1-model_v6,0.14,294,0.986,0.685,1.54e-05,104,Q9V0X8
rank0027_ca6_proteinbinders_3180_A,AF-Q1JZW3-F1-model_v6,0.122,297,0.993,0.683,2.471e-05,104,Q1JZW3
rank0027_ca6_proteinbinders_3180_A,AF-C5A6A9-F1-model_v6,0.143,294,0.986,0.69,2.069e-05,103,C5A6A9
rank0027_ca6_proteinbinders_3180_A,AF-Q8TI28-F1-model_v6,0.102,295,0.989,0.689,1.54e-05,103,Q8TI28
rank0027_ca6_proteinbinders_3180_A,AF-Q8PY39-F1-model_v6,0.12,295,0.989,0.689,1.368e-05,100,Q8PY39
rank0027_ca6_proteinbinders_3180_A,AF-Q97AR4-F1-model_v6,0.12,268,0.964,0.893,4.734e-05,96,Q97AR4
rank0027_ca6_proteinbinders_3180_A,AF-A3CVT7-F1-model_v6,0.129,300,0.993,0.708,1.08e-05,96,A3CVT7
rank0027_ca6_proteinbinders_3180_A,AF-Q2FQY7-F1-model_v6,0.122,300,0.993,0.704,1.018e-05,95,Q2FQY7
rank0027_ca6_proteinbinders_3180_A,AF-Q46EW5-F1-model_v6,0.116,295,0.989,0.689,5.997e-05,95,Q46EW5
rank0027_ca6_proteinbinders_3180_A,AF-Q5JD26-F1-model_v6,0.138,294,0.986,0.687,4.206e-05,94,Q5JD26
rank0029_ca6_proteinbinders_4188_A,AF-Q6GHK4-F1-model_v6,0.144,242,0.906,0.984,1.311e-05,132,Q6GHK4
rank0029_ca6_proteinbinders_4188_A,AF-Q05069-F1-model_v6,0.172,231,0.953,0.895,1.311e-05,129,Q05069
rank0029_ca6_proteinbinders_4188_A,AF-O31642-F1-model_v6,0.152,243,0.896,0.968,1.165e-05,127,O31642
rank0029_ca6_proteinbinders_4188_A,AF-P73016-F1-model_v6,0.148,231,0.953,0.895,2.656e-05,119,P73016
rank0029_ca6_proteinbinders_4188_A,AF-Q89AM1-F1-model_v6,0.106,245,0.896,0.942,6.422e-05,110,Q89AM1
rank0031_ca6_proteinbinders_0991_A,AF-Q08B22-F1-model_v6,0.128,212,0.991,0.354,9.868e-05,99,Q08B22
rank0033_ca6_proteinbinders_4505_A,AF-A9CES4-F1-model_v6,0.158,248,0.894,0.969,2.964e-05,128,A9CES4
rank0033_ca6_proteinbinders_4505_A,AF-Q0T4H1-F1-model_v6,0.158,231,0.894,0.962,1.412e-05,127,Q0T4H1
rank0033_ca6_proteinbinders_4505_A,AF-Q3Z1V9-F1-model_v6,0.162,231,0.894,0.962,1.002e-05,127,Q3Z1V9
rank0033_ca6_proteinbinders_4505_A,AF-P23238-F1-model_v6,0.162,238,0.904,0.988,2.8e-05,125,P23238
rank0033_ca6_proteinbinders_4505_A,AF-Q320W2-F1-model_v6,0.163,231,0.894,0.962,2.359e-05,124,Q320W2
rank0033_ca6_proteinbinders_4505_A,AF-Q0THM2-F1-model_v6,0.175,231,0.894,0.962,4.419e-05,124,Q0THM2
rank0033_ca6_proteinbinders_4505_A,AF-P0AFS3-F1-model_v6,0.181,231,0.894,0.962,4.419e-05,124,P0AFS3
rank0033_ca6_proteinbinders_4505_A,AF-A1ABF1-F1-model_v6,0.175,231,0.894,0.962,5.552e-05,123,A1ABF1
rank0033_ca6_proteinbinders_4505_A,AF-Q1RBJ2-F1-model_v6,0.162,232,0.909,0.967,3.517e-05,122,Q1RBJ2
rank0033_ca6_proteinbinders_4505_A,AF-A6T8N3-F1-model_v6,0.169,231,0.889,0.962,2.105e-05,122,A6T8N3
rank0033_ca6_proteinbinders_4505_A,AF-P9WGQ1-F1-model_v6,0.168,221,0.986,0.991,2.359e-05,121,P9WGQ1
rank0033_ca6_proteinbinders_4505_A,AF-A7ZM66-F1-model_v6,0.181,231,0.894,0.962,7.82e-05,121,A7ZM66
rank0033_ca6_proteinbinders_4505_A,AF-A8A0E8-F1-model_v6,0.163,231,0.894,0.962,3.517e-05,121,A8A0E8
rank0033_ca6_proteinbinders_4505_A,AF-Q8FHB1-F1-model_v6,0.167,231,0.894,0.962,3.322e-05,121,Q8FHB1
rank0033_ca6_proteinbinders_4505_A,AF-B1LET0-F1-model_v6,0.163,231,0.894,0.962,3.322e-05,121,B1LET0
rank0033_ca6_proteinbinders_4505_A,AF-Q05528-F1-model_v6,0.164,242,0.942,0.957,3.322e-05,121,Q05528
rank0033_ca6_proteinbinders_4505_A,AF-Q32G72-F1-model_v6,0.167,231,0.894,0.962,3.724e-05,120,Q32G72
rank0033_ca6_proteinbinders_4505_A,AF-Q83RC9-F1-model_v6,0.167,231,0.894,0.962,4.174e-05,120,Q83RC9
rank0033_ca6_proteinbinders_4505_A,AF-B1IQY4-F1-model_v6,0.177,231,0.894,0.962,6.589e-05,120,B1IQY4
rank0033_ca6_proteinbinders_4505_A,AF-P37769-F1-model_v6,0.173,242,0.942,0.957,2.964e-05,120,P37769
rank0033_ca6_proteinbinders_4505_A,AF-P50205-F1-model_v6,0.188,238,0.904,0.988,5.244e-05,119,P50205
rank0033_ca6_proteinbinders_4505_A,AF-Q5P5I4-F1-model_v6,0.176,240,0.894,0.964,3.138e-05,119,Q5P5I4
rank0033_ca6_proteinbinders_4505_A,AF-P0AFS4-F1-model_v6,0.163,231,0.894,0.962,5.244e-05,118,P0AFS4
rank0033_ca6_proteinbinders_4505_A,AF-A4W9Z4-F1-model_v6,0.147,232,0.894,0.967,4.954e-05,117,A4W9Z4
rank0034_ca6_proteinbinders_0235_A,AF-P14169-F1-model_v6,0.101,191,0.755,0.565,1.179e-05,143,P14169
rank0034_ca6_proteinbinders_0235_A,AF-P50842-F1-model_v6,0.16,226,0.962,0.89,4.217e-06,137,P50842
rank0034_ca6_proteinbinders_0235_A,AF-Q05528-F1-model_v6,0.166,224,0.966,0.885,1.912e-05,128,Q05528
rank0034_ca6_proteinbinders_0235_A,AF-Q5P5I4-F1-model_v6,0.137,177,0.755,0.711,2.919e-05,127,Q5P5I4
rank0034_ca6_proteinbinders_0235_A,AF-Q54LJ8-F1-model_v6,0.131,156,0.75,0.513,1.33e-05,126,Q54LJ8
rank0034_ca6_proteinbinders_0235_A,AF-H9XP47-F1-model_v6,0.161,233,0.885,0.928,7.23e-05,124,H9XP47
rank0034_ca6_proteinbinders_0235_A,AF-P0C7J0-F1-model_v6,0.135,183,0.75,0.521,8.159e-05,124,P0C7J0
rank0034_ca6_proteinbinders_0235_A,AF-A6QLW2-F1-model_v6,0.119,175,0.75,0.493,9.207e-05,124,A6QLW2
rank0034_ca6_proteinbinders_0235_A,AF-A4H7T9-F1-model_v6,0.156,226,0.971,0.403,5.03e-05,124,A4H7T9
rank0034_ca6_proteinbinders_0235_A,AF-O80713-F1-model_v6,0.187,227,0.966,0.883,5.03e-05,123,O80713
rank0034_ca6_proteinbinders_0235_A,AF-P23238-F1-model_v6,0.165,238,0.904,0.988,9.207e-05,119,P23238
rank0034_ca6_proteinbinders_0235_A,AF-P37769-F1-model_v6,0.154,224,0.966,0.885,7.68e-05,119,P37769
rank0034_ca6_proteinbinders_0235_A,AF-A0AAT9JA24-F1-model_v6,0.188,227,0.966,0.799,5.677e-05,119,A0AAT9JA24
rank0034_ca6_proteinbinders_0235_A,AF-P9WN64-F1-model_v6,0.151,174,0.755,0.526,8.159e-05,118,P9WN64
rank0034_ca6_proteinbinders_0235_A,AF-P9WN65-F1-model_v6,0.151,174,0.755,0.526,8.667e-05,118,P9WN65
rank0034_ca6_proteinbinders_0235_A,AF-Q9BPX1-F1-model_v6,0.186,227,0.966,0.841,8.159e-05,113,Q9BPX1
rank0034_ca6_proteinbinders_0235_A,AF-Q0VCN1-F1-model_v6,0.175,183,0.88,0.495,8.667e-05,107,Q0VCN1
rank0034_ca6_proteinbinders_0235_A,AF-P50204-F1-model_v6,0.188,220,0.942,0.909,9.207e-05,103,P50204
rank0035_ca6_proteinbinders_4912_A,AF-P47575-F1-model_v6,0.133,196,0.983,0.995,9.328e-05,114,P47575
rank0036_ca6_proteinbinders_0274_A,AF-Q8YTC2-F1-model_v6,0.428,312,0.981,0.232,2.468e-29,1218,Q8YTC2
rank0036_ca6_proteinbinders_0274_A,AF-Q8YRI1-F1-model_v6,0.461,307,0.965,0.188,3.461e-27,1015,Q8YRI1
rank0036_ca6_proteinbinders_0274_A,AF-P49695-F1-model_v6,0.438,299,0.94,0.375,2.052e-24,994,P49695
rank0036_ca6_proteinbinders_0274_A,AF-Q7KNS3-F1-model_v6,0.314,300,0.94,0.73,7.328e-25,954,Q7KNS3
rank0036_ca6_proteinbinders_0274_A,AF-B3MEY6-F1-model_v6,0.323,300,0.94,0.73,9.004e-25,950,B3MEY6
rank0036_ca6_proteinbinders_0274_A,AF-Q291L9-F1-model_v6,0.323,300,0.94,0.73,1.507e-24,947,Q291L9
rank0036_ca6_proteinbinders_0274_A,AF-B4HSL3-F1-model_v6,0.314,300,0.94,0.73,1.851e-24,940,B4HSL3
rank0036_ca6_proteinbinders_0274_A,AF-B4P6P9-F1-model_v6,0.32,300,0.94,0.73,2.943e-24,939,B4P6P9
rank0036_ca6_proteinbinders_0274_A,AF-B4KT48-F1-model_v6,0.32,300,0.94,0.73,3.435e-24,936,B4KT48
rank0036_ca6_proteinbinders_0274_A,AF-B4LQ21-F1-model_v6,0.323,300,0.94,0.73,2.395e-24,932,B4LQ21
rank0036_ca6_proteinbinders_0274_A,AF-B3NPW0-F1-model_v6,0.314,300,0.94,0.73,3.435e-24,929,B3NPW0
rank0036_ca6_proteinbinders_0274_A,AF-B5X3C4-F1-model_v6,0.315,299,0.94,0.729,4.6779999999999996e-24,927,B5X3C4
rank0036_ca6_proteinbinders_0274_A,AF-B7PS00-F1-model_v6,0.318,302,0.94,0.735,5.748e-24,926,B7PS00
rank0036_ca6_proteinbinders_0274_A,AF-C3XVT5-F1-model_v6,0.339,299,0.94,0.732,3.262e-24,925,C3XVT5
rank0036_ca6_proteinbinders_0274_A,AF-B4GAJ1-F1-model_v6,0.323,300,0.94,0.73,4.008e-24,924,B4GAJ1
rank0036_ca6_proteinbinders_0274_A,AF-P63005-F1-model_v6,0.315,299,0.94,0.729,7.062e-24,919,P63005
rank0036_ca6_proteinbinders_0274_A,AF-Q803D2-F1-model_v6,0.321,299,0.94,0.729,7.829e-24,918,Q803D2
rank0036_ca6_proteinbinders_0274_A,AF-B4JWA1-F1-model_v6,0.323,300,0.94,0.73,4.6779999999999996e-24,917,B4JWA1
rank0036_ca6_proteinbinders_0274_A,AF-Q17N69-F1-model_v6,0.333,300,0.94,0.733,1.452e-23,915,Q17N69
rank0036_ca6_proteinbinders_0274_A,AF-Q28I85-F1-model_v6,0.36,300,0.943,0.635,1.263e-22,914,Q28I85
rank0036_ca6_proteinbinders_0274_A,AF-A7S338-F1-model_v6,0.317,300,0.94,0.733,7.829e-24,913,A7S338
rank0036_ca6_proteinbinders_0274_A,AF-B4MY65-F1-model_v6,0.32,300,0.94,0.733,1.61e-23,913,B4MY65
rank0036_ca6_proteinbinders_0274_A,AF-Q4V7Z1-F1-model_v6,0.341,300,0.943,0.598,1.139e-22,913,Q4V7Z1
rank0036_ca6_proteinbinders_0274_A,AF-P74598-F1-model_v6,0.342,302,0.95,0.813,5.262e-23,911,P74598
rank0036_ca6_proteinbinders_0274_A,AF-B4QHG6-F1-model_v6,0.32,300,0.94,0.73,8.242e-24,911,B4QHG6
rank0036_ca6_proteinbinders_0274_A,AF-Q5IS43-F1-model_v6,0.315,299,0.94,0.729,1.123e-23,910,Q5IS43
rank0036_ca6_proteinbinders_0274_A,AF-Q5RD06-F1-model_v6,0.33,302,0.95,0.625,5.539999999999999e-23,910,Q5RD06
rank0036_ca6_proteinbinders_0274_A,AF-B5X3Z6-F1-model_v6,0.318,299,0.94,0.729,1.244e-23,908,B5X3Z6
rank0036_ca6_proteinbinders_0274_A,AF-P43033-F1-model_v6,0.315,299,0.94,0.729,1.452e-23,908,P43033
rank0036_ca6_proteinbinders_0274_A,AF-P63004-F1-model_v6,0.315,299,0.94,0.729,1.452e-23,907,P63004
rank0036_ca6_proteinbinders_0274_A,AF-Q9PTR5-F1-model_v6,0.312,299,0.94,0.729,1.61e-23,906,Q9PTR5
rank0036_ca6_proteinbinders_0274_A,AF-C4Q0P6-F1-model_v6,0.321,300,0.943,0.703,2.1929999999999999e-23,905,C4Q0P6
rank0036_ca6_proteinbinders_0274_A,AF-F6ZT52-F1-model_v6,0.347,300,0.943,0.596,2.1129999999999997e-22,905,F6ZT52
rank0036_ca6_proteinbinders_0274_A,AF-F6ZT52-2-F1-model_v6,0.344,300,0.943,0.739,1.633e-22,901,F6ZT52-2
rank0036_ca6_proteinbinders_0274_A,AF-B0LSW3-F1-model_v6,0.315,299,0.94,0.729,2.4299999999999998e-23,899,B0LSW3
rank0036_ca6_proteinbinders_0274_A,AF-Q7T394-F1-model_v6,0.321,299,0.94,0.729,2.836e-23,896,Q7T394
rank0036_ca6_proteinbinders_0274_A,AF-Q7T0P4-F1-model_v6,0.36,300,0.943,0.635,3.7229999999999996e-22,896,Q7T0P4
rank0036_ca6_proteinbinders_0274_A,AF-Q8I0F4-F1-model_v6,0.31,311,0.943,0.742,2.694e-23,894,Q8I0F4
rank0036_ca6_proteinbinders_0274_A,AF-Q8TC44-F1-model_v6,0.335,302,0.95,0.59,3.7229999999999996e-22,888,Q8TC44
rank0036_ca6_proteinbinders_0274_A,AF-Q8JZX3-3-F1-model_v6,0.351,302,0.95,0.792,6.230999999999999e-22,885,Q8JZX3-3
rank0036_ca6_proteinbinders_0274_A,AF-B3S4I5-F1-model_v6,0.315,299,0.94,0.731,4.508e-23,884,B3S4I5
rank0036_ca6_proteinbinders_0274_A,AF-D3TLL6-F1-model_v6,0.305,300,0.94,0.73,4.508e-23,884,D3TLL6
rank0036_ca6_proteinbinders_0274_A,AF-D3BUN1-F1-model_v6,0.3,312,0.947,0.748,3.3099999999999997e-23,883,D3BUN1
rank0036_ca6_proteinbinders_0274_A,AF-A9V790-F1-model_v6,0.291,301,0.94,0.734,5.539999999999999e-23,882,A9V790
rank0036_ca6_proteinbinders_0274_A,AF-O22212-F1-model_v6,0.348,265,0.833,0.449,1.837e-21,880,O22212
rank0036_ca6_proteinbinders_0274_A,AF-Q8BHD1-F1-model_v6,0.326,302,0.95,0.592,3.3589999999999996e-22,878,Q8BHD1
rank0036_ca6_proteinbinders_0274_A,AF-D3Z7A5-F1-model_v6,0.316,311,0.978,0.704,8.242e-24,877,D3Z7A5
rank0036_ca6_proteinbinders_0274_A,AF-A2CEH0-F1-model_v6,0.347,300,0.943,0.571,9.407e-22,876,A2CEH0
rank0036_ca6_proteinbinders_0274_A,AF-G8SD34-F1-model_v6,0.364,291,0.915,0.403,1.349e-21,875,G8SD34
rank0036_ca6_proteinbinders_0274_A,AF-Q8NBT0-F1-model_v6,0.342,302,0.95,0.693,7.270999999999999e-22,872,Q8NBT0
rank0036_ca6_proteinbinders_0274_A,AF-P93107-F1-model_v6,0.316,299,0.94,0.46,2.92e-21,864,P93107
rank0036_ca6_proteinbinders_0274_A,AF-Q8K450-F1-model_v6,0.291,297,0.934,0.432,2.774e-21,861,Q8K450
rank0036_ca6_proteinbinders_0274_A,AF-Q9VU65-F1-model_v6,0.328,301,0.947,0.719,5.338999999999999e-22,857,Q9VU65
rank0036_ca6_proteinbinders_0274_A,AF-Q9NDC9-F1-model_v6,0.281,299,0.94,0.73,5.070999999999999e-22,857,Q9NDC9
rank0036_ca6_proteinbinders_0274_A,AF-Q2TBP4-F1-model_v6,0.346,302,0.95,0.693,2.502e-21,857,Q2TBP4
rank0036_ca6_proteinbinders_0274_A,AF-Q5BK30-F1-model_v6,0.319,311,0.978,0.704,3.3099999999999997e-23,856,Q5BK30
rank0036_ca6_proteinbinders_0274_A,AF-Q8NBT0-2-F1-model_v6,0.345,302,0.95,0.786,3.588e-21,853,Q8NBT0-2
rank0036_ca6_proteinbinders_0274_A,AF-Q8JZX3-2-F1-model_v6,0.351,302,0.95,0.79,2.92e-21,852,Q8JZX3-2
rank0036_ca6_proteinbinders_0274_A,AF-Q8N0X2-F1-model_v6,0.276,299,0.94,0.441,3.408e-21,852,Q8N0X2
rank0036_ca6_proteinbinders_0274_A,AF-Q8JZX3-F1-model_v6,0.351,302,0.95,0.696,3.2370000000000002e-21,850,Q8JZX3
rank0036_ca6_proteinbinders_0274_A,AF-Q5FWQ6-F1-model_v6,0.309,311,0.978,0.704,1.811e-22,847,Q5FWQ6
rank0036_ca6_proteinbinders_0274_A,AF-A0DB19-F1-model_v6,0.285,300,0.943,0.734,7.655999999999999e-22,845,A0DB19
rank0036_ca6_proteinbinders_0274_A,AF-Q7ZVF0-F1-model_v6,0.345,265,0.833,0.596,3.075e-21,844,Q7ZVF0
rank0036_ca6_proteinbinders_0274_A,AF-Q6P2Y2-F1-model_v6,0.303,311,0.978,0.704,3.5359999999999995e-22,841,Q6P2Y2
rank0036_ca6_proteinbinders_0274_A,AF-Q3Y8L7-F1-model_v6,0.322,311,0.978,0.655,1.474e-22,841,Q3Y8L7
rank0036_ca6_proteinbinders_0274_A,AF-D3ZW91-F1-model_v6,0.329,302,0.95,0.591,2.377e-21,840,D3ZW91
rank0036_ca6_proteinbinders_0274_A,AF-P61965-F1-model_v6,0.345,300,0.943,0.856,3.408e-21,838,P61965
rank0036_ca6_proteinbinders_0274_A,AF-Q09715-F1-model_v6,0.312,307,0.965,0.487,2.502e-21,838,Q09715
rank0036_ca6_proteinbinders_0274_A,AF-Q0P593-F1-model_v6,0.313,311,0.978,0.704,3.03e-22,837,Q0P593
rank0036_ca6_proteinbinders_0274_A,AF-Q5M786-F1-model_v6,0.338,300,0.943,0.856,3.075e-21,836,Q5M786
rank0036_ca6_proteinbinders_0274_A,AF-Q9V3J8-F1-model_v6,0.349,302,0.95,0.798,3.778e-21,835,Q9V3J8
rank0036_ca6_proteinbinders_0274_A,AF-Q2KIG2-F1-model_v6,0.342,300,0.943,0.856,3.588e-21,834,Q2KIG2
rank0036_ca6_proteinbinders_0274_A,AF-Q5RF51-F1-model_v6,0.309,293,0.921,0.793,2.257e-21,834,Q5RF51
rank0036_ca6_proteinbinders_0274_A,AF-Q2HJH6-F1-model_v6,0.306,298,0.937,0.802,2.774e-21,833,Q2HJH6
rank0036_ca6_proteinbinders_0274_A,AF-Q9USN3-F1-model_v6,0.314,302,0.95,0.384,6.230999999999999e-22,831,Q9USN3
rank0036_ca6_proteinbinders_0274_A,AF-Q498M4-F1-model_v6,0.345,300,0.943,0.856,6.322e-21,830,Q498M4
rank0036_ca6_proteinbinders_0274_A,AF-Q4R8E7-F1-model_v6,0.306,311,0.978,0.704,1.811e-22,829,Q4R8E7
rank0036_ca6_proteinbinders_0274_A,AF-Q9D7H2-F1-model_v6,0.338,300,0.943,0.872,7.378e-21,828,Q9D7H2
rank0036_ca6_proteinbinders_0274_A,AF-Q8N136-F1-model_v6,0.309,311,0.978,0.704,2.3419999999999996e-22,828,Q8N136
rank0036_ca6_proteinbinders_0274_A,AF-P20053-F1-model_v6,0.28,265,0.833,0.555,7.768e-21,828,P20053
rank0036_ca6_proteinbinders_0274_A,AF-Q1LV15-F1-model_v6,0.325,311,0.978,0.704,2.466e-22,827,Q1LV15
rank0036_ca6_proteinbinders_0274_A,AF-P61964-F1-model_v6,0.345,300,0.943,0.856,8.179000000000001e-21,826,P61964
rank0036_ca6_proteinbinders_0274_A,AF-Q4V8C4-F1-model_v6,0.338,300,0.943,0.872,1.0050000000000001e-20,824,Q4V8C4
rank0036_ca6_proteinbinders_0274_A,AF-Q86VZ2-F1-model_v6,0.345,300,0.943,0.867,9.066e-21,821,Q86VZ2
rank0036_ca6_proteinbinders_0274_A,AF-A8NEG8-F1-model_v6,0.318,324,0.94,0.747,8.0599999999999995e-22,820,A8NEG8
rank0036_ca6_proteinbinders_0274_A,AF-Q9M2Z2-F1-model_v6,0.342,302,0.95,0.918,7.378e-21,817,Q9M2Z2
rank0036_ca6_proteinbinders_0274_A,AF-P63005-2-F1-model_v6,0.317,279,0.874,0.714,1.42e-21,817,P63005-2
rank0036_ca6_proteinbinders_0274_A,AF-Q5RE95-F1-model_v6,0.342,300,0.943,0.867,1.235e-20,816,Q5RE95
rank0036_ca6_proteinbinders_0274_A,AF-Q6ZMY6-F1-model_v6,0.288,303,0.953,0.619,2.814e-20,816,Q6ZMY6
rank0036_ca6_proteinbinders_0274_A,AF-A0CH87-F1-model_v6,0.282,300,0.943,0.734,6.005e-21,815,A0CH87
rank0036_ca6_proteinbinders_0274_A,AF-B8P4B0-F1-model_v6,0.312,328,0.94,0.749,2.92e-21,815,B8P4B0
rank0036_ca6_proteinbinders_0274_A,AF-Q8VEJ4-F1-model_v6,0.333,339,0.978,0.699,2.986e-23,815,Q8VEJ4
rank0036_ca6_proteinbinders_0274_A,AF-A8XZJ9-F1-model_v6,0.279,300,0.943,0.723,2.377e-21,814,A8XZJ9
rank0036_ca6_proteinbinders_0274_A,AF-Q6PE01-F1-model_v6,0.311,293,0.921,0.791,7.768e-21,810,Q6PE01
rank0036_ca6_proteinbinders_0274_A,AF-Q9D994-F1-model_v6,0.363,288,0.906,0.891,2.539e-20,808,Q9D994
rank0036_ca6_proteinbinders_0274_A,AF-Q58D20-F1-model_v6,0.325,339,0.978,0.698,5.262e-23,807,Q58D20
rank0036_ca6_proteinbinders_0274_A,AF-Q5NVD0-F1-model_v6,0.288,300,0.943,0.555,1.6820000000000002e-20,806,Q5NVD0
rank0036_ca6_proteinbinders_0274_A,AF-Q4P9P9-F1-model_v6,0.317,329,0.94,0.726,9.407e-22,805,Q4P9P9
rank0036_ca6_proteinbinders_0274_A,AF-Q229Z6-F1-model_v6,0.273,300,0.943,0.465,5.145e-21,803,Q229Z6
rank0036_ca6_proteinbinders_0274_A,AF-Q9NVX2-F1-model_v6,0.328,339,0.978,0.699,1.139e-22,798,Q9NVX2
rank0036_ca6_proteinbinders_0274_A,AF-Q9DAW6-F1-model_v6,0.288,300,0.943,0.555,3.285e-20,795,Q9DAW6
rank0036_ca6_proteinbinders_0274_A,AF-Q9UUG8-F1-model_v6,0.324,299,0.94,0.492,4.4740000000000006e-20,795,Q9UUG8
rank0036_ca6_proteinbinders_0274_A,AF-Q17963-F1-model_v6,0.295,302,0.95,0.766,4.036e-20,790,Q17963
rank0036_ca6_proteinbinders_0274_A,AF-O43172-2-F1-model_v6,0.291,300,0.943,0.555,5.787e-20,790,O43172-2
rank0036_ca6_proteinbinders_0274_A,AF-P0CS43-F1-model_v6,0.322,326,0.94,0.753,8.611e-21,786,P0CS43
rank0036_ca6_proteinbinders_0274_A,AF-O43172-F1-model_v6,0.288,300,0.943,0.554,3.285e-20,786,O43172
rank0036_ca6_proteinbinders_0274_A,AF-Q9NFZ1-F1-model_v6,0.232,297,0.934,0.821,4.9590000000000004e-20,785,Q9NFZ1
rank0036_ca6_proteinbinders_0274_A,AF-P41318-F1-model_v6,0.287,298,0.937,0.947,1.6820000000000002e-20,783,P41318
rank0036_ca6_proteinbinders_0274_A,AF-Q7RY30-F1-model_v6,0.289,337,0.94,0.744,1.6820000000000002e-20,783,Q7RY30
rank0036_ca6_proteinbinders_0274_A,AF-Q9LV27-F1-model_v6,0.299,302,0.95,0.957,6.005e-21,782,Q9LV27
rank0036_ca6_proteinbinders_0274_A,AF-Q93847-F1-model_v6,0.309,302,0.95,0.727,4.9590000000000004e-20,781,Q93847
rank0036_ca6_proteinbinders_0274_A,AF-O74855-F1-model_v6,0.261,367,0.943,0.731,8.363e-23,781,O74855
rank0036_ca6_proteinbinders_0274_A,AF-O76734-F1-model_v6,0.358,297,0.934,0.504,8.299e-20,781,O76734
rank0036_ca6_proteinbinders_0274_A,AF-P0CS42-F1-model_v6,0.322,326,0.94,0.753,9.066e-21,780,P0CS42
rank0036_ca6_proteinbinders_0274_A,AF-Q54KL5-F1-model_v6,0.329,306,0.962,0.86,7.111000000000001e-20,779,Q54KL5
rank0036_ca6_proteinbinders_0274_A,AF-P29829-F1-model_v6,0.238,297,0.934,0.821,5.2210000000000005e-20,778,P29829
rank0036_ca6_proteinbinders_0274_A,AF-Q5RFF8-F1-model_v6,0.289,369,0.94,0.761,1.199e-22,778,Q5RFF8
rank0036_ca6_proteinbinders_0274_A,AF-P83774-F1-model_v6,0.315,300,0.943,0.927,2.814e-20,773,P83774
rank0036_ca6_proteinbinders_0274_A,AF-Q9SY00-F1-model_v6,0.3,301,0.947,0.865,1.02e-19,773,Q9SY00
rank0036_ca6_proteinbinders_0274_A,AF-Q3MHE2-F1-model_v6,0.288,300,0.943,0.555,1.389e-19,773,Q3MHE2
rank0036_ca6_proteinbinders_0274_A,AF-Q7ZXK9-F1-model_v6,0.311,339,0.978,0.712,1.263e-22,771,Q7ZXK9
rank0036_ca6_proteinbinders_0274_A,AF-Q55DA2-F1-model_v6,0.25,304,0.94,0.913,9.685000000000001e-20,768,Q55DA2
rank0036_ca6_proteinbinders_0274_A,AF-Q6NNP0-F1-model_v6,0.259,293,0.921,0.546,1.992e-19,768,Q6NNP0
rank0036_ca6_proteinbinders_0274_A,AF-G0SC29-F1-model_v6,0.291,369,0.94,0.714,1.281e-21,765,G0SC29
rank0036_ca6_proteinbinders_0274_A,AF-Q9SZQ5-F1-model_v6,0.298,304,0.94,0.947,7.111000000000001e-20,763,Q9SZQ5
rank0036_ca6_proteinbinders_0274_A,AF-A8X8C6-F1-model_v6,0.299,302,0.95,0.783,1.892e-19,763,A8X8C6
rank0036_ca6_proteinbinders_0274_A,AF-Q10282-F1-model_v6,0.244,301,0.947,0.925,2.097e-19,755,Q10282
rank0036_ca6_proteinbinders_0274_A,AF-P0CS48-F1-model_v6,0.271,298,0.937,0.605,9.685000000000001e-20,755,P0CS48
rank0036_ca6_proteinbinders_0274_A,AF-Q9LFE2-F1-model_v6,0.275,302,0.95,0.339,1.797e-19,754,Q9LFE2
rank0036_ca6_proteinbinders_0274_A,AF-Q23256-F1-model_v6,0.279,300,0.943,0.571,4.779e-19,753,Q23256
rank0036_ca6_proteinbinders_0274_A,AF-P0CS49-F1-model_v6,0.268,298,0.937,0.605,5.787e-20,752,P0CS49
rank0036_ca6_proteinbinders_0274_A,AF-Q54D08-F1-model_v6,0.258,301,0.947,0.951,1.13e-19,749,Q54D08
rank0036_ca6_proteinbinders_0274_A,AF-B4HRQ6-F1-model_v6,0.288,318,0.943,0.949,2.9630000000000005e-20,748,B4HRQ6
rank0036_ca6_proteinbinders_0274_A,AF-B4KTK4-F1-model_v6,0.293,314,0.943,0.949,1.253e-19,741,B4KTK4
rank0036_ca6_proteinbinders_0274_A,AF-Q17GR9-F1-model_v6,0.3,318,0.943,0.944,1.319e-19,741,Q17GR9
rank0036_ca6_proteinbinders_0274_A,AF-Q5M7T1-F1-model_v6,0.298,316,0.943,0.932,2.712e-19,741,Q5M7T1
rank0036_ca6_proteinbinders_0274_A,AF-Q8YV57-F1-model_v6,0.374,373,0.994,0.222,1.0750000000000001e-26,741,Q8YV57
rank0036_ca6_proteinbinders_0274_A,AF-Q9AYE4-F1-model_v6,0.277,302,0.95,0.934,7.882e-20,740,Q9AYE4
rank0036_ca6_proteinbinders_0274_A,AF-B4QFZ8-F1-model_v6,0.291,318,0.943,0.949,7.487e-20,737,B4QFZ8
rank0036_ca6_proteinbinders_0274_A,AF-A8IZG4-F1-model_v6,0.266,333,0.94,0.946,9.827e-19,736,A8IZG4
rank0036_ca6_proteinbinders_0274_A,AF-Q7PS24-F1-model_v6,0.287,322,0.943,0.944,1.462e-19,735,Q7PS24
rank0036_ca6_proteinbinders_0274_A,AF-D1ZEB4-F1-model_v6,0.287,336,0.94,0.73,3.166e-19,735,D1ZEB4
rank0036_ca6_proteinbinders_0274_A,AF-B3NQR5-F1-model_v6,0.291,318,0.943,0.949,6.093e-20,734,B3NQR5
rank0036_ca6_proteinbinders_0274_A,AF-Q99KN2-F1-model_v6,0.289,316,0.943,0.932,4.095e-19,734,Q99KN2
rank0036_ca6_proteinbinders_0274_A,AF-Q6PBY0-F1-model_v6,0.232,298,0.937,0.729,5.872e-19,734,Q6PBY0
rank0036_ca6_proteinbinders_0274_A,AF-Q5RDY7-F1-model_v6,0.225,298,0.937,0.816,6.509e-19,733,Q5RDY7
rank0036_ca6_proteinbinders_0274_A,AF-B4P7Q3-F1-model_v6,0.3,318,0.943,0.949,8.737000000000001e-20,732,B4P7Q3
rank0036_ca6_proteinbinders_0274_A,AF-Q9Y3F4-F1-model_v6,0.264,300,0.943,0.797,3.694e-19,732,Q9Y3F4
rank0036_ca6_proteinbinders_0274_A,AF-P36408-F1-model_v6,0.226,297,0.934,0.813,2.614e-18,731,P36408
rank0036_ca6_proteinbinders_0274_A,AF-O14775-F1-model_v6,0.225,298,0.937,0.729,7.597e-19,731,O14775
rank0036_ca6_proteinbinders_0274_A,AF-P78706-F1-model_v6,0.323,301,0.934,0.498,1.035e-18,731,P78706
rank0036_ca6_proteinbinders_0274_A,AF-Q28YY2-F1-model_v6,0.22,299,0.94,0.428,9.685000000000001e-20,731,Q28YY2
rank0036_ca6_proteinbinders_0274_A,AF-Q9VPR4-F1-model_v6,0.283,367,0.94,0.752,5.145e-21,730,Q9VPR4
rank0036_ca6_proteinbinders_0274_A,AF-A8ILK1-F1-model_v6,0.254,309,0.972,0.47,2.358e-18,730,A8ILK1
rank0036_ca6_proteinbinders_0274_A,AF-Q5ZJH5-F1-model_v6,0.293,299,0.94,0.934,9.334e-19,729,Q5ZJH5
rank0036_ca6_proteinbinders_0274_A,AF-P38011-F1-model_v6,0.261,312,0.981,0.944,1.797e-19,729,P38011
rank0036_ca6_proteinbinders_0274_A,AF-B4JW81-F1-model_v6,0.296,314,0.943,0.949,1.462e-19,728,B4JW81
rank0036_ca6_proteinbinders_0274_A,AF-Q7K1Y4-F1-model_v6,0.29,318,0.943,0.949,3.89e-19,728,Q7K1Y4
rank0036_ca6_proteinbinders_0274_A,AF-Q5ZL33-F1-model_v6,0.278,317,0.997,0.84,8.299e-20,728,Q5ZL33
rank0036_ca6_proteinbinders_0274_A,AF-B0XAF3-F1-model_v6,0.308,319,0.943,0.944,3.333e-19,727,B0XAF3
rank0036_ca6_proteinbinders_0274_A,AF-P49177-F1-model_v6,0.258,310,0.969,0.822,6.183e-19,727,P49177
rank0036_ca6_proteinbinders_0274_A,AF-Q9Z1Z2-F1-model_v6,0.267,300,0.943,0.797,4.779e-19,726,Q9Z1Z2
rank0036_ca6_proteinbinders_0274_A,AF-Q8NBT0-3-F1-model_v6,0.355,277,0.871,0.702,4.312e-19,725,Q8NBT0-3
rank0036_ca6_proteinbinders_0274_A,AF-Q1LZ08-F1-model_v6,0.209,322,0.978,0.482,1.19e-19,725,Q1LZ08
rank0036_ca6_proteinbinders_0274_A,AF-O14775-2-F1-model_v6,0.225,298,0.937,0.816,1.271e-18,723,O14775-2
rank0036_ca6_proteinbinders_0274_A,AF-Q54LT8-F1-model_v6,0.222,299,0.94,0.952,1.319e-19,722,Q54LT8
rank0036_ca6_proteinbinders_0274_A,AF-Q6PNB6-F1-model_v6,0.225,298,0.937,0.816,1.409e-18,722,Q6PNB6
rank0036_ca6_proteinbinders_0274_A,AF-Q9FLX9-F1-model_v6,0.303,332,0.978,0.702,6.322e-21,722,Q9FLX9
rank0036_ca6_proteinbinders_0274_A,AF-Q80ZD0-F1-model_v6,0.225,298,0.937,0.816,1.484e-18,721,Q80ZD0
rank0036_ca6_proteinbinders_0274_A,AF-Q6PBD6-F1-model_v6,0.286,299,0.94,0.934,6.509e-19,719,Q6PBD6
rank0036_ca6_proteinbinders_0274_A,AF-A7RWD2-F1-model_v6,0.286,315,0.94,0.963,6.183e-19,719,A7RWD2
rank0036_ca6_proteinbinders_0274_A,AF-Q292E8-F1-model_v6,0.285,318,0.943,0.949,1.706e-19,718,Q292E8
rank0036_ca6_proteinbinders_0274_A,AF-P62881-F1-model_v6,0.229,298,0.937,0.729,1.732e-18,718,P62881
rank0036_ca6_proteinbinders_0274_A,AF-O24456-F1-model_v6,0.287,307,0.94,0.939,4.095e-19,717,O24456
rank0036_ca6_proteinbinders_0274_A,AF-O76071-F1-model_v6,0.286,316,0.943,0.932,1.338e-18,717,O76071
rank0036_ca6_proteinbinders_0274_A,AF-Q8N136-2-F1-model_v6,0.319,266,0.836,0.667,6.183e-19,717,Q8N136-2
rank0036_ca6_proteinbinders_0274_A,AF-O94365-F1-model_v6,0.24,302,0.95,0.571,7.998e-19,717,O94365
rank0036_ca6_proteinbinders_0274_A,AF-Q8IZU2-F1-model_v6,0.254,300,0.943,0.218,3.051e-18,717,Q8IZU2
rank0036_ca6_proteinbinders_0274_A,AF-B4MY77-F1-model_v6,0.285,318,0.943,0.949,2.097e-19,716,B4MY77
rank0036_ca6_proteinbinders_0274_A,AF-Q6P5M2-F1-model_v6,0.313,263,0.827,0.826,9.827e-19,714,Q6P5M2
rank0036_ca6_proteinbinders_0274_A,AF-Q28DW0-F1-model_v6,0.303,312,0.943,0.937,2.24e-18,714,Q28DW0
rank0036_ca6_proteinbinders_0274_A,AF-Q16MY0-F1-model_v6,0.197,348,0.975,0.528,1.0050000000000001e-20,714,Q16MY0
rank0036_ca6_proteinbinders_0274_A,AF-B4LJT7-F1-model_v6,0.295,317,0.969,0.958,1.621e-19,713,B4LJT7
rank0036_ca6_proteinbinders_0274_A,AF-B4J8H6-F1-model_v6,0.22,299,0.94,0.436,2.712e-19,713,B4J8H6
rank0036_ca6_proteinbinders_0274_A,AF-F4IIK6-F1-model_v6,0.257,312,0.981,0.933,5.578e-19,711,F4IIK6
rank0036_ca6_proteinbinders_0274_A,AF-B7QKS1-F1-model_v6,0.3,299,0.94,0.949,5.106e-18,711,B7QKS1
rank0036_ca6_proteinbinders_0274_A,AF-B3MC74-F1-model_v6,0.279,318,0.943,0.949,3.166e-19,710,B3MC74
rank0036_ca6_proteinbinders_0274_A,AF-Q55AR8-F1-model_v6,0.254,308,0.969,0.825,2.614e-18,708,Q55AR8
rank0036_ca6_proteinbinders_0274_A,AF-B4GDM7-F1-model_v6,0.287,318,0.943,0.949,4.095e-19,707,B4GDM7
rank0036_ca6_proteinbinders_0274_A,AF-Q32PJ6-F1-model_v6,0.289,316,0.943,0.932,3.212e-18,707,Q32PJ6
rank0036_ca6_proteinbinders_0274_A,AF-Q6GMD2-F1-model_v6,0.28,299,0.94,0.934,2.614e-18,706,Q6GMD2
rank0036_ca6_proteinbinders_0274_A,AF-Q8W1K8-F1-model_v6,0.27,320,0.94,0.865,1.732e-18,706,Q8W1K8
rank0036_ca6_proteinbinders_0274_A,AF-B4P7H8-F1-model_v6,0.209,322,0.978,0.474,3.694e-19,706,B4P7H8
rank0036_ca6_proteinbinders_0274_A,AF-Q9EPV5-F1-model_v6,0.278,301,0.947,0.237,1.035e-18,701,Q9EPV5
rank0036_ca6_proteinbinders_0274_A,AF-Q5E959-F1-model_v6,0.259,317,0.997,0.84,5.298e-19,699,Q5E959
rank0036_ca6_proteinbinders_0274_A,AF-A2RRU3-F1-model_v6,0.263,303,0.953,0.534,5.959e-18,698,A2RRU3
rank0036_ca6_proteinbinders_0274_A,AF-O82266-F1-model_v6,0.29,302,0.95,0.54,3.947e-18,698,O82266
rank0036_ca6_proteinbinders_0274_A,AF-Q39336-F1-model_v6,0.269,310,0.965,0.948,1.089e-18,697,Q39336
rank0036_ca6_proteinbinders_0274_A,AF-Q32LN7-F1-model_v6,0.297,263,0.827,0.826,8.116e-18,695,Q32LN7
rank0036_ca6_proteinbinders_0274_A,AF-O80990-F1-model_v6,0.281,329,0.965,0.935,3.561e-18,694,O80990
rank0036_ca6_proteinbinders_0274_A,AF-Q12220-F1-model_v6,0.26,309,0.972,0.317,2.358e-18,693,Q12220
rank0036_ca6_proteinbinders_0274_A,AF-C4JZS6-F1-model_v6,0.259,330,0.937,0.74,3.212e-18,689,C4JZS6
rank0036_ca6_proteinbinders_0274_A,AF-B3MET8-F1-model_v6,0.211,313,0.978,0.469,1.253e-19,689,B3MET8
rank0036_ca6_proteinbinders_0274_A,AF-Q5FVN8-F1-model_v6,0.317,297,0.934,0.618,6.605e-18,688,Q5FVN8
rank0036_ca6_proteinbinders_0274_A,AF-Q4V7A0-F1-model_v6,0.303,263,0.827,0.826,3.382e-18,685,Q4V7A0
rank0036_ca6_proteinbinders_0274_A,AF-O74319-F1-model_v6,0.27,277,0.858,0.431,1.823e-18,684,O74319
rank0036_ca6_proteinbinders_0274_A,AF-O94620-F1-model_v6,0.246,306,0.962,0.85,4.439e-17,680,O94620
rank0036_ca6_proteinbinders_0274_A,AF-O75529-F1-model_v6,0.298,291,0.833,0.494,8.996e-18,680,O75529
rank0036_ca6_proteinbinders_0274_A,AF-Q94BR4-F1-model_v6,0.277,267,0.84,0.488,1.225e-17,679,Q94BR4
rank0036_ca6_proteinbinders_0274_A,AF-A7MB12-F1-model_v6,0.256,303,0.953,0.543,2.393e-17,678,A7MB12
rank0036_ca6_proteinbinders_0274_A,AF-Q6CBI8-F1-model_v6,0.277,319,0.94,0.961,4.155e-18,677,Q6CBI8
rank0036_ca6_proteinbinders_0274_A,AF-Q54S59-F1-model_v6,0.24,292,0.918,0.92,3.096e-17,676,Q54S59
rank0036_ca6_proteinbinders_0274_A,AF-P62881-2-F1-model_v6,0.235,298,0.937,0.816,2.05e-17,676,P62881-2
rank0036_ca6_proteinbinders_0274_A,AF-Q5XGE2-F1-model_v6,0.251,301,0.947,0.544,2.793e-17,675,Q5XGE2
rank0036_ca6_proteinbinders_0274_A,AF-Q5XIG8-F1-model_v6,0.254,317,0.997,0.84,9.334e-19,674,Q5XIG8
rank0036_ca6_proteinbinders_0274_A,AF-C4R6H3-F1-model_v6,0.215,367,0.956,0.734,9.827e-19,674,C4R6H3
rank0036_ca6_proteinbinders_0274_A,AF-Q9ERF3-F1-model_v6,0.303,263,0.827,0.826,7.321e-18,673,Q9ERF3
rank0036_ca6_proteinbinders_0274_A,AF-Q5DFU0-F1-model_v6,0.247,330,0.934,0.938,7.708e-18,673,Q5DFU0
rank0036_ca6_proteinbinders_0274_A,AF-Q9GZS3-F1-model_v6,0.306,263,0.827,0.826,2.273e-17,671,Q9GZS3
rank0036_ca6_proteinbinders_0274_A,AF-Q29HG9-F1-model_v6,0.261,302,0.95,0.933,4.155e-18,669,Q29HG9
rank0036_ca6_proteinbinders_0274_A,AF-Q20636-F1-model_v6,0.237,298,0.937,0.775,6.366e-17,669,Q20636
rank0036_ca6_proteinbinders_0274_A,AF-P62882-F1-model_v6,0.235,298,0.937,0.816,3.804e-17,667,P62882
rank0036_ca6_proteinbinders_0274_A,AF-O22785-F1-model_v6,0.307,264,0.83,0.478,1.43e-17,667,O22785
rank0036_ca6_proteinbinders_0274_A,AF-Q1HPW4-F1-model_v6,0.175,303,0.94,0.921,1.164e-17,666,Q1HPW4
rank0036_ca6_proteinbinders_0274_A,AF-Q7ZXZ2-F1-model_v6,0.251,301,0.947,0.544,5.743e-17,666,Q7ZXZ2
rank0036_ca6_proteinbinders_0274_A,AF-Q9C0J8-F1-model_v6,0.265,300,0.943,0.213,1.585e-17,666,Q9C0J8
rank0036_ca6_proteinbinders_0274_A,AF-Q6DH44-F1-model_v6,0.261,302,0.95,0.892,4.439e-17,665,Q6DH44
rank0036_ca6_proteinbinders_0274_A,AF-Q5REE0-F1-model_v6,0.246,303,0.953,0.544,4.005e-17,664,Q5REE0
rank0036_ca6_proteinbinders_0274_A,AF-O62471-F1-model_v6,0.209,334,0.969,0.21,3.166e-19,664,O62471
rank0036_ca6_proteinbinders_0274_A,AF-Q9W328-F1-model_v6,0.262,302,0.95,0.936,1.358e-17,663,Q9W328
rank0036_ca6_proteinbinders_0274_A,AF-Q6P0D9-F1-model_v6,0.281,309,0.94,0.936,1.757e-17,663,Q6P0D9
rank0036_ca6_proteinbinders_0274_A,AF-B3RNR8-F1-model_v6,0.258,305,0.928,0.974,7.708e-18,661,B3RNR8
rank0036_ca6_proteinbinders_0274_A,AF-Q5F3D7-F1-model_v6,0.25,303,0.953,0.542,7.056e-17,660,Q5F3D7
rank0036_ca6_proteinbinders_0274_A,AF-Q9Y3F4-2-F1-model_v6,0.249,317,0.997,0.846,8.866e-19,659,Q9Y3F4-2
rank0036_ca6_proteinbinders_0274_A,AF-Q8C7V3-F1-model_v6,0.259,303,0.953,0.534,7.821e-17,659,Q8C7V3
rank0036_ca6_proteinbinders_0274_A,AF-P90648-F1-model_v6,0.274,300,0.943,0.369,4.216e-17,659,P90648
rank0036_ca6_proteinbinders_0274_A,AF-Q75C26-F1-model_v6,0.274,312,0.965,0.951,8.116e-18,658,Q75C26
rank0036_ca6_proteinbinders_0274_A,AF-U4PCM1-F1-model_v6,0.236,315,0.991,0.365,1.85e-17,658,U4PCM1
rank0036_ca6_proteinbinders_0274_A,AF-Q5I0B4-F1-model_v6,0.209,305,0.959,0.933,9.972e-18,657,Q5I0B4
rank0036_ca6_proteinbinders_0274_A,AF-Q8N1V2-3-F1-model_v6,0.205,300,0.943,0.513,6.702e-17,657,Q8N1V2-3
rank0036_ca6_proteinbinders_0274_A,AF-A0AUS0-F1-model_v6,0.287,297,0.934,0.604,8.996e-18,656,A0AUS0
rank0036_ca6_proteinbinders_0274_A,AF-Q8K4P0-F1-model_v6,0.265,300,0.943,0.214,3.096e-17,656,Q8K4P0
rank0036_ca6_proteinbinders_0274_A,AF-Q9DCJ1-F1-model_v6,0.214,305,0.959,0.933,3.749e-18,655,Q9DCJ1
rank0036_ca6_proteinbinders_0274_A,AF-O43017-F1-model_v6,0.336,225,0.708,0.553,1.783e-16,655,O43017
rank0036_ca6_proteinbinders_0274_A,AF-Q921C3-2-F1-model_v6,0.249,321,0.975,0.142,1.462e-19,654,Q921C3-2
rank0036_ca6_proteinbinders_0274_A,AF-Q7T2F6-F1-model_v6,0.275,346,0.943,0.818,2.159e-17,653,Q7T2F6
rank0036_ca6_proteinbinders_0274_A,AF-Q6PA72-F1-model_v6,0.209,305,0.959,0.933,1.43e-17,652,Q6PA72
rank0036_ca6_proteinbinders_0274_A,AF-Q9AV81-F1-model_v6,0.286,264,0.83,0.484,3.431e-17,651,Q9AV81
rank0036_ca6_proteinbinders_0274_A,AF-Q921C3-F1-model_v6,0.249,321,0.975,0.139,1.892e-19,651,Q921C3
rank0036_ca6_proteinbinders_0274_A,AF-Q803V5-F1-model_v6,0.212,305,0.959,0.933,1.29e-17,650,Q803V5
rank0036_ca6_proteinbinders_0274_A,AF-Q17QU5-F1-model_v6,0.22,305,0.959,0.933,5.959e-18,649,Q17QU5
rank0036_ca6_proteinbinders_0274_A,AF-B6K1G6-F1-model_v6,0.282,318,0.969,0.52,1.29e-17,649,B6K1G6
rank0036_ca6_proteinbinders_0274_A,AF-Q9Z2K5-F1-model_v6,0.214,305,0.959,0.933,6.605e-18,647,Q9Z2K5
rank0036_ca6_proteinbinders_0274_A,AF-Q8N0X2-2-F1-model_v6,0.344,234,0.736,0.49,4.064e-16,646,Q8N0X2-2
rank0036_ca6_proteinbinders_0274_A,AF-Q8N157-2-F1-model_v6,0.2,298,0.915,0.283,2.05e-17,644,Q8N157-2
rank0036_ca6_proteinbinders_0274_A,AF-Q9R1K5-F1-model_v6,0.259,298,0.937,0.572,3.804e-17,640,Q9R1K5
rank0036_ca6_proteinbinders_0274_A,AF-Q6FJ73-F1-model_v6,0.271,321,0.943,0.953,2.94e-17,638,Q6FJ73
rank0036_ca6_proteinbinders_0274_A,AF-Q9UM11-F1-model_v6,0.259,298,0.937,0.569,4.439e-17,637,Q9UM11
rank0036_ca6_proteinbinders_0274_A,AF-Q9NRL3-F1-model_v6,0.233,312,0.934,0.414,3.259e-17,637,Q9NRL3
rank0036_ca6_proteinbinders_0274_A,AF-Q6BUA6-F1-model_v6,0.213,405,0.937,0.766,5.375e-18,636,Q6BUA6
rank0036_ca6_proteinbinders_0274_A,AF-Q8K3E5-2-F1-model_v6,0.222,266,0.814,0.265,1.29e-17,636,Q8K3E5-2
rank0036_ca6_proteinbinders_0274_A,AF-Q5ZMC3-F1-model_v6,0.277,299,0.94,0.622,2.984e-16,634,Q5ZMC3
rank0036_ca6_proteinbinders_0274_A,AF-Q8TED0-F1-model_v6,0.253,303,0.953,0.544,4.278e-16,631,Q8TED0
rank0036_ca6_proteinbinders_0274_A,AF-Q4P5F5-F1-model_v6,0.232,413,0.95,0.908,1.065e-16,630,Q4P5F5
rank0036_ca6_proteinbinders_0274_A,AF-Q8VDD9-F1-model_v6,0.237,322,0.975,0.177,2.898e-18,630,Q8VDD9
rank0036_ca6_proteinbinders_0274_A,AF-Q9XF57-F1-model_v6,0.259,301,0.94,0.95,2.984e-16,628,Q9XF57
rank0036_ca6_proteinbinders_0274_A,AF-Q38884-F1-model_v6,0.228,307,0.94,0.936,1.451e-16,627,Q38884
rank0036_ca6_proteinbinders_0274_A,AF-A3LNI7-F1-model_v6,0.223,399,0.937,0.761,2.519e-17,627,A3LNI7
rank0036_ca6_proteinbinders_0274_A,AF-B5FZ19-F1-model_v6,0.18,302,0.94,0.929,1.378e-16,623,B5FZ19
rank0036_ca6_proteinbinders_0274_A,AF-Q9XW12-F1-model_v6,0.243,316,0.94,0.938,4.504e-16,622,Q9XW12
rank0036_ca6_proteinbinders_0274_A,AF-P97865-F1-model_v6,0.25,299,0.94,0.937,1.693e-16,621,P97865
rank0036_ca6_proteinbinders_0274_A,AF-B0BNA7-F1-model_v6,0.177,302,0.94,0.929,3.307e-16,621,B0BNA7
rank0036_ca6_proteinbinders_0274_A,AF-Q9UT57-F1-model_v6,0.257,316,0.943,0.52,4.439e-17,621,Q9UT57
rank0036_ca6_proteinbinders_0274_A,AF-P38123-F1-model_v6,0.254,267,0.836,0.848,4.439e-17,620,P38123
rank0036_ca6_proteinbinders_0274_A,AF-A8XSW2-F1-model_v6,0.187,308,0.94,0.446,7.056e-17,619,A8XSW2
rank0036_ca6_proteinbinders_0274_A,AF-Q9QZD9-F1-model_v6,0.18,302,0.94,0.929,2.081e-16,618,Q9QZD9
rank0036_ca6_proteinbinders_0274_A,AF-Q9BVC4-F1-model_v6,0.221,302,0.95,0.923,3.259e-17,618,Q9BVC4
rank0036_ca6_proteinbinders_0274_A,AF-Q9UM11-2-F1-model_v6,0.254,298,0.937,0.572,1.783e-16,617,Q9UM11-2
rank0036_ca6_proteinbinders_0274_A,AF-O00628-F1-model_v6,0.26,299,0.94,0.923,4.993e-16,616,O00628
rank0036_ca6_proteinbinders_0274_A,AF-P41811-F1-model_v6,0.291,264,0.83,0.283,7.16e-16,616,P41811
rank0036_ca6_proteinbinders_0274_A,AF-Q5R7R2-F1-model_v6,0.183,302,0.94,0.929,2.428e-16,615,Q5R7R2
rank0036_ca6_proteinbinders_0274_A,AF-B4LUA5-F1-model_v6,0.18,304,0.94,0.944,1.065e-16,614,B4LUA5
rank0036_ca6_proteinbinders_0274_A,AF-Q54MZ3-F1-model_v6,0.253,297,0.931,0.595,3.804e-17,613,Q54MZ3
rank0036_ca6_proteinbinders_0274_A,AF-B3MVL6-F1-model_v6,0.18,304,0.94,0.944,1.309e-16,612,B3MVL6
rank0036_ca6_proteinbinders_0274_A,AF-Q6CMA2-F1-model_v6,0.275,270,0.818,0.811,5.257e-16,612,Q6CMA2
rank0036_ca6_proteinbinders_0274_A,AF-Q8N157-F1-model_v6,0.185,311,0.978,0.258,2.159e-17,612,Q8N157
rank0036_ca6_proteinbinders_0274_A,AF-Q7ZW33-F1-model_v6,0.248,301,0.947,0.538,3.027e-15,611,Q7ZW33
rank0036_ca6_proteinbinders_0274_A,AF-Q54WA3-F1-model_v6,0.231,300,0.94,0.949,5.257e-16,610,Q54WA3
rank0036_ca6_proteinbinders_0274_A,AF-Q5EBE8-F1-model_v6,0.183,302,0.94,0.929,1.528e-16,610,Q5EBE8
rank0036_ca6_proteinbinders_0274_A,AF-Q8WWQ0-F1-model_v6,0.235,322,0.975,0.177,6.605e-18,610,Q8WWQ0
rank0036_ca6_proteinbinders_0274_A,AF-P0CS30-F1-model_v6,0.206,424,0.965,0.964,8.235e-17,609,P0CS30
rank0036_ca6_proteinbinders_0274_A,AF-Q19124-F1-model_v6,0.204,293,0.921,0.531,4.278e-16,609,Q19124
rank0036_ca6_proteinbinders_0274_A,AF-Q9C1X1-F1-model_v6,0.283,310,0.975,0.343,2.208e-19,609,Q9C1X1
rank0036_ca6_proteinbinders_0274_A,AF-A2AHJ4-F1-model_v6,0.244,324,0.975,0.18,7.321e-18,609,A2AHJ4
rank0036_ca6_proteinbinders_0274_A,AF-B4KGX9-F1-model_v6,0.177,304,0.94,0.944,1.608e-16,608,B4KGX9
rank0036_ca6_proteinbinders_0274_A,AF-A5DHD2-F1-model_v6,0.235,333,0.83,0.872,7.538e-16,607,A5DHD2
rank0036_ca6_proteinbinders_0274_A,AF-Q13347-F1-model_v6,0.18,302,0.94,0.929,4.993e-16,606,Q13347
rank0036_ca6_proteinbinders_0274_A,AF-Q8VYZ5-F1-model_v6,0.308,310,0.975,0.326,2.856e-19,606,Q8VYZ5
rank0036_ca6_proteinbinders_0274_A,AF-O80990-2-F1-model_v6,0.269,316,0.915,0.938,4.742e-16,605,O80990-2
rank0036_ca6_proteinbinders_0274_A,AF-Q6RI45-2-F1-model_v6,0.251,324,0.975,0.199,9.972e-18,605,Q6RI45-2
rank0036_ca6_proteinbinders_0274_A,AF-Q5E966-F1-model_v6,0.183,302,0.94,0.929,5.257e-16,604,Q5E966
rank0036_ca6_proteinbinders_0274_A,AF-Q12834-F1-model_v6,0.277,299,0.94,0.573,6.8e-16,604,Q12834
rank0036_ca6_proteinbinders_0274_A,AF-A8Q2R5-F1-model_v6,0.198,337,0.978,0.511,1.309e-16,604,A8Q2R5
rank0036_ca6_proteinbinders_0274_A,AF-Q8VYZ5-2-F1-model_v6,0.308,310,0.975,0.341,3.166e-19,604,Q8VYZ5-2
rank0036_ca6_proteinbinders_0274_A,AF-Q66J51-F1-model_v6,0.177,302,0.94,0.929,3.141e-16,603,Q66J51
rank0036_ca6_proteinbinders_0274_A,AF-Q6RI45-F1-model_v6,0.247,324,0.975,0.18,1.358e-17,603,Q6RI45
rank0036_ca6_proteinbinders_0274_A,AF-O35242-F1-model_v6,0.205,300,0.943,0.309,1.632e-15,599,O35242
rank0036_ca6_proteinbinders_0274_A,AF-A7RM20-F1-model_v6,0.184,299,0.94,0.928,3.666e-16,598,A7RM20
rank0036_ca6_proteinbinders_0274_A,AF-B0XFT7-F1-model_v6,0.185,306,0.94,0.933,2.191e-16,598,B0XFT7
rank0036_ca6_proteinbinders_0274_A,AF-Q9C270-F1-model_v6,0.288,310,0.975,0.326,2.447e-19,598,Q9C270
rank0036_ca6_proteinbinders_0274_A,AF-Q05583-F1-model_v6,0.275,313,0.965,0.948,1.378e-16,596,Q05583
rank0036_ca6_proteinbinders_0274_A,AF-P0CS31-F1-model_v6,0.201,424,0.965,0.964,6.366e-17,596,P0CS31
rank0036_ca6_proteinbinders_0274_A,AF-Q29L19-F1-model_v6,0.183,304,0.94,0.933,4.993e-16,594,Q29L19
rank0036_ca6_proteinbinders_0274_A,AF-A6ZYM0-F1-model_v6,0.274,313,0.965,0.948,2.834e-16,594,A6ZYM0
rank0036_ca6_proteinbinders_0274_A,AF-P42841-F1-model_v6,0.211,300,0.943,0.613,1.55e-15,593,P42841
rank0036_ca6_proteinbinders_0274_A,AF-Q20059-F1-model_v6,0.195,325,0.997,0.476,5.181e-17,593,Q20059
rank0036_ca6_proteinbinders_0274_A,AF-Q5IH81-F1-model_v6,0.172,300,0.934,0.901,9.262e-16,591,Q5IH81
rank0036_ca6_proteinbinders_0274_A,AF-Q20059-2-F1-model_v6,0.189,325,0.997,0.478,7.821e-17,591,Q20059-2
rank0036_ca6_proteinbinders_0274_A,AF-Q20059-3-F1-model_v6,0.186,325,0.997,0.466,3.096e-17,590,Q20059-3
rank0036_ca6_proteinbinders_0274_A,AF-B3N4C7-F1-model_v6,0.18,304,0.94,0.933,6.459e-16,589,B3N4C7
rank0036_ca6_proteinbinders_0274_A,AF-Q54MT0-F1-model_v6,0.185,300,0.94,0.906,1.718e-15,588,Q54MT0
rank0036_ca6_proteinbinders_0274_A,AF-Q54PE0-F1-model_v6,0.268,310,0.975,0.32,5.872e-19,588,Q54PE0
rank0036_ca6_proteinbinders_0274_A,AF-P40217-F1-model_v6,0.18,310,0.94,0.893,1.398e-15,587,P40217
rank0036_ca6_proteinbinders_0274_A,AF-Q8TED0-3-F1-model_v6,0.244,293,0.921,0.547,1.55e-15,587,Q8TED0-3
rank0036_ca6_proteinbinders_0274_A,AF-Q5AG86-F1-model_v6,0.248,369,0.94,0.963,1.181e-16,586,Q5AG86
rank0036_ca6_proteinbinders_0274_A,AF-Q803X4-F1-model_v6,0.186,310,0.975,0.667,1.027e-15,586,Q803X4
rank0036_ca6_proteinbinders_0274_A,AF-Q7ZV55-F1-model_v6,0.186,302,0.94,0.929,2.223e-15,585,Q7ZV55
rank0036_ca6_proteinbinders_0274_A,AF-Q6BIR9-F1-model_v6,0.214,378,0.934,0.959,1.632e-15,585,Q6BIR9
rank0036_ca6_proteinbinders_0274_A,AF-P0CS32-F1-model_v6,0.181,308,0.934,0.903,3.187e-15,584,P0CS32
rank0036_ca6_proteinbinders_0274_A,AF-B4MU54-F1-model_v6,0.231,305,0.947,0.721,3.307e-16,584,B4MU54
rank0036_ca6_proteinbinders_0274_A,AF-Q9LF27-F1-model_v6,0.2,315,0.934,0.727,1.783e-16,584,Q9LF27
rank0036_ca6_proteinbinders_0274_A,AF-Q5R664-F1-model_v6,0.261,302,0.943,0.333,4.993e-16,583,Q5R664
rank0036_ca6_proteinbinders_0274_A,AF-Q8BU03-F1-model_v6,0.253,310,0.975,0.319,4.375e-18,583,Q8BU03
rank0036_ca6_proteinbinders_0274_A,AF-B4N0L0-F1-model_v6,0.181,304,0.94,0.944,6.135e-16,581,B4N0L0
rank0036_ca6_proteinbinders_0274_A,AF-O55029-F1-model_v6,0.261,302,0.943,0.334,4.504e-16,580,O55029
rank0036_ca6_proteinbinders_0274_A,AF-Q5VQ78-F1-model_v6,0.247,313,0.95,0.345,4.742e-16,580,Q5VQ78
rank0036_ca6_proteinbinders_0274_A,AF-Q9W5Z5-F1-model_v6,0.272,351,0.94,0.822,1.608e-16,579,Q9W5Z5
rank0036_ca6_proteinbinders_0274_A,AF-O35142-F1-model_v6,0.258,264,0.83,0.277,3.533e-15,579,O35142
rank0036_ca6_proteinbinders_0274_A,AF-Q20168-F1-model_v6,0.268,302,0.94,0.302,5.827e-16,579,Q20168
rank0036_ca6_proteinbinders_0274_A,AF-B3RQN1-F1-model_v6,0.24,283,0.833,0.655,5.535e-16,578,B3RQN1
rank0036_ca6_proteinbinders_0274_A,AF-P35606-F1-model_v6,0.261,302,0.943,0.333,6.459e-16,578,P35606
rank0036_ca6_proteinbinders_0274_A,AF-Q4WX90-F1-model_v6,0.211,310,0.94,0.912,3.72e-15,577,Q4WX90
rank0036_ca6_proteinbinders_0274_A,AF-Q2UQ34-F1-model_v6,0.201,305,0.94,0.91,3.533e-15,576,Q2UQ34
rank0036_ca6_proteinbinders_0274_A,AF-Q9JJA4-F1-model_v6,0.259,321,0.994,0.759,8.67e-17,576,Q9JJA4
rank0036_ca6_proteinbinders_0274_A,AF-P0CS33-F1-model_v6,0.184,308,0.934,0.903,6.554e-15,575,P0CS33
rank0036_ca6_proteinbinders_0274_A,AF-Q15269-F1-model_v6,0.246,310,0.975,0.319,1.05e-17,573,Q15269
rank0036_ca6_proteinbinders_0274_A,AF-Q7RY68-F1-model_v6,0.216,310,0.943,0.47,3.916e-15,572,Q7RY68
rank0036_ca6_proteinbinders_0274_A,AF-P35605-F1-model_v6,0.261,302,0.943,0.333,7.936e-16,572,P35605
rank0036_ca6_proteinbinders_0274_A,AF-Q8NHY2-F1-model_v6,0.221,305,0.934,0.417,1.905e-15,571,Q8NHY2
rank0036_ca6_proteinbinders_0274_A,AF-P25635-F1-model_v6,0.277,307,0.965,0.314,2.128e-18,571,P25635
rank0036_ca6_proteinbinders_0274_A,AF-Q1Q0T4-F1-model_v6,0.184,333,0.934,0.863,3.356e-15,570,Q1Q0T4
rank0036_ca6_proteinbinders_0274_A,AF-Q8NHY2-2-F1-model_v6,0.227,305,0.934,0.431,1.905e-15,570,Q8NHY2-2
rank0036_ca6_proteinbinders_0274_A,AF-A6RUL1-F1-model_v6,0.187,309,0.953,0.922,6.554e-15,569,A6RUL1
rank0036_ca6_proteinbinders_0274_A,AF-Q09406-F1-model_v6,0.213,299,0.94,0.539,5.334e-15,569,Q09406
rank0036_ca6_proteinbinders_0274_A,AF-Q6H8D5-F1-model_v6,0.252,302,0.943,0.332,1.081e-15,569,Q6H8D5
rank0036_ca6_proteinbinders_0274_A,AF-Q9NSI6-2-F1-model_v6,0.239,319,0.969,0.141,4.921e-17,569,Q9NSI6-2
rank0036_ca6_proteinbinders_0274_A,AF-A8WVX8-F1-model_v6,0.196,304,0.94,0.93,5.913e-15,567,A8WVX8
rank0036_ca6_proteinbinders_0274_A,AF-A7THX0-F1-model_v6,0.206,308,0.94,0.436,1.012e-16,567,A7THX0
rank0036_ca6_proteinbinders_0274_A,AF-O42937-F1-model_v6,0.261,299,0.931,0.376,1.55e-15,567,O42937
rank0036_ca6_proteinbinders_0274_A,AF-Q5AI86-F1-model_v6,0.189,315,0.94,0.9,8.478e-15,566,Q5AI86
rank0036_ca6_proteinbinders_0274_A,AF-Q16K15-F1-model_v6,0.183,304,0.94,0.933,2.464e-15,565,Q16K15
rank0036_ca6_proteinbinders_0274_A,AF-Q7RXH4-F1-model_v6,0.18,309,0.953,0.893,5.616e-15,565,Q7RXH4
rank0036_ca6_proteinbinders_0274_A,AF-Q7QJ33-F1-model_v6,0.254,275,0.824,0.643,2.875e-15,565,Q7QJ33
rank0036_ca6_proteinbinders_0274_A,AF-P79083-F1-model_v6,0.191,305,0.94,0.93,4.123e-15,564,P79083
rank0036_ca6_proteinbinders_0274_A,AF-A7TLU2-F1-model_v6,0.252,329,0.934,0.948,5.535e-16,564,A7TLU2
rank0036_ca6_proteinbinders_0274_A,AF-Q9GZL7-F1-model_v6,0.245,321,0.997,0.759,2.984e-16,564,Q9GZL7
rank0036_ca6_proteinbinders_0274_A,AF-B0XYC8-F1-model_v6,0.207,310,0.94,0.912,5.334e-15,563,B0XYC8
rank0036_ca6_proteinbinders_0274_A,AF-B4P116-F1-model_v6,0.242,303,0.947,0.721,2.005e-15,563,B4P116
rank0036_ca6_proteinbinders_0274_A,AF-Q8NHY2-3-F1-model_v6,0.229,305,0.934,0.603,1.55e-15,563,Q8NHY2-3
rank0036_ca6_proteinbinders_0274_A,AF-Q8NHY2-4-F1-model_v6,0.233,304,0.931,0.428,1.632e-15,563,Q8NHY2-4
rank0036_ca6_proteinbinders_0274_A,AF-Q5RFQ3-F1-model_v6,0.243,310,0.975,0.319,2.393e-17,562,Q5RFQ3
rank0036_ca6_proteinbinders_0274_A,AF-Q9R1A8-F1-model_v6,0.23,304,0.931,0.415,2.005e-15,559,Q9R1A8
rank0036_ca6_proteinbinders_0274_A,AF-Q8CFD5-F1-model_v6,0.233,319,0.943,0.804,7.16e-16,558,Q8CFD5
rank0036_ca6_proteinbinders_0274_A,AF-Q54MP8-F1-model_v6,0.19,381,0.975,0.173,7.429e-17,558,Q54MP8
rank0036_ca6_proteinbinders_0274_A,AF-P91341-F1-model_v6,0.239,307,0.965,0.316,1.05e-17,557,P91341
rank0036_ca6_proteinbinders_0274_A,AF-B3LJT5-F1-model_v6,0.217,337,0.94,0.682,3.916e-15,556,B3LJT5
rank0036_ca6_proteinbinders_0274_A,AF-Q08122-1-F1-model_v6,0.21,307,0.965,0.37,2.771e-14,556,Q08122-1
rank0036_ca6_proteinbinders_0274_A,AF-A8QBF3-F1-model_v6,0.177,304,0.94,0.93,9.398e-15,555,A8QBF3
rank0036_ca6_proteinbinders_0274_A,AF-Q6NVS5-F1-model_v6,0.21,312,0.981,0.67,3.187e-15,555,Q6NVS5
rank0036_ca6_proteinbinders_0274_A,AF-Q17BB0-F1-model_v6,0.217,276,0.824,0.646,4.57e-15,554,Q17BB0
rank0036_ca6_proteinbinders_0274_A,AF-A7EF03-F1-model_v6,0.184,309,0.953,0.922,1.28e-14,553,A7EF03
rank0036_ca6_proteinbinders_0274_A,AF-A9VDW7-F1-model_v6,0.239,346,0.95,0.684,1.718e-15,553,A9VDW7
rank0036_ca6_proteinbinders_0274_A,AF-P93471-F1-model_v6,0.213,311,0.978,0.451,4.812e-15,552,P93471
rank0036_ca6_proteinbinders_0274_A,AF-Q4R4I8-F1-model_v6,0.259,302,0.94,0.333,4.123e-15,552,Q4R4I8
rank0036_ca6_proteinbinders_0274_A,AF-A1D7I5-F1-model_v6,0.211,310,0.94,0.912,1.097e-14,551,A1D7I5
rank0036_ca6_proteinbinders_0274_A,AF-Q965S8-F1-model_v6,0.181,304,0.94,0.93,8.478e-15,550,Q965S8
rank0036_ca6_proteinbinders_0274_A,AF-P54198-F1-model_v6,0.226,353,0.965,0.347,3.187e-15,550,P54198
rank0036_ca6_proteinbinders_0274_A,AF-A6ZMK5-F1-model_v6,0.187,310,0.94,0.893,1.419e-14,549,A6ZMK5
rank0036_ca6_proteinbinders_0274_A,AF-B4GT01-F1-model_v6,0.236,303,0.947,0.723,5.066e-15,549,B4GT01
rank0036_ca6_proteinbinders_0274_A,AF-Q9LJR3-F1-model_v6,0.219,307,0.94,0.363,9.895e-15,548,Q9LJR3
rank0036_ca6_proteinbinders_0274_A,AF-Q9H7D7-2-F1-model_v6,0.25,300,0.943,0.445,4.341e-15,547,Q9H7D7-2
rank0036_ca6_proteinbinders_0274_A,AF-A0A1P8AW69-F1-model_v6,0.231,310,0.975,0.243,1.919e-18,547,A0A1P8AW69
rank0036_ca6_proteinbinders_0274_A,AF-A1CJY4-F1-model_v6,0.189,310,0.94,0.912,5.616e-15,546,A1CJY4
rank0036_ca6_proteinbinders_0274_A,AF-Q61666-F1-model_v6,0.224,353,0.965,0.348,3.533e-15,546,Q61666
rank0036_ca6_proteinbinders_0274_A,AF-O17468-F1-model_v6,0.28,306,0.83,0.292,5.913e-15,546,O17468
rank0036_ca6_proteinbinders_0274_A,AF-O62621-F1-model_v6,0.24,314,0.95,0.344,3.916e-15,545,O62621
rank0036_ca6_proteinbinders_0274_A,AF-A7TH19-F1-model_v6,0.159,309,0.94,0.89,2.375e-14,544,A7TH19
rank0036_ca6_proteinbinders_0274_A,AF-Q29KQ0-F1-model_v6,0.226,271,0.824,0.647,5.334e-15,544,Q29KQ0
rank0036_ca6_proteinbinders_0274_A,AF-B4Q9T6-F1-model_v6,0.23,302,0.943,0.719,6.9e-15,544,B4Q9T6
rank0036_ca6_proteinbinders_0274_A,AF-Q9FNN2-F1-model_v6,0.234,300,0.943,0.486,4.57e-15,543,Q9FNN2
rank0036_ca6_proteinbinders_0274_A,AF-P43254-F1-model_v6,0.21,311,0.978,0.449,8.927e-15,543,P43254
rank0036_ca6_proteinbinders_0274_A,AF-B0W517-F1-model_v6,0.217,277,0.824,0.652,6.554e-15,542,B0W517
rank0036_ca6_proteinbinders_0274_A,AF-Q9H7D7-F1-model_v6,0.25,300,0.943,0.434,5.913e-15,542,Q9H7D7
rank0036_ca6_proteinbinders_0274_A,AF-O75083-F1-model_v6,0.244,306,0.962,0.492,3.482e-16,541,O75083
rank0036_ca6_proteinbinders_0274_A,AF-Q9VKQ3-F1-model_v6,0.239,303,0.947,0.721,1.155e-14,540,Q9VKQ3
rank0036_ca6_proteinbinders_0274_A,AF-A6ZPA6-F1-model_v6,0.217,337,0.94,0.682,1.348e-14,540,A6ZPA6
rank0036_ca6_proteinbinders_0274_A,AF-Q0CXH9-F1-model_v6,0.197,306,0.94,0.911,3.405e-14,539,Q0CXH9
rank0036_ca6_proteinbinders_0274_A,AF-A6ZQL5-F1-model_v6,0.205,314,0.94,0.44,5.334e-15,539,A6ZQL5
rank0036_ca6_proteinbinders_0274_A,AF-P79987-F1-model_v6,0.232,353,0.965,0.346,6.225e-15,538,P79987
rank0036_ca6_proteinbinders_0274_A,AF-B3N534-F1-model_v6,0.242,303,0.947,0.721,1.042e-14,537,B3N534
rank0036_ca6_proteinbinders_0274_A,AF-B4HWV6-F1-model_v6,0.239,302,0.943,0.719,8.927e-15,536,B4HWV6
rank0036_ca6_proteinbinders_0274_A,AF-Q61666-2-F1-model_v6,0.225,353,0.965,0.627,4.341e-15,535,Q61666-2
rank0036_ca6_proteinbinders_0274_A,AF-O17468-3-F1-model_v6,0.283,306,0.83,0.7,6.9e-15,534,O17468-3
rank0036_ca6_proteinbinders_0274_A,AF-Q9Y4P3-F1-model_v6,0.213,314,0.956,0.702,1.262e-15,533,Q9Y4P3
rank0036_ca6_proteinbinders_0274_A,AF-Q9FND4-F1-model_v6,0.24,300,0.943,0.554,5.913e-15,532,Q9FND4
rank0036_ca6_proteinbinders_0274_A,AF-P47025-F1-model_v6,0.205,314,0.94,0.44,5.334e-15,532,P47025
rank0036_ca6_proteinbinders_0274_A,AF-Q5B8Y3-F1-model_v6,0.203,306,0.94,0.911,4.184e-14,531,Q5B8Y3
rank0036_ca6_proteinbinders_0274_A,AF-Q54R82-F1-model_v6,0.213,331,0.943,0.351,1.573e-14,531,Q54R82
rank0036_ca6_proteinbinders_0274_A,AF-B4LS78-F1-model_v6,0.236,302,0.943,0.721,2.375e-14,528,B4LS78
rank0036_ca6_proteinbinders_0274_A,AF-C8ZH19-F1-model_v6,0.219,331,0.918,0.67,1.097e-14,528,C8ZH19
rank0036_ca6_proteinbinders_0274_A,AF-Q8NHV4-F1-model_v6,0.212,305,0.959,0.436,8.053e-15,528,Q8NHV4
rank0036_ca6_proteinbinders_0274_A,AF-Q6ZJX0-F1-model_v6,0.194,334,0.965,0.888,8.053e-15,527,Q6ZJX0
rank0036_ca6_proteinbinders_0274_A,AF-Q1DPU4-F1-model_v6,0.215,279,0.833,0.821,3.585e-14,526,Q1DPU4
rank0036_ca6_proteinbinders_0274_A,AF-Q0USG2-F1-model_v6,0.21,418,0.981,0.944,1.809e-15,526,Q0USG2
rank0036_ca6_proteinbinders_0274_A,AF-B3MJV8-F1-model_v6,0.237,304,0.95,0.726,1.155e-14,525,B3MJV8
rank0036_ca6_proteinbinders_0274_A,AF-Q8QFR2-F1-model_v6,0.222,353,0.965,0.348,1.494e-14,523,Q8QFR2
rank0036_ca6_proteinbinders_0274_A,AF-P54198-2-F1-model_v6,0.232,353,0.975,0.436,1.743e-14,521,P54198-2
rank0036_ca6_proteinbinders_0274_A,AF-Q3MV14-F1-model_v6,0.19,360,0.94,0.933,2.464e-15,519,Q3MV14
rank0036_ca6_proteinbinders_0274_A,AF-A8PWQ8-F1-model_v6,0.236,318,0.796,0.893,8.927e-15,518,A8PWQ8
rank0036_ca6_proteinbinders_0274_A,AF-B4KKN1-F1-model_v6,0.223,271,0.824,0.647,4.184e-14,517,B4KKN1
rank0036_ca6_proteinbinders_0274_A,AF-Q8NHV4-3-F1-model_v6,0.21,308,0.969,0.436,1.573e-14,517,Q8NHV4-3
rank0036_ca6_proteinbinders_0274_A,AF-O42611-F1-model_v6,0.237,353,0.965,0.344,2.255e-14,517,O42611
rank0036_ca6_proteinbinders_0274_A,AF-P90916-F1-model_v6,0.189,359,0.965,0.861,2.142e-14,516,P90916
rank0036_ca6_proteinbinders_0274_A,AF-Q93ZG3-F1-model_v6,0.194,385,0.947,0.856,1.155e-14,515,Q93ZG3
rank0036_ca6_proteinbinders_0274_A,AF-A2QEV8-F1-model_v6,0.165,317,0.997,0.938,2.918e-14,513,A2QEV8
rank0036_ca6_proteinbinders_0274_A,AF-A5DGL8-F1-model_v6,0.178,313,0.94,0.899,3.638e-13,511,A5DGL8
rank0036_ca6_proteinbinders_0274_A,AF-F1DLK1-F1-model_v6,0.211,351,0.94,0.936,2.464e-15,511,F1DLK1
rank0036_ca6_proteinbinders_0274_A,AF-Q13216-F1-model_v6,0.207,313,0.921,0.79,1.494e-14,510,Q13216
rank0036_ca6_proteinbinders_0274_A,AF-Q5SP67-F1-model_v6,0.245,302,0.95,0.502,1.172e-13,505,Q5SP67
rank0036_ca6_proteinbinders_0274_A,AF-A4RD35-F1-model_v6,0.217,321,0.94,0.253,7.002e-14,505,A4RD35
rank0036_ca6_proteinbinders_0274_A,AF-Q7KWK5-F1-model_v6,0.172,297,0.934,0.572,2.174e-13,504,Q7KWK5
rank0036_ca6_proteinbinders_0274_A,AF-Q9T014-F1-model_v6,0.2,308,0.934,0.297,1.113e-13,503,Q9T014
rank0036_ca6_proteinbinders_0274_A,AF-Q6CKX3-F1-model_v6,0.206,277,0.833,0.798,1.234e-13,502,Q6CKX3
rank0036_ca6_proteinbinders_0274_A,AF-A6ZZZ8-F1-model_v6,0.189,322,0.94,0.499,1.155e-14,502,A6ZZZ8
rank0036_ca6_proteinbinders_0274_A,AF-Q6FLI3-F1-model_v6,0.255,266,0.821,0.459,4.341e-15,501,Q6FLI3
rank0036_ca6_proteinbinders_0274_A,AF-Q5BIM8-F1-model_v6,0.212,319,0.943,0.804,5.698e-14,500,Q5BIM8
rank0036_ca6_proteinbinders_0274_A,AF-Q6CSI1-F1-model_v6,0.217,349,0.94,0.855,6.316e-14,498,Q6CSI1
rank0036_ca6_proteinbinders_0274_A,AF-P36130-F1-model_v6,0.186,322,0.94,0.501,2.375e-14,498,P36130
rank0036_ca6_proteinbinders_0274_A,AF-A4RDD7-F1-model_v6,0.221,274,0.833,0.804,2.174e-13,496,A4RDD7
rank0036_ca6_proteinbinders_0274_A,AF-P42000-F1-model_v6,0.161,308,0.965,0.718,2.918e-14,495,P42000
rank0036_ca6_proteinbinders_0274_A,AF-Q6BSL7-F1-model_v6,0.177,314,0.94,0.9,2.288e-13,493,Q6BSL7
rank0036_ca6_proteinbinders_0274_A,AF-Q5SSI6-F1-model_v6,0.187,307,0.965,0.549,4.405e-14,493,Q5SSI6
rank0036_ca6_proteinbinders_0274_A,AF-P90587-F1-model_v6,0.192,336,0.959,0.559,4.278e-16,493,P90587
rank0036_ca6_proteinbinders_0274_A,AF-O17468-2-F1-model_v6,0.269,323,0.83,0.711,1.516e-13,492,O17468-2
rank0036_ca6_proteinbinders_0274_A,AF-A7TNS8-F1-model_v6,0.186,312,0.934,0.466,4.184e-14,491,A7TNS8
rank0036_ca6_proteinbinders_0274_A,AF-Q2GVT8-F1-model_v6,0.227,315,0.94,0.25,3.405e-14,491,Q2GVT8
rank0036_ca6_proteinbinders_0274_A,AF-Q60973-F1-model_v6,0.209,364,0.965,0.856,7.002e-14,490,Q60973
rank0036_ca6_proteinbinders_0274_A,AF-Q873A1-F1-model_v6,0.222,282,0.827,0.225,9.536e-14,490,Q873A1
rank0036_ca6_proteinbinders_0274_A,AF-P35184-F1-model_v6,0.173,324,0.978,0.752,4.341e-15,489,P35184
rank0036_ca6_proteinbinders_0274_A,AF-Q7SYD5-F1-model_v6,0.204,323,0.94,0.258,4.405e-14,489,Q7SYD5
rank0036_ca6_proteinbinders_0274_A,AF-Q54HW5-F1-model_v6,0.178,329,0.94,0.916,7.761e-14,487,Q54HW5
rank0036_ca6_proteinbinders_0274_A,AF-B2VBU3-F1-model_v6,0.173,313,0.934,0.948,2.96e-13,486,B2VBU3
rank0036_ca6_proteinbinders_0274_A,AF-W7WWA2-F1-model_v6,0.164,317,0.969,0.242,1.419e-14,486,W7WWA2
rank0036_ca6_proteinbinders_0274_A,AF-Q7T0W1-F1-model_v6,0.205,297,0.833,0.408,1.743e-14,485,Q7T0W1
rank0036_ca6_proteinbinders_0274_A,AF-Q1C949-F1-model_v6,0.188,317,0.972,0.949,1.769e-13,484,Q1C949
rank0036_ca6_proteinbinders_0274_A,AF-Q6FT96-F1-model_v6,0.178,305,0.94,0.429,7.372e-14,484,Q6FT96
rank0036_ca6_proteinbinders_0274_A,AF-A3GFK8-F1-model_v6,0.214,311,0.909,0.25,5.999e-14,481,A3GFK8
rank0036_ca6_proteinbinders_0274_A,AF-Q60525-F1-model_v6,0.22,311,0.909,0.578,3.072e-14,480,Q60525
rank0036_ca6_proteinbinders_0274_A,AF-P39108-F1-model_v6,0.181,364,0.943,0.971,5.782e-13,478,P39108
rank0036_ca6_proteinbinders_0274_A,AF-A1DHK2-F1-model_v6,0.202,286,0.827,0.226,8.171e-14,478,A1DHK2
rank0036_ca6_proteinbinders_0274_A,AF-B0WC36-F1-model_v6,0.174,280,0.796,0.325,1.057e-13,477,B0WC36
rank0036_ca6_proteinbinders_0274_A,AF-Q6P315-F1-model_v6,0.205,364,0.965,0.856,2.671e-13,476,Q6P315
rank0036_ca6_proteinbinders_0274_A,AF-Q9Y5J1-F1-model_v6,0.193,307,0.965,0.545,3.117e-13,475,Q9Y5J1
rank0036_ca6_proteinbinders_0274_A,AF-Q6PAX7-F1-model_v6,0.232,345,0.972,0.568,2.556e-16,475,Q6PAX7
rank0036_ca6_proteinbinders_0274_A,AF-O74399-F1-model_v6,0.201,356,0.94,0.481,2.671e-13,475,O74399
rank0036_ca6_proteinbinders_0274_A,AF-B4HN85-F1-model_v6,0.19,301,0.833,0.384,2.632e-14,475,B4HN85
rank0036_ca6_proteinbinders_0274_A,AF-A4IHS2-F1-model_v6,0.192,297,0.833,0.407,4.184e-14,474,A4IHS2
rank0036_ca6_proteinbinders_0274_A,AF-O14727-5-F1-model_v6,0.212,383,0.978,0.327,4.095e-19,474,O14727-5
rank0036_ca6_proteinbinders_0274_A,AF-Q6BRR2-F1-model_v6,0.227,318,0.934,0.251,1.44e-13,474,Q6BRR2
rank0036_ca6_proteinbinders_0274_A,AF-A8XJ40-F1-model_v6,0.237,277,0.827,0.905,1.299e-13,473,A8XJ40
rank0036_ca6_proteinbinders_0274_A,AF-Q7ZXX9-F1-model_v6,0.189,297,0.833,0.408,2.142e-14,473,Q7ZXX9
rank0036_ca6_proteinbinders_0274_A,AF-A1C6X5-F1-model_v6,0.199,286,0.827,0.224,1.596e-13,473,A1C6X5
rank0036_ca6_proteinbinders_0274_A,AF-A8GBC1-F1-model_v6,0.177,315,0.934,0.952,6.748e-13,472,A8GBC1
rank0036_ca6_proteinbinders_0274_A,AF-Q6CU55-F1-model_v6,0.207,328,0.937,0.747,8.729e-13,472,Q6CU55
rank0036_ca6_proteinbinders_0274_A,AF-Q17LZ2-F1-model_v6,0.185,278,0.789,0.321,1.516e-13,472,Q17LZ2
rank0036_ca6_proteinbinders_0274_A,AF-Q4P2B6-F1-model_v6,0.211,349,0.94,0.246,5.412e-14,472,Q4P2B6
rank0036_ca6_proteinbinders_0274_A,AF-Q6D7C2-F1-model_v6,0.19,315,0.934,0.949,4.954e-13,471,Q6D7C2
rank0036_ca6_proteinbinders_0274_A,AF-Q5R654-F1-model_v6,0.212,365,0.965,0.857,2.174e-13,471,Q5R654
rank0036_ca6_proteinbinders_0274_A,AF-O94979-5-F1-model_v6,0.181,323,0.94,0.635,2.065e-13,470,O94979-5
rank0036_ca6_proteinbinders_0274_A,AF-Q1DX43-F1-model_v6,0.195,286,0.827,0.227,1.769e-13,470,Q1DX43
rank0036_ca6_proteinbinders_0274_A,AF-Q54IY5-F1-model_v6,0.159,470,1.0,0.368,1.367e-13,470,Q54IY5
rank0036_ca6_proteinbinders_0274_A,AF-Q8VC51-F1-model_v6,0.207,311,0.909,0.585,4.638e-14,469,Q8VC51
rank0036_ca6_proteinbinders_0274_A,AF-Q0WV90-1-F1-model_v6,0.236,318,0.956,0.284,4.638e-14,469,Q0WV90-1
rank0036_ca6_proteinbinders_0274_A,AF-Q7PTC5-F1-model_v6,0.189,280,0.796,0.324,1.596e-13,467,Q7PTC5
rank0036_ca6_proteinbinders_0274_A,AF-Q8L611-F1-model_v6,0.192,350,0.997,0.317,2.671e-13,466,Q8L611
rank0036_ca6_proteinbinders_0274_A,AF-A1JS71-F1-model_v6,0.192,329,0.956,0.988,7.48e-13,465,A1JS71
rank0036_ca6_proteinbinders_0274_A,AF-Q5XII5-F1-model_v6,0.209,311,0.909,0.585,1.113e-13,465,Q5XII5
rank0036_ca6_proteinbinders_0274_A,AF-Q0CYG9-F1-model_v6,0.188,333,0.947,0.267,1.172e-13,465,Q0CYG9
rank0036_ca6_proteinbinders_0274_A,AF-Q7N6R1-F1-model_v6,0.158,312,0.934,0.951,8.729e-13,464,Q7N6R1
rank0036_ca6_proteinbinders_0274_A,AF-A8QD31-F1-model_v6,0.205,350,0.94,0.405,3.282e-13,464,A8QD31
rank0036_ca6_proteinbinders_0274_A,AF-Q9W7F2-F1-model_v6,0.224,345,0.972,0.568,4.742e-16,463,Q9W7F2
rank0036_ca6_proteinbinders_0274_A,AF-O94979-F1-model_v6,0.183,323,0.94,0.265,4.032e-13,463,O94979
rank0036_ca6_proteinbinders_0274_A,AF-O13637-F1-model_v6,0.205,323,0.94,0.264,1.769e-13,463,O13637
rank0036_ca6_proteinbinders_0274_A,AF-Q5AZM3-F1-model_v6,0.219,286,0.827,0.223,3.455e-13,463,Q5AZM3
rank0036_ca6_proteinbinders_0274_A,AF-Q66D69-F1-model_v6,0.185,317,0.972,0.949,8.291e-13,462,Q66D69
rank0036_ca6_proteinbinders_0274_A,AF-Q3TZ89-F1-model_v6,0.179,325,0.947,0.281,5.782e-13,462,Q3TZ89
rank0036_ca6_proteinbinders_0274_A,AF-O22468-F1-model_v6,0.183,356,0.965,0.858,9.676e-13,461,O22468
rank0036_ca6_proteinbinders_0274_A,AF-Q14137-F1-model_v6,0.214,297,0.833,0.398,1.68e-13,461,Q14137
rank0036_ca6_proteinbinders_0274_A,AF-B4J9K1-F1-model_v6,0.178,301,0.833,0.383,1.44e-13,461,B4J9K1
rank0036_ca6_proteinbinders_0274_A,AF-B2K8S8-F1-model_v6,0.186,317,0.972,0.949,2.409e-13,459,B2K8S8
rank0036_ca6_proteinbinders_0274_A,AF-Q28XF0-F1-model_v6,0.184,301,0.833,0.383,1.367e-13,459,Q28XF0
rank0036_ca6_proteinbinders_0274_A,AF-Q8ZGX4-F1-model_v6,0.181,317,0.972,0.949,1.862e-13,458,Q8ZGX4
rank0036_ca6_proteinbinders_0274_A,AF-Q562C2-F1-model_v6,0.22,297,0.833,0.406,1.769e-13,458,Q562C2
rank0036_ca6_proteinbinders_0274_A,AF-O14727-3-F1-model_v6,0.203,383,0.978,0.321,2.128e-18,457,O14727-3
rank0036_ca6_proteinbinders_0274_A,AF-Q2UF60-F1-model_v6,0.178,319,0.94,0.251,7.104e-13,457,Q2UF60
rank0036_ca6_proteinbinders_0274_A,AF-Q55CT5-F1-model_v6,0.176,357,0.94,0.263,1.073e-12,457,Q55CT5
rank0036_ca6_proteinbinders_0274_A,AF-Q1CFQ1-F1-model_v6,0.189,317,0.972,0.949,3.282e-13,456,Q1CFQ1
rank0036_ca6_proteinbinders_0274_A,AF-B3MHX6-F1-model_v6,0.181,301,0.833,0.38,1.299e-13,456,B3MHX6
rank0036_ca6_proteinbinders_0274_A,AF-A2QBZ0-F1-model_v6,0.206,286,0.827,0.227,5.492e-13,456,A2QBZ0
rank0036_ca6_proteinbinders_0274_A,AF-Q5AAU3-F1-model_v6,0.217,311,0.909,0.246,5.216e-13,456,Q5AAU3
rank0036_ca6_proteinbinders_0274_A,AF-B1JSS6-F1-model_v6,0.178,317,0.972,0.949,2.812e-13,453,B1JSS6
rank0036_ca6_proteinbinders_0274_A,AF-Q13610-F1-model_v6,0.222,272,0.802,0.543,2.322e-12,453,Q13610
rank0036_ca6_proteinbinders_0274_A,AF-Q4X0M4-F1-model_v6,0.198,286,0.827,0.226,3.455e-13,453,Q4X0M4
rank0036_ca6_proteinbinders_0274_A,AF-Q3SWZ7-F1-model_v6,0.192,310,0.909,0.574,1.113e-13,452,Q3SWZ7
rank0036_ca6_proteinbinders_0274_A,AF-O94979-3-F1-model_v6,0.183,323,0.94,0.292,5.492e-13,452,O94979-3
rank0036_ca6_proteinbinders_0274_A,AF-Q2HJ56-F1-model_v6,0.216,272,0.802,0.544,1.99e-12,450,Q2HJ56
rank0036_ca6_proteinbinders_0274_A,AF-Q9BUR4-F1-model_v6,0.22,310,0.909,0.566,4.47e-13,450,Q9BUR4
rank0036_ca6_proteinbinders_0274_A,AF-Q5F3X8-F1-model_v6,0.187,323,0.94,0.263,1.019e-12,450,Q5F3X8
rank0036_ca6_proteinbinders_0274_A,AF-A4TNQ8-F1-model_v6,0.189,317,0.972,0.949,4.954e-13,449,A4TNQ8
rank0036_ca6_proteinbinders_0274_A,AF-Q9Z2Q1-2-F1-model_v6,0.186,323,0.94,0.303,1.129e-12,449,Q9Z2Q1-2
rank0036_ca6_proteinbinders_0274_A,AF-Q5NBT9-F1-model_v6,0.205,318,0.956,0.282,1.299e-13,449,Q5NBT9
rank0036_ca6_proteinbinders_0274_A,AF-Q14137-2-F1-model_v6,0.212,297,0.833,0.468,6.409e-13,448,Q14137-2
rank0036_ca6_proteinbinders_0274_A,AF-A3LXF0-F1-model_v6,0.186,371,0.943,0.459,1.388e-12,448,A3LXF0
rank0036_ca6_proteinbinders_0274_A,AF-A4H6F7-F1-model_v6,0.168,374,0.94,0.503,1.388e-12,447,A4H6F7
rank0036_ca6_proteinbinders_0274_A,AF-Q5S580-F1-model_v6,0.202,286,0.827,0.225,1.252e-12,446,Q5S580
rank0036_ca6_proteinbinders_0274_A,AF-O93277-F1-model_v6,0.216,345,0.972,0.567,3.356e-15,445,O93277
rank0036_ca6_proteinbinders_0274_A,AF-P97452-F1-model_v6,0.228,297,0.833,0.406,4.245e-13,445,P97452
rank0036_ca6_proteinbinders_0274_A,AF-O94979-8-F1-model_v6,0.183,323,0.94,0.262,1.019e-12,445,O94979-8
rank0036_ca6_proteinbinders_0274_A,AF-E9Q4P1-F1-model_v6,0.195,256,0.805,0.602,8.858e-12,444,E9Q4P1
rank0036_ca6_proteinbinders_0274_A,AF-A8AJ27-F1-model_v6,0.17,313,0.928,0.946,8.413e-12,443,A8AJ27
rank0036_ca6_proteinbinders_0274_A,AF-Q9SJW6-F1-model_v6,0.19,284,0.852,0.751,5.492e-13,443,Q9SJW6
rank0036_ca6_proteinbinders_0274_A,AF-A8NZM5-F1-model_v6,0.198,304,0.956,0.725,8.858e-12,443,A8NZM5
rank0036_ca6_proteinbinders_0274_A,AF-Q6CL75-F1-model_v6,0.197,279,0.824,0.227,4.308e-12,443,Q6CL75
rank0036_ca6_proteinbinders_0274_A,AF-O88879-F1-model_v6,0.228,419,0.965,0.335,1.892e-19,443,O88879
rank0036_ca6_proteinbinders_0274_A,AF-Q99LL5-F1-model_v6,0.219,272,0.802,0.543,3.691e-12,442,Q99LL5
rank0036_ca6_proteinbinders_0274_A,AF-O15143-F1-model_v6,0.169,267,0.808,0.718,5.216e-13,441,O15143
rank0036_ca6_proteinbinders_0274_A,AF-P35606-2-F1-model_v6,0.202,332,0.975,0.379,8.053e-15,441,P35606-2
rank0036_ca6_proteinbinders_0274_A,AF-B7M6D0-F1-model_v6,0.165,311,0.921,0.94,8.858e-12,440,B7M6D0
rank0036_ca6_proteinbinders_0274_A,AF-Q58CQ2-F1-model_v6,0.176,267,0.808,0.718,1.252e-12,440,Q58CQ2
rank0036_ca6_proteinbinders_0274_A,AF-B1IXL9-F1-model_v6,0.165,311,0.921,0.94,8.858e-12,439,B1IXL9
rank0036_ca6_proteinbinders_0274_A,AF-Q9HBG6-11-F1-model_v6,0.173,314,0.975,0.316,8.729e-13,439,Q9HBG6-11
rank0036_ca6_proteinbinders_0274_A,AF-Q9NQW1-5-F1-model_v6,0.173,323,0.943,0.274,1.619e-12,439,Q9NQW1-5
rank0036_ca6_proteinbinders_0274_A,AF-B7ULP0-F1-model_v6,0.165,311,0.921,0.94,9.818e-12,438,B7ULP0
rank0036_ca6_proteinbinders_0274_A,AF-Q1JP79-F1-model_v6,0.177,272,0.814,0.735,1.705e-12,438,Q1JP79
rank0036_ca6_proteinbinders_0274_A,AF-A5DTX3-F1-model_v6,0.214,312,0.909,0.327,1.189e-12,438,A5DTX3
rank0036_ca6_proteinbinders_0274_A,AF-B4TQT0-F1-model_v6,0.155,313,0.928,0.946,9.818e-12,437,B4TQT0
rank0036_ca6_proteinbinders_0274_A,AF-B5R752-F1-model_v6,0.155,313,0.928,0.946,9.818e-12,437,B5R752
rank0036_ca6_proteinbinders_0274_A,AF-Q9UT39-F1-model_v6,0.187,284,0.843,0.833,2.71e-12,437,Q9UT39
rank0036_ca6_proteinbinders_0274_A,AF-Q2KIY3-F1-model_v6,0.195,256,0.805,0.602,1.206e-11,437,Q2KIY3
rank0036_ca6_proteinbinders_0274_A,AF-A5DB75-F1-model_v6,0.182,315,0.94,0.249,1.99e-12,437,A5DB75
rank0036_ca6_proteinbinders_0274_A,AF-Q9NQW1-F1-model_v6,0.171,324,0.943,0.275,2.095e-12,436,Q9NQW1
rank0036_ca6_proteinbinders_0274_A,AF-Q8X926-F1-model_v6,0.165,311,0.921,0.94,1.206e-11,435,Q8X926
rank0036_ca6_proteinbinders_0274_A,AF-A7ZJE2-F1-model_v6,0.165,311,0.921,0.94,1.27e-11,435,A7ZJE2
rank0036_ca6_proteinbinders_0274_A,AF-O88656-F1-model_v6,0.168,267,0.808,0.718,7.48e-13,435,O88656
rank0036_ca6_proteinbinders_0274_A,AF-Q52521-F1-model_v6,0.173,316,0.981,0.808,7.761e-14,435,Q52521
rank0036_ca6_proteinbinders_0274_A,AF-A9UZS7-F1-model_v6,0.2,309,0.836,0.387,1.596e-13,435,A9UZS7
rank0036_ca6_proteinbinders_0274_A,AF-A1A909-F1-model_v6,0.165,311,0.921,0.94,1.337e-11,434,A1A909
rank0036_ca6_proteinbinders_0274_A,AF-B5QX56-F1-model_v6,0.155,313,0.928,0.946,1.206e-11,434,B5QX56
rank0036_ca6_proteinbinders_0274_A,AF-Q1REG3-F1-model_v6,0.165,311,0.921,0.94,1.337e-11,434,Q1REG3
rank0036_ca6_proteinbinders_0274_A,AF-Q8IWB7-F1-model_v6,0.195,256,0.805,0.602,1.337e-11,434,Q8IWB7
rank0036_ca6_proteinbinders_0274_A,AF-O94979-2-F1-model_v6,0.183,323,0.94,0.268,3.506e-12,434,O94979-2
rank0036_ca6_proteinbinders_0274_A,AF-C4ZXT8-F1-model_v6,0.165,311,0.921,0.94,1.408e-11,433,C4ZXT8
rank0036_ca6_proteinbinders_0274_A,AF-B5YRG5-F1-model_v6,0.165,311,0.921,0.94,1.408e-11,433,B5YRG5
rank0036_ca6_proteinbinders_0274_A,AF-Q75DC5-F1-model_v6,0.193,364,0.947,0.44,5.293e-12,433,Q75DC5
rank0036_ca6_proteinbinders_0274_A,AF-O94979-10-F1-model_v6,0.186,323,0.94,0.277,4.091e-12,433,O94979-10
rank0036_ca6_proteinbinders_0274_A,AF-Q6NWV3-F1-model_v6,0.161,314,0.975,0.266,7.104e-13,433,Q6NWV3
rank0036_ca6_proteinbinders_0274_A,AF-Q3Z422-F1-model_v6,0.165,311,0.921,0.94,1.561e-11,432,Q3Z422
rank0036_ca6_proteinbinders_0274_A,AF-Q32EZ9-F1-model_v6,0.165,311,0.921,0.94,1.561e-11,432,Q32EZ9
rank0036_ca6_proteinbinders_0274_A,AF-B1X797-F1-model_v6,0.165,311,0.921,0.94,1.561e-11,432,B1X797
rank0036_ca6_proteinbinders_0274_A,AF-Q0TJT3-F1-model_v6,0.165,311,0.921,0.94,1.482e-11,432,Q0TJT3
rank0036_ca6_proteinbinders_0274_A,AF-B7NNI9-F1-model_v6,0.165,311,0.921,0.94,1.643e-11,431,B7NNI9
rank0036_ca6_proteinbinders_0274_A,AF-B1LM58-F1-model_v6,0.162,311,0.921,0.94,1.73e-11,431,B1LM58
rank0036_ca6_proteinbinders_0274_A,AF-B4SZI8-F1-model_v6,0.155,313,0.928,0.946,1.482e-11,431,B4SZI8
rank0036_ca6_proteinbinders_0274_A,AF-Q8ZQR4-F1-model_v6,0.155,313,0.928,0.946,1.561e-11,430,Q8ZQR4
rank0036_ca6_proteinbinders_0274_A,AF-Q8Z8A2-F1-model_v6,0.145,313,0.928,0.946,1.482e-11,430,Q8Z8A2
rank0036_ca6_proteinbinders_0274_A,AF-P52697-F1-model_v6,0.165,311,0.921,0.94,1.821e-11,430,P52697
rank0036_ca6_proteinbinders_0274_A,AF-B5FP52-F1-model_v6,0.155,313,0.928,0.946,1.561e-11,430,B5FP52
rank0036_ca6_proteinbinders_0274_A,AF-Q9R0Q6-F1-model_v6,0.178,276,0.827,0.746,3.004e-12,430,Q9R0Q6
rank0036_ca6_proteinbinders_0274_A,AF-Q5ZLG9-F1-model_v6,0.194,317,0.997,0.319,2.206e-12,430,Q5ZLG9
rank0036_ca6_proteinbinders_0274_A,AF-Q9Z2Q1-F1-model_v6,0.182,323,0.94,0.259,3.886e-12,430,Q9Z2Q1
rank0036_ca6_proteinbinders_0274_A,AF-Q83LP7-F1-model_v6,0.165,311,0.921,0.94,1.73e-11,429,Q83LP7
rank0036_ca6_proteinbinders_0274_A,AF-Q5PG56-F1-model_v6,0.155,313,0.928,0.946,1.73e-11,429,Q5PG56
rank0036_ca6_proteinbinders_0274_A,AF-O22469-F1-model_v6,0.178,356,0.965,0.84,7.59e-12,429,O22469
rank0036_ca6_proteinbinders_0274_A,AF-P71004-F1-model_v6,0.166,305,0.959,0.644,5.867e-12,429,P71004
rank0036_ca6_proteinbinders_0274_A,AF-Q57RH2-F1-model_v6,0.155,313,0.928,0.946,1.821e-11,428,Q57RH2
rank0036_ca6_proteinbinders_0274_A,AF-Q324C4-F1-model_v6,0.167,312,0.925,0.943,2.019e-11,428,Q324C4
rank0036_ca6_proteinbinders_0274_A,AF-Q86W42-2-F1-model_v6,0.185,317,0.981,1.0,2.206e-12,427,Q86W42-2
rank0036_ca6_proteinbinders_0274_A,AF-O00628-2-F1-model_v6,0.205,275,0.865,0.821,2.853e-12,426,O00628-2
rank0036_ca6_proteinbinders_0274_A,AF-B7LB75-F1-model_v6,0.165,311,0.921,0.94,2.356e-11,426,B7LB75
rank0036_ca6_proteinbinders_0274_A,AF-Q86W42-F1-model_v6,0.181,316,0.978,0.927,3.163e-12,426,Q86W42
rank0036_ca6_proteinbinders_0274_A,AF-O80856-F1-model_v6,0.188,281,0.843,0.743,1.99e-12,426,O80856
rank0036_ca6_proteinbinders_0274_A,AF-B5F063-F1-model_v6,0.149,313,0.928,0.946,2.238e-11,425,B5F063
rank0036_ca6_proteinbinders_0274_A,AF-B4TC39-F1-model_v6,0.155,313,0.928,0.946,2.238e-11,425,B4TC39
rank0036_ca6_proteinbinders_0274_A,AF-Q7ZXD5-F1-model_v6,0.162,267,0.808,0.724,1.129e-12,425,Q7ZXD5
rank0036_ca6_proteinbinders_0274_A,AF-Q6PJI9-2-F1-model_v6,0.183,315,0.991,0.539,2.095e-12,425,Q6PJI9-2
rank0036_ca6_proteinbinders_0274_A,AF-B6I7S1-F1-model_v6,0.165,311,0.921,0.94,2.612e-11,424,B6I7S1
rank0036_ca6_proteinbinders_0274_A,AF-Q9I9H8-F1-model_v6,0.234,342,0.991,0.271,6.273e-18,424,Q9I9H8
rank0036_ca6_proteinbinders_0274_A,AF-B2TVG3-F1-model_v6,0.165,312,0.925,0.943,2.895e-11,423,B2TVG3
rank0036_ca6_proteinbinders_0274_A,AF-B7MPQ2-F1-model_v6,0.165,311,0.921,0.94,2.895e-11,423,B7MPQ2
rank0036_ca6_proteinbinders_0274_A,AF-B7NA10-F1-model_v6,0.165,311,0.921,0.94,2.895e-11,423,B7NA10
rank0036_ca6_proteinbinders_0274_A,AF-A7ZY23-F1-model_v6,0.165,311,0.921,0.94,2.895e-11,423,A7ZY23
rank0036_ca6_proteinbinders_0274_A,AF-B5BC39-F1-model_v6,0.155,313,0.928,0.946,2.75e-11,422,B5BC39
rank0036_ca6_proteinbinders_0274_A,AF-B7MGM4-F1-model_v6,0.165,311,0.921,0.94,3.557e-11,421,B7MGM4
rank0036_ca6_proteinbinders_0274_A,AF-Q8FJR2-F1-model_v6,0.165,311,0.921,0.94,3.209e-11,421,Q8FJR2
rank0036_ca6_proteinbinders_0274_A,AF-Q92747-F1-model_v6,0.168,272,0.814,0.735,3.886e-12,421,Q92747
rank0036_ca6_proteinbinders_0274_A,AF-Q8AVT9-F1-model_v6,0.171,272,0.814,0.735,7.209e-12,420,Q8AVT9
rank0036_ca6_proteinbinders_0274_A,AF-Q9NQW1-2-F1-model_v6,0.174,325,0.95,0.934,8.858e-12,419,Q9NQW1-2
rank0036_ca6_proteinbinders_0274_A,AF-P13712-F1-model_v6,0.18,378,0.997,0.896,6.088e-13,419,P13712
rank0036_ca6_proteinbinders_0274_A,AF-Q6NWV3-2-F1-model_v6,0.158,314,0.975,0.265,1.318e-12,419,Q6NWV3-2
rank0036_ca6_proteinbinders_0274_A,AF-A4W8A9-F1-model_v6,0.149,313,0.928,0.946,6.599e-11,417,A4W8A9
rank0036_ca6_proteinbinders_0274_A,AF-Q54ED4-F1-model_v6,0.194,296,0.877,0.614,9.818e-12,417,Q54ED4
rank0036_ca6_proteinbinders_0274_A,AF-Q0T6J2-F1-model_v6,0.165,311,0.921,0.94,4.602e-11,416,Q0T6J2
rank0036_ca6_proteinbinders_0274_A,AF-P58742-F1-model_v6,0.175,330,0.972,0.604,2.174e-13,416,P58742
rank0036_ca6_proteinbinders_0274_A,AF-O14775-3-F1-model_v6,0.233,223,0.676,0.788,3.886e-12,415,O14775-3
rank0036_ca6_proteinbinders_0274_A,AF-A4HUV2-F1-model_v6,0.163,374,0.94,0.463,8.858e-12,415,A4HUV2
rank0036_ca6_proteinbinders_0274_A,AF-Q6C414-F1-model_v6,0.162,383,0.972,0.323,1.619e-12,415,Q6C414
rank0036_ca6_proteinbinders_0274_A,AF-C0PWX3-F1-model_v6,0.155,313,0.928,0.946,5.101e-11,414,C0PWX3
rank0036_ca6_proteinbinders_0274_A,AF-Q54FW9-F1-model_v6,0.128,333,0.934,0.656,3.163e-12,414,Q54FW9
rank0036_ca6_proteinbinders_0274_A,AF-Q9WV32-F1-model_v6,0.163,267,0.808,0.718,2.71e-12,413,Q9WV32
rank0036_ca6_proteinbinders_0274_A,AF-A1Z8D0-F1-model_v6,0.189,270,0.802,0.588,2.126e-11,413,A1Z8D0
rank0036_ca6_proteinbinders_0274_A,AF-Q8N3Y1-F1-model_v6,0.174,311,0.978,0.505,4.706e-13,413,Q8N3Y1
rank0036_ca6_proteinbinders_0274_A,AF-A9MTJ8-F1-model_v6,0.152,313,0.928,0.946,6.268e-11,411,A9MTJ8
rank0036_ca6_proteinbinders_0274_A,AF-Q99PD4-F1-model_v6,0.176,276,0.827,0.746,7.59e-12,411,Q99PD4
rank0036_ca6_proteinbinders_0274_A,AF-Q61666-3-F1-model_v6,0.234,295,0.83,0.651,1.206e-11,411,Q61666-3
rank0036_ca6_proteinbinders_0274_A,AF-O94979-9-F1-model_v6,0.188,293,0.899,0.244,5.867e-12,411,O94979-9
rank0036_ca6_proteinbinders_0274_A,AF-Q6ZMW3-2-F1-model_v6,0.195,383,0.965,0.204,2.752e-18,411,Q6ZMW3-2
rank0036_ca6_proteinbinders_0274_A,AF-Q9RMP7-F1-model_v6,0.133,312,0.934,0.951,1.049e-10,409,Q9RMP7
rank0036_ca6_proteinbinders_0274_A,AF-Q26613-F1-model_v6,0.184,353,0.943,0.515,8.053e-15,409,Q26613
rank0036_ca6_proteinbinders_0274_A,AF-Q8N3Y1-2-F1-model_v6,0.175,310,0.975,0.566,5.782e-13,408,Q8N3Y1-2
rank0036_ca6_proteinbinders_0274_A,AF-A6T6J6-F1-model_v6,0.166,313,0.928,0.946,3.379e-11,407,A6T6J6
rank0036_ca6_proteinbinders_0274_A,AF-Q6ZMW3-F1-model_v6,0.195,383,0.965,0.196,3.749e-18,407,Q6ZMW3
rank0036_ca6_proteinbinders_0274_A,AF-Q9NRG9-F1-model_v6,0.176,340,0.994,0.623,1.299e-13,405,Q9NRG9
rank0036_ca6_proteinbinders_0274_A,AF-Q8BIA4-F1-model_v6,0.169,311,0.978,0.505,4.47e-13,405,Q8BIA4
rank0036_ca6_proteinbinders_0274_A,AF-Q9Y1C1-F1-model_v6,0.181,353,0.943,0.532,1.573e-14,404,Q9Y1C1
rank0036_ca6_proteinbinders_0274_A,AF-Q5R4F4-F1-model_v6,0.181,323,0.94,0.292,4.152e-11,404,Q5R4F4
rank0036_ca6_proteinbinders_0274_A,AF-Q9P2S5-F1-model_v6,0.208,263,0.827,0.546,1.516e-13,403,Q9P2S5
rank0036_ca6_proteinbinders_0274_A,AF-Q7TNG5-2-F1-model_v6,0.192,353,0.943,0.528,5.913e-15,402,Q7TNG5-2
rank0036_ca6_proteinbinders_0274_A,AF-E9PYY5-F1-model_v6,0.197,357,0.997,0.442,5.867e-12,402,E9PYY5
rank0036_ca6_proteinbinders_0274_A,AF-P54686-F1-model_v6,0.203,372,0.984,0.623,1.809e-15,400,P54686
rank0036_ca6_proteinbinders_0274_A,AF-Q9LV35-F1-model_v6,0.165,429,0.975,0.704,1.472e-15,400,Q9LV35
rank0036_ca6_proteinbinders_0274_A,AF-Q5SQM0-F1-model_v6,0.192,383,0.965,0.196,7.708e-18,400,Q5SQM0
rank0036_ca6_proteinbinders_0274_A,AF-P38328-F1-model_v6,0.164,236,0.714,0.615,1.755e-10,398,P38328
rank0036_ca6_proteinbinders_0274_A,AF-Q2NUK0-F1-model_v6,0.147,315,0.934,0.952,1.104e-10,397,Q2NUK0
rank0036_ca6_proteinbinders_0274_A,AF-P0DL28-F1-model_v6,0.182,311,0.978,0.507,7.104e-13,397,P0DL28
rank0036_ca6_proteinbinders_0274_A,AF-Q4V8C3-2-F1-model_v6,0.195,351,0.975,0.448,6.316e-14,396,Q4V8C3-2
rank0036_ca6_proteinbinders_0274_A,AF-C9STX5-F1-model_v6,0.182,362,0.94,0.896,3.048e-11,395,C9STX5
rank0036_ca6_proteinbinders_0274_A,AF-Q05BC3-F1-model_v6,0.194,351,0.975,0.431,5.141e-14,395,Q05BC3
rank0036_ca6_proteinbinders_0274_A,AF-A7MIZ2-F1-model_v6,0.179,313,0.928,0.94,9.463e-11,394,A7MIZ2
rank0036_ca6_proteinbinders_0274_A,AF-Q492W6-F1-model_v6,0.128,319,0.937,0.947,1.224e-10,394,Q492W6
rank0036_ca6_proteinbinders_0274_A,AF-O00423-3-F1-model_v6,0.194,351,0.975,0.421,8.603e-14,394,O00423-3
rank0036_ca6_proteinbinders_0274_A,AF-B5XZA0-F1-model_v6,0.16,313,0.928,0.946,9.463e-11,393,B5XZA0
rank0036_ca6_proteinbinders_0274_A,AF-Q6GNU1-F1-model_v6,0.16,267,0.808,0.724,3.048e-11,392,Q6GNU1
rank0036_ca6_proteinbinders_0274_A,AF-Q05BC3-2-F1-model_v6,0.19,351,0.975,0.448,1.234e-13,392,Q05BC3-2
rank0036_ca6_proteinbinders_0274_A,AF-D4B0N9-F1-model_v6,0.181,343,0.975,0.871,5.027e-12,391,D4B0N9
rank0036_ca6_proteinbinders_0274_A,AF-Q9BVC4-4-F1-model_v6,0.262,192,0.604,0.829,1.289e-10,390,Q9BVC4-4
rank0036_ca6_proteinbinders_0274_A,AF-Q80ZK9-F1-model_v6,0.134,575,0.969,0.849,9.463e-11,390,Q80ZK9
rank0036_ca6_proteinbinders_0274_A,AF-Q0V320-F1-model_v6,0.21,297,0.796,0.895,4.47e-13,389,Q0V320
rank0036_ca6_proteinbinders_0274_A,AF-O34499-F1-model_v6,0.157,323,0.921,0.926,2.612e-11,388,O34499
rank0036_ca6_proteinbinders_0274_A,AF-O75083-3-F1-model_v6,0.221,380,0.972,0.815,1.608e-16,388,O75083-3
rank0036_ca6_proteinbinders_0274_A,AF-B8D985-F1-model_v6,0.131,319,0.937,0.955,6.599e-11,387,B8D985
rank0036_ca6_proteinbinders_0274_A,AF-Q6P6T4-F1-model_v6,0.223,324,0.987,0.499,2.035e-14,386,Q6P6T4
rank0036_ca6_proteinbinders_0274_A,AF-Q89AK3-F1-model_v6,0.155,317,0.937,0.958,1.049e-10,385,Q89AK3
rank0036_ca6_proteinbinders_0274_A,AF-B8D7I7-F1-model_v6,0.131,319,0.937,0.955,7.701e-11,385,B8D7I7
rank0036_ca6_proteinbinders_0274_A,AF-O00423-F1-model_v6,0.196,351,0.975,0.431,1.234e-13,385,O00423
rank0036_ca6_proteinbinders_0274_A,AF-P0DOB8-F1-model_v6,0.153,298,0.931,0.667,3.048e-11,384,P0DOB8
rank0036_ca6_proteinbinders_0274_A,AF-Q05BC3-3-F1-model_v6,0.194,351,0.975,0.422,1.769e-13,383,Q05BC3-3
rank0036_ca6_proteinbinders_0274_A,AF-O95834-2-F1-model_v6,0.219,312,0.981,0.376,6.225e-15,382,O95834-2
rank0036_ca6_proteinbinders_0274_A,AF-Q3UMY5-3-F1-model_v6,0.173,362,0.975,0.388,1.299e-13,381,Q3UMY5-3
rank0036_ca6_proteinbinders_0274_A,AF-O14011-F1-model_v6,0.171,263,0.827,0.506,3.379e-11,380,O14011
rank0036_ca6_proteinbinders_0274_A,AF-Q6ED65-4-F1-model_v6,0.189,386,0.975,0.289,3.804e-17,380,Q6ED65-4
rank0036_ca6_proteinbinders_0274_A,AF-Q05BV3-F1-model_v6,0.181,386,0.975,0.196,6.366e-17,380,Q05BV3
rank0036_ca6_proteinbinders_0274_A,AF-Q9HC35-2-F1-model_v6,0.175,362,0.975,0.392,1.961e-13,379,Q9HC35-2
rank0036_ca6_proteinbinders_0274_A,AF-Q05BV3-5-F1-model_v6,0.181,386,0.975,0.195,7.056e-17,379,Q05BV3-5
rank0036_ca6_proteinbinders_0274_A,AF-Q7VR81-F1-model_v6,0.109,320,0.937,0.947,2.938e-10,378,Q7VR81
rank0036_ca6_proteinbinders_0274_A,AF-Q4V8C3-F1-model_v6,0.196,351,0.975,0.431,2.96e-13,378,Q4V8C3
rank0036_ca6_proteinbinders_0274_A,AF-Q3UMY5-4-F1-model_v6,0.173,362,0.975,0.413,1.057e-13,378,Q3UMY5-4
rank0036_ca6_proteinbinders_0274_A,AF-O86281-F1-model_v6,0.17,312,0.934,0.915,8.988e-11,377,O86281
rank0036_ca6_proteinbinders_0274_A,AF-Q2KJH4-F1-model_v6,0.218,380,0.972,0.627,4.742e-16,377,Q2KJH4
rank0036_ca6_proteinbinders_0274_A,AF-B3NLK7-F1-model_v6,0.189,311,0.978,0.385,7.002e-14,375,B3NLK7
rank0036_ca6_proteinbinders_0274_A,AF-Q6ED65-F1-model_v6,0.186,386,0.975,0.195,1.012e-16,374,Q6ED65
rank0036_ca6_proteinbinders_0274_A,AF-A0R316-F1-model_v6,0.195,301,0.947,0.783,1.946e-10,373,A0R316
rank0036_ca6_proteinbinders_0274_A,AF-Q6ED65-2-F1-model_v6,0.191,386,0.975,0.24,1.122e-16,372,Q6ED65-2
rank0036_ca6_proteinbinders_0274_A,AF-O86271-F1-model_v6,0.193,312,0.903,0.915,1.224e-10,371,O86271
rank0036_ca6_proteinbinders_0274_A,AF-P57380-F1-model_v6,0.129,323,0.95,0.967,1.755e-10,370,P57380
rank0036_ca6_proteinbinders_0274_A,AF-Q3UMY5-2-F1-model_v6,0.178,362,0.975,0.394,3.638e-13,369,Q3UMY5-2
rank0036_ca6_proteinbinders_0274_A,AF-Q5QA94-F1-model_v6,0.19,263,0.799,0.501,1.482e-11,368,Q5QA94
rank0036_ca6_proteinbinders_0274_A,AF-O14576-5-F1-model_v6,0.184,326,0.997,0.522,2.238e-11,368,O14576-5
rank0036_ca6_proteinbinders_0274_A,AF-A5DWF4-F1-model_v6,0.167,354,0.833,0.405,7.701e-11,367,A5DWF4
rank0036_ca6_proteinbinders_0274_A,AF-Q9I609-F1-model_v6,0.18,311,0.978,0.621,7.209e-12,366,Q9I609
rank0036_ca6_proteinbinders_0274_A,AF-O88342-F1-model_v6,0.212,380,0.972,0.627,2.223e-15,366,O88342
rank0036_ca6_proteinbinders_0274_A,AF-B4LKS9-F1-model_v6,0.174,311,0.978,0.387,6.65e-14,366,B4LKS9
rank0036_ca6_proteinbinders_0274_A,AF-O95834-3-F1-model_v6,0.221,310,0.975,0.349,2.771e-14,366,O95834-3
rank0036_ca6_proteinbinders_0274_A,AF-Q8VC03-F1-model_v6,0.192,325,0.987,0.362,1.057e-13,365,Q8VC03
rank0036_ca6_proteinbinders_0274_A,AF-P78774-F1-model_v6,0.143,276,0.824,0.732,1.946e-10,364,P78774
rank0036_ca6_proteinbinders_0274_A,AF-Q6ZPG2-2-F1-model_v6,0.192,402,0.959,0.526,8.67e-17,364,Q6ZPG2-2
rank0036_ca6_proteinbinders_0274_A,AF-Q524W4-F1-model_v6,0.18,258,0.796,0.55,9.326e-12,363,Q524W4
rank0036_ca6_proteinbinders_0274_A,AF-Q6DIF4-F1-model_v6,0.216,380,0.972,0.626,2.875e-15,363,Q6DIF4
rank0036_ca6_proteinbinders_0274_A,AF-Q4L7N4-F1-model_v6,0.156,323,0.962,0.939,1.206e-11,362,Q4L7N4
rank0036_ca6_proteinbinders_0274_A,AF-Q3UMY5-F1-model_v6,0.178,362,0.975,0.366,7.875e-13,362,Q3UMY5
rank0036_ca6_proteinbinders_0274_A,AF-B4P528-F1-model_v6,0.189,311,0.978,0.385,1.057e-13,361,B4P528
rank0036_ca6_proteinbinders_0274_A,AF-Q7K0Y1-F1-model_v6,0.186,311,0.978,0.385,1.596e-13,360,Q7K0Y1
rank0036_ca6_proteinbinders_0274_A,AF-Q9HC35-F1-model_v6,0.186,355,0.956,0.362,5.216e-13,360,Q9HC35
rank0036_ca6_proteinbinders_0274_A,AF-Q9ZU34-F1-model_v6,0.178,429,0.972,0.702,2.111e-15,358,Q9ZU34
rank0036_ca6_proteinbinders_0274_A,AF-Q2TAF3-F1-model_v6,0.176,364,0.975,0.393,1.862e-13,358,Q2TAF3
rank0036_ca6_proteinbinders_0274_A,AF-Q54YB3-F1-model_v6,0.159,328,0.915,0.245,3.745e-11,358,Q54YB3
rank0036_ca6_proteinbinders_0274_A,AF-B4GIU9-F1-model_v6,0.177,311,0.978,0.385,4.245e-13,355,B4GIU9
rank0036_ca6_proteinbinders_0274_A,AF-Q57WH1-F1-model_v6,0.196,356,0.984,0.202,2.71e-12,355,Q57WH1
rank0036_ca6_proteinbinders_0274_A,AF-Q0D6V7-F1-model_v6,0.188,312,0.981,0.44,8.729e-13,353,Q0D6V7
rank0036_ca6_proteinbinders_0274_A,AF-Q2GV40-F1-model_v6,0.176,259,0.799,0.657,2.356e-11,351,Q2GV40
rank0036_ca6_proteinbinders_0274_A,AF-Q6DIP5-F1-model_v6,0.173,364,0.975,0.392,4.954e-13,351,Q6DIP5
rank0036_ca6_proteinbinders_0274_A,AF-Q5ZL16-F1-model_v6,0.19,263,0.827,0.744,1.643e-11,350,Q5ZL16
rank0036_ca6_proteinbinders_0274_A,AF-Q96U88-F1-model_v6,0.188,259,0.799,0.594,1.821e-11,350,Q96U88
rank0036_ca6_proteinbinders_0274_A,AF-Q8K9N9-F1-model_v6,0.142,319,0.937,0.958,1.692e-09,349,Q8K9N9
rank0036_ca6_proteinbinders_0274_A,AF-Q5QJC0-F1-model_v6,0.183,277,0.852,0.714,2.019e-11,348,Q5QJC0
rank0036_ca6_proteinbinders_0274_A,AF-Q32P44-2-F1-model_v6,0.183,371,0.975,0.405,9.058e-14,348,Q32P44-2
rank0036_ca6_proteinbinders_0274_A,AF-T2KMF9-F1-model_v6,0.164,346,0.984,0.98,7.991e-12,347,T2KMF9
rank0036_ca6_proteinbinders_0274_A,AF-Q6C044-F1-model_v6,0.172,268,0.808,0.67,1.289e-10,347,Q6C044
rank0036_ca6_proteinbinders_0274_A,AF-Q8X9X2-F1-model_v6,0.184,271,0.836,0.768,1.18e-09,346,Q8X9X2
rank0036_ca6_proteinbinders_0274_A,AF-Q2FFH4-F1-model_v6,0.171,322,0.95,0.942,3.745e-11,345,Q2FFH4
rank0036_ca6_proteinbinders_0274_A,AF-O45487-F1-model_v6,0.151,373,0.972,0.419,3.83e-13,344,O45487
rank0036_ca6_proteinbinders_0274_A,AF-Q6GFD5-F1-model_v6,0.169,322,0.95,0.942,2.126e-11,343,Q6GFD5
rank0036_ca6_proteinbinders_0274_A,AF-P0CS29-F1-model_v6,0.185,269,0.818,0.636,2.238e-11,343,P0CS29
rank0036_ca6_proteinbinders_0274_A,AF-Q8CRT1-F1-model_v6,0.178,323,0.962,0.944,1.289e-10,342,Q8CRT1
rank0036_ca6_proteinbinders_0274_A,AF-Q9CR39-F1-model_v6,0.176,263,0.827,0.744,1.821e-11,342,Q9CR39
rank0036_ca6_proteinbinders_0274_A,AF-A0A1L8GXY4-F1-model_v6,0.136,365,0.975,0.225,1.643e-11,342,A0A1L8GXY4
rank0036_ca6_proteinbinders_0274_A,AF-Q8NVS2-F1-model_v6,0.172,322,0.95,0.942,2.612e-11,341,Q8NVS2
rank0036_ca6_proteinbinders_0274_A,AF-Q49YW6-F1-model_v6,0.156,323,0.962,0.936,6.268e-11,341,Q49YW6
rank0036_ca6_proteinbinders_0274_A,AF-Q91VM3-F1-model_v6,0.197,261,0.808,0.725,1.163e-10,341,Q91VM3
rank0036_ca6_proteinbinders_0274_A,AF-Q5MNZ9-F1-model_v6,0.172,347,0.997,0.778,8.108e-11,341,Q5MNZ9
rank0036_ca6_proteinbinders_0274_A,AF-Q5BH53-F1-model_v6,0.161,259,0.799,0.604,6.599e-11,340,Q5BH53
rank0036_ca6_proteinbinders_0274_A,AF-Q5MNZ6-F1-model_v6,0.176,263,0.827,0.744,2.356e-11,339,Q5MNZ6
rank0036_ca6_proteinbinders_0274_A,AF-Q5QA93-F1-model_v6,0.164,259,0.814,0.717,6.268e-11,339,Q5QA93
rank0036_ca6_proteinbinders_0274_A,AF-Q8NEZ3-2-F1-model_v6,0.159,371,0.978,0.771,7.59e-12,339,Q8NEZ3-2
rank0036_ca6_proteinbinders_0274_A,AF-A7A258-F1-model_v6,0.144,313,0.796,0.626,5.371e-11,339,A7A258
rank0036_ca6_proteinbinders_0274_A,AF-P43601-F1-model_v6,0.147,313,0.796,0.626,6.599e-11,339,P43601
rank0036_ca6_proteinbinders_0274_A,AF-Q8NI36-F1-model_v6,0.174,411,0.969,0.459,1.262e-15,339,Q8NI36
rank0036_ca6_proteinbinders_0274_A,AF-Q6G811-F1-model_v6,0.166,322,0.95,0.942,1.104e-10,338,Q6G811
rank0036_ca6_proteinbinders_0274_A,AF-Q640T2-F1-model_v6,0.192,263,0.827,0.744,2.019e-11,338,Q640T2
rank0036_ca6_proteinbinders_0274_A,AF-P0CS28-F1-model_v6,0.184,271,0.824,0.641,3.557e-11,338,P0CS28
rank0036_ca6_proteinbinders_0274_A,AF-Q32P44-F1-model_v6,0.189,371,0.975,0.414,2.174e-13,338,Q32P44
rank0036_ca6_proteinbinders_0274_A,AF-Q6ZS30-F1-model_v6,0.153,330,0.934,0.122,3.8e-10,337,Q6ZS30
rank0036_ca6_proteinbinders_0274_A,AF-Q6FM63-F1-model_v6,0.151,326,0.833,0.646,9.463e-11,336,Q6FM63
rank0036_ca6_proteinbinders_0274_A,AF-Q8Z740-F1-model_v6,0.167,271,0.836,0.768,2.189e-09,335,Q8Z740
rank0036_ca6_proteinbinders_0274_A,AF-A2RAG5-F1-model_v6,0.166,256,0.789,0.617,1.224e-10,335,A2RAG5
rank0036_ca6_proteinbinders_0274_A,AF-Q5MNZ9-2-F1-model_v6,0.167,344,0.978,0.78,8.108e-11,335,Q5MNZ9-2
rank0036_ca6_proteinbinders_0274_A,AF-Q99SW6-F1-model_v6,0.165,323,0.962,0.944,3.745e-11,334,Q99SW6
rank0036_ca6_proteinbinders_0274_A,AF-Q5HN15-F1-model_v6,0.178,323,0.962,0.944,1.429e-10,334,Q5HN15
rank0036_ca6_proteinbinders_0274_A,AF-Q68F45-F1-model_v6,0.192,262,0.824,0.741,3.048e-11,334,Q68F45
rank0036_ca6_proteinbinders_0274_A,AF-A1CBB8-F1-model_v6,0.177,259,0.799,0.621,9.463e-11,334,A1CBB8
rank0036_ca6_proteinbinders_0274_A,AF-Q6DCN1-F1-model_v6,0.177,256,0.805,0.57,1.224e-10,333,Q6DCN1
rank0036_ca6_proteinbinders_0274_A,AF-Q7ZUW6-F1-model_v6,0.18,263,0.827,0.744,5.953e-11,332,Q7ZUW6
rank0036_ca6_proteinbinders_0274_A,AF-Q92747-2-F1-model_v6,0.157,312,0.852,0.904,1.974e-09,332,Q92747-2
rank0036_ca6_proteinbinders_0274_A,AF-Q8R3E3-3-F1-model_v6,0.18,254,0.799,0.907,1.049e-10,330,Q8R3E3-3
rank0036_ca6_proteinbinders_0274_A,AF-Q6CS21-F1-model_v6,0.141,307,0.796,0.614,2.271e-10,330,Q6CS21
rank0036_ca6_proteinbinders_0274_A,AF-Q5HEJ8-F1-model_v6,0.17,323,0.962,0.944,3.745e-11,329,Q5HEJ8
rank0036_ca6_proteinbinders_0274_A,AF-Q8R3E3-F1-model_v6,0.177,253,0.796,0.547,1.429e-10,329,Q8R3E3
rank0036_ca6_proteinbinders_0274_A,AF-Q9Y4P8-2-F1-model_v6,0.195,253,0.796,0.574,6.041e-10,328,Q9Y4P8-2
rank0036_ca6_proteinbinders_0274_A,AF-Q9Y4P8-4-F1-model_v6,0.195,253,0.796,0.56,6.041e-10,328,Q9Y4P8-4
rank0036_ca6_proteinbinders_0274_A,AF-Q4P4N1-F1-model_v6,0.165,277,0.852,0.611,7.315e-11,328,Q4P4N1
rank0036_ca6_proteinbinders_0274_A,AF-Q2YU76-F1-model_v6,0.172,323,0.962,0.944,3.048e-11,327,Q2YU76
rank0036_ca6_proteinbinders_0274_A,AF-B4L6T9-F1-model_v6,0.162,327,0.953,0.854,1.242e-09,327,B4L6T9
rank0036_ca6_proteinbinders_0274_A,AF-Q5ZHN3-F1-model_v6,0.195,253,0.796,0.56,6.36e-10,327,Q5ZHN3
rank0036_ca6_proteinbinders_0274_A,AF-Q7TNG5-3-F1-model_v6,0.178,397,0.975,0.472,3.72e-15,327,Q7TNG5-3
rank0036_ca6_proteinbinders_0274_A,AF-Q8ZPD6-F1-model_v6,0.172,271,0.836,0.768,2.189e-09,326,Q8ZPD6
rank0036_ca6_proteinbinders_0274_A,AF-Q6DCV0-F1-model_v6,0.198,258,0.808,0.727,1.848e-10,326,Q6DCV0
rank0036_ca6_proteinbinders_0274_A,AF-A0A291P0C1-F1-model_v6,0.138,371,0.994,0.853,3.093e-10,326,A0A291P0C1
rank0036_ca6_proteinbinders_0274_A,AF-Q5R7W0-F1-model_v6,0.173,263,0.827,0.744,8.108e-11,325,Q5R7W0
rank0036_ca6_proteinbinders_0274_A,AF-Q86MP3-F1-model_v6,0.181,263,0.814,0.678,3.61e-10,325,Q86MP3
rank0036_ca6_proteinbinders_0274_A,AF-O95834-F1-model_v6,0.189,397,0.975,0.612,7.265e-15,325,O95834
rank0036_ca6_proteinbinders_0274_A,AF-Q1DKJ3-F1-model_v6,0.161,258,0.796,0.619,1.429e-10,324,Q1DKJ3
rank0036_ca6_proteinbinders_0274_A,AF-Q4WVD0-F1-model_v6,0.174,266,0.799,0.61,1.224e-10,324,Q4WVD0
rank0036_ca6_proteinbinders_0274_A,AF-Q2FWX8-F1-model_v6,0.17,323,0.962,0.944,6.268e-11,323,Q2FWX8
rank0036_ca6_proteinbinders_0274_A,AF-Q0CW30-F1-model_v6,0.171,259,0.799,0.626,3.093e-10,322,Q0CW30
rank0036_ca6_proteinbinders_0274_A,AF-A1DE24-F1-model_v6,0.17,273,0.836,0.636,1.163e-10,322,A1DE24
rank0036_ca6_proteinbinders_0274_A,AF-Q8R3E3-2-F1-model_v6,0.177,253,0.796,0.558,1.584e-10,322,Q8R3E3-2
rank0036_ca6_proteinbinders_0274_A,AF-Q75F47-F1-model_v6,0.146,324,0.796,0.603,4.001e-10,322,Q75F47
rank0036_ca6_proteinbinders_0274_A,AF-Q6P6T4-2-F1-model_v6,0.177,397,0.975,0.626,1.097e-14,322,Q6P6T4-2
rank0036_ca6_proteinbinders_0274_A,AF-Q6CEI9-F1-model_v6,0.176,251,0.789,0.677,3.093e-10,321,Q6CEI9
rank0036_ca6_proteinbinders_0274_A,AF-Q9Y484-2-F1-model_v6,0.187,276,0.824,0.744,2.271e-10,321,Q9Y484-2
rank0036_ca6_proteinbinders_0274_A,AF-Q7ZWU5-F1-model_v6,0.184,253,0.796,0.561,1.121e-09,321,Q7ZWU5
rank0036_ca6_proteinbinders_0274_A,AF-Q9Y484-3-F1-model_v6,0.184,261,0.805,0.723,3.093e-10,320,Q9Y484-3
rank0036_ca6_proteinbinders_0274_A,AF-Q8H1Q8-F1-model_v6,0.189,255,0.802,0.678,1.121e-09,320,Q8H1Q8
rank0036_ca6_proteinbinders_0274_A,AF-Q54NA2-F1-model_v6,0.132,353,0.997,0.949,2.938e-10,320,Q54NA2
rank0036_ca6_proteinbinders_0274_A,AF-Q7A4P4-F1-model_v6,0.17,323,0.962,0.944,1.289e-10,319,Q7A4P4
rank0036_ca6_proteinbinders_0274_A,AF-Q9P3W2-F1-model_v6,0.186,251,0.789,0.668,2.938e-10,318,Q9P3W2
rank0036_ca6_proteinbinders_0274_A,AF-Q2U6D5-F1-model_v6,0.176,273,0.843,0.661,1.429e-10,318,Q2U6D5
rank0036_ca6_proteinbinders_0274_A,AF-A7EW77-F1-model_v6,0.193,267,0.84,0.622,2.157e-10,318,A7EW77
rank0036_ca6_proteinbinders_0274_A,AF-I1RKA1-F1-model_v6,0.176,281,0.852,0.612,4.845e-11,318,I1RKA1
rank0036_ca6_proteinbinders_0274_A,AF-Q9Y484-F1-model_v6,0.187,261,0.808,0.725,5.176e-10,317,Q9Y484
rank0036_ca6_proteinbinders_0274_A,AF-A7KAM8-F1-model_v6,0.189,257,0.796,0.602,1.848e-10,317,A7KAM8
rank0036_ca6_proteinbinders_0274_A,AF-W0T5P4-F1-model_v6,0.126,317,0.796,0.618,5.737e-10,317,W0T5P4
rank0036_ca6_proteinbinders_0274_A,AF-Q5ABA6-F1-model_v6,0.152,286,0.818,0.513,2.938e-10,317,Q5ABA6
rank0036_ca6_proteinbinders_0274_A,AF-Q86MP3-3-F1-model_v6,0.177,257,0.796,0.726,3.428e-10,316,Q86MP3-3
rank0036_ca6_proteinbinders_0274_A,AF-O94533-F1-model_v6,0.153,471,0.953,0.62,9.058e-14,316,O94533
rank0036_ca6_proteinbinders_0274_A,AF-A6SJ85-F1-model_v6,0.2,267,0.84,0.606,1.946e-10,315,A6SJ85
rank0036_ca6_proteinbinders_0274_A,AF-Q9HDZ7-F1-model_v6,0.162,363,0.962,0.973,1.429e-10,312,Q9HDZ7
rank0036_ca6_proteinbinders_0274_A,AF-Q93VB2-F1-model_v6,0.196,271,0.852,0.616,1.289e-10,312,Q93VB2
rank0036_ca6_proteinbinders_0274_A,AF-Q7TNG5-F1-model_v6,0.195,397,0.975,0.612,2.035e-14,312,Q7TNG5
rank0036_ca6_proteinbinders_0274_A,AF-O16466-F1-model_v6,0.146,356,0.981,0.864,1.377e-09,311,O16466
rank0036_ca6_proteinbinders_0274_A,AF-Q0U2J8-F1-model_v6,0.155,257,0.786,0.621,1.011e-09,311,Q0U2J8
rank0036_ca6_proteinbinders_0274_A,AF-O60161-F1-model_v6,0.149,407,0.953,0.573,5.412e-14,311,O60161
rank0036_ca6_proteinbinders_0274_A,AF-A5DVU7-F1-model_v6,0.146,278,0.786,0.529,7.05e-10,310,A5DVU7
rank0036_ca6_proteinbinders_0274_A,AF-Q86MP3-2-F1-model_v6,0.176,265,0.821,0.687,6.041e-10,308,Q86MP3-2
rank0036_ca6_proteinbinders_0274_A,AF-O16466-2-F1-model_v6,0.148,356,0.981,0.904,2.304e-09,306,O16466-2
rank0036_ca6_proteinbinders_0274_A,AF-Q9NRG9-2-F1-model_v6,0.182,316,0.852,0.616,1.064e-09,303,Q9NRG9-2
rank0036_ca6_proteinbinders_0274_A,AF-Q7SG97-F1-model_v6,0.186,259,0.814,0.571,9.602e-10,302,Q7SG97
rank0036_ca6_proteinbinders_0274_A,AF-P50079-F1-model_v6,0.16,277,0.789,0.618,1.163e-10,302,P50079
rank0036_ca6_proteinbinders_0274_A,AF-A3GFE3-F1-model_v6,0.162,282,0.796,0.501,7.422e-10,302,A3GFE3
rank0036_ca6_proteinbinders_0274_A,AF-Q6AY57-F1-model_v6,0.145,344,0.978,0.773,9.602e-10,301,Q6AY57
rank0036_ca6_proteinbinders_0274_A,AF-Q80W47-F1-model_v6,0.145,352,1.0,0.791,1.607e-09,301,Q80W47
rank0036_ca6_proteinbinders_0274_A,AF-P43606-F1-model_v6,0.13,382,0.969,0.563,4.669e-10,301,P43606
rank0036_ca6_proteinbinders_0274_A,AF-Q6BUX9-F1-model_v6,0.144,281,0.796,0.65,5.176e-10,300,Q6BUX9
rank0036_ca6_proteinbinders_0274_A,AF-Q6ZS30-1-F1-model_v6,0.15,250,0.786,0.089,3.304e-09,300,Q6ZS30-1
rank0036_ca6_proteinbinders_0274_A,AF-Q9Y4P8-5-F1-model_v6,0.153,298,0.833,0.68,1.692e-09,296,Q9Y4P8-5
rank0036_ca6_proteinbinders_0274_A,AF-Q7ZUX3-F1-model_v6,0.181,261,0.808,0.729,7.814e-10,295,Q7ZUX3
rank0036_ca6_proteinbinders_0274_A,AF-Q0WPK3-F1-model_v6,0.166,271,0.852,0.662,9.12e-10,295,Q0WPK3
rank0036_ca6_proteinbinders_0274_A,AF-A4JBU1-F1-model_v6,0.171,273,0.858,0.603,1.357e-10,295,A4JBU1
rank0036_ca6_proteinbinders_0274_A,AF-Q145B2-F1-model_v6,0.187,273,0.858,0.574,2.157e-10,294,Q145B2
rank0036_ca6_proteinbinders_0274_A,AF-Q3JP75-F1-model_v6,0.164,273,0.858,0.6,2.391e-10,294,Q3JP75
rank0036_ca6_proteinbinders_0274_A,AF-Q9Y4P8-6-F1-model_v6,0.146,331,0.934,0.747,2.831e-09,294,Q9Y4P8-6
rank0036_ca6_proteinbinders_0274_A,AF-Q96WW0-F1-model_v6,0.15,356,0.978,0.737,3.048e-11,294,Q96WW0
rank0036_ca6_proteinbinders_0274_A,AF-Q9Y4P8-F1-model_v6,0.14,331,0.934,0.729,1.974e-09,292,Q9Y4P8
rank0036_ca6_proteinbinders_0274_A,AF-Q1LJX8-F1-model_v6,0.202,276,0.868,0.587,2.79e-10,291,Q1LJX8
rank0036_ca6_proteinbinders_0274_A,AF-B4EDC0-F1-model_v6,0.173,273,0.858,0.608,1.584e-10,290,B4EDC0
rank0036_ca6_proteinbinders_0274_A,AF-Q62I10-F1-model_v6,0.167,273,0.858,0.6,6.041e-10,289,Q62I10
rank0036_ca6_proteinbinders_0274_A,AF-B5DFC9-F1-model_v6,0.164,254,0.799,0.176,4.5e-09,289,B5DFC9
rank0036_ca6_proteinbinders_0274_A,AF-Q63RA8-F1-model_v6,0.176,279,0.877,0.612,3.093e-10,288,Q63RA8
rank0036_ca6_proteinbinders_0274_A,AF-A7MB16-F1-model_v6,0.146,327,0.994,0.416,5.953e-11,287,A7MB16
rank0036_ca6_proteinbinders_0274_A,AF-Q6RI45-4-F1-model_v6,0.194,248,0.777,0.168,5.176e-10,287,Q6RI45-4
rank0036_ca6_proteinbinders_0274_A,AF-Q9N4A7-2-F1-model_v6,0.276,186,0.56,0.882,5.329e-08,286,Q9N4A7-2
rank0036_ca6_proteinbinders_0274_A,AF-Q75AQ4-F1-model_v6,0.134,277,0.786,0.691,2.304e-09,283,Q75AQ4
rank0036_ca6_proteinbinders_0274_A,AF-A9AFQ0-F1-model_v6,0.167,273,0.858,0.603,4.669e-10,282,A9AFQ0
rank0036_ca6_proteinbinders_0274_A,AF-A1CRF7-F1-model_v6,0.106,441,0.984,0.891,8.789e-09,280,A1CRF7
rank0036_ca6_proteinbinders_0274_A,AF-A5DHI9-F1-model_v6,0.154,327,0.818,0.576,9.12e-10,280,A5DHI9
rank0036_ca6_proteinbinders_0274_A,AF-Q0IEY3-F1-model_v6,0.154,324,0.981,0.471,1.163e-10,280,Q0IEY3
rank0036_ca6_proteinbinders_0274_A,AF-B2JGA0-F1-model_v6,0.173,294,0.925,0.598,5.176e-10,279,B2JGA0
rank0036_ca6_proteinbinders_0274_A,AF-Q474K8-F1-model_v6,0.202,273,0.858,0.578,1.974e-09,279,Q474K8
rank0036_ca6_proteinbinders_0274_A,AF-B4P5F7-F1-model_v6,0.148,332,0.994,0.481,5.101e-11,279,B4P5F7
rank0036_ca6_proteinbinders_0274_A,AF-Q92673-F1-model_v6,0.152,256,0.805,0.109,3.184e-08,279,Q92673
rank0036_ca6_proteinbinders_0274_A,AF-B1JWH3-F1-model_v6,0.173,273,0.858,0.608,4.916e-10,278,B1JWH3
rank0036_ca6_proteinbinders_0274_A,AF-Q8NDM7-4-F1-model_v6,0.128,405,0.975,0.842,3.943e-11,278,Q8NDM7-4
rank0036_ca6_proteinbinders_0274_A,AF-B0W562-F1-model_v6,0.144,324,0.981,0.471,7.701e-11,278,B0W562
rank0036_ca6_proteinbinders_0274_A,AF-Q0BHY7-F1-model_v6,0.179,277,0.871,0.608,6.696e-10,277,Q0BHY7
rank0036_ca6_proteinbinders_0274_A,AF-B1YTW7-F1-model_v6,0.179,277,0.871,0.608,6.041e-10,277,B1YTW7
rank0036_ca6_proteinbinders_0274_A,AF-Q00968-F1-model_v6,0.137,267,0.84,0.208,5.329e-08,277,Q00968
rank0036_ca6_proteinbinders_0274_A,AF-Q1BYS6-F1-model_v6,0.164,277,0.871,0.613,5.449e-10,276,Q1BYS6
rank0036_ca6_proteinbinders_0274_A,AF-Q39J78-F1-model_v6,0.175,277,0.871,0.613,5.176e-10,276,Q39J78
rank0036_ca6_proteinbinders_0274_A,AF-Q14112-2-F1-model_v6,0.139,258,0.811,0.195,2.221e-08,276,Q14112-2
rank0036_ca6_proteinbinders_0274_A,AF-Q6P5U7-F1-model_v6,0.131,428,0.975,0.246,1.057e-13,276,Q6P5U7
rank0036_ca6_proteinbinders_0274_A,AF-P07522-F1-model_v6,0.166,254,0.799,0.211,7.642e-08,275,P07522
rank0036_ca6_proteinbinders_0274_A,AF-Q6FXC1-F1-model_v6,0.164,275,0.789,0.618,6.129e-09,274,Q6FXC1
rank0036_ca6_proteinbinders_0274_A,AF-A7TPY4-F1-model_v6,0.13,354,0.786,0.634,1.197e-08,274,A7TPY4
rank0036_ca6_proteinbinders_0274_A,AF-B4HMV9-F1-model_v6,0.132,367,0.981,0.532,5.953e-11,274,B4HMV9
rank0036_ca6_proteinbinders_0274_A,AF-Q8NDM7-5-F1-model_v6,0.123,303,0.796,0.815,1.903e-08,273,Q8NDM7-5
rank0036_ca6_proteinbinders_0274_A,AF-Q0AC40-F1-model_v6,0.17,310,0.95,0.724,6.696e-10,272,Q0AC40
rank0036_ca6_proteinbinders_0274_A,AF-E9Q7R9-F1-model_v6,0.124,402,0.965,0.239,3.048e-11,272,E9Q7R9
rank0036_ca6_proteinbinders_0274_A,AF-A0K4X6-F1-model_v6,0.171,276,0.868,0.613,8.227e-10,270,A0K4X6
rank0036_ca6_proteinbinders_0274_A,AF-Q8N5D0-3-F1-model_v6,0.187,254,0.799,0.415,8.227e-10,268,Q8N5D0-3
rank0036_ca6_proteinbinders_0274_A,AF-Q21WN7-F1-model_v6,0.177,277,0.871,0.607,3.856e-09,267,Q21WN7
rank0036_ca6_proteinbinders_0274_A,AF-Q8Y1F5-F1-model_v6,0.209,268,0.843,0.593,7.422e-10,267,Q8Y1F5
rank0036_ca6_proteinbinders_0274_A,AF-Q9ULI1-F1-model_v6,0.137,425,0.965,0.244,1.961e-13,267,Q9ULI1
rank0036_ca6_proteinbinders_0274_A,AF-Q9P6N1-F1-model_v6,0.189,298,0.937,0.833,1.848e-10,266,Q9P6N1
rank0036_ca6_proteinbinders_0274_A,AF-Q95209-F1-model_v6,0.154,258,0.811,0.109,6.894e-08,266,Q95209
rank0036_ca6_proteinbinders_0274_A,AF-Q6BIL4-F1-model_v6,0.153,287,0.808,0.511,1.26e-08,265,Q6BIL4
rank0036_ca6_proteinbinders_0274_A,AF-A1VNY1-F1-model_v6,0.198,312,0.965,0.727,1.011e-09,259,A1VNY1
rank0036_ca6_proteinbinders_0274_A,AF-Q4WJR4-F1-model_v6,0.108,453,0.987,0.902,3.53e-08,258,Q4WJR4
rank0036_ca6_proteinbinders_0274_A,AF-O88322-F1-model_v6,0.138,306,0.959,0.218,2.426e-09,258,O88322
rank0036_ca6_proteinbinders_0274_A,AF-B0XNT4-F1-model_v6,0.108,453,0.987,0.902,3.025e-08,257,B0XNT4
rank0036_ca6_proteinbinders_0274_A,AF-P98165-F1-model_v6,0.152,283,0.89,0.299,8.471e-08,257,P98165
rank0036_ca6_proteinbinders_0274_A,AF-Q9BEA0-F1-model_v6,0.127,282,0.887,0.218,8.046e-08,256,Q9BEA0
rank0036_ca6_proteinbinders_0274_A,AF-P0DOC0-3-F1-model_v6,0.162,259,0.799,0.802,1.154e-07,255,P0DOC0-3
rank0036_ca6_proteinbinders_0274_A,AF-Q9Y4P8-3-F1-model_v6,0.122,310,0.975,0.781,1.607e-09,255,Q9Y4P8-3
rank0036_ca6_proteinbinders_0274_A,AF-Q3JER8-F1-model_v6,0.16,312,0.956,0.719,1.377e-09,254,Q3JER8
rank0036_ca6_proteinbinders_0274_A,AF-B2T077-F1-model_v6,0.177,294,0.925,0.598,4.5e-09,253,B2T077
rank0036_ca6_proteinbinders_0274_A,AF-Q87CZ5-F1-model_v6,0.181,273,0.858,0.588,5.252e-09,253,Q87CZ5
rank0036_ca6_proteinbinders_0274_A,AF-P35951-F1-model_v6,0.121,278,0.874,0.298,1.041e-07,249,P35951
rank0036_ca6_proteinbinders_0274_A,AF-Q5B464-F1-model_v6,0.153,297,0.783,0.937,1.26e-08,248,Q5B464
rank0036_ca6_proteinbinders_0274_A,AF-A5CWT2-F1-model_v6,0.167,274,0.862,0.601,5.252e-09,248,A5CWT2
rank0036_ca6_proteinbinders_0274_A,AF-Q9CM71-F1-model_v6,0.191,273,0.858,0.586,3.479e-09,248,Q9CM71
rank0036_ca6_proteinbinders_0274_A,AF-B4IXJ2-F1-model_v6,0.14,275,0.849,0.455,8.918e-08,247,B4IXJ2
rank0036_ca6_proteinbinders_0274_A,AF-Q12C28-F1-model_v6,0.195,312,0.965,0.732,2.079e-09,246,Q12C28
rank0036_ca6_proteinbinders_0274_A,AF-Q2LRP7-F1-model_v6,0.183,305,0.934,0.675,2.981e-09,246,Q2LRP7
rank0036_ca6_proteinbinders_0274_A,AF-O88307-F1-model_v6,0.142,260,0.818,0.116,1.279e-07,246,O88307
rank0036_ca6_proteinbinders_0274_A,AF-Q6CN23-F1-model_v6,0.123,251,0.789,0.69,2.63e-07,243,Q6CN23
rank0036_ca6_proteinbinders_0274_A,AF-P01132-F1-model_v6,0.138,278,0.874,0.209,2.338e-08,243,P01132
rank0036_ca6_proteinbinders_0274_A,AF-Q9C0C7-F1-model_v6,0.24,181,0.569,0.126,1.346e-07,242,Q9C0C7
rank0036_ca6_proteinbinders_0274_A,AF-P0DOC0-4-F1-model_v6,0.206,212,0.657,0.746,3.97e-07,240,P0DOC0-4
rank0036_ca6_proteinbinders_0274_A,AF-Q5H299-F1-model_v6,0.19,314,0.934,0.715,1.692e-09,240,Q5H299
rank0036_ca6_proteinbinders_0274_A,AF-Q2Y5H0-F1-model_v6,0.212,326,0.972,0.746,2.189e-09,239,Q2Y5H0
rank0036_ca6_proteinbinders_0274_A,AF-Q21HP0-F1-model_v6,0.175,280,0.881,0.591,4.337e-08,239,Q21HP0
rank0036_ca6_proteinbinders_0274_A,AF-A1Z877-F1-model_v6,0.151,305,0.959,0.207,4.566e-08,239,A1Z877
rank0036_ca6_proteinbinders_0274_A,AF-B5VQM2-F1-model_v6,0.109,349,0.94,0.978,1.418e-07,237,B5VQM2
rank0036_ca6_proteinbinders_0274_A,AF-A4IYV5-F1-model_v6,0.148,267,0.84,0.602,1.397e-08,237,A4IYV5
rank0036_ca6_proteinbinders_0274_A,AF-P14543-F1-model_v6,0.132,310,0.975,0.223,1.418e-07,237,P14543
rank0036_ca6_proteinbinders_0274_A,AF-P0DSP1-F1-model_v6,0.15,260,0.818,0.116,3.402e-07,236,P0DSP1
rank0036_ca6_proteinbinders_0274_A,AF-B3LP36-F1-model_v6,0.101,349,0.94,0.978,6.995e-07,234,B3LP36
rank0036_ca6_proteinbinders_0274_A,AF-Q9FHK8-F1-model_v6,0.133,296,0.931,0.73,3.256e-10,234,Q9FHK8
rank0036_ca6_proteinbinders_0274_A,AF-B5FD05-F1-model_v6,0.17,279,0.877,0.58,1.807e-08,234,B5FD05
rank0036_ca6_proteinbinders_0274_A,AF-P01133-2-F1-model_v6,0.132,284,0.884,0.244,9.39e-08,233,P01133-2
rank0036_ca6_proteinbinders_0274_A,AF-Q95ND4-F1-model_v6,0.123,278,0.874,0.207,4.808e-08,232,Q95ND4
rank0036_ca6_proteinbinders_0274_A,AF-P0DOC0-10-F1-model_v6,0.204,212,0.657,0.785,4.401e-07,231,P0DOC0-10
rank0036_ca6_proteinbinders_0274_A,AF-P0DOC0-9-F1-model_v6,0.159,247,0.77,0.855,4.18e-07,231,P0DOC0-9
rank0036_ca6_proteinbinders_0274_A,AF-C0R560-F1-model_v6,0.16,319,0.969,0.76,5.53e-09,231,C0R560
rank0036_ca6_proteinbinders_0274_A,AF-Q73IV6-F1-model_v6,0.192,275,0.818,0.655,4.5e-09,231,Q73IV6
rank0036_ca6_proteinbinders_0274_A,AF-O74942-F1-model_v6,0.126,311,0.965,0.51,7.531e-09,231,O74942
rank0036_ca6_proteinbinders_0274_A,AF-B3NBB6-F1-model_v6,0.121,244,0.767,0.376,5.994e-07,230,B3NBB6
rank0036_ca6_proteinbinders_0274_A,AF-P14543-2-F1-model_v6,0.145,303,0.931,0.272,1.418e-07,230,P14543-2
rank0036_ca6_proteinbinders_0274_A,AF-A1K2H9-F1-model_v6,0.17,309,0.962,0.724,1.471e-08,229,A1K2H9
rank0036_ca6_proteinbinders_0274_A,AF-Q3TZ89-2-F1-model_v6,0.155,241,0.701,0.241,1.571e-07,229,Q3TZ89-2
rank0036_ca6_proteinbinders_0274_A,AF-A0KP93-F1-model_v6,0.162,323,0.95,0.732,4.274e-09,228,A0KP93
rank0036_ca6_proteinbinders_0274_A,AF-B3CP06-F1-model_v6,0.177,275,0.818,0.658,9.254e-09,226,B3CP06
rank0036_ca6_proteinbinders_0274_A,AF-Q3K7W5-F1-model_v6,0.171,310,0.94,0.716,1.197e-08,226,Q3K7W5
rank0036_ca6_proteinbinders_0274_A,AF-P35950-F1-model_v6,0.152,260,0.818,0.296,1.003e-06,226,P35950
rank0036_ca6_proteinbinders_0274_A,AF-Q934G6-F1-model_v6,0.179,296,0.887,0.692,1.903e-08,225,Q934G6
rank0036_ca6_proteinbinders_0274_A,AF-A1JRK8-F1-model_v6,0.174,305,0.934,0.709,1.08e-08,225,A1JRK8
rank0036_ca6_proteinbinders_0274_A,AF-B4QMF4-F1-model_v6,0.121,244,0.767,0.376,1.514e-06,223,B4QMF4
rank0036_ca6_proteinbinders_0274_A,AF-Q91VM3-2-F1-model_v6,0.141,326,0.871,0.942,8.046e-08,222,Q91VM3-2
rank0036_ca6_proteinbinders_0274_A,AF-C6DCE7-F1-model_v6,0.168,305,0.934,0.709,1.327e-08,222,C6DCE7
rank0036_ca6_proteinbinders_0274_A,AF-B8JD21-F1-model_v6,0.185,321,0.962,0.74,1.08e-08,221,B8JD21
rank0036_ca6_proteinbinders_0274_A,AF-Q7VR84-F1-model_v6,0.124,315,0.991,0.63,3.138e-09,221,Q7VR84
rank0036_ca6_proteinbinders_0274_A,AF-Q86MP3-4-F1-model_v6,0.202,190,0.594,0.681,1.366e-06,220,Q86MP3-4
rank0036_ca6_proteinbinders_0274_A,AF-A6ZRQ0-F1-model_v6,0.106,349,0.94,0.978,2.769e-07,220,A6ZRQ0
rank0036_ca6_proteinbinders_0274_A,AF-Q79FU0-F1-model_v6,0.212,190,0.597,0.398,5.023e-05,219,Q79FU0
rank0036_ca6_proteinbinders_0274_A,AF-C5BEL8-F1-model_v6,0.169,314,0.953,0.73,1.327e-08,218,C5BEL8
rank0036_ca6_proteinbinders_0274_A,AF-Q2NUL4-F1-model_v6,0.173,305,0.934,0.709,2.003e-08,218,Q2NUL4
rank0036_ca6_proteinbinders_0274_A,AF-Q6D7F2-F1-model_v6,0.167,314,0.953,0.73,1.397e-08,217,Q6D7F2
rank0036_ca6_proteinbinders_0274_A,AF-B2VBQ7-F1-model_v6,0.164,314,0.953,0.73,1.903e-08,216,B2VBQ7
rank0036_ca6_proteinbinders_0274_A,AF-B1JG47-F1-model_v6,0.172,314,0.953,0.73,1.903e-08,216,B1JG47
rank0036_ca6_proteinbinders_0274_A,AF-P35952-F1-model_v6,0.143,279,0.843,0.317,9.528e-07,216,P35952
rank0036_ca6_proteinbinders_0274_A,AF-Q7N6T6-F1-model_v6,0.159,312,0.953,0.726,3.716e-08,215,Q7N6T6
rank0036_ca6_proteinbinders_0274_A,AF-C7GTF9-F1-model_v6,0.117,297,0.805,0.832,1.594e-06,214,C7GTF9
rank0036_ca6_proteinbinders_0274_A,AF-Q32II1-F1-model_v6,0.17,314,0.953,0.73,2.338e-08,214,Q32II1
rank0036_ca6_proteinbinders_0274_A,AF-P01133-F1-model_v6,0.124,260,0.818,0.214,7.754e-07,214,P01133
rank0036_ca6_proteinbinders_0274_A,AF-Q8GYD7-F1-model_v6,0.141,302,0.934,0.768,3.8e-10,213,Q8GYD7
rank0036_ca6_proteinbinders_0274_A,AF-A6QTX7-F1-model_v6,0.144,383,0.978,0.957,7.531e-09,213,A6QTX7
rank0036_ca6_proteinbinders_0274_A,AF-C8ZG43-F1-model_v6,0.111,297,0.805,0.832,1.233e-06,212,C8ZG43
rank0036_ca6_proteinbinders_0274_A,AF-B4PD96-F1-model_v6,0.125,243,0.764,0.374,4.466e-06,212,B4PD96
rank0036_ca6_proteinbinders_0274_A,AF-Q256H8-F1-model_v6,0.182,262,0.824,0.609,7.365e-07,211,Q256H8
rank0036_ca6_proteinbinders_0274_A,AF-A2AH22-6-F1-model_v6,0.217,202,0.635,0.118,2.14e-07,211,A2AH22-6
rank0036_ca6_proteinbinders_0274_A,AF-Q9QUR6-F1-model_v6,0.143,350,0.975,0.493,8.046e-08,210,Q9QUR6
rank0036_ca6_proteinbinders_0274_A,AF-Q91VN0-F1-model_v6,0.133,346,0.965,0.214,6.453e-09,210,Q91VN0
rank0036_ca6_proteinbinders_0274_A,AF-Q59P11-F1-model_v6,0.11,433,0.805,0.728,3.582e-07,208,Q59P11
rank0036_ca6_proteinbinders_0274_A,AF-Q5L4R3-F1-model_v6,0.175,316,0.906,0.74,6.995e-07,207,Q5L4R3
rank0036_ca6_proteinbinders_0274_A,AF-Q3KL97-F1-model_v6,0.161,316,0.906,0.733,2.63e-07,207,Q3KL97
rank0036_ca6_proteinbinders_0274_A,AF-Q95RU0-F1-model_v6,0.119,243,0.764,0.374,9.668e-06,207,Q95RU0
rank0036_ca6_proteinbinders_0274_A,AF-A8GB93-F1-model_v6,0.178,314,0.953,0.73,5.907e-08,206,A8GB93
rank0036_ca6_proteinbinders_0274_A,AF-Q4ZWK6-F1-model_v6,0.165,310,0.94,0.716,4.337e-08,206,Q4ZWK6
rank0036_ca6_proteinbinders_0274_A,AF-Q8CCN5-2-F1-model_v6,0.11,340,0.761,0.645,2.498e-07,205,Q8CCN5-2
rank0036_ca6_proteinbinders_0274_A,AF-Q15165-1-F1-model_v6,0.132,291,0.758,0.822,3.634e-06,203,Q15165-1
rank0036_ca6_proteinbinders_0274_A,AF-B4HVU2-F1-model_v6,0.139,244,0.767,0.376,6.403e-06,203,B4HVU2
rank0036_ca6_proteinbinders_0274_A,AF-Q6AXM8-F1-model_v6,0.138,290,0.755,0.819,3.826e-06,202,Q6AXM8
rank0036_ca6_proteinbinders_0274_A,AF-P27169-F1-model_v6,0.135,292,0.758,0.823,2.286e-06,202,P27169
rank0036_ca6_proteinbinders_0274_A,AF-P27170-F1-model_v6,0.15,292,0.758,0.813,2.809e-06,202,P27170
rank0036_ca6_proteinbinders_0274_A,AF-Q9C0C7-2-F1-model_v6,0.216,202,0.635,0.118,4.633e-07,201,Q9C0C7-2
rank0036_ca6_proteinbinders_0274_A,AF-O84604-F1-model_v6,0.158,316,0.906,0.733,4.18e-07,199,O84604
rank0036_ca6_proteinbinders_0274_A,AF-Q9PJE1-F1-model_v6,0.162,316,0.906,0.742,7.754e-07,195,Q9PJE1
rank0036_ca6_proteinbinders_0274_A,AF-Q58DS7-F1-model_v6,0.135,290,0.755,0.819,4.466e-06,193,Q58DS7
rank0036_ca6_proteinbinders_0274_A,AF-P54832-F1-model_v6,0.132,290,0.755,0.819,3.279e-06,192,P54832
rank0036_ca6_proteinbinders_0274_A,AF-Q90952-F1-model_v6,0.141,291,0.758,0.822,4.029e-06,191,Q90952
rank0036_ca6_proteinbinders_0274_A,AF-B0B8H3-F1-model_v6,0.161,316,0.906,0.733,7.754e-07,190,B0B8H3
rank0036_ca6_proteinbinders_0274_A,AF-Q9C0C7-4-F1-model_v6,0.2,226,0.711,0.137,1.931e-07,190,Q9C0C7-4
rank0036_ca6_proteinbinders_0274_A,AF-P98163-F1-model_v6,0.113,389,0.972,0.196,5.062e-08,190,P98163
rank0036_ca6_proteinbinders_0274_A,AF-Q821G5-F1-model_v6,0.162,319,0.94,0.747,9.528e-07,189,Q821G5
rank0036_ca6_proteinbinders_0274_A,AF-B0BA52-F1-model_v6,0.155,316,0.906,0.733,1.233e-06,189,B0BA52
rank0036_ca6_proteinbinders_0274_A,AF-Q8I7T3-F1-model_v6,0.095,268,0.821,0.282,1.537e-05,189,Q8I7T3
rank0036_ca6_proteinbinders_0274_A,AF-Q9Z7C4-F1-model_v6,0.163,312,0.893,0.724,5.407e-07,188,Q9Z7C4
rank0036_ca6_proteinbinders_0274_A,AF-Q8C7X2-2-F1-model_v6,0.124,407,0.972,0.409,3.402e-07,188,Q8C7X2-2
rank0036_ca6_proteinbinders_0274_A,AF-A2AH22-7-F1-model_v6,0.2,226,0.711,0.141,2.769e-07,188,A2AH22-7
rank0036_ca6_proteinbinders_0274_A,AF-Q62086-F1-model_v6,0.139,291,0.789,0.822,5.487e-06,186,Q62086
rank0036_ca6_proteinbinders_0274_A,AF-Q8N766-2-F1-model_v6,0.129,406,0.972,0.409,4.633e-07,183,Q8N766-2
rank0036_ca6_proteinbinders_0274_A,AF-Q8C7X2-F1-model_v6,0.124,407,0.972,0.408,6.644e-07,182,Q8C7X2
rank0036_ca6_proteinbinders_0274_A,AF-Q5R7K6-F1-model_v6,0.124,407,0.972,0.409,5.693e-07,180,Q5R7K6
rank0036_ca6_proteinbinders_0274_A,AF-Q9H6U6-F1-model_v6,0.115,340,0.761,0.366,4.029e-06,179,Q9H6U6
rank0036_ca6_proteinbinders_0274_A,AF-Q8N766-3-F1-model_v6,0.122,406,0.972,0.409,7.754e-07,179,Q8N766-3
rank0036_ca6_proteinbinders_0274_A,AF-Q21653-F1-model_v6,0.118,337,0.956,0.285,2.809e-06,177,Q21653
rank0036_ca6_proteinbinders_0274_A,AF-P55159-F1-model_v6,0.143,296,0.912,0.834,6.082e-06,175,P55159
rank0036_ca6_proteinbinders_0274_A,AF-P52430-F1-model_v6,0.14,296,0.912,0.834,1.251e-05,167,P52430
rank0036_ca6_proteinbinders_0274_A,AF-P53873-F1-model_v6,0.11,298,0.937,0.829,6.995e-07,165,P53873
rank0036_ca6_proteinbinders_0274_A,AF-Q8SY41-F1-model_v6,0.14,303,0.632,0.27,7.202e-05,164,Q8SY41
rank0036_ca6_proteinbinders_0274_A,AF-Q8GUL1-F1-model_v6,0.121,392,0.761,0.409,7.583e-05,162,Q8GUL1
rank0036_ca6_proteinbinders_0274_A,AF-Q9Y817-F1-model_v6,0.118,427,0.991,0.329,2.534e-06,157,Q9Y817
rank0036_ca6_proteinbinders_0274_A,AF-Q06211-F1-model_v6,0.131,313,0.852,0.222,3.16e-05,156,Q06211
rank0036_ca6_proteinbinders_0274_A,AF-Q9UJX5-2-F1-model_v6,0.149,222,0.67,0.403,3.327e-05,147,Q9UJX5-2
rank0036_ca6_proteinbinders_0274_A,AF-O28918-F1-model_v6,0.124,301,0.912,0.853,5.777e-06,143,O28918
rank0037_ca6_proteinbinders_3178_A,AF-O06745-F1-model_v6,0.136,315,0.984,0.44,3.684e-09,195,O06745
rank0037_ca6_proteinbinders_3178_A,AF-Q49775-F1-model_v6,0.136,315,0.984,0.242,8.044e-08,176,Q49775
rank0037_ca6_proteinbinders_3178_A,AF-Q9KUW9-F1-model_v6,0.128,317,0.991,0.256,9.037e-08,174,Q9KUW9
rank0037_ca6_proteinbinders_3178_A,AF-Q87L95-F1-model_v6,0.137,315,0.984,0.252,1.076e-07,173,Q87L95
rank0037_ca6_proteinbinders_3178_A,AF-O33465-F1-model_v6,0.128,317,0.991,0.512,1.076e-07,168,O33465
rank0037_ca6_proteinbinders_3178_A,AF-Q8DCJ7-F1-model_v6,0.123,316,0.988,0.253,4.608e-07,166,Q8DCJ7
rank0037_ca6_proteinbinders_3178_A,AF-Q9I2Q2-F1-model_v6,0.116,317,0.991,0.252,3.25e-07,163,Q9I2Q2
rank0037_ca6_proteinbinders_3178_A,AF-O33259-F1-model_v6,0.144,308,0.962,0.244,3.067e-07,161,O33259
rank0037_ca6_proteinbinders_3178_A,AF-P37586-F1-model_v6,0.131,315,0.984,0.253,2.041e-07,161,P37586
rank0037_ca6_proteinbinders_3178_A,AF-Q9AJQ8-F1-model_v6,0.123,317,0.991,0.256,4.884e-07,157,Q9AJQ8
rank0037_ca6_proteinbinders_3178_A,AF-P13009-F1-model_v6,0.131,297,0.928,0.218,1.757e-06,151,P13009
rank0037_ca6_proteinbinders_3178_A,AF-Q5E814-F1-model_v6,0.126,314,0.972,0.256,4.884e-07,147,Q5E814
rank0037_ca6_proteinbinders_3178_A,AF-Q7MHB1-F1-model_v6,0.126,312,0.972,0.254,8.245e-07,146,Q7MHB1
rank0037_ca6_proteinbinders_3178_A,AF-Q8U2A2-F1-model_v6,0.147,305,0.953,0.481,3.332e-06,142,Q8U2A2
rank0037_ca6_proteinbinders_3178_A,AF-Q8TUZ9-F1-model_v6,0.171,309,0.966,0.983,7.34e-07,140,Q8TUZ9
rank0037_ca6_proteinbinders_3178_A,AF-P77969-F1-model_v6,0.124,286,0.884,0.875,4.723e-06,139,P77969
rank0037_ca6_proteinbinders_3178_A,AF-Q9UZ08-F1-model_v6,0.156,305,0.953,0.5,1.564e-06,138,Q9UZ08
rank0037_ca6_proteinbinders_3178_A,AF-P64141-F1-model_v6,0.154,317,0.991,0.951,5.306e-06,134,P64141
rank0037_ca6_proteinbinders_3178_A,AF-B5RGE4-F1-model_v6,0.158,305,0.953,0.47,7.974e-06,132,B5RGE4
rank0037_ca6_proteinbinders_3178_A,AF-Q5WEN3-F1-model_v6,0.162,298,0.931,0.461,5.006e-06,131,Q5WEN3
rank0037_ca6_proteinbinders_3178_A,AF-B8DM91-F1-model_v6,0.155,301,0.941,0.471,1.131e-05,131,B8DM91
rank0037_ca6_proteinbinders_3178_A,AF-Q04469-F1-model_v6,0.115,307,0.959,0.894,8.958e-06,129,Q04469
rank0037_ca6_proteinbinders_3178_A,AF-Q87LP2-F1-model_v6,0.142,318,0.994,0.975,1.699e-05,127,Q87LP2
rank0037_ca6_proteinbinders_3178_A,AF-Q9FN52-F1-model_v6,0.147,315,0.984,0.525,3.222e-05,127,Q9FN52
rank0037_ca6_proteinbinders_3178_A,AF-P0C0G1-F1-model_v6,0.14,319,0.997,0.955,3.222e-05,125,P0C0G1
rank0037_ca6_proteinbinders_3178_A,AF-A0PL81-F1-model_v6,0.138,314,0.981,0.721,2.966e-06,125,A0PL81
rank0037_ca6_proteinbinders_3178_A,AF-B2HGA4-F1-model_v6,0.161,315,0.984,0.756,3.967e-06,124,B2HGA4
rank0037_ca6_proteinbinders_3178_A,AF-O29305-F1-model_v6,0.133,319,0.997,0.542,1.699e-05,124,O29305
rank0037_ca6_proteinbinders_3178_A,AF-Q4ZSF5-F1-model_v6,0.114,323,0.978,0.737,1.657e-06,122,Q4ZSF5
rank0037_ca6_proteinbinders_3178_A,AF-Q3IDK9-F1-model_v6,0.137,316,0.988,0.996,1.27e-05,121,Q3IDK9
rank0037_ca6_proteinbinders_3178_A,AF-Q92NH8-F1-model_v6,0.146,318,0.994,0.973,1.801e-05,121,Q92NH8
rank0037_ca6_proteinbinders_3178_A,AF-B7VJR8-F1-model_v6,0.141,281,0.878,0.63,2.798e-06,121,B7VJR8
rank0037_ca6_proteinbinders_3178_A,AF-P0DB08-F1-model_v6,0.134,319,0.997,0.955,5.132e-05,120,P0DB08
rank0037_ca6_proteinbinders_3178_A,AF-Q7C637-F1-model_v6,0.12,304,0.95,0.67,7.974e-06,120,Q7C637
rank0037_ca6_proteinbinders_3178_A,AF-P48841-F1-model_v6,0.097,318,0.934,0.846,1.427e-05,119,P48841
rank0037_ca6_proteinbinders_3178_A,AF-A4WVT8-F1-model_v6,0.125,322,0.981,0.744,5.624e-06,119,A4WVT8
rank0037_ca6_proteinbinders_3178_A,AF-Q8J308-F1-model_v6,0.15,285,0.891,0.794,3.415e-05,117,Q8J308
rank0037_ca6_proteinbinders_3178_A,AF-Q880Z4-F1-model_v6,0.106,323,0.978,0.737,3.332e-06,117,Q880Z4
rank0037_ca6_proteinbinders_3178_A,AF-A9ARG7-F1-model_v6,0.125,327,0.978,0.743,1.27e-05,117,A9ARG7
rank0037_ca6_proteinbinders_3178_A,AF-P45687-F1-model_v6,0.11,323,0.991,0.727,2.409e-05,117,P45687
rank0037_ca6_proteinbinders_3178_A,AF-Q9C550-F1-model_v6,0.143,315,0.984,0.417,3.62e-05,117,Q9C550
rank0037_ca6_proteinbinders_3178_A,AF-C3K8E3-F1-model_v6,0.114,324,0.981,0.74,5.006e-06,116,C3K8E3
rank0037_ca6_proteinbinders_3178_A,AF-Q57IG0-F1-model_v6,0.116,324,0.981,0.736,1.198e-05,116,Q57IG0
rank0037_ca6_proteinbinders_3178_A,AF-B9K7G3-F1-model_v6,0.101,323,0.978,0.727,1.909e-05,116,B9K7G3
rank0037_ca6_proteinbinders_3178_A,AF-Q32IJ5-F1-model_v6,0.154,317,0.991,0.645,2.868e-05,115,Q32IJ5
rank0037_ca6_proteinbinders_3178_A,AF-Q2P2X0-F1-model_v6,0.126,281,0.878,0.625,1.131e-05,114,Q2P2X0
rank0037_ca6_proteinbinders_3178_A,AF-Q15PG0-F1-model_v6,0.132,303,0.947,0.679,7.523e-06,114,Q15PG0
rank0037_ca6_proteinbinders_3178_A,AF-A4W566-F1-model_v6,0.118,304,0.95,0.67,9.495e-06,114,A4W566
rank0037_ca6_proteinbinders_3178_A,AF-Q89GB0-F1-model_v6,0.144,304,0.95,0.462,4.842e-05,114,Q89GB0
rank0037_ca6_proteinbinders_3178_A,AF-Q9SZV3-F1-model_v6,0.137,318,0.994,0.487,7.276e-05,114,Q9SZV3
rank0037_ca6_proteinbinders_3178_A,AF-B9KPP8-F1-model_v6,0.126,322,0.981,0.744,1.603e-05,113,B9KPP8
rank0037_ca6_proteinbinders_3178_A,AF-A4TS63-F1-model_v6,0.132,324,0.981,0.738,5.306e-06,113,A4TS63
rank0037_ca6_proteinbinders_3178_A,AF-Q13RB8-F1-model_v6,0.121,323,0.978,0.734,1.427e-05,113,Q13RB8
rank0037_ca6_proteinbinders_3178_A,AF-P0A794-F1-model_v6,0.133,315,0.984,0.979,6.476e-05,112,P0A794
rank0037_ca6_proteinbinders_3178_A,AF-Q72L31-F1-model_v6,0.146,318,0.978,0.933,1.346e-05,112,Q72L31
rank0037_ca6_proteinbinders_3178_A,AF-Q8G204-F1-model_v6,0.112,322,0.981,0.74,1.699e-05,112,Q8G204
rank0037_ca6_proteinbinders_3178_A,AF-Q8Z9Z1-F1-model_v6,0.129,324,0.981,0.738,6.318e-06,112,Q8Z9Z1
rank0037_ca6_proteinbinders_3178_A,AF-Q663Y3-F1-model_v6,0.129,324,0.981,0.738,5.961e-06,112,Q663Y3
rank0037_ca6_proteinbinders_3178_A,AF-Q1BG90-F1-model_v6,0.121,327,0.978,0.743,1.512e-05,112,Q1BG90
rank0037_ca6_proteinbinders_3178_A,AF-A4JSU5-F1-model_v6,0.129,327,0.991,0.743,1.603e-05,112,A4JSU5
rank0037_ca6_proteinbinders_3178_A,AF-Q8ZT64-F1-model_v6,0.13,308,0.962,0.607,9.732e-05,112,Q8ZT64
rank0037_ca6_proteinbinders_3178_A,AF-Q8TYV1-F1-model_v6,0.144,312,0.975,0.528,4.842e-05,112,Q8TYV1
rank0037_ca6_proteinbinders_3178_A,AF-Q11EH9-F1-model_v6,0.121,322,0.981,0.739,1.346e-05,111,Q11EH9
rank0037_ca6_proteinbinders_3178_A,AF-A9R5Q1-F1-model_v6,0.129,324,0.981,0.738,6.697e-06,111,A9R5Q1
rank0037_ca6_proteinbinders_3178_A,AF-B4SWK9-F1-model_v6,0.106,324,0.981,0.736,1.198e-05,111,B4SWK9
rank0037_ca6_proteinbinders_3178_A,AF-B5RGL6-F1-model_v6,0.113,324,0.981,0.736,2.272e-05,111,B5RGL6
rank0037_ca6_proteinbinders_3178_A,AF-Q8RHY5-F1-model_v6,0.119,316,0.988,0.608,6.11e-05,111,Q8RHY5
rank0037_ca6_proteinbinders_3178_A,AF-Q39891-F1-model_v6,0.126,318,0.994,0.494,6.11e-05,111,Q39891
rank0037_ca6_proteinbinders_3178_A,AF-P0A795-F1-model_v6,0.133,315,0.984,0.979,7.276e-05,110,P0A795
rank0037_ca6_proteinbinders_3178_A,AF-Q9PGS5-F1-model_v6,0.096,281,0.878,0.62,3.415e-05,110,Q9PGS5
rank0037_ca6_proteinbinders_3178_A,AF-A7FP68-F1-model_v6,0.129,324,0.981,0.738,7.523e-06,110,A7FP68
rank0037_ca6_proteinbinders_3178_A,AF-Q9CFG7-F1-model_v6,0.115,324,0.991,0.738,9.732e-05,110,Q9CFG7
rank0037_ca6_proteinbinders_3178_A,AF-Q2SW40-F1-model_v6,0.126,324,0.981,0.736,2.706e-05,110,Q2SW40
rank0037_ca6_proteinbinders_3178_A,AF-Q9HS44-F1-model_v6,0.168,312,0.975,0.31,7.276e-05,110,Q9HS44
rank0037_ca6_proteinbinders_3178_A,AF-Q5SKP2-F1-model_v6,0.153,318,0.978,0.933,1.699e-05,109,Q5SKP2
rank0037_ca6_proteinbinders_3178_A,AF-Q8ZL90-F1-model_v6,0.13,324,0.981,0.736,1.909e-05,109,Q8ZL90
rank0037_ca6_proteinbinders_3178_A,AF-Q24SG9-F1-model_v6,0.148,317,0.991,0.603,9.732e-05,109,Q24SG9
rank0037_ca6_proteinbinders_3178_A,AF-Q6LU69-F1-model_v6,0.122,315,0.984,0.837,1.006e-05,108,Q6LU69
rank0037_ca6_proteinbinders_3178_A,AF-B2FN00-F1-model_v6,0.124,281,0.878,0.633,2.409e-05,108,B2FN00
rank0037_ca6_proteinbinders_3178_A,AF-B4T952-F1-model_v6,0.123,324,0.981,0.736,1.801e-05,108,B4T952
rank0037_ca6_proteinbinders_3178_A,AF-B1Z405-F1-model_v6,0.116,327,0.978,0.743,3.04e-05,108,B1Z405
rank0037_ca6_proteinbinders_3178_A,AF-Q5GZY3-F1-model_v6,0.131,281,0.878,0.625,2.868e-05,107,Q5GZY3
rank0037_ca6_proteinbinders_3178_A,AF-A5WGS6-F1-model_v6,0.138,281,0.878,0.621,5.132e-05,107,A5WGS6
rank0037_ca6_proteinbinders_3178_A,AF-Q3IYM4-F1-model_v6,0.113,322,0.981,0.744,2.553e-05,107,Q3IYM4
rank0037_ca6_proteinbinders_3178_A,AF-P80077-F1-model_v6,0.172,319,0.997,0.602,5.765e-05,107,P80077
rank0037_ca6_proteinbinders_3178_A,AF-Q31V53-F1-model_v6,0.133,324,0.981,0.762,1.198e-05,106,Q31V53
rank0037_ca6_proteinbinders_3178_A,AF-B1LJC7-F1-model_v6,0.14,324,0.981,0.736,1.909e-05,106,B1LJC7
rank0037_ca6_proteinbinders_3178_A,AF-B2T929-F1-model_v6,0.121,323,0.978,0.734,2.553e-05,106,B2T929
rank0037_ca6_proteinbinders_3178_A,AF-B7N1L9-F1-model_v6,0.14,324,0.981,0.736,1.603e-05,106,B7N1L9
rank0037_ca6_proteinbinders_3178_A,AF-Q0TBN7-F1-model_v6,0.14,324,0.981,0.736,1.603e-05,106,Q0TBN7
rank0037_ca6_proteinbinders_3178_A,AF-C0Q1C2-F1-model_v6,0.13,324,0.981,0.736,2.868e-05,106,C0Q1C2
rank0037_ca6_proteinbinders_3178_A,AF-C4ZXF6-F1-model_v6,0.14,324,0.981,0.736,1.909e-05,105,C4ZXF6
rank0037_ca6_proteinbinders_3178_A,AF-B7M3I8-F1-model_v6,0.133,324,0.981,0.736,2.023e-05,105,B7M3I8
rank0037_ca6_proteinbinders_3178_A,AF-Q8FCE3-F1-model_v6,0.137,324,0.981,0.736,1.699e-05,105,Q8FCE3
rank0037_ca6_proteinbinders_3178_A,AF-Q89VC7-F1-model_v6,0.112,323,0.978,0.737,3.415e-05,104,Q89VC7
rank0037_ca6_proteinbinders_3178_A,AF-A1JT10-F1-model_v6,0.132,324,0.981,0.738,1.346e-05,104,A1JT10
rank0037_ca6_proteinbinders_3178_A,AF-B1X8I1-F1-model_v6,0.137,324,0.981,0.736,1.909e-05,104,B1X8I1
rank0037_ca6_proteinbinders_3178_A,AF-C3MJE5-F1-model_v6,0.139,316,0.988,0.587,6.476e-05,104,C3MJE5
rank0037_ca6_proteinbinders_3178_A,AF-O23404-4-F1-model_v6,0.117,339,0.988,0.396,1.801e-05,104,O23404-4
rank0037_ca6_proteinbinders_3178_A,AF-A9KUN0-F1-model_v6,0.137,281,0.878,0.636,2.706e-05,103,A9KUN0
rank0037_ca6_proteinbinders_3178_A,AF-B7L6Y0-F1-model_v6,0.14,324,0.981,0.736,2.706e-05,103,B7L6Y0
rank0037_ca6_proteinbinders_3178_A,AF-B5YVL8-F1-model_v6,0.14,324,0.981,0.736,2.868e-05,103,B5YVL8
rank0037_ca6_proteinbinders_3178_A,AF-B7ULC6-F1-model_v6,0.137,324,0.981,0.736,2.272e-05,103,B7ULC6
rank0037_ca6_proteinbinders_3178_A,AF-B4TZ55-F1-model_v6,0.129,324,0.981,0.736,2.706e-05,103,B4TZ55
rank0037_ca6_proteinbinders_3178_A,AF-Q05509-F1-model_v6,0.166,319,0.997,0.6,7.276e-05,103,Q05509
rank0037_ca6_proteinbinders_3178_A,AF-B2SIN8-F1-model_v6,0.128,281,0.878,0.625,3.415e-05,102,B2SIN8
rank0037_ca6_proteinbinders_3178_A,AF-A6X4G3-F1-model_v6,0.112,322,0.981,0.74,8.173e-05,102,A6X4G3
rank0037_ca6_proteinbinders_3178_A,AF-Q2GAB9-F1-model_v6,0.144,323,0.978,0.739,7.276e-05,102,Q2GAB9
rank0037_ca6_proteinbinders_3178_A,AF-B0TND4-F1-model_v6,0.135,281,0.878,0.631,9.732e-05,100,B0TND4
rank0037_ca6_proteinbinders_3178_A,AF-Q4FRI6-F1-model_v6,0.139,281,0.878,0.621,7.276e-05,100,Q4FRI6
rank0037_ca6_proteinbinders_3178_A,AF-C0RHQ0-F1-model_v6,0.127,322,0.981,0.74,5.439e-05,100,C0RHQ0
rank0037_ca6_proteinbinders_3178_A,AF-A5VPA1-F1-model_v6,0.128,322,0.981,0.74,6.864e-05,100,A5VPA1
rank0037_ca6_proteinbinders_3178_A,AF-B2SA37-F1-model_v6,0.128,322,0.981,0.74,5.765e-05,100,B2SA37
rank0037_ca6_proteinbinders_3178_A,AF-Q92LW9-F1-model_v6,0.104,322,0.981,0.739,6.476e-05,100,Q92LW9
rank0037_ca6_proteinbinders_3178_A,AF-C3M8Y0-F1-model_v6,0.116,322,0.981,0.739,3.836e-05,100,C3M8Y0
rank0037_ca6_proteinbinders_3178_A,AF-Q3YVV0-F1-model_v6,0.14,324,0.981,0.736,4.842e-05,100,Q3YVV0
rank0037_ca6_proteinbinders_3178_A,AF-Q2YMQ2-F1-model_v6,0.127,322,0.981,0.74,6.11e-05,99,Q2YMQ2
rank0037_ca6_proteinbinders_3178_A,AF-Q98CR8-F1-model_v6,0.101,327,0.981,0.741,7.711e-05,99,Q98CR8
rank0037_ca6_proteinbinders_3178_A,AF-O23404-2-F1-model_v6,0.109,339,0.991,0.387,2.023e-05,99,O23404-2
rank0037_ca6_proteinbinders_3178_A,AF-O23404-F1-model_v6,0.109,339,0.988,0.352,1.346e-05,99,O23404
rank0037_ca6_proteinbinders_3178_A,AF-Q76L37-F1-model_v6,0.124,313,0.978,0.842,3.836e-05,98,Q76L37
rank0037_ca6_proteinbinders_3178_A,AF-Q57EI4-F1-model_v6,0.124,322,0.981,0.74,6.864e-05,98,Q57EI4
rank0037_ca6_proteinbinders_3178_A,AF-B9JSR6-F1-model_v6,0.096,322,0.981,0.74,6.476e-05,98,B9JSR6
rank0037_ca6_proteinbinders_3178_A,AF-B0CKM9-F1-model_v6,0.135,322,0.981,0.74,7.276e-05,98,B0CKM9
rank0037_ca6_proteinbinders_3178_A,AF-Q8YFX5-F1-model_v6,0.127,322,0.981,0.74,7.276e-05,98,Q8YFX5
rank0037_ca6_proteinbinders_3178_A,AF-Q42910-F1-model_v6,0.119,341,0.997,0.359,5.132e-05,98,Q42910
rank0037_ca6_proteinbinders_3178_A,AF-Q8ERY0-F1-model_v6,0.121,307,0.956,0.89,5.132e-05,97,Q8ERY0
rank0037_ca6_proteinbinders_3178_A,AF-A1SWU0-F1-model_v6,0.105,315,0.984,0.84,4.568e-05,97,A1SWU0
rank0037_ca6_proteinbinders_3178_A,AF-B8CLC5-F1-model_v6,0.119,315,0.984,0.833,4.568e-05,97,B8CLC5
rank0037_ca6_proteinbinders_3178_A,AF-Q2K433-F1-model_v6,0.116,322,0.981,0.739,6.11e-05,97,Q2K433
rank0037_ca6_proteinbinders_3178_A,AF-A9M9H3-F1-model_v6,0.116,322,0.981,0.74,4.842e-05,96,A9M9H3
rank0037_ca6_proteinbinders_3178_A,AF-Q42368-F1-model_v6,0.119,340,1.0,0.385,4.568e-05,95,Q42368
rank0037_ca6_proteinbinders_3178_A,AF-B2I6T4-F1-model_v6,0.101,315,0.984,0.836,6.11e-05,94,B2I6T4
rank0037_ca6_proteinbinders_3178_A,AF-B3Q0R5-F1-model_v6,0.11,322,0.981,0.739,6.864e-05,94,B3Q0R5
rank0037_ca6_proteinbinders_3178_A,AF-P51776-F1-model_v6,0.126,338,0.975,0.382,1.909e-05,94,P51776
rank0037_ca6_proteinbinders_3178_A,AF-Q59754-F1-model_v6,0.119,338,0.978,0.376,3.04e-05,94,Q59754
rank0037_ca6_proteinbinders_3178_A,AF-B3GXF8-F1-model_v6,0.132,315,0.984,0.822,9.182e-05,93,B3GXF8
rank0037_ca6_proteinbinders_3178_A,AF-B1MZ49-F1-model_v6,0.144,331,0.859,0.74,2.409e-05,92,B1MZ49
rank0038_ca6_proteinbinders_6189_A,AF-Q8YRI1-F1-model_v6,0.482,340,0.997,0.218,4.117e-39,1668,Q8YRI1
rank0038_ca6_proteinbinders_6189_A,AF-Q3Y8L7-F1-model_v6,0.383,330,0.968,0.724,1.776e-35,1507,Q3Y8L7
rank0038_ca6_proteinbinders_6189_A,AF-Q0P593-F1-model_v6,0.395,328,0.962,0.773,6.006e-35,1470,Q0P593
rank0038_ca6_proteinbinders_6189_A,AF-Q5FWQ6-F1-model_v6,0.386,328,0.962,0.773,5.27e-34,1436,Q5FWQ6
rank0038_ca6_proteinbinders_6189_A,AF-Q8N136-F1-model_v6,0.398,328,0.962,0.773,3.6370000000000003e-34,1416,Q8N136
rank0038_ca6_proteinbinders_6189_A,AF-Q1LV15-F1-model_v6,0.398,328,0.962,0.773,1.5199999999999999e-33,1403,Q1LV15
rank0038_ca6_proteinbinders_6189_A,AF-Q4R8E7-F1-model_v6,0.389,328,0.962,0.773,2.8709999999999998e-33,1383,Q4R8E7
rank0038_ca6_proteinbinders_6189_A,AF-Q8YTC2-F1-model_v6,0.415,372,0.991,0.296,2.127e-38,1302,Q8YTC2
rank0038_ca6_proteinbinders_6189_A,AF-Q00808-F1-model_v6,0.468,374,0.997,0.276,2.923e-38,1273,Q00808
rank0038_ca6_proteinbinders_6189_A,AF-Q86TI4-F1-model_v6,0.295,335,0.982,0.88,3.1240000000000002e-30,1205,Q86TI4
rank0038_ca6_proteinbinders_6189_A,AF-Q5RFF8-F1-model_v6,0.334,370,0.968,0.763,3.1240000000000002e-30,1192,Q5RFF8
rank0038_ca6_proteinbinders_6189_A,AF-Q9NVX2-F1-model_v6,0.336,370,0.968,0.763,1.1139999999999999e-29,1176,Q9NVX2
rank0038_ca6_proteinbinders_6189_A,AF-Q8VEJ4-F1-model_v6,0.336,370,0.968,0.763,3.3889999999999997e-29,1162,Q8VEJ4
rank0038_ca6_proteinbinders_6189_A,AF-P49695-F1-model_v6,0.491,289,0.848,0.377,4.072e-30,1149,P49695
rank0038_ca6_proteinbinders_6189_A,AF-Q9FLX9-F1-model_v6,0.325,363,0.968,0.767,6.399e-29,1129,Q9FLX9
rank0038_ca6_proteinbinders_6189_A,AF-Q9VPR4-F1-model_v6,0.32,368,0.968,0.754,1.7510000000000002e-28,1125,Q9VPR4
rank0038_ca6_proteinbinders_6189_A,AF-Q7ZXK9-F1-model_v6,0.344,370,0.968,0.777,7.114e-29,1122,Q7ZXK9
rank0038_ca6_proteinbinders_6189_A,AF-Q86TI4-1-F1-model_v6,0.221,447,0.985,0.91,7.715e-28,1100,Q86TI4-1
rank0038_ca6_proteinbinders_6189_A,AF-G0SC29-F1-model_v6,0.332,370,0.968,0.716,6.940000000000001e-28,1100,G0SC29
rank0038_ca6_proteinbinders_6189_A,AF-O74855-F1-model_v6,0.324,367,0.968,0.731,1.946e-28,1095,O74855
rank0038_ca6_proteinbinders_6189_A,AF-O22212-F1-model_v6,0.327,289,0.848,0.509,5.050000000000001e-28,1055,O22212
rank0038_ca6_proteinbinders_6189_A,AF-Q95RJ9-F1-model_v6,0.307,343,0.974,0.49,1.7570000000000002e-26,1025,Q95RJ9
rank0038_ca6_proteinbinders_6189_A,AF-B7PS00-F1-model_v6,0.354,309,0.877,0.752,9.044e-28,1024,B7PS00
rank0038_ca6_proteinbinders_6189_A,AF-Q9QXE7-F1-model_v6,0.3,344,0.974,0.653,6.964e-26,1022,Q9QXE7
rank0038_ca6_proteinbinders_6189_A,AF-A9V790-F1-model_v6,0.312,311,0.886,0.759,4.308e-28,1020,A9V790
rank0038_ca6_proteinbinders_6189_A,AF-Q9PTR5-F1-model_v6,0.351,305,0.859,0.744,1.382e-27,1018,Q9PTR5
rank0038_ca6_proteinbinders_6189_A,AF-Q7KNS3-F1-model_v6,0.35,306,0.859,0.745,2.474e-27,1010,Q7KNS3
rank0038_ca6_proteinbinders_6189_A,AF-P43034-F1-model_v6,0.352,305,0.859,0.744,2.226e-27,1008,P43034
rank0038_ca6_proteinbinders_6189_A,AF-Q6NZH4-F1-model_v6,0.348,305,0.859,0.744,2.474e-27,1006,Q6NZH4
rank0038_ca6_proteinbinders_6189_A,AF-Q803D2-F1-model_v6,0.361,306,0.877,0.746,1.62e-27,1004,Q803D2
rank0038_ca6_proteinbinders_6189_A,AF-P43033-F1-model_v6,0.349,306,0.877,0.746,1.62e-27,1003,P43033
rank0038_ca6_proteinbinders_6189_A,AF-A7S338-F1-model_v6,0.352,309,0.883,0.756,1.62e-27,1001,A7S338
rank0038_ca6_proteinbinders_6189_A,AF-B4QHG6-F1-model_v6,0.35,306,0.859,0.745,4.431e-27,1001,B4QHG6
rank0038_ca6_proteinbinders_6189_A,AF-Q9BZK7-F1-model_v6,0.302,344,0.974,0.669,1.541e-25,1001,Q9BZK7
rank0038_ca6_proteinbinders_6189_A,AF-Q90ZL4-F1-model_v6,0.351,305,0.859,0.744,3.78e-27,1000,Q90ZL4
rank0038_ca6_proteinbinders_6189_A,AF-Q9GL51-F1-model_v6,0.345,306,0.877,0.746,2.111e-27,1000,Q9GL51
rank0038_ca6_proteinbinders_6189_A,AF-B4P6P9-F1-model_v6,0.35,306,0.859,0.745,4.203e-27,999,B4P6P9
rank0038_ca6_proteinbinders_6189_A,AF-B4LQ21-F1-model_v6,0.344,308,0.865,0.749,3.78e-27,999,B4LQ21
rank0038_ca6_proteinbinders_6189_A,AF-Q4R8H1-F1-model_v6,0.296,344,0.974,0.605,2.761e-25,999,Q4R8H1
rank0038_ca6_proteinbinders_6189_A,AF-B0LSW3-F1-model_v6,0.349,306,0.877,0.746,2.474e-27,998,B0LSW3
rank0038_ca6_proteinbinders_6189_A,AF-Q4RJN5-F1-model_v6,0.352,306,0.877,0.746,2.226e-27,998,Q4RJN5
rank0038_ca6_proteinbinders_6189_A,AF-B4JWA1-F1-model_v6,0.344,308,0.865,0.749,3.78e-27,998,B4JWA1
rank0038_ca6_proteinbinders_6189_A,AF-Q09715-F1-model_v6,0.374,293,0.839,0.477,3.059e-27,998,Q09715
rank0038_ca6_proteinbinders_6189_A,AF-P63005-F1-model_v6,0.349,306,0.877,0.746,2.3469999999999998e-27,997,P63005
rank0038_ca6_proteinbinders_6189_A,AF-Q7T394-F1-model_v6,0.352,306,0.877,0.746,2.111e-27,997,Q7T394
rank0038_ca6_proteinbinders_6189_A,AF-Q8HXX0-F1-model_v6,0.349,306,0.877,0.746,2.751e-27,996,Q8HXX0
rank0038_ca6_proteinbinders_6189_A,AF-B5X3Z6-F1-model_v6,0.349,305,0.859,0.744,3.78e-27,996,B5X3Z6
rank0038_ca6_proteinbinders_6189_A,AF-Q9BQ87-F1-model_v6,0.305,343,0.971,0.657,2.233e-25,996,Q9BQ87
rank0038_ca6_proteinbinders_6189_A,AF-Q9FN19-F1-model_v6,0.29,345,0.968,0.563,1.2470000000000001e-25,996,Q9FN19
rank0038_ca6_proteinbinders_6189_A,AF-C3XVT5-F1-model_v6,0.351,306,0.883,0.754,2.751e-27,994,C3XVT5
rank0038_ca6_proteinbinders_6189_A,AF-C4Q0P6-F1-model_v6,0.33,332,0.974,0.707,2.82e-28,993,C4Q0P6
rank0038_ca6_proteinbinders_6189_A,AF-B4MY65-F1-model_v6,0.344,308,0.865,0.753,7.527e-27,991,B4MY65
rank0038_ca6_proteinbinders_6189_A,AF-B3MEY6-F1-model_v6,0.347,306,0.859,0.745,7.935999999999999e-27,991,B3MEY6
rank0038_ca6_proteinbinders_6189_A,AF-Q17N69-F1-model_v6,0.356,306,0.859,0.748,7.935999999999999e-27,990,Q17N69
rank0038_ca6_proteinbinders_6189_A,AF-Q5REG7-F1-model_v6,0.349,305,0.859,0.744,6.09e-27,990,Q5REG7
rank0038_ca6_proteinbinders_6189_A,AF-O43172-F1-model_v6,0.331,289,0.845,0.554,3.986e-27,989,O43172
rank0038_ca6_proteinbinders_6189_A,AF-P63004-F1-model_v6,0.349,306,0.877,0.746,4.927e-27,986,P63004
rank0038_ca6_proteinbinders_6189_A,AF-Q291L9-F1-model_v6,0.341,308,0.865,0.749,7.527e-27,985,Q291L9
rank0038_ca6_proteinbinders_6189_A,AF-Q5IS43-F1-model_v6,0.345,306,0.877,0.746,7.527e-27,982,Q5IS43
rank0038_ca6_proteinbinders_6189_A,AF-Q7T0P4-F1-model_v6,0.303,332,0.974,0.639,1.7570000000000002e-26,981,Q7T0P4
rank0038_ca6_proteinbinders_6189_A,AF-Q9M2Z2-F1-model_v6,0.335,331,0.971,0.915,1.278e-26,980,Q9M2Z2
rank0038_ca6_proteinbinders_6189_A,AF-B3NPW0-F1-model_v6,0.346,307,0.877,0.747,1.15e-26,976,B3NPW0
rank0038_ca6_proteinbinders_6189_A,AF-B4KT48-F1-model_v6,0.338,309,0.883,0.752,1.0910000000000001e-26,974,B4KT48
rank0038_ca6_proteinbinders_6189_A,AF-B4HSL3-F1-model_v6,0.344,307,0.877,0.747,9.302999999999999e-27,972,B4HSL3
rank0038_ca6_proteinbinders_6189_A,AF-Q8JZX3-F1-model_v6,0.304,334,0.979,0.701,4.8060000000000006e-26,970,Q8JZX3
rank0038_ca6_proteinbinders_6189_A,AF-Q8JZX3-3-F1-model_v6,0.303,334,0.979,0.798,4.3230000000000006e-26,969,Q8JZX3-3
rank0038_ca6_proteinbinders_6189_A,AF-Q5NVD0-F1-model_v6,0.334,289,0.845,0.555,8.823e-27,969,Q5NVD0
rank0038_ca6_proteinbinders_6189_A,AF-O43172-2-F1-model_v6,0.286,330,0.968,0.555,7.138e-27,967,O43172-2
rank0038_ca6_proteinbinders_6189_A,AF-Q61FW2-F1-model_v6,0.319,336,0.985,0.54,2.009e-25,967,Q61FW2
rank0038_ca6_proteinbinders_6189_A,AF-O76734-F1-model_v6,0.339,329,0.965,0.508,2.111e-27,965,O76734
rank0038_ca6_proteinbinders_6189_A,AF-Q4V8C4-F1-model_v6,0.333,330,0.968,0.872,2.5450000000000003e-26,964,Q4V8C4
rank0038_ca6_proteinbinders_6189_A,AF-P61965-F1-model_v6,0.395,295,0.865,0.877,1.58e-26,963,P61965
rank0038_ca6_proteinbinders_6189_A,AF-Q5ZJH5-F1-model_v6,0.326,288,0.845,0.938,2.984e-26,962,Q5ZJH5
rank0038_ca6_proteinbinders_6189_A,AF-Q8K450-4-F1-model_v6,0.338,284,0.833,0.887,1.625e-25,962,Q8K450-4
rank0038_ca6_proteinbinders_6189_A,AF-Q5JTN6-F1-model_v6,0.385,284,0.833,0.889,1.183e-25,962,Q5JTN6
rank0038_ca6_proteinbinders_6189_A,AF-B4GAJ1-F1-model_v6,0.338,309,0.883,0.752,2.2890000000000002e-26,962,B4GAJ1
rank0038_ca6_proteinbinders_6189_A,AF-F6ZT52-F1-model_v6,0.326,332,0.974,0.6,2.984e-26,962,F6ZT52
rank0038_ca6_proteinbinders_6189_A,AF-Q3MHE2-F1-model_v6,0.334,289,0.845,0.555,1.4210000000000002e-26,962,Q3MHE2
rank0038_ca6_proteinbinders_6189_A,AF-Q9DAW6-F1-model_v6,0.334,289,0.845,0.555,1.4990000000000002e-26,961,Q9DAW6
rank0038_ca6_proteinbinders_6189_A,AF-Q2KIG2-F1-model_v6,0.395,295,0.865,0.877,2.0590000000000003e-26,960,Q2KIG2
rank0038_ca6_proteinbinders_6189_A,AF-Q8NBT0-2-F1-model_v6,0.34,290,0.85,0.786,1.714e-25,960,Q8NBT0-2
rank0038_ca6_proteinbinders_6189_A,AF-A0CH87-F1-model_v6,0.311,298,0.85,0.739,6.605000000000001e-26,956,A0CH87
rank0038_ca6_proteinbinders_6189_A,AF-Q5RD06-F1-model_v6,0.307,333,0.977,0.627,6.264e-26,955,Q5RD06
rank0038_ca6_proteinbinders_6189_A,AF-Q5M786-F1-model_v6,0.392,295,0.865,0.877,3.317e-26,953,Q5M786
rank0038_ca6_proteinbinders_6189_A,AF-Q28I85-F1-model_v6,0.305,333,0.977,0.642,1.387e-25,953,Q28I85
rank0038_ca6_proteinbinders_6189_A,AF-P0CS43-F1-model_v6,0.298,331,0.971,0.758,1.006e-27,952,P0CS43
rank0038_ca6_proteinbinders_6189_A,AF-Q498M4-F1-model_v6,0.395,295,0.865,0.877,3.317e-26,951,Q498M4
rank0038_ca6_proteinbinders_6189_A,AF-P61964-F1-model_v6,0.395,295,0.865,0.877,4.5580000000000005e-26,947,P61964
rank0038_ca6_proteinbinders_6189_A,AF-Q8JZX3-2-F1-model_v6,0.304,334,0.979,0.796,2.355e-25,946,Q8JZX3-2
rank0038_ca6_proteinbinders_6189_A,AF-Q93794-F1-model_v6,0.319,336,0.985,0.542,1.283e-24,943,Q93794
rank0038_ca6_proteinbinders_6189_A,AF-G8SD34-F1-model_v6,0.432,297,0.842,0.412,1.183e-25,943,G8SD34
rank0038_ca6_proteinbinders_6189_A,AF-Q17963-F1-model_v6,0.359,298,0.874,0.787,6.605000000000001e-26,942,Q17963
rank0038_ca6_proteinbinders_6189_A,AF-Q93794-2-F1-model_v6,0.319,336,0.985,0.544,1.154e-24,938,Q93794-2
rank0038_ca6_proteinbinders_6189_A,AF-Q9D7H2-F1-model_v6,0.33,330,0.968,0.872,1.541e-25,937,Q9D7H2
rank0038_ca6_proteinbinders_6189_A,AF-Q9V3J8-F1-model_v6,0.385,295,0.865,0.812,9.569000000000001e-26,937,Q9V3J8
rank0038_ca6_proteinbinders_6189_A,AF-Q8NBT0-F1-model_v6,0.304,334,0.979,0.698,2.761e-25,932,Q8NBT0
rank0038_ca6_proteinbinders_6189_A,AF-Q7ZVF0-F1-model_v6,0.3,332,0.974,0.678,1.8070000000000002e-25,931,Q7ZVF0
rank0038_ca6_proteinbinders_6189_A,AF-F6ZT52-2-F1-model_v6,0.367,288,0.845,0.739,5.795e-25,930,F6ZT52-2
rank0038_ca6_proteinbinders_6189_A,AF-B3S4I5-F1-model_v6,0.338,308,0.883,0.753,8.163000000000001e-26,930,B3S4I5
rank0038_ca6_proteinbinders_6189_A,AF-P93107-F1-model_v6,0.269,330,0.968,0.462,5.795e-25,930,P93107
rank0038_ca6_proteinbinders_6189_A,AF-P63005-2-F1-model_v6,0.356,279,0.783,0.714,7.163e-25,929,P63005-2
rank0038_ca6_proteinbinders_6189_A,AF-Q4V7Z1-F1-model_v6,0.325,331,0.971,0.6,3.412e-25,929,Q4V7Z1
rank0038_ca6_proteinbinders_6189_A,AF-Q9SY00-F1-model_v6,0.335,331,0.971,0.865,6.111e-25,928,Q9SY00
rank0038_ca6_proteinbinders_6189_A,AF-A2CEH0-F1-model_v6,0.35,292,0.856,0.576,7.163e-25,927,A2CEH0
rank0038_ca6_proteinbinders_6189_A,AF-Q5RE95-F1-model_v6,0.39,293,0.859,0.882,2.009e-25,925,Q5RE95
rank0038_ca6_proteinbinders_6189_A,AF-Q8K450-F1-model_v6,0.301,328,0.962,0.433,1.9050000000000001e-25,923,Q8K450
rank0038_ca6_proteinbinders_6189_A,AF-A8X8C6-F1-model_v6,0.363,301,0.883,0.812,1.9050000000000001e-25,921,A8X8C6
rank0038_ca6_proteinbinders_6189_A,AF-Q9D994-F1-model_v6,0.346,322,0.944,0.908,5.343e-26,919,Q9D994
rank0038_ca6_proteinbinders_6189_A,AF-Q86VZ2-F1-model_v6,0.39,293,0.859,0.882,3.412e-25,917,Q86VZ2
rank0038_ca6_proteinbinders_6189_A,AF-Q8BHD1-F1-model_v6,0.301,333,0.977,0.595,7.964e-25,915,Q8BHD1
rank0038_ca6_proteinbinders_6189_A,AF-C4YFX2-F1-model_v6,0.317,328,0.962,0.599,4.8060000000000006e-26,913,C4YFX2
rank0038_ca6_proteinbinders_6189_A,AF-Q8N136-2-F1-model_v6,0.325,288,0.845,0.648,2.84e-24,909,Q8N136-2
rank0038_ca6_proteinbinders_6189_A,AF-Q6ZMY6-F1-model_v6,0.305,294,0.859,0.623,4.6890000000000005e-25,908,Q6ZMY6
rank0038_ca6_proteinbinders_6189_A,AF-Q8I0F4-F1-model_v6,0.329,331,0.971,0.745,9.809e-27,906,Q8I0F4
rank0038_ca6_proteinbinders_6189_A,AF-Q54KL5-F1-model_v6,0.378,295,0.865,0.878,7.964e-25,899,Q54KL5
rank0038_ca6_proteinbinders_6189_A,AF-Q8TC44-F1-model_v6,0.309,333,0.977,0.592,1.504e-24,899,Q8TC44
rank0038_ca6_proteinbinders_6189_A,AF-Q6P5M2-F1-model_v6,0.328,289,0.848,0.941,1.217e-24,898,Q6P5M2
rank0038_ca6_proteinbinders_6189_A,AF-P0CY34-F1-model_v6,0.329,328,0.962,0.598,8.163000000000001e-26,897,P0CY34
rank0038_ca6_proteinbinders_6189_A,AF-P20053-F1-model_v6,0.284,290,0.845,0.624,1.094e-24,896,P20053
rank0038_ca6_proteinbinders_6189_A,AF-Q8N0X2-F1-model_v6,0.321,286,0.839,0.439,1.0679999999999999e-23,894,Q8N0X2
rank0038_ca6_proteinbinders_6189_A,AF-D3TLL6-F1-model_v6,0.313,331,0.971,0.735,1.625e-25,891,D3TLL6
rank0038_ca6_proteinbinders_6189_A,AF-Q6ZMY6-2-F1-model_v6,0.304,294,0.859,0.69,1.859e-24,891,Q6ZMY6-2
rank0038_ca6_proteinbinders_6189_A,AF-Q6GMD2-F1-model_v6,0.329,289,0.848,0.941,1.426e-24,890,Q6GMD2
rank0038_ca6_proteinbinders_6189_A,AF-Q23256-F1-model_v6,0.326,297,0.871,0.589,1.283e-24,889,Q23256
rank0038_ca6_proteinbinders_6189_A,AF-Q93847-F1-model_v6,0.333,291,0.853,0.729,4.823e-24,886,Q93847
rank0038_ca6_proteinbinders_6189_A,AF-D3ZW91-F1-model_v6,0.3,333,0.977,0.593,3.157e-24,885,D3ZW91
rank0038_ca6_proteinbinders_6189_A,AF-O74319-F1-model_v6,0.276,284,0.795,0.442,5.515e-23,871,O74319
rank0038_ca6_proteinbinders_6189_A,AF-P74442-F1-model_v6,0.306,337,0.988,0.271,3.317e-26,871,P74442
rank0038_ca6_proteinbinders_6189_A,AF-Q9GZS3-F1-model_v6,0.304,288,0.845,0.938,9.107e-24,864,Q9GZS3
rank0038_ca6_proteinbinders_6189_A,AF-Q6RI45-5-F1-model_v6,0.265,359,0.962,0.259,5.362e-24,864,Q6RI45-5
rank0038_ca6_proteinbinders_6189_A,AF-O45040-F1-model_v6,0.257,330,0.968,0.838,5.654e-24,863,O45040
rank0038_ca6_proteinbinders_6189_A,AF-P16520-F1-model_v6,0.282,288,0.845,0.838,2.016e-23,857,P16520
rank0038_ca6_proteinbinders_6189_A,AF-O15736-F1-model_v6,0.275,292,0.856,0.477,3.157e-24,857,O15736
rank0038_ca6_proteinbinders_6189_A,AF-P79147-F1-model_v6,0.248,330,0.968,0.838,5.961e-24,855,P79147
rank0038_ca6_proteinbinders_6189_A,AF-A8NEG8-F1-model_v6,0.323,331,0.971,0.751,6.605000000000001e-26,854,A8NEG8
rank0038_ca6_proteinbinders_6189_A,AF-Q9UTC7-F1-model_v6,0.297,290,0.848,0.628,2.1259999999999998e-23,854,Q9UTC7
rank0038_ca6_proteinbinders_6189_A,AF-Q229Z6-F1-model_v6,0.297,300,0.859,0.473,3.424e-23,854,Q229Z6
rank0038_ca6_proteinbinders_6189_A,AF-P90648-F1-model_v6,0.302,289,0.848,0.37,1.813e-23,853,P90648
rank0038_ca6_proteinbinders_6189_A,AF-P74598-F1-model_v6,0.261,333,0.977,0.816,5.654e-24,848,P74598
rank0038_ca6_proteinbinders_6189_A,AF-P52287-F1-model_v6,0.282,288,0.845,0.838,2.627e-23,846,P52287
rank0038_ca6_proteinbinders_6189_A,AF-Q10282-F1-model_v6,0.222,330,0.968,0.921,1.251e-23,843,Q10282
rank0038_ca6_proteinbinders_6189_A,AF-Q5GIS3-F1-model_v6,0.26,330,0.968,0.836,2.1259999999999998e-23,841,Q5GIS3
rank0038_ca6_proteinbinders_6189_A,AF-P62873-F1-model_v6,0.31,288,0.845,0.838,7.188e-23,839,P62873
rank0038_ca6_proteinbinders_6189_A,AF-P54311-F1-model_v6,0.31,288,0.845,0.838,8.425999999999999e-23,838,P54311
rank0038_ca6_proteinbinders_6189_A,AF-P62874-F1-model_v6,0.31,288,0.845,0.838,7.991e-23,837,P62874
rank0038_ca6_proteinbinders_6189_A,AF-B6GZD3-F1-model_v6,0.277,349,0.868,0.752,2.921e-23,836,B6GZD3
rank0038_ca6_proteinbinders_6189_A,AF-P62872-F1-model_v6,0.31,288,0.845,0.838,8.884e-23,835,P62872
rank0038_ca6_proteinbinders_6189_A,AF-Q32LN7-F1-model_v6,0.314,288,0.845,0.938,6.465e-23,834,Q32LN7
rank0038_ca6_proteinbinders_6189_A,AF-B8AP31-F1-model_v6,0.275,316,0.874,0.832,4.705e-23,834,B8AP31
rank0038_ca6_proteinbinders_6189_A,AF-P49846-F1-model_v6,0.279,320,0.809,0.455,6.3069999999999995e-22,833,P49846
rank0038_ca6_proteinbinders_6189_A,AF-Q61011-F1-model_v6,0.244,330,0.968,0.838,1.32e-23,832,Q61011
rank0038_ca6_proteinbinders_6189_A,AF-P62871-F1-model_v6,0.31,288,0.845,0.838,1.221e-22,832,P62871
rank0038_ca6_proteinbinders_6189_A,AF-P62884-F1-model_v6,0.271,331,0.971,0.952,3.61e-23,831,P62884
rank0038_ca6_proteinbinders_6189_A,AF-F4HTH8-F1-model_v6,0.277,287,0.842,0.235,2.4309999999999996e-22,830,F4HTH8
rank0038_ca6_proteinbinders_6189_A,AF-A8XZJ9-F1-model_v6,0.332,293,0.859,0.736,1.912e-23,829,A8XZJ9
rank0038_ca6_proteinbinders_6189_A,AF-P0CS47-F1-model_v6,0.26,295,0.865,0.408,3.61e-23,826,P0CS47
rank0038_ca6_proteinbinders_6189_A,AF-F4HTH8-3-F1-model_v6,0.279,282,0.827,0.253,3.713e-22,826,F4HTH8-3
rank0038_ca6_proteinbinders_6189_A,AF-P79959-F1-model_v6,0.266,330,0.968,0.838,4.462e-23,825,P79959
rank0038_ca6_proteinbinders_6189_A,AF-O75529-F1-model_v6,0.248,302,0.783,0.513,1.13e-21,824,O75529
rank0038_ca6_proteinbinders_6189_A,AF-Q8RXA7-F1-model_v6,0.26,339,0.968,0.286,2.8489999999999998e-22,824,Q8RXA7
rank0038_ca6_proteinbinders_6189_A,AF-P62883-F1-model_v6,0.319,297,0.848,0.952,5.2309999999999997e-23,823,P62883
rank0038_ca6_proteinbinders_6189_A,AF-O14170-F1-model_v6,0.287,332,0.935,0.472,1.4309999999999998e-22,822,O14170
rank0038_ca6_proteinbinders_6189_A,AF-Q39336-F1-model_v6,0.285,308,0.845,0.942,2.0739999999999998e-22,820,Q39336
rank0038_ca6_proteinbinders_6189_A,AF-P0CS46-F1-model_v6,0.262,292,0.856,0.404,7.188e-23,820,P0CS46
rank0038_ca6_proteinbinders_6189_A,AF-P69103-F1-model_v6,0.265,331,0.971,0.947,2.1259999999999998e-23,819,P69103
rank0038_ca6_proteinbinders_6189_A,AF-B6HP56-F1-model_v6,0.301,343,0.971,0.749,2.009e-25,819,B6HP56
rank0038_ca6_proteinbinders_6189_A,AF-P56094-F1-model_v6,0.296,341,0.962,0.5,5.496e-25,819,P56094
rank0038_ca6_proteinbinders_6189_A,AF-Q921C3-2-F1-model_v6,0.273,356,0.962,0.158,1.5089999999999998e-22,819,Q921C3-2
rank0038_ca6_proteinbinders_6189_A,AF-Q8VDD9-F1-model_v6,0.286,357,0.962,0.196,2.7699999999999996e-23,818,Q8VDD9
rank0038_ca6_proteinbinders_6189_A,AF-Q40507-F1-model_v6,0.263,330,0.968,0.811,1.631e-23,817,Q40507
rank0038_ca6_proteinbinders_6189_A,AF-Q6PBY0-F1-model_v6,0.249,328,0.962,0.729,2.241e-23,813,Q6PBY0
rank0038_ca6_proteinbinders_6189_A,AF-Q8H0T9-2-F1-model_v6,0.277,280,0.821,0.323,1.191e-21,813,Q8H0T9-2
rank0038_ca6_proteinbinders_6189_A,AF-F4HTH8-2-F1-model_v6,0.279,282,0.827,0.231,8.667e-22,813,F4HTH8-2
rank0038_ca6_proteinbinders_6189_A,AF-Q6RI45-2-F1-model_v6,0.266,365,0.979,0.224,8.884e-23,813,Q6RI45-2
rank0038_ca6_proteinbinders_6189_A,AF-P49177-F1-model_v6,0.265,330,0.968,0.806,2.627e-23,809,P49177
rank0038_ca6_proteinbinders_6189_A,AF-P87060-F1-model_v6,0.236,349,0.938,0.45,1.678e-22,809,P87060
rank0038_ca6_proteinbinders_6189_A,AF-Q8NBT0-3-F1-model_v6,0.338,268,0.786,0.705,1.819e-21,808,Q8NBT0-3
rank0038_ca6_proteinbinders_6189_A,AF-Q25306-F1-model_v6,0.268,331,0.971,0.952,1.967e-22,807,Q25306
rank0038_ca6_proteinbinders_6189_A,AF-P69104-F1-model_v6,0.262,331,0.971,0.947,5.2309999999999997e-23,806,P69104
rank0038_ca6_proteinbinders_6189_A,AF-Q7ZUV2-F1-model_v6,0.312,319,0.935,0.385,5.515e-23,805,Q7ZUV2
rank0038_ca6_proteinbinders_6189_A,AF-P93340-F1-model_v6,0.332,261,0.765,0.801,3.258e-21,804,P93340
rank0038_ca6_proteinbinders_6189_A,AF-Q9HAV0-F1-model_v6,0.273,330,0.968,0.838,6.816999999999999e-23,803,Q9HAV0
rank0038_ca6_proteinbinders_6189_A,AF-P29829-F1-model_v6,0.301,291,0.853,0.838,1.158e-22,803,P29829
rank0038_ca6_proteinbinders_6189_A,AF-Q5ZL33-F1-model_v6,0.241,333,0.977,0.806,2.3049999999999997e-22,803,Q5ZL33
rank0038_ca6_proteinbinders_6189_A,AF-Q9VU65-F1-model_v6,0.263,332,0.974,0.721,7.011999999999999e-22,803,Q9VU65
rank0038_ca6_proteinbinders_6189_A,AF-Q8SQS4-F1-model_v6,0.227,292,0.795,0.525,7.605e-21,802,Q8SQS4
rank0038_ca6_proteinbinders_6189_A,AF-Q5RF51-F1-model_v6,0.307,290,0.848,0.812,1.221e-22,801,Q5RF51
rank0038_ca6_proteinbinders_6189_A,AF-Q7RY30-F1-model_v6,0.308,339,0.971,0.748,2.233e-25,801,Q7RY30
rank0038_ca6_proteinbinders_6189_A,AF-Q6RI45-F1-model_v6,0.267,359,0.962,0.199,4.59e-22,801,Q6RI45
rank0038_ca6_proteinbinders_6189_A,AF-Q6BVZ3-F1-model_v6,0.212,305,0.856,0.605,1.5089999999999998e-22,800,Q6BVZ3
rank0038_ca6_proteinbinders_6189_A,AF-P63243-F1-model_v6,0.26,331,0.971,0.937,3.8069999999999996e-23,799,P63243
rank0038_ca6_proteinbinders_6189_A,AF-Q5ZMC3-F1-model_v6,0.277,330,0.968,0.624,1.187e-23,799,Q5ZMC3
rank0038_ca6_proteinbinders_6189_A,AF-Q93134-F1-model_v6,0.262,331,0.971,0.937,6.465e-23,798,Q93134
rank0038_ca6_proteinbinders_6189_A,AF-Q2HJH6-F1-model_v6,0.275,327,0.959,0.799,3.424e-23,798,Q2HJH6
rank0038_ca6_proteinbinders_6189_A,AF-Q7RY68-F1-model_v6,0.244,314,0.856,0.476,1.158e-22,798,Q7RY68
rank0038_ca6_proteinbinders_6189_A,AF-Q921C3-F1-model_v6,0.271,356,0.962,0.155,4.128e-22,798,Q921C3
rank0038_ca6_proteinbinders_6189_A,AF-P49027-F1-model_v6,0.254,330,0.968,0.922,8.425999999999999e-23,797,P49027
rank0038_ca6_proteinbinders_6189_A,AF-Q8TC44-2-F1-model_v6,0.319,303,0.889,0.578,1.221e-22,795,Q8TC44-2
rank0038_ca6_proteinbinders_6189_A,AF-P25387-F1-model_v6,0.303,306,0.868,0.962,4.84e-22,794,P25387
rank0038_ca6_proteinbinders_6189_A,AF-Q96DI7-F1-model_v6,0.277,327,0.959,0.801,5.515e-23,794,Q96DI7
rank0038_ca6_proteinbinders_6189_A,AF-Q9UTN4-F1-model_v6,0.253,311,0.856,0.611,3.9149999999999995e-22,793,Q9UTN4
rank0038_ca6_proteinbinders_6189_A,AF-O61585-F1-model_v6,0.29,299,0.877,0.423,1.256e-21,793,O61585
rank0038_ca6_proteinbinders_6189_A,AF-A0AUS0-F1-model_v6,0.267,329,0.965,0.608,7.578999999999999e-23,792,A0AUS0
rank0038_ca6_proteinbinders_6189_A,AF-A0A1P8AW69-F1-model_v6,0.269,289,0.848,0.268,7.394e-22,792,A0A1P8AW69
rank0038_ca6_proteinbinders_6189_A,AF-Q99KP6-3-F1-model_v6,0.226,328,0.962,0.668,7.394e-22,791,Q99KP6-3
rank0038_ca6_proteinbinders_6189_A,AF-Q6NVM2-F1-model_v6,0.359,258,0.757,0.382,1.683e-20,791,Q6NVM2
rank0038_ca6_proteinbinders_6189_A,AF-P63244-F1-model_v6,0.26,331,0.971,0.937,7.188e-23,790,P63244
rank0038_ca6_proteinbinders_6189_A,AF-O18640-F1-model_v6,0.27,331,0.971,0.937,5.2309999999999997e-23,790,O18640
rank0038_ca6_proteinbinders_6189_A,AF-Q6L4F8-F1-model_v6,0.256,330,0.968,0.923,4.014e-23,790,Q6L4F8
rank0038_ca6_proteinbinders_6189_A,AF-Q10281-F1-model_v6,0.284,330,0.968,0.943,2.7699999999999996e-23,789,Q10281
rank0038_ca6_proteinbinders_6189_A,AF-Q01369-F1-model_v6,0.245,331,0.971,0.94,1.7689999999999998e-22,789,Q01369
rank0038_ca6_proteinbinders_6189_A,AF-P63245-F1-model_v6,0.26,331,0.971,0.937,7.188e-23,789,P63245
rank0038_ca6_proteinbinders_6189_A,AF-P36408-F1-model_v6,0.239,328,0.962,0.816,2.0739999999999998e-22,789,P36408
rank0038_ca6_proteinbinders_6189_A,AF-Q5XGE2-F1-model_v6,0.221,328,0.962,0.538,2.3049999999999997e-22,789,Q5XGE2
rank0038_ca6_proteinbinders_6189_A,AF-Q6PE01-F1-model_v6,0.315,288,0.842,0.804,5.2309999999999997e-23,788,Q6PE01
rank0038_ca6_proteinbinders_6189_A,AF-Q4R7Y4-F1-model_v6,0.26,331,0.971,0.937,8.425999999999999e-23,787,Q4R7Y4
rank0038_ca6_proteinbinders_6189_A,AF-P63246-F1-model_v6,0.26,331,0.971,0.937,8.425999999999999e-23,787,P63246
rank0038_ca6_proteinbinders_6189_A,AF-Q9D0I6-F1-model_v6,0.286,328,0.962,0.62,1.4309999999999998e-22,786,Q9D0I6
rank0038_ca6_proteinbinders_6189_A,AF-C1GB49-F1-model_v6,0.283,363,0.971,0.759,1.672e-24,786,C1GB49
rank0038_ca6_proteinbinders_6189_A,AF-Q5ZMA2-F1-model_v6,0.222,330,0.968,0.558,5.982e-22,786,Q5ZMA2
rank0038_ca6_proteinbinders_6189_A,AF-Q4I7X1-F1-model_v6,0.239,312,0.856,0.51,2.702e-22,786,Q4I7X1
rank0038_ca6_proteinbinders_6189_A,AF-O42249-F1-model_v6,0.255,330,0.968,0.934,6.465e-23,785,O42249
rank0038_ca6_proteinbinders_6189_A,AF-C7Z6H2-F1-model_v6,0.303,344,0.971,0.768,9.843e-25,785,C7Z6H2
rank0038_ca6_proteinbinders_6189_A,AF-Q25189-F1-model_v6,0.259,331,0.971,0.94,4.9609999999999997e-23,784,Q25189
rank0038_ca6_proteinbinders_6189_A,AF-Q10051-F1-model_v6,0.226,328,0.962,0.565,5.673e-22,784,Q10051
rank0038_ca6_proteinbinders_6189_A,AF-Q9USN3-F1-model_v6,0.245,440,0.991,0.566,1.278e-26,784,Q9USN3
rank0038_ca6_proteinbinders_6189_A,AF-Q1LZ08-F1-model_v6,0.234,362,0.997,0.542,4.447e-25,783,Q1LZ08
rank0038_ca6_proteinbinders_6189_A,AF-F4KB17-F1-model_v6,0.279,282,0.827,0.324,7.605e-21,783,F4KB17
rank0038_ca6_proteinbinders_6189_A,AF-Q0U1B1-F1-model_v6,0.297,347,0.971,0.751,1.217e-24,782,Q0U1B1
rank0038_ca6_proteinbinders_6189_A,AF-A0A223GEB2-F1-model_v6,0.261,330,0.968,0.94,5.2309999999999997e-23,781,A0A223GEB2
rank0038_ca6_proteinbinders_6189_A,AF-P46800-F1-model_v6,0.267,329,0.965,0.921,1.187e-23,781,P46800
rank0038_ca6_proteinbinders_6189_A,AF-Q09855-F1-model_v6,0.29,290,0.85,0.547,2.5e-21,781,Q09855
rank0038_ca6_proteinbinders_6189_A,AF-Q8BG40-F1-model_v6,0.306,299,0.877,0.444,2.931e-21,781,Q8BG40
rank0038_ca6_proteinbinders_6189_A,AF-Q16MY0-F1-model_v6,0.226,349,1.0,0.53,1.96e-24,781,Q16MY0
rank0038_ca6_proteinbinders_6189_A,AF-B4QB64-F1-model_v6,0.237,362,0.997,0.542,6.111e-25,781,B4QB64
rank0038_ca6_proteinbinders_6189_A,AF-P83774-F1-model_v6,0.275,331,0.971,0.931,5.515e-23,780,P83774
rank0038_ca6_proteinbinders_6189_A,AF-Q28YY2-F1-model_v6,0.243,362,0.997,0.532,1.217e-24,780,Q28YY2
rank0038_ca6_proteinbinders_6189_A,AF-P68040-F1-model_v6,0.26,331,0.971,0.937,1.4309999999999998e-22,779,P68040
rank0038_ca6_proteinbinders_6189_A,AF-Q9NFZ1-F1-model_v6,0.248,328,0.962,0.824,1.678e-22,779,Q9NFZ1
rank0038_ca6_proteinbinders_6189_A,AF-Q6CG48-F1-model_v6,0.284,330,0.968,0.735,3.701e-24,779,Q6CG48
rank0038_ca6_proteinbinders_6189_A,AF-Q9BVA0-F1-model_v6,0.306,299,0.877,0.446,3.82e-21,779,Q9BVA0
rank0038_ca6_proteinbinders_6189_A,AF-Q6DH44-F1-model_v6,0.24,330,0.968,0.886,6.3069999999999995e-22,778,Q6DH44
rank0038_ca6_proteinbinders_6189_A,AF-O24456-F1-model_v6,0.309,316,0.868,0.966,1.256e-21,778,O24456
rank0038_ca6_proteinbinders_6189_A,AF-Q5ZIU8-F1-model_v6,0.298,294,0.862,0.437,5.2490000000000004e-21,778,Q5ZIU8
rank0038_ca6_proteinbinders_6189_A,AF-B4KRQ4-F1-model_v6,0.243,361,0.997,0.532,1.094e-24,778,B4KRQ4
rank0038_ca6_proteinbinders_6189_A,AF-Q5RFQ3-F1-model_v6,0.225,355,0.997,0.387,2.554e-24,778,Q5RFQ3
rank0038_ca6_proteinbinders_6189_A,AF-O42248-F1-model_v6,0.264,330,0.968,0.934,9.367999999999999e-23,777,O42248
rank0038_ca6_proteinbinders_6189_A,AF-B4MFM2-F1-model_v6,0.243,361,0.997,0.541,1.217e-24,777,B4MFM2
rank0038_ca6_proteinbinders_6189_A,AF-Q7ZXZ2-F1-model_v6,0.215,328,0.962,0.538,7.011999999999999e-22,776,Q7ZXZ2
rank0038_ca6_proteinbinders_6189_A,AF-Q99KP6-2-F1-model_v6,0.229,328,0.962,0.535,1.13e-21,776,Q99KP6-2
rank0038_ca6_proteinbinders_6189_A,AF-O13615-F1-model_v6,0.27,328,0.962,0.6,1.2869999999999999e-22,775,O13615
rank0038_ca6_proteinbinders_6189_A,AF-Q8N9V3-F1-model_v6,0.278,329,0.965,0.622,4.9609999999999997e-23,775,Q8N9V3
rank0038_ca6_proteinbinders_6189_A,AF-Q54Y96-F1-model_v6,0.233,294,0.839,0.555,5.379999999999999e-22,775,Q54Y96
rank0038_ca6_proteinbinders_6189_A,AF-Q15269-F1-model_v6,0.225,355,0.997,0.386,3.329e-24,775,Q15269
rank0038_ca6_proteinbinders_6189_A,AF-Q9SZQ5-F1-model_v6,0.272,331,0.971,0.953,3.247e-23,774,Q9SZQ5
rank0038_ca6_proteinbinders_6189_A,AF-Q96DI7-2-F1-model_v6,0.312,281,0.821,0.687,1.158e-22,774,Q96DI7-2
rank0038_ca6_proteinbinders_6189_A,AF-Q8BU03-F1-model_v6,0.231,355,0.997,0.386,3.51e-24,774,Q8BU03
rank0038_ca6_proteinbinders_6189_A,AF-B7FNU7-F1-model_v6,0.282,330,0.968,0.702,1.158e-22,773,B7FNU7
rank0038_ca6_proteinbinders_6189_A,AF-D1ZEB4-F1-model_v6,0.289,338,0.971,0.735,6.988e-24,773,D1ZEB4
rank0038_ca6_proteinbinders_6189_A,AF-Q8NAA4-2-F1-model_v6,0.252,290,0.85,0.556,9.139e-22,773,Q8NAA4-2
rank0038_ca6_proteinbinders_6189_A,AF-Q5RAC9-F1-model_v6,0.247,330,0.968,0.466,3.9149999999999995e-22,773,Q5RAC9
rank0038_ca6_proteinbinders_6189_A,AF-B4P7H8-F1-model_v6,0.233,362,0.997,0.532,1.96e-24,773,B4P7H8
rank0038_ca6_proteinbinders_6189_A,AF-Q8H0T9-F1-model_v6,0.279,282,0.827,0.325,1.597e-20,773,Q8H0T9
rank0038_ca6_proteinbinders_6189_A,AF-Q6FJS0-F1-model_v6,0.239,292,0.856,0.635,7.011999999999999e-22,772,Q6FJS0
rank0038_ca6_proteinbinders_6189_A,AF-Q922V4-F1-model_v6,0.279,296,0.868,0.573,1.071e-21,772,Q922V4
rank0038_ca6_proteinbinders_6189_A,AF-Q8C0J2-F1-model_v6,0.221,330,0.968,0.466,4.59e-22,772,Q8C0J2
rank0038_ca6_proteinbinders_6189_A,AF-Q8C0J2-3-F1-model_v6,0.218,330,0.968,0.454,5.379999999999999e-22,772,Q8C0J2-3
rank0038_ca6_proteinbinders_6189_A,AF-B3NSK1-F1-model_v6,0.234,362,0.997,0.532,1.094e-24,772,B3NSK1
rank0038_ca6_proteinbinders_6189_A,AF-A4R3M4-F1-model_v6,0.289,345,0.971,0.748,9.107e-24,769,A4R3M4
rank0038_ca6_proteinbinders_6189_A,AF-A1CUD6-F1-model_v6,0.284,353,0.974,0.756,3.157e-24,769,A1CUD6
rank0038_ca6_proteinbinders_6189_A,AF-C5PFX0-F1-model_v6,0.28,356,0.971,0.756,1.353e-24,769,C5PFX0
rank0038_ca6_proteinbinders_6189_A,AF-Q5BE22-F1-model_v6,0.266,330,0.968,0.633,3.0039999999999997e-22,768,Q5BE22
rank0038_ca6_proteinbinders_6189_A,AF-P63247-F1-model_v6,0.26,331,0.971,0.937,3.34e-22,767,P63247
rank0038_ca6_proteinbinders_6189_A,AF-Q94BR4-F1-model_v6,0.244,328,0.962,0.545,7.011999999999999e-22,767,Q94BR4
rank0038_ca6_proteinbinders_6189_A,AF-Q54PE0-F1-model_v6,0.209,355,0.991,0.385,1.426e-24,767,Q54PE0
rank0038_ca6_proteinbinders_6189_A,AF-P41318-F1-model_v6,0.254,291,0.853,0.96,5.673e-22,766,P41318
rank0038_ca6_proteinbinders_6189_A,AF-Q9UT85-F1-model_v6,0.254,332,0.974,0.568,5.1029999999999995e-22,766,Q9UT85
rank0038_ca6_proteinbinders_6189_A,AF-Q39836-F1-model_v6,0.284,306,0.845,0.942,1.396e-21,765,Q39836
rank0038_ca6_proteinbinders_6189_A,AF-Q9Y3F4-F1-model_v6,0.233,331,0.971,0.8,1.918e-21,765,Q9Y3F4
rank0038_ca6_proteinbinders_6189_A,AF-B2AEZ5-F1-model_v6,0.29,349,0.971,0.752,4.338e-24,765,B2AEZ5
rank0038_ca6_proteinbinders_6189_A,AF-B0XM00-F1-model_v6,0.277,353,0.974,0.756,1.96e-24,765,B0XM00
rank0038_ca6_proteinbinders_6189_A,AF-A7MB12-F1-model_v6,0.226,333,0.977,0.543,8.219999999999999e-22,765,A7MB12
rank0038_ca6_proteinbinders_6189_A,AF-Q6S7B0-F1-model_v6,0.277,320,0.938,0.462,3.08e-23,765,Q6S7B0
rank0038_ca6_proteinbinders_6189_A,AF-Q5XIG8-F1-model_v6,0.235,335,0.982,0.811,1.256e-21,764,Q5XIG8
rank0038_ca6_proteinbinders_6189_A,AF-A1CF18-F1-model_v6,0.294,347,0.971,0.798,1.32e-23,764,A1CF18
rank0038_ca6_proteinbinders_6189_A,AF-Q5I0B9-2-F1-model_v6,0.247,331,0.971,0.529,5.673e-22,764,Q5I0B9-2
rank0038_ca6_proteinbinders_6189_A,AF-Q4V7Y7-F1-model_v6,0.31,299,0.877,0.446,7.605e-21,764,Q4V7Y7
rank0038_ca6_proteinbinders_6189_A,AF-B4GIJ0-F1-model_v6,0.244,362,0.997,0.532,2.422e-24,764,B4GIJ0
rank0038_ca6_proteinbinders_6189_A,AF-G4MQX3-F1-model_v6,0.254,331,0.971,0.94,2.4309999999999996e-22,763,G4MQX3
rank0038_ca6_proteinbinders_6189_A,AF-Q75AV4-F1-model_v6,0.244,287,0.842,0.639,1.472e-21,763,Q75AV4
rank0038_ca6_proteinbinders_6189_A,AF-B2VWG7-F1-model_v6,0.293,346,0.971,0.751,5.362e-24,763,B2VWG7
rank0038_ca6_proteinbinders_6189_A,AF-Q676U5-F1-model_v6,0.25,331,0.971,0.468,8.219999999999999e-22,762,Q676U5
rank0038_ca6_proteinbinders_6189_A,AF-Q5I0B9-F1-model_v6,0.247,331,0.971,0.457,6.3069999999999995e-22,762,Q5I0B9
rank0038_ca6_proteinbinders_6189_A,AF-B3MET8-F1-model_v6,0.239,362,0.997,0.543,3.51e-24,762,B3MET8
rank0038_ca6_proteinbinders_6189_A,AF-Q9LV27-F1-model_v6,0.281,289,0.848,0.948,7.796e-22,761,Q9LV27
rank0038_ca6_proteinbinders_6189_A,AF-Q8C0J2-2-F1-model_v6,0.247,331,0.971,0.483,9.635999999999999e-22,761,Q8C0J2-2
rank0038_ca6_proteinbinders_6189_A,AF-Q5F3D7-F1-model_v6,0.211,328,0.962,0.533,1.13e-21,760,Q5F3D7
rank0038_ca6_proteinbinders_6189_A,AF-B4J8H6-F1-model_v6,0.239,361,0.997,0.541,3.9019999999999996e-24,760,B4J8H6
rank0038_ca6_proteinbinders_6189_A,AF-Q86TI4-4-F1-model_v6,0.285,281,0.792,0.583,3.82e-21,759,Q86TI4-4
rank0038_ca6_proteinbinders_6189_A,AF-Q8C7V3-F1-model_v6,0.229,328,0.962,0.525,1.256e-21,759,Q8C7V3
rank0038_ca6_proteinbinders_6189_A,AF-Q9JMJ4-F1-model_v6,0.229,328,0.962,0.556,3.623e-21,758,Q9JMJ4
rank0038_ca6_proteinbinders_6189_A,AF-B0X2V9-F1-model_v6,0.213,384,0.997,0.573,5.961e-24,757,B0X2V9
rank0038_ca6_proteinbinders_6189_A,AF-B4HND9-F1-model_v6,0.234,362,0.997,0.532,3.701e-24,757,B4HND9
rank0038_ca6_proteinbinders_6189_A,AF-O24076-F1-model_v6,0.25,330,0.968,0.942,1.3240000000000001e-21,756,O24076
rank0038_ca6_proteinbinders_6189_A,AF-A1DP19-F1-model_v6,0.282,353,0.974,0.8,5.654e-24,756,A1DP19
rank0038_ca6_proteinbinders_6189_A,AF-Q676U5-5-F1-model_v6,0.25,330,0.968,0.637,1.472e-21,756,Q676U5-5
rank0038_ca6_proteinbinders_6189_A,AF-Q8TED0-F1-model_v6,0.226,328,0.962,0.535,1.472e-21,756,Q8TED0
rank0038_ca6_proteinbinders_6189_A,AF-A2AHJ4-F1-model_v6,0.272,359,0.962,0.2,1.726e-21,756,A2AHJ4
rank0038_ca6_proteinbinders_6189_A,AF-Q9DAJ4-F1-model_v6,0.22,333,0.977,0.895,4.721e-21,755,Q9DAJ4
rank0038_ca6_proteinbinders_6189_A,AF-C0S902-F1-model_v6,0.29,363,0.971,0.759,9.602e-24,755,C0S902
rank0038_ca6_proteinbinders_6189_A,AF-O43660-F1-model_v6,0.252,328,0.962,0.553,5.1029999999999995e-22,755,O43660
rank0038_ca6_proteinbinders_6189_A,AF-Q9AYE4-F1-model_v6,0.289,293,0.848,0.927,1.191e-21,753,Q9AYE4
rank0038_ca6_proteinbinders_6189_A,AF-P62873-2-F1-model_v6,0.272,321,0.941,0.831,1.016e-21,753,P62873-2
rank0038_ca6_proteinbinders_6189_A,AF-Q54S59-F1-model_v6,0.209,327,0.959,0.936,3.09e-21,751,Q54S59
rank0038_ca6_proteinbinders_6189_A,AF-U4PCM1-F1-model_v6,0.252,289,0.848,0.352,8.455e-21,751,U4PCM1
rank0038_ca6_proteinbinders_6189_A,AF-Q9NSI6-F1-model_v6,0.273,356,0.962,0.153,3.82e-21,751,Q9NSI6
rank0038_ca6_proteinbinders_6189_A,AF-Q676U5-2-F1-model_v6,0.25,330,0.968,0.481,2.133e-21,750,Q676U5-2
rank0038_ca6_proteinbinders_6189_A,AF-Q6KAU8-F1-model_v6,0.224,329,0.965,0.453,2.023e-21,750,Q6KAU8
rank0038_ca6_proteinbinders_6189_A,AF-Q9WUC8-F1-model_v6,0.255,328,0.962,0.553,1.3240000000000001e-21,749,Q9WUC8
rank0038_ca6_proteinbinders_6189_A,AF-Q54D08-F1-model_v6,0.261,284,0.833,0.928,3.258e-21,748,Q54D08
rank0038_ca6_proteinbinders_6189_A,AF-Q9Z1Z2-F1-model_v6,0.252,296,0.868,0.837,4.353e-22,748,Q9Z1Z2
rank0038_ca6_proteinbinders_6189_A,AF-Q99KP6-F1-model_v6,0.237,328,0.962,0.556,5.836e-21,747,Q99KP6
rank0038_ca6_proteinbinders_6189_A,AF-O43660-2-F1-model_v6,0.252,328,0.962,0.562,9.139e-22,747,O43660-2
rank0038_ca6_proteinbinders_6189_A,AF-Q2KID6-F1-model_v6,0.252,328,0.962,0.554,9.139e-22,747,Q2KID6
rank0038_ca6_proteinbinders_6189_A,AF-Q5REE0-F1-model_v6,0.223,328,0.962,0.535,3.258e-21,745,Q5REE0
rank0038_ca6_proteinbinders_6189_A,AF-Q2HBX6-F1-model_v6,0.297,348,0.971,0.767,1.813e-23,744,Q2HBX6
rank0038_ca6_proteinbinders_6189_A,AF-Q6KAU8-3-F1-model_v6,0.224,329,0.965,0.468,2.6360000000000002e-21,744,Q6KAU8-3
rank0038_ca6_proteinbinders_6189_A,AF-C5JD40-F1-model_v6,0.275,358,0.971,0.757,1.126e-23,743,C5JD40
rank0038_ca6_proteinbinders_6189_A,AF-A2RRU3-F1-model_v6,0.235,328,0.962,0.525,3.82e-21,743,A2RRU3
rank0038_ca6_proteinbinders_6189_A,AF-Q7ZW33-F1-model_v6,0.219,328,0.962,0.532,3.623e-21,742,Q7ZW33
rank0038_ca6_proteinbinders_6189_A,AF-O22785-F1-model_v6,0.308,286,0.839,0.541,4.478e-21,742,O22785
rank0038_ca6_proteinbinders_6189_A,AF-A7EKM8-F1-model_v6,0.31,312,0.915,0.644,6.816999999999999e-23,741,A7EKM8
rank0038_ca6_proteinbinders_6189_A,AF-O94365-F1-model_v6,0.213,332,0.974,0.571,1.552e-21,741,O94365
rank0038_ca6_proteinbinders_6189_A,AF-Q6NLV4-F1-model_v6,0.241,292,0.856,0.442,1.973e-20,740,Q6NLV4
rank0038_ca6_proteinbinders_6189_A,AF-Q6PFM9-F1-model_v6,0.212,368,0.997,0.544,1.391e-23,740,Q6PFM9
rank0038_ca6_proteinbinders_6189_A,AF-Q38884-F1-model_v6,0.26,313,0.859,0.954,3.436e-21,739,Q38884
rank0038_ca6_proteinbinders_6189_A,AF-Q8N0X2-2-F1-model_v6,0.235,301,0.883,0.567,4.247e-21,739,Q8N0X2-2
rank0038_ca6_proteinbinders_6189_A,AF-D1ZEM6-F1-model_v6,0.263,358,0.962,0.737,9.602e-24,739,D1ZEM6
rank0038_ca6_proteinbinders_6189_A,AF-Q9C1X1-F1-model_v6,0.247,356,1.0,0.417,4.823e-24,739,Q9C1X1
rank0038_ca6_proteinbinders_6189_A,AF-A2QP30-F1-model_v6,0.279,329,0.965,0.743,7.188e-23,738,A2QP30
rank0038_ca6_proteinbinders_6189_A,AF-Q54S79-F1-model_v6,0.242,289,0.845,0.307,3.82e-21,738,Q54S79
rank0038_ca6_proteinbinders_6189_A,AF-O43017-F1-model_v6,0.268,333,0.977,0.826,3.0039999999999997e-22,737,O43017
rank0038_ca6_proteinbinders_6189_A,AF-Q12417-F1-model_v6,0.26,293,0.859,0.65,1.0450000000000001e-20,737,Q12417
rank0038_ca6_proteinbinders_6189_A,AF-C6HTE8-F1-model_v6,0.289,340,0.971,0.746,9.877e-23,737,C6HTE8
rank0038_ca6_proteinbinders_6189_A,AF-P0CS48-F1-model_v6,0.244,328,0.962,0.605,6.65e-22,737,P0CS48
rank0038_ca6_proteinbinders_6189_A,AF-Q59WJ4-F1-model_v6,0.2,313,0.856,0.576,8.019e-21,737,Q59WJ4
rank0038_ca6_proteinbinders_6189_A,AF-Q91WQ5-F1-model_v6,0.249,313,0.918,0.52,3.5219999999999996e-22,734,Q91WQ5
rank0038_ca6_proteinbinders_6189_A,AF-O02195-F1-model_v6,0.213,310,0.859,0.951,3.09e-21,733,O02195
rank0038_ca6_proteinbinders_6189_A,AF-Q5ZME8-F1-model_v6,0.267,296,0.839,0.577,1.436e-20,732,Q5ZME8
rank0038_ca6_proteinbinders_6189_A,AF-Q6P4J8-F1-model_v6,0.261,296,0.839,0.577,1.436e-20,732,Q6P4J8
rank0038_ca6_proteinbinders_6189_A,AF-P49026-F1-model_v6,0.255,330,0.968,0.939,3.82e-21,731,P49026
rank0038_ca6_proteinbinders_6189_A,AF-B6QC56-F1-model_v6,0.292,343,0.971,0.747,4.705e-23,731,B6QC56
rank0038_ca6_proteinbinders_6189_A,AF-Q9LFE2-F1-model_v6,0.219,519,0.997,0.592,4.203e-27,730,Q9LFE2
rank0038_ca6_proteinbinders_6189_A,AF-Q9C0J8-F1-model_v6,0.243,292,0.856,0.216,1.1020000000000001e-20,730,Q9C0J8
rank0038_ca6_proteinbinders_6189_A,AF-C5GVJ9-F1-model_v6,0.277,358,0.971,0.757,2.921e-23,729,C5GVJ9
rank0038_ca6_proteinbinders_6189_A,AF-Q8BH57-3-F1-model_v6,0.203,368,0.997,0.639,1.187e-23,728,Q8BH57-3
rank0038_ca6_proteinbinders_6189_A,AF-P38011-F1-model_v6,0.245,331,0.971,0.934,2.5e-21,727,P38011
rank0038_ca6_proteinbinders_6189_A,AF-Q8BH57-F1-model_v6,0.208,368,0.997,0.544,1.251e-23,727,Q8BH57
rank0038_ca6_proteinbinders_6189_A,AF-Q32PG3-F1-model_v6,0.201,368,0.997,0.544,1.912e-23,726,Q32PG3
rank0038_ca6_proteinbinders_6189_A,AF-Q08122-1-F1-model_v6,0.224,296,0.868,0.371,6.1530000000000005e-21,726,Q08122-1
rank0038_ca6_proteinbinders_6189_A,AF-Q2KJJ5-F1-model_v6,0.244,407,1.0,0.509,1.154e-24,725,Q2KJJ5
rank0038_ca6_proteinbinders_6189_A,AF-O35242-F1-model_v6,0.211,330,0.968,0.309,2.931e-21,725,O35242
rank0038_ca6_proteinbinders_6189_A,AF-Q8BH57-2-F1-model_v6,0.208,368,0.997,0.556,1.7199999999999998e-23,724,Q8BH57-2
rank0038_ca6_proteinbinders_6189_A,AF-Q96WV5-F1-model_v6,0.2,395,0.979,0.327,6.131999999999999e-23,724,Q96WV5
rank0038_ca6_proteinbinders_6189_A,AF-Q8K4P0-F1-model_v6,0.243,292,0.856,0.217,1.683e-20,724,Q8K4P0
rank0038_ca6_proteinbinders_6189_A,AF-Q7ZVA0-F1-model_v6,0.264,296,0.839,0.577,3.015e-20,723,Q7ZVA0
rank0038_ca6_proteinbinders_6189_A,AF-P38129-F1-model_v6,0.293,327,0.938,0.41,3.9149999999999995e-22,722,P38129
rank0038_ca6_proteinbinders_6189_A,AF-F4IIK6-F1-model_v6,0.226,325,0.953,0.952,2.5e-21,721,F4IIK6
rank0038_ca6_proteinbinders_6189_A,AF-Q76B40-F1-model_v6,0.258,296,0.839,0.577,2.194e-20,721,Q76B40
rank0038_ca6_proteinbinders_6189_A,AF-Q8NAA4-F1-model_v6,0.217,330,0.968,0.457,1.436e-20,721,Q8NAA4
rank0038_ca6_proteinbinders_6189_A,AF-Q12788-F1-model_v6,0.239,404,0.991,0.5,2.554e-24,721,Q12788
rank0038_ca6_proteinbinders_6189_A,AF-Q9NSI6-3-F1-model_v6,0.261,362,0.979,0.165,2.081e-20,721,Q9NSI6-3
rank0038_ca6_proteinbinders_6189_A,AF-O48847-3-F1-model_v6,0.276,328,0.962,0.35,9.139e-22,720,O48847-3
rank0038_ca6_proteinbinders_6189_A,AF-Q9FUY2-F1-model_v6,0.267,328,0.962,0.299,9.4e-21,720,Q9FUY2
rank0038_ca6_proteinbinders_6189_A,AF-Q8TAF3-F1-model_v6,0.206,368,0.997,0.544,1.391e-23,719,Q8TAF3
rank0038_ca6_proteinbinders_6189_A,AF-Q5F3K4-F1-model_v6,0.203,368,0.997,0.543,2.241e-23,719,Q5F3K4
rank0038_ca6_proteinbinders_6189_A,AF-P70483-F1-model_v6,0.206,320,0.853,0.41,1.8720000000000002e-20,718,P70483
rank0038_ca6_proteinbinders_6189_A,AF-Q6NRT3-F1-model_v6,0.26,296,0.839,0.577,3.352e-20,717,Q6NRT3
rank0038_ca6_proteinbinders_6189_A,AF-P0CS49-F1-model_v6,0.247,328,0.962,0.605,2.023e-21,716,P0CS49
rank0038_ca6_proteinbinders_6189_A,AF-Q8W117-F1-model_v6,0.272,295,0.839,0.577,4.1430000000000006e-20,716,Q8W117
rank0038_ca6_proteinbinders_6189_A,AF-B4Q354-F1-model_v6,0.192,331,0.971,0.939,8.219999999999999e-22,715,B4Q354
rank0038_ca6_proteinbinders_6189_A,AF-Q9LV28-F1-model_v6,0.259,330,0.968,0.942,1.819e-21,715,Q9LV28
rank0038_ca6_proteinbinders_6189_A,AF-Q55FR9-F1-model_v6,0.196,341,0.991,0.279,9.877e-23,715,Q55FR9
rank0038_ca6_proteinbinders_6189_A,AF-B4LUA5-F1-model_v6,0.191,331,0.971,0.95,4.84e-22,714,B4LUA5
rank0038_ca6_proteinbinders_6189_A,AF-B3MVL6-F1-model_v6,0.189,331,0.971,0.95,4.59e-22,714,B3MVL6
rank0038_ca6_proteinbinders_6189_A,AF-Q9QZD9-F1-model_v6,0.197,331,0.971,0.935,1.071e-21,714,Q9QZD9
rank0038_ca6_proteinbinders_6189_A,AF-Q0D0X6-F1-model_v6,0.295,330,0.965,0.74,1.4309999999999998e-22,714,Q0D0X6
rank0038_ca6_proteinbinders_6189_A,AF-Q9AV81-F1-model_v6,0.267,333,0.977,0.556,8.455e-21,714,Q9AV81
rank0038_ca6_proteinbinders_6189_A,AF-Q5RAW8-F1-model_v6,0.206,368,0.997,0.544,3.61e-23,714,Q5RAW8
rank0038_ca6_proteinbinders_6189_A,AF-Q8N1V2-F1-model_v6,0.198,332,0.974,0.527,3.623e-21,713,Q8N1V2
rank0038_ca6_proteinbinders_6189_A,AF-Q149M9-F1-model_v6,0.22,335,0.982,0.214,1.436e-20,713,Q149M9
rank0038_ca6_proteinbinders_6189_A,AF-Q9C4Z6-F1-model_v6,0.261,330,0.968,0.942,2.249e-21,712,Q9C4Z6
rank0038_ca6_proteinbinders_6189_A,AF-Q5ZLK1-F1-model_v6,0.214,306,0.897,0.685,2.5720000000000003e-20,712,Q5ZLK1
rank0038_ca6_proteinbinders_6189_A,AF-Q9VCN9-F1-model_v6,0.225,341,0.786,0.459,4.995e-19,712,Q9VCN9
rank0038_ca6_proteinbinders_6189_A,AF-Q15542-F1-model_v6,0.25,327,0.947,0.409,7.796e-22,712,Q15542
rank0038_ca6_proteinbinders_6189_A,AF-Q8C092-F1-model_v6,0.255,325,0.941,0.406,6.65e-22,712,Q8C092
rank0038_ca6_proteinbinders_6189_A,AF-P0CS38-F1-model_v6,0.238,344,0.868,0.39,3.1790000000000003e-20,711,P0CS38
rank0038_ca6_proteinbinders_6189_A,AF-Q9I9H8-F1-model_v6,0.233,419,0.988,0.332,5.362e-24,711,Q9I9H8
rank0038_ca6_proteinbinders_6189_A,AF-Q7ZV55-F1-model_v6,0.216,331,0.971,0.935,1.13e-21,710,Q7ZV55
rank0038_ca6_proteinbinders_6189_A,AF-B0BNA7-F1-model_v6,0.195,331,0.971,0.935,7.796e-22,710,B0BNA7
rank0038_ca6_proteinbinders_6189_A,AF-B3H5K9-F1-model_v6,0.227,264,0.762,0.338,7.036e-20,710,B3H5K9
rank0038_ca6_proteinbinders_6189_A,AF-Q9AUR8-F1-model_v6,0.229,343,0.991,0.282,9.877e-23,709,Q9AUR8
rank0038_ca6_proteinbinders_6189_A,AF-B5FZ19-F1-model_v6,0.195,331,0.971,0.935,9.635999999999999e-22,708,B5FZ19
rank0038_ca6_proteinbinders_6189_A,AF-Q1HPW4-F1-model_v6,0.198,331,0.971,0.927,1.396e-21,708,Q1HPW4
rank0038_ca6_proteinbinders_6189_A,AF-Q4R2Z6-F1-model_v6,0.21,359,0.971,0.577,9.367999999999999e-23,708,Q4R2Z6
rank0038_ca6_proteinbinders_6189_A,AF-Q13347-F1-model_v6,0.191,331,0.971,0.935,3.258e-21,707,Q13347
rank0038_ca6_proteinbinders_6189_A,AF-B3N4C7-F1-model_v6,0.185,331,0.971,0.939,8.219999999999999e-22,707,B3N4C7
rank0038_ca6_proteinbinders_6189_A,AF-Q6CKE8-F1-model_v6,0.268,288,0.845,0.664,4.368e-20,707,Q6CKE8
rank0038_ca6_proteinbinders_6189_A,AF-F4IIK6-2-F1-model_v6,0.244,294,0.856,0.942,1.436e-20,706,F4IIK6-2
rank0038_ca6_proteinbinders_6189_A,AF-B4KGX9-F1-model_v6,0.189,331,0.971,0.95,4.84e-22,706,B4KGX9
rank0038_ca6_proteinbinders_6189_A,AF-Q965S8-F1-model_v6,0.215,331,0.971,0.936,1.637e-21,706,Q965S8
rank0038_ca6_proteinbinders_6189_A,AF-A8QBF3-F1-model_v6,0.214,310,0.859,0.948,2.439e-20,706,A8QBF3
rank0038_ca6_proteinbinders_6189_A,AF-Q2TAY7-2-F1-model_v6,0.261,296,0.839,0.841,7.419e-20,706,Q2TAY7-2
rank0038_ca6_proteinbinders_6189_A,AF-Q7ZYQ6-F1-model_v6,0.207,303,0.889,0.679,5.3990000000000006e-20,706,Q7ZYQ6
rank0038_ca6_proteinbinders_6189_A,AF-O13282-F1-model_v6,0.269,320,0.938,0.495,2.249e-21,705,O13282
rank0038_ca6_proteinbinders_6189_A,AF-Q05B17-F1-model_v6,0.205,368,0.997,0.543,1.813e-23,705,Q05B17
rank0038_ca6_proteinbinders_6189_A,AF-P25635-F1-model_v6,0.228,356,1.0,0.386,1.2869999999999999e-22,705,P25635
rank0038_ca6_proteinbinders_6189_A,AF-Q5EBE8-F1-model_v6,0.198,331,0.971,0.935,1.552e-21,704,Q5EBE8
rank0038_ca6_proteinbinders_6189_A,AF-B4GSH1-F1-model_v6,0.186,331,0.971,0.939,3.436e-21,704,B4GSH1
rank0038_ca6_proteinbinders_6189_A,AF-P53622-F1-model_v6,0.216,403,1.0,0.336,9.367999999999999e-23,703,P53622
rank0038_ca6_proteinbinders_6189_A,AF-Q5R7R2-F1-model_v6,0.201,331,0.971,0.935,2.023e-21,701,Q5R7R2
rank0038_ca6_proteinbinders_6189_A,AF-Q6FJZ9-F1-model_v6,0.265,303,0.871,0.71,3.726e-20,701,Q6FJZ9
rank0038_ca6_proteinbinders_6189_A,AF-P0CS39-F1-model_v6,0.235,344,0.868,0.39,3.015e-20,701,P0CS39
rank0038_ca6_proteinbinders_6189_A,AF-Q94A40-F1-model_v6,0.219,342,0.988,0.281,2.0739999999999998e-22,701,Q94A40
rank0038_ca6_proteinbinders_6189_A,AF-Q66J51-F1-model_v6,0.19,331,0.971,0.935,2.371e-21,700,Q66J51
rank0038_ca6_proteinbinders_6189_A,AF-Q9SJT9-F1-model_v6,0.224,342,0.988,0.281,2.3049999999999997e-22,700,Q9SJT9
rank0038_ca6_proteinbinders_6189_A,AF-Q803V5-F1-model_v6,0.257,294,0.833,0.902,2.194e-20,699,Q803V5
rank0038_ca6_proteinbinders_6189_A,AF-Q0CXH9-F1-model_v6,0.229,312,0.859,0.929,8.248000000000001e-20,699,Q0CXH9
rank0038_ca6_proteinbinders_6189_A,AF-A4RDD7-F1-model_v6,0.23,315,0.871,0.924,5.121e-20,699,A4RDD7
rank0038_ca6_proteinbinders_6189_A,AF-Q6DDF0-F1-model_v6,0.242,339,0.865,0.685,1.329e-19,698,Q6DDF0
rank0038_ca6_proteinbinders_6189_A,AF-Q99M63-F1-model_v6,0.258,296,0.839,0.577,1.329e-19,697,Q99M63
rank0038_ca6_proteinbinders_6189_A,AF-Q8C0J2-5-F1-model_v6,0.208,330,0.968,0.496,8.915e-21,697,Q8C0J2-5
rank0038_ca6_proteinbinders_6189_A,AF-Q17QU5-F1-model_v6,0.262,294,0.833,0.902,2.712e-20,696,Q17QU5
rank0038_ca6_proteinbinders_6189_A,AF-G5EEG7-F1-model_v6,0.249,293,0.839,0.575,9.170000000000001e-20,696,G5EEG7
rank0038_ca6_proteinbinders_6189_A,AF-A7RM20-F1-model_v6,0.189,331,0.971,0.935,2.6360000000000002e-21,695,A7RM20
rank0038_ca6_proteinbinders_6189_A,AF-Q5R4T8-F1-model_v6,0.208,306,0.897,0.685,6.673e-20,695,Q5R4T8
rank0038_ca6_proteinbinders_6189_A,AF-Q2TAY7-F1-model_v6,0.261,296,0.839,0.577,1.26e-19,695,Q2TAY7
rank0038_ca6_proteinbinders_6189_A,AF-Q6CGP9-F1-model_v6,0.191,331,0.971,0.598,3.623e-21,695,Q6CGP9
rank0038_ca6_proteinbinders_6189_A,AF-B3H5K9-2-F1-model_v6,0.228,293,0.839,0.375,9.669e-20,695,B3H5K9-2
rank0038_ca6_proteinbinders_6189_A,AF-Q4WX90-F1-model_v6,0.22,316,0.859,0.929,6.329e-20,694,Q4WX90
rank0038_ca6_proteinbinders_6189_A,AF-Q00664-F1-model_v6,0.262,329,0.965,0.741,2.5e-21,694,Q00664
rank0038_ca6_proteinbinders_6189_A,AF-Q8N1V2-3-F1-model_v6,0.183,338,0.991,0.6,3.34e-22,694,Q8N1V2-3
rank0038_ca6_proteinbinders_6189_A,AF-B4NW98-F1-model_v6,0.186,331,0.971,0.95,1.191e-21,693,B4NW98
rank0038_ca6_proteinbinders_6189_A,AF-Q1DPU4-F1-model_v6,0.217,316,0.859,0.929,4.8560000000000004e-20,693,Q1DPU4
rank0038_ca6_proteinbinders_6189_A,AF-Q04726-6-F1-model_v6,0.216,330,0.968,0.369,3.352e-20,693,Q04726-6
rank0038_ca6_proteinbinders_6189_A,AF-Q08122-4-F1-model_v6,0.216,330,0.968,0.362,3.1790000000000003e-20,693,Q08122-4
rank0038_ca6_proteinbinders_6189_A,AF-Q20059-3-F1-model_v6,0.181,400,0.997,0.574,8.667e-22,692,Q20059-3
rank0038_ca6_proteinbinders_6189_A,AF-O42469-F1-model_v6,0.21,330,0.968,0.369,2.439e-20,692,O42469
rank0038_ca6_proteinbinders_6189_A,AF-Q04726-4-F1-model_v6,0.216,330,0.968,0.367,3.9290000000000006e-20,692,Q04726-4
rank0038_ca6_proteinbinders_6189_A,AF-P87177-F1-model_v6,0.232,330,0.968,0.315,1.1020000000000001e-20,692,P87177
rank0038_ca6_proteinbinders_6189_A,AF-Q04726-3-F1-model_v6,0.213,330,0.968,0.37,3.015e-20,691,Q04726-3
rank0038_ca6_proteinbinders_6189_A,AF-O62471-3-F1-model_v6,0.171,506,0.997,0.381,7.964e-25,691,O62471-3
rank0038_ca6_proteinbinders_6189_A,AF-Q9BRP4-2-F1-model_v6,0.22,333,0.977,0.797,8.455e-21,690,Q9BRP4-2
rank0038_ca6_proteinbinders_6189_A,AF-Q9DCJ1-F1-model_v6,0.259,294,0.833,0.902,3.352e-20,689,Q9DCJ1
rank0038_ca6_proteinbinders_6189_A,AF-Q5B8Y3-F1-model_v6,0.22,312,0.859,0.929,8.697000000000001e-20,689,Q5B8Y3
rank0038_ca6_proteinbinders_6189_A,AF-Q96J01-F1-model_v6,0.222,321,0.941,0.772,1.401e-19,689,Q96J01
rank0038_ca6_proteinbinders_6189_A,AF-Q2TBS9-F1-model_v6,0.26,296,0.839,0.577,2.03e-19,689,Q2TBS9
rank0038_ca6_proteinbinders_6189_A,AF-Q3UKJ7-F1-model_v6,0.258,296,0.839,0.577,1.826e-19,689,Q3UKJ7
rank0038_ca6_proteinbinders_6189_A,AF-B0XFT7-F1-model_v6,0.192,330,0.968,0.936,2.371e-21,688,B0XFT7
rank0038_ca6_proteinbinders_6189_A,AF-Q55DA2-F1-model_v6,0.267,306,0.848,0.919,4.493e-19,688,Q55DA2
rank0038_ca6_proteinbinders_6189_A,AF-Q5F201-F1-model_v6,0.178,337,0.988,0.532,1.967e-22,688,Q5F201
rank0038_ca6_proteinbinders_6189_A,AF-Q07141-F1-model_v6,0.207,330,0.968,0.378,5.121e-20,688,Q07141
rank0038_ca6_proteinbinders_6189_A,AF-Q7PP77-F1-model_v6,0.197,330,0.968,0.936,5.2490000000000004e-21,687,Q7PP77
rank0038_ca6_proteinbinders_6189_A,AF-Q42384-F1-model_v6,0.238,330,0.968,0.591,4.6060000000000005e-20,687,Q42384
rank0038_ca6_proteinbinders_6189_A,AF-Q04726-F1-model_v6,0.216,330,0.968,0.367,5.121e-20,687,Q04726
rank0038_ca6_proteinbinders_6189_A,AF-Q92636-F1-model_v6,0.208,330,0.968,0.31,3.9290000000000006e-20,687,Q92636
rank0038_ca6_proteinbinders_6189_A,AF-Q0J3D9-F1-model_v6,0.223,343,0.991,0.282,5.673e-22,687,Q0J3D9
rank0038_ca6_proteinbinders_6189_A,AF-B4JB43-F1-model_v6,0.181,331,0.971,0.939,2.931e-21,686,B4JB43
rank0038_ca6_proteinbinders_6189_A,AF-A8WVX8-F1-model_v6,0.209,331,0.971,0.936,8.019e-21,686,A8WVX8
rank0038_ca6_proteinbinders_6189_A,AF-Q9NV06-F1-model_v6,0.211,306,0.897,0.685,1.329e-19,686,Q9NV06
rank0038_ca6_proteinbinders_6189_A,AF-Q39190-F1-model_v6,0.238,330,0.968,0.597,4.1430000000000006e-20,686,Q39190
rank0038_ca6_proteinbinders_6189_A,AF-Q20059-F1-model_v6,0.183,400,0.997,0.586,1.918e-21,685,Q20059
rank0038_ca6_proteinbinders_6189_A,AF-Q04726-2-F1-model_v6,0.216,330,0.968,0.372,6.002e-20,685,Q04726-2
rank0038_ca6_proteinbinders_6189_A,AF-Q9JIT3-F1-model_v6,0.216,330,0.968,0.37,6.673e-20,685,Q9JIT3
rank0038_ca6_proteinbinders_6189_A,AF-Q6PA72-F1-model_v6,0.26,294,0.833,0.902,6.329e-20,684,Q6PA72
rank0038_ca6_proteinbinders_6189_A,AF-Q6PAC3-F1-model_v6,0.211,306,0.897,0.685,1.401e-19,684,Q6PAC3
rank0038_ca6_proteinbinders_6189_A,AF-Q08122-2-F1-model_v6,0.213,330,0.968,0.368,5.693e-20,684,Q08122-2
rank0038_ca6_proteinbinders_6189_A,AF-Q9AUR7-F1-model_v6,0.226,343,0.991,0.282,4.59e-22,684,Q9AUR7
rank0038_ca6_proteinbinders_6189_A,AF-B4N0L0-F1-model_v6,0.195,331,0.971,0.95,2.023e-21,683,B4N0L0
rank0038_ca6_proteinbinders_6189_A,AF-A7TH19-F1-model_v6,0.222,315,0.859,0.908,1.1620000000000001e-20,683,A7TH19
rank0038_ca6_proteinbinders_6189_A,AF-Q6CKX3-F1-model_v6,0.195,330,0.968,0.89,4.028e-21,683,Q6CKX3
rank0038_ca6_proteinbinders_6189_A,AF-Q29L19-F1-model_v6,0.18,331,0.971,0.939,2.78e-21,682,Q29L19
rank0038_ca6_proteinbinders_6189_A,AF-Q16K15-F1-model_v6,0.194,331,0.971,0.939,1.13e-21,682,Q16K15
rank0038_ca6_proteinbinders_6189_A,AF-Q9JHB4-2-F1-model_v6,0.253,290,0.845,0.792,5.856e-19,682,Q9JHB4-2
rank0038_ca6_proteinbinders_6189_A,AF-Q09406-F1-model_v6,0.224,293,0.856,0.549,6.329e-20,682,Q09406
rank0038_ca6_proteinbinders_6189_A,AF-Q8TED0-3-F1-model_v6,0.214,320,0.938,0.533,3.1790000000000003e-20,681,Q8TED0-3
rank0038_ca6_proteinbinders_6189_A,AF-P0CS38-2-F1-model_v6,0.235,344,0.868,0.416,1.329e-19,681,P0CS38-2
rank0038_ca6_proteinbinders_6189_A,AF-Q04726-7-F1-model_v6,0.216,330,0.968,0.371,9.669e-20,680,Q04726-7
rank0038_ca6_proteinbinders_6189_A,AF-P53621-F1-model_v6,0.212,343,0.988,0.28,2.4309999999999996e-22,680,P53621
rank0038_ca6_proteinbinders_6189_A,AF-Q9UNX4-F1-model_v6,0.242,330,0.968,0.305,4.478e-21,679,Q9UNX4
rank0038_ca6_proteinbinders_6189_A,AF-Q5E966-F1-model_v6,0.194,331,0.971,0.935,6.841e-21,678,Q5E966
rank0038_ca6_proteinbinders_6189_A,AF-C4JPW9-F1-model_v6,0.268,349,0.971,0.76,4.721e-21,678,C4JPW9
rank0038_ca6_proteinbinders_6189_A,AF-O13166-F1-model_v6,0.213,330,0.968,0.372,7.419e-20,677,O13166
rank0038_ca6_proteinbinders_6189_A,AF-B4I195-F1-model_v6,0.183,331,0.971,0.939,4.028e-21,676,B4I195
rank0038_ca6_proteinbinders_6189_A,AF-P16371-2-F1-model_v6,0.21,330,0.968,0.394,5.693e-20,676,P16371-2
rank0038_ca6_proteinbinders_6189_A,AF-O42478-F1-model_v6,0.21,330,0.968,0.367,1.02e-19,676,O42478
rank0038_ca6_proteinbinders_6189_A,AF-Q5EBE8-2-F1-model_v6,0.198,339,0.994,0.952,3.258e-21,675,Q5EBE8-2
rank0038_ca6_proteinbinders_6189_A,AF-B0XYC8-F1-model_v6,0.22,316,0.859,0.929,4.261e-19,675,B0XYC8
rank0038_ca6_proteinbinders_6189_A,AF-Q29RH4-F1-model_v6,0.226,323,0.947,0.778,3.635e-19,675,Q29RH4
rank0038_ca6_proteinbinders_6189_A,AF-Q9BRP4-F1-model_v6,0.223,333,0.977,0.763,1.973e-20,675,Q9BRP4
rank0038_ca6_proteinbinders_6189_A,AF-P33750-F1-model_v6,0.193,333,0.977,0.638,1.7750000000000002e-20,675,P33750
rank0038_ca6_proteinbinders_6189_A,AF-Q04726-5-F1-model_v6,0.216,330,0.968,0.368,1.26e-19,675,Q04726-5
rank0038_ca6_proteinbinders_6189_A,AF-Q803X4-F1-model_v6,0.201,303,0.889,0.679,4.995e-19,674,Q803X4
rank0038_ca6_proteinbinders_6189_A,AF-Q19124-F1-model_v6,0.191,331,0.971,0.545,1.558e-19,673,Q19124
rank0038_ca6_proteinbinders_6189_A,AF-O88879-2-F1-model_v6,0.23,505,0.988,0.408,8.163000000000001e-26,673,O88879-2
rank0038_ca6_proteinbinders_6189_A,AF-O54927-F1-model_v6,0.315,270,0.707,0.641,5.138e-18,672,O54927
rank0038_ca6_proteinbinders_6189_A,AF-Q92636-2-F1-model_v6,0.245,288,0.845,0.3,9.170000000000001e-20,672,Q92636-2
rank0038_ca6_proteinbinders_6189_A,AF-Q62441-F1-model_v6,0.21,330,0.968,0.366,1.02e-19,671,Q62441
rank0038_ca6_proteinbinders_6189_A,AF-O13168-F1-model_v6,0.213,330,0.968,0.367,1.642e-19,670,O13168
rank0038_ca6_proteinbinders_6189_A,AF-Q9WVB2-F1-model_v6,0.195,330,0.968,0.369,2.257e-19,669,Q9WVB2
rank0038_ca6_proteinbinders_6189_A,AF-O14727-4-F1-model_v6,0.209,554,0.994,0.46,5.068e-26,669,O14727-4
rank0038_ca6_proteinbinders_6189_A,AF-Q8CIE6-F1-model_v6,0.206,343,0.988,0.28,3.623e-21,669,Q8CIE6
rank0038_ca6_proteinbinders_6189_A,AF-P40968-F1-model_v6,0.192,328,0.962,0.64,1.195e-19,668,P40968
rank0038_ca6_proteinbinders_6189_A,AF-P16371-F1-model_v6,0.21,330,0.968,0.388,1.02e-19,668,P16371
rank0038_ca6_proteinbinders_6189_A,AF-Q04727-3-F1-model_v6,0.21,330,0.968,0.352,2.14e-19,668,Q04727-3
rank0038_ca6_proteinbinders_6189_A,AF-O14727-F1-model_v6,0.209,505,0.988,0.405,3.5980000000000004e-25,668,O14727
rank0038_ca6_proteinbinders_6189_A,AF-Q27954-F1-model_v6,0.2,402,0.997,0.328,2.931e-21,667,Q27954
rank0038_ca6_proteinbinders_6189_A,AF-Q13033-2-F1-model_v6,0.237,323,0.862,0.453,5.554e-19,666,Q13033-2
rank0038_ca6_proteinbinders_6189_A,AF-Q62440-5-F1-model_v6,0.207,330,0.968,0.382,2.257e-19,666,Q62440-5
rank0038_ca6_proteinbinders_6189_A,AF-Q5IH81-F1-model_v6,0.192,329,0.965,0.907,2.712e-20,665,Q5IH81
rank0038_ca6_proteinbinders_6189_A,AF-C4R6H3-F1-model_v6,0.195,364,0.968,0.728,4.028e-21,665,C4R6H3
rank0038_ca6_proteinbinders_6189_A,AF-Q20059-2-F1-model_v6,0.183,400,0.997,0.588,4.247e-21,665,Q20059-2
rank0038_ca6_proteinbinders_6189_A,AF-Q08122-F1-model_v6,0.216,330,0.968,0.367,2.941e-19,665,Q08122
rank0038_ca6_proteinbinders_6189_A,AF-Q8MYE8-F1-model_v6,0.183,332,0.974,0.751,1.1020000000000001e-20,664,Q8MYE8
rank0038_ca6_proteinbinders_6189_A,AF-A6H603-3-F1-model_v6,0.206,385,1.0,0.314,4.1430000000000006e-20,664,A6H603-3
rank0038_ca6_proteinbinders_6189_A,AF-A8Q2R5-F1-model_v6,0.217,377,0.997,0.571,1.0450000000000001e-20,663,A8Q2R5
rank0038_ca6_proteinbinders_6189_A,AF-Q04727-2-F1-model_v6,0.21,330,0.968,0.402,1.925e-19,663,Q04727-2
rank0038_ca6_proteinbinders_6189_A,AF-Q62440-2-F1-model_v6,0.207,330,0.968,0.407,2.789e-19,662,Q62440-2
rank0038_ca6_proteinbinders_6189_A,AF-Q04725-F1-model_v6,0.192,330,0.968,0.381,3.101e-19,662,Q04725
rank0038_ca6_proteinbinders_6189_A,AF-Q62440-F1-model_v6,0.207,330,0.968,0.368,2.789e-19,662,Q62440
rank0038_ca6_proteinbinders_6189_A,AF-F1SS88-F1-model_v6,0.174,377,0.991,0.608,1.967e-22,661,F1SS88
rank0038_ca6_proteinbinders_6189_A,AF-A6RUL1-F1-model_v6,0.204,334,0.979,0.925,3.726e-20,660,A6RUL1
rank0038_ca6_proteinbinders_6189_A,AF-P0DPA1-F1-model_v6,0.222,334,0.979,0.563,5.693e-20,660,P0DPA1
rank0038_ca6_proteinbinders_6189_A,AF-A6H603-2-F1-model_v6,0.209,385,1.0,0.268,4.6060000000000005e-20,660,A6H603-2
rank0038_ca6_proteinbinders_6189_A,AF-A6ZMK5-F1-model_v6,0.191,330,0.968,0.896,8.455e-21,659,A6ZMK5
rank0038_ca6_proteinbinders_6189_A,AF-A5DVY3-F1-model_v6,0.206,331,0.971,0.906,3.436e-21,659,A5DVY3
rank0038_ca6_proteinbinders_6189_A,AF-Q99973-2-F1-model_v6,0.225,423,0.965,0.161,2.1259999999999998e-23,659,Q99973-2
rank0038_ca6_proteinbinders_6189_A,AF-P0CS33-F1-model_v6,0.22,314,0.853,0.921,1.732e-19,658,P0CS33
rank0038_ca6_proteinbinders_6189_A,AF-P40217-F1-model_v6,0.191,330,0.968,0.896,7.605e-21,658,P40217
rank0038_ca6_proteinbinders_6189_A,AF-Q5R664-F1-model_v6,0.182,375,1.0,0.414,2.5e-21,658,Q5R664
rank0038_ca6_proteinbinders_6189_A,AF-A7EF03-F1-model_v6,0.206,334,0.979,0.925,5.121e-20,657,A7EF03
rank0038_ca6_proteinbinders_6189_A,AF-Q6FL15-F1-model_v6,0.197,330,0.968,0.896,8.455e-21,657,Q6FL15
rank0038_ca6_proteinbinders_6189_A,AF-Q04725-2-F1-model_v6,0.192,330,0.968,0.456,4.995e-19,657,Q04725-2
rank0038_ca6_proteinbinders_6189_A,AF-Q04727-4-F1-model_v6,0.21,330,0.968,0.378,2.941e-19,657,Q04727-4
rank0038_ca6_proteinbinders_6189_A,AF-Q54MZ3-F1-model_v6,0.253,283,0.83,0.563,5.856e-19,656,Q54MZ3
rank0038_ca6_proteinbinders_6189_A,AF-Q2UQ34-F1-model_v6,0.203,331,0.971,0.916,5.693e-20,655,Q2UQ34
rank0038_ca6_proteinbinders_6189_A,AF-Q04724-F1-model_v6,0.207,330,0.968,0.368,4.493e-19,655,Q04724
rank0038_ca6_proteinbinders_6189_A,AF-Q29HG9-F1-model_v6,0.224,329,0.965,0.921,8.248000000000001e-20,654,Q29HG9
rank0038_ca6_proteinbinders_6189_A,AF-Q8NA23-2-F1-model_v6,0.25,340,0.997,0.833,2.14e-19,654,Q8NA23-2
rank0038_ca6_proteinbinders_6189_A,AF-P0CS39-2-F1-model_v6,0.231,333,0.968,0.403,3.352e-20,654,P0CS39-2
rank0038_ca6_proteinbinders_6189_A,AF-Q5A7Q3-F1-model_v6,0.194,332,0.974,0.779,1.558e-19,653,Q5A7Q3
rank0038_ca6_proteinbinders_6189_A,AF-Q5ZK69-F1-model_v6,0.22,330,0.968,0.755,1.075e-19,653,Q5ZK69
rank0038_ca6_proteinbinders_6189_A,AF-O60508-F1-model_v6,0.22,330,0.968,0.503,4.738e-19,653,O60508
rank0038_ca6_proteinbinders_6189_A,AF-Q13033-F1-model_v6,0.228,323,0.862,0.405,5.856e-19,653,Q13033
rank0038_ca6_proteinbinders_6189_A,AF-Q54YD8-F1-model_v6,0.204,376,1.0,0.374,4.028e-21,653,Q54YD8
rank0038_ca6_proteinbinders_6189_A,AF-O14727-2-F1-model_v6,0.201,597,0.994,0.483,2.118e-25,653,O14727-2
rank0038_ca6_proteinbinders_6189_A,AF-Q9W328-F1-model_v6,0.219,327,0.959,0.917,1.329e-19,651,Q9W328
rank0038_ca6_proteinbinders_6189_A,AF-Q6BU94-F1-model_v6,0.212,331,0.971,0.707,6.51e-19,651,Q6BU94
rank0038_ca6_proteinbinders_6189_A,AF-Q62440-3-F1-model_v6,0.207,330,0.968,0.435,6.51e-19,651,Q62440-3
rank0038_ca6_proteinbinders_6189_A,AF-A5D7H2-F1-model_v6,0.221,320,0.853,0.402,8.047e-19,651,A5D7H2
rank0038_ca6_proteinbinders_6189_A,AF-O55029-F1-model_v6,0.182,375,1.0,0.414,3.623e-21,651,O55029
rank0038_ca6_proteinbinders_6189_A,AF-O14727-5-F1-model_v6,0.231,464,0.994,0.396,2.5450000000000003e-26,651,O14727-5
rank0038_ca6_proteinbinders_6189_A,AF-Q9BVC4-F1-model_v6,0.222,330,0.968,0.914,5.121e-20,650,Q9BVC4
rank0038_ca6_proteinbinders_6189_A,AF-Q8VE80-F1-model_v6,0.23,323,0.947,0.778,1.229e-18,650,Q8VE80
rank0038_ca6_proteinbinders_6189_A,AF-Q6NVS5-F1-model_v6,0.201,303,0.889,0.679,1.519e-18,650,Q6NVS5
rank0038_ca6_proteinbinders_6189_A,AF-Q04727-F1-model_v6,0.21,330,0.968,0.366,5.267e-19,650,Q04727
rank0038_ca6_proteinbinders_6189_A,AF-O62471-F1-model_v6,0.168,548,1.0,0.344,7.742000000000001e-26,650,O62471
rank0038_ca6_proteinbinders_6189_A,AF-Q8NA23-F1-model_v6,0.245,340,0.997,0.831,3.635e-19,647,Q8NA23
rank0038_ca6_proteinbinders_6189_A,AF-E1BKF9-F1-model_v6,0.169,377,0.991,0.605,6.65e-22,647,E1BKF9
rank0038_ca6_proteinbinders_6189_A,AF-O35142-F1-model_v6,0.182,375,1.0,0.414,7.213e-21,647,O35142
rank0038_ca6_proteinbinders_6189_A,AF-P35606-F1-model_v6,0.179,375,1.0,0.414,5.836e-21,647,P35606
rank0038_ca6_proteinbinders_6189_A,AF-Q6BSL7-F1-model_v6,0.215,330,0.968,0.903,3.726e-20,643,Q6BSL7
rank0038_ca6_proteinbinders_6189_A,AF-Q55FJ2-F1-model_v6,0.197,328,0.962,0.381,4.738e-19,643,Q55FJ2
rank0038_ca6_proteinbinders_6189_A,AF-Q6H8D6-F1-model_v6,0.212,376,1.0,0.413,1.436e-20,643,Q6H8D6
rank0038_ca6_proteinbinders_6189_A,AF-Q5AI86-F1-model_v6,0.203,330,0.968,0.903,2.439e-20,642,Q5AI86
rank0038_ca6_proteinbinders_6189_A,AF-O88879-F1-model_v6,0.207,549,0.994,0.44,6.964e-26,642,O88879
rank0038_ca6_proteinbinders_6189_A,AF-P16520-2-F1-model_v6,0.252,288,0.845,0.815,5.856e-19,641,P16520-2
rank0038_ca6_proteinbinders_6189_A,AF-P58405-F1-model_v6,0.227,320,0.853,0.403,2.448e-18,640,P58405
rank0038_ca6_proteinbinders_6189_A,AF-Q5I0B4-F1-model_v6,0.221,326,0.956,0.902,5.121e-20,639,Q5I0B4
rank0038_ca6_proteinbinders_6189_A,AF-A1D7I5-F1-model_v6,0.206,331,0.971,0.918,1.477e-19,639,A1D7I5
rank0038_ca6_proteinbinders_6189_A,AF-P0CS32-F1-model_v6,0.195,329,0.965,0.909,8.697000000000001e-20,638,P0CS32
rank0038_ca6_proteinbinders_6189_A,AF-Q9UM11-2-F1-model_v6,0.265,283,0.83,0.566,2.721e-18,638,Q9UM11-2
rank0038_ca6_proteinbinders_6189_A,AF-Q8N1V2-2-F1-model_v6,0.161,377,0.991,0.598,1.819e-21,635,Q8N1V2-2
rank0038_ca6_proteinbinders_6189_A,AF-P33215-2-F1-model_v6,0.215,283,0.83,0.551,9.202e-18,634,P33215-2
rank0038_ca6_proteinbinders_6189_A,AF-P41811-F1-model_v6,0.205,381,1.0,0.429,1.362e-20,634,P41811
rank0038_ca6_proteinbinders_6189_A,AF-O17468-F1-model_v6,0.245,351,0.868,0.335,3.363e-18,634,O17468
rank0038_ca6_proteinbinders_6189_A,AF-A1CJY4-F1-model_v6,0.212,330,0.968,0.915,1.732e-19,633,A1CJY4
rank0038_ca6_proteinbinders_6189_A,AF-A3LX18-F1-model_v6,0.203,330,0.968,0.903,6.002e-20,633,A3LX18
rank0038_ca6_proteinbinders_6189_A,AF-P35605-F1-model_v6,0.179,375,1.0,0.414,1.597e-20,633,P35605
rank0038_ca6_proteinbinders_6189_A,AF-Q9H6Y2-F1-model_v6,0.18,333,0.977,0.752,2.581e-18,632,Q9H6Y2
rank0038_ca6_proteinbinders_6189_A,AF-Q7T2F6-F1-model_v6,0.243,346,0.845,0.818,1.738e-17,631,Q7T2F6
rank0038_ca6_proteinbinders_6189_A,AF-Q9FND4-F1-model_v6,0.276,291,0.848,0.556,2.941e-19,631,Q9FND4
rank0038_ca6_proteinbinders_6189_A,AF-Q64LD2-F1-model_v6,0.234,307,0.871,0.564,8.484e-19,631,Q64LD2
rank0038_ca6_proteinbinders_6189_A,AF-Q9FNN2-F1-model_v6,0.294,292,0.856,0.492,4.995e-19,631,Q9FNN2
rank0038_ca6_proteinbinders_6189_A,AF-Q9UM11-F1-model_v6,0.265,283,0.83,0.562,6.023e-18,629,Q9UM11
rank0038_ca6_proteinbinders_6189_A,AF-Q5R9T6-F1-model_v6,0.18,333,0.977,0.752,3.739e-18,628,Q5R9T6
rank0038_ca6_proteinbinders_6189_A,AF-Q54MT0-F1-model_v6,0.176,330,0.968,0.909,4.738e-19,627,Q54MT0
rank0038_ca6_proteinbinders_6189_A,AF-Q9NRL3-3-F1-model_v6,0.227,329,0.965,0.413,1.925e-19,627,Q9NRL3-3
rank0038_ca6_proteinbinders_6189_A,AF-Q99973-F1-model_v6,0.187,426,0.997,0.162,4.978e-21,627,Q99973
rank0038_ca6_proteinbinders_6189_A,AF-B3MC74-F1-model_v6,0.279,326,0.868,0.973,4.873e-18,624,B3MC74
rank0038_ca6_proteinbinders_6189_A,AF-Q7RXH4-F1-model_v6,0.183,334,0.979,0.896,4.738e-19,624,Q7RXH4
rank0038_ca6_proteinbinders_6189_A,AF-Q759L2-F1-model_v6,0.198,330,0.968,0.893,2.789e-19,624,Q759L2
rank0038_ca6_proteinbinders_6189_A,AF-Q9CX97-F1-model_v6,0.175,331,0.971,0.737,5.418e-18,623,Q9CX97
rank0038_ca6_proteinbinders_6189_A,AF-B2ZZS9-F1-model_v6,0.157,331,0.971,0.715,3.739e-18,623,B2ZZS9
rank0038_ca6_proteinbinders_6189_A,AF-Q9NRL3-F1-model_v6,0.225,329,0.965,0.417,2.645e-19,623,Q9NRL3
rank0038_ca6_proteinbinders_6189_A,AF-Q9CAA0-F1-model_v6,0.21,375,1.0,0.408,1.225e-20,623,Q9CAA0
rank0038_ca6_proteinbinders_6189_A,AF-Q2GTM8-F1-model_v6,0.201,334,0.979,0.909,4.261e-19,622,Q2GTM8
rank0038_ca6_proteinbinders_6189_A,AF-Q9ZU34-F1-model_v6,0.227,346,0.994,0.566,6.864e-19,622,Q9ZU34
rank0038_ca6_proteinbinders_6189_A,AF-P58404-F1-model_v6,0.224,329,0.965,0.413,2.789e-19,621,P58404
rank0038_ca6_proteinbinders_6189_A,AF-Q96MR6-F1-model_v6,0.166,288,0.845,0.222,5.712e-18,621,Q96MR6
rank0038_ca6_proteinbinders_6189_A,AF-O17468-3-F1-model_v6,0.241,351,0.868,0.803,4.157e-18,620,O17468-3
rank0038_ca6_proteinbinders_6189_A,AF-Q9R1K5-F1-model_v6,0.265,283,0.83,0.566,1.137e-17,620,Q9R1K5
rank0038_ca6_proteinbinders_6189_A,AF-Q9Y2I8-2-F1-model_v6,0.232,335,0.982,0.677,1.401e-19,620,Q9Y2I8-2
rank0038_ca6_proteinbinders_6189_A,AF-Q12220-F1-model_v6,0.17,530,0.991,0.562,9.139e-22,620,Q12220
rank0038_ca6_proteinbinders_6189_A,AF-B4JW81-F1-model_v6,0.284,331,0.971,0.952,4.493e-19,618,B4JW81
rank0038_ca6_proteinbinders_6189_A,AF-Q9NWT1-F1-model_v6,0.214,250,0.733,0.612,4.622e-18,617,Q9NWT1
rank0038_ca6_proteinbinders_6189_A,AF-Q7K1Y4-F1-model_v6,0.276,331,0.971,0.952,3.635e-19,616,Q7K1Y4
rank0038_ca6_proteinbinders_6189_A,AF-Q6CI08-F1-model_v6,0.209,330,0.968,0.914,4.041e-19,616,Q6CI08
rank0038_ca6_proteinbinders_6189_A,AF-B4MY77-F1-model_v6,0.282,326,0.868,0.973,7.061e-18,615,B4MY77
rank0038_ca6_proteinbinders_6189_A,AF-P14197-F1-model_v6,0.218,328,0.962,0.644,4.493e-19,615,P14197
rank0038_ca6_proteinbinders_6189_A,AF-P43254-F1-model_v6,0.223,255,0.745,0.378,9.465e-17,615,P43254
rank0038_ca6_proteinbinders_6189_A,AF-F4JF14-F1-model_v6,0.193,331,0.971,0.306,2.448e-18,615,F4JF14
rank0038_ca6_proteinbinders_6189_A,AF-Q5BDU4-F1-model_v6,0.206,365,0.868,0.354,1.023e-17,615,Q5BDU4
rank0038_ca6_proteinbinders_6189_A,AF-Q3B7M6-F1-model_v6,0.219,289,0.848,0.436,8.727e-18,613,Q3B7M6
rank0038_ca6_proteinbinders_6189_A,AF-P58404-2-F1-model_v6,0.222,329,0.965,0.417,5.856e-19,613,P58404-2
rank0038_ca6_proteinbinders_6189_A,AF-Q6UXN9-F1-model_v6,0.204,322,0.944,0.898,1.106e-18,612,Q6UXN9
rank0038_ca6_proteinbinders_6189_A,AF-A5DGL8-F1-model_v6,0.19,330,0.968,0.902,2.14e-19,612,A5DGL8
rank0038_ca6_proteinbinders_6189_A,AF-A1L112-F1-model_v6,0.178,331,0.971,0.745,1.079e-17,612,A1L112
rank0038_ca6_proteinbinders_6189_A,AF-Q9R1A8-F1-model_v6,0.222,304,0.833,0.415,3.281e-17,612,Q9R1A8
rank0038_ca6_proteinbinders_6189_A,AF-P32479-F1-model_v6,0.198,378,0.868,0.45,3.546e-18,612,P32479
rank0038_ca6_proteinbinders_6189_A,AF-Q652L2-F1-model_v6,0.22,362,0.988,0.371,1.558e-19,612,Q652L2
rank0038_ca6_proteinbinders_6189_A,AF-O08653-F1-model_v6,0.187,467,0.994,0.178,1.819e-21,610,O08653
rank0038_ca6_proteinbinders_6189_A,AF-Q4P6E2-F1-model_v6,0.218,329,0.965,0.905,2.509e-19,609,Q4P6E2
rank0038_ca6_proteinbinders_6189_A,AF-Q8NHV4-F1-model_v6,0.222,289,0.848,0.435,6.351e-18,609,Q8NHV4
rank0038_ca6_proteinbinders_6189_A,AF-Q86HX1-F1-model_v6,0.219,337,0.868,0.303,1.738e-17,608,Q86HX1
rank0038_ca6_proteinbinders_6189_A,AF-Q8BFQ4-F1-model_v6,0.205,322,0.944,0.898,1.229e-18,606,Q8BFQ4
rank0038_ca6_proteinbinders_6189_A,AF-B4QFZ8-F1-model_v6,0.274,331,0.971,0.952,8.484e-19,606,B4QFZ8
rank0038_ca6_proteinbinders_6189_A,AF-A2QEV8-F1-model_v6,0.184,331,0.971,0.917,7.631e-19,606,A2QEV8
rank0038_ca6_proteinbinders_6189_A,AF-Q54KM3-F1-model_v6,0.235,310,0.83,0.411,1.482e-17,606,Q54KM3
rank0038_ca6_proteinbinders_6189_A,AF-Q6DRF9-F1-model_v6,0.158,334,0.979,0.747,1.482e-17,605,Q6DRF9
rank0038_ca6_proteinbinders_6189_A,AF-Q5VQ78-F1-model_v6,0.227,366,0.991,0.404,1.256e-21,605,Q5VQ78
rank0038_ca6_proteinbinders_6189_A,AF-O42937-F1-model_v6,0.189,376,1.0,0.472,1.558e-19,604,O42937
rank0038_ca6_proteinbinders_6189_A,AF-Q54J37-F1-model_v6,0.175,328,0.962,0.397,6.174e-19,603,Q54J37
rank0038_ca6_proteinbinders_6189_A,AF-O94967-F1-model_v6,0.229,328,0.962,0.335,8.484e-19,602,O94967
rank0038_ca6_proteinbinders_6189_A,AF-Q5ZKU8-F1-model_v6,0.179,287,0.842,0.767,3.943e-18,601,Q5ZKU8
rank0038_ca6_proteinbinders_6189_A,AF-Q8TAF3-4-F1-model_v6,0.198,376,0.938,0.632,6.488e-21,599,Q8TAF3-4
rank0038_ca6_proteinbinders_6189_A,AF-P59328-3-F1-model_v6,0.172,333,0.977,0.27,3.363e-18,599,P59328-3
rank0038_ca6_proteinbinders_6189_A,AF-Q5ZMV7-F1-model_v6,0.21,322,0.944,0.898,2.721e-18,598,Q5ZMV7
rank0038_ca6_proteinbinders_6189_A,AF-B4KTK4-F1-model_v6,0.257,331,0.971,0.952,1.296e-18,597,B4KTK4
rank0038_ca6_proteinbinders_6189_A,AF-B4LJT7-F1-model_v6,0.279,331,0.971,0.952,8.047e-19,597,B4LJT7
rank0038_ca6_proteinbinders_6189_A,AF-Q9USL1-F1-model_v6,0.204,284,0.833,0.896,5.285e-17,596,Q9USL1
rank0038_ca6_proteinbinders_6189_A,AF-B3NQR5-F1-model_v6,0.279,331,0.971,0.952,1.367e-18,596,B3NQR5
rank0038_ca6_proteinbinders_6189_A,AF-Q58DT8-F1-model_v6,0.177,333,0.977,0.754,4.055e-17,596,Q58DT8
rank0038_ca6_proteinbinders_6189_A,AF-Q5EA99-F1-model_v6,0.228,260,0.762,0.638,1.264e-17,596,Q5EA99
rank0038_ca6_proteinbinders_6189_A,AF-P59328-F1-model_v6,0.171,327,0.959,0.256,2.448e-18,596,P59328
rank0038_ca6_proteinbinders_6189_A,AF-B0XAF3-F1-model_v6,0.265,331,0.971,0.947,1.367e-18,595,B0XAF3
rank0038_ca6_proteinbinders_6189_A,AF-Q9LXN4-F1-model_v6,0.234,360,0.988,0.352,1.826e-19,595,Q9LXN4
rank0038_ca6_proteinbinders_6189_A,AF-B4JSW8-F1-model_v6,0.197,286,0.839,0.557,5.285e-17,594,B4JSW8
rank0038_ca6_proteinbinders_6189_A,AF-Q9VLN1-F1-model_v6,0.202,322,0.944,0.886,1.519e-18,593,Q9VLN1
rank0038_ca6_proteinbinders_6189_A,AF-Q8NHY2-2-F1-model_v6,0.201,328,0.962,0.433,3.363e-18,593,Q8NHY2-2
rank0038_ca6_proteinbinders_6189_A,AF-O17468-2-F1-model_v6,0.236,368,0.868,0.811,4.754e-17,592,O17468-2
rank0038_ca6_proteinbinders_6189_A,AF-O14727-3-F1-model_v6,0.213,510,0.988,0.427,1.183e-25,592,O14727-3
rank0038_ca6_proteinbinders_6189_A,AF-Q6NV31-F1-model_v6,0.22,322,0.944,0.898,1.689e-18,591,Q6NV31
rank0038_ca6_proteinbinders_6189_A,AF-Q32SG6-F1-model_v6,0.228,362,0.988,0.376,1.049e-18,591,Q32SG6
rank0038_ca6_proteinbinders_6189_A,AF-O13046-F1-model_v6,0.188,329,0.965,0.256,4.383e-18,591,O13046
rank0038_ca6_proteinbinders_6189_A,AF-Q7Z4S6-4-F1-model_v6,0.218,330,0.968,0.182,3.19e-18,591,Q7Z4S6-4
rank0038_ca6_proteinbinders_6189_A,AF-Q4L235-2-F1-model_v6,0.172,328,0.962,0.326,8.977e-17,590,Q4L235-2
rank0038_ca6_proteinbinders_6189_A,AF-Q54RP0-F1-model_v6,0.191,333,0.868,0.514,1.482e-17,589,Q54RP0
rank0038_ca6_proteinbinders_6189_A,AF-Q06078-F1-model_v6,0.184,375,0.997,0.399,3.015e-20,589,Q06078
rank0038_ca6_proteinbinders_6189_A,AF-Q6P1V3-F1-model_v6,0.245,346,0.971,0.82,1.98e-18,588,Q6P1V3
rank0038_ca6_proteinbinders_6189_A,AF-Q5AZX0-F1-model_v6,0.229,292,0.856,0.511,1.98e-18,588,Q5AZX0
rank0038_ca6_proteinbinders_6189_A,AF-Q61666-F1-model_v6,0.213,353,0.988,0.348,4.995e-19,588,Q61666
rank0038_ca6_proteinbinders_6189_A,AF-Q9D180-F1-model_v6,0.147,330,0.968,0.224,1.563e-17,588,Q9D180
rank0038_ca6_proteinbinders_6189_A,AF-Q8L4M1-F1-model_v6,0.194,335,0.868,0.913,2.037e-17,587,Q8L4M1
rank0038_ca6_proteinbinders_6189_A,AF-Q80WC9-F1-model_v6,0.172,317,0.93,0.28,8.757e-16,587,Q80WC9
rank0038_ca6_proteinbinders_6189_A,AF-B4GDM7-F1-model_v6,0.269,331,0.971,0.952,1.166e-18,586,B4GDM7
rank0038_ca6_proteinbinders_6189_A,AF-P87314-F1-model_v6,0.212,332,0.968,0.356,5.267e-19,586,P87314
rank0038_ca6_proteinbinders_6189_A,AF-O75037-3-F1-model_v6,0.214,303,0.839,0.188,3.846e-17,586,O75037-3
rank0038_ca6_proteinbinders_6189_A,AF-B4P7Q3-F1-model_v6,0.269,331,0.971,0.952,1.441e-18,585,B4P7Q3
rank0038_ca6_proteinbinders_6189_A,AF-U4PCM1-2-F1-model_v6,0.26,200,0.578,0.331,7.288e-15,585,U4PCM1-2
rank0038_ca6_proteinbinders_6189_A,AF-Q7Z4S6-6-F1-model_v6,0.218,330,0.968,0.188,4.383e-18,585,Q7Z4S6-6
rank0038_ca6_proteinbinders_6189_A,AF-Q9Y5J1-F1-model_v6,0.178,328,0.962,0.532,3.546e-18,584,Q9Y5J1
rank0038_ca6_proteinbinders_6189_A,AF-Q1DHE1-F1-model_v6,0.204,368,0.868,0.347,1.052e-16,584,Q1DHE1
rank0038_ca6_proteinbinders_6189_A,AF-O80775-F1-model_v6,0.158,330,0.968,0.805,6.196e-17,583,O80775
rank0038_ca6_proteinbinders_6189_A,AF-Q20168-F1-model_v6,0.192,368,0.991,0.368,5.2490000000000004e-21,583,Q20168
rank0038_ca6_proteinbinders_6189_A,AF-Q0V8J1-F1-model_v6,0.224,335,0.968,0.825,2.202e-18,582,Q0V8J1
rank0038_ca6_proteinbinders_6189_A,AF-Q9C827-F1-model_v6,0.207,366,0.991,0.395,8.019e-21,582,Q9C827
rank0038_ca6_proteinbinders_6189_A,AF-Q9QXL2-F1-model_v6,0.218,330,0.968,0.182,4.383e-18,582,Q9QXL2
rank0038_ca6_proteinbinders_6189_A,AF-Q8NHY2-F1-model_v6,0.201,328,0.962,0.419,8.727e-18,581,Q8NHY2
rank0038_ca6_proteinbinders_6189_A,AF-Q5ACW8-F1-model_v6,0.185,374,0.868,0.412,4.754e-17,581,Q5ACW8
rank0038_ca6_proteinbinders_6189_A,AF-B4KE10-F1-model_v6,0.186,286,0.839,0.553,1.525e-16,579,B4KE10
rank0038_ca6_proteinbinders_6189_A,AF-Q9EPV5-F1-model_v6,0.21,554,0.988,0.444,4.944e-25,579,Q9EPV5
rank0038_ca6_proteinbinders_6189_A,AF-P97499-F1-model_v6,0.174,508,0.997,0.193,5.1029999999999995e-22,579,P97499
rank0038_ca6_proteinbinders_6189_A,AF-Q8NHY2-3-F1-model_v6,0.198,328,0.962,0.605,1.333e-17,578,Q8NHY2-3
rank0038_ca6_proteinbinders_6189_A,AF-Q640J6-F1-model_v6,0.203,322,0.944,0.898,1.333e-17,577,Q640J6
rank0038_ca6_proteinbinders_6189_A,AF-Q9QXL2-3-F1-model_v6,0.218,330,0.968,0.195,6.696e-18,577,Q9QXL2-3
rank0038_ca6_proteinbinders_6189_A,AF-O75037-F1-model_v6,0.211,313,0.868,0.191,4.276e-17,577,O75037
rank0038_ca6_proteinbinders_6189_A,AF-Q8T088-F1-model_v6,0.182,286,0.839,0.562,2.209e-16,576,Q8T088
rank0038_ca6_proteinbinders_6189_A,AF-P54198-F1-model_v6,0.216,353,0.988,0.347,1.049e-18,576,P54198
rank0038_ca6_proteinbinders_6189_A,AF-Q7Z4S6-3-F1-model_v6,0.218,330,0.968,0.187,9.202e-18,576,Q7Z4S6-3
rank0038_ca6_proteinbinders_6189_A,AF-Q86W42-F1-model_v6,0.166,318,0.883,0.933,9.702e-18,574,Q86W42
rank0038_ca6_proteinbinders_6189_A,AF-Q3MKM6-F1-model_v6,0.211,309,0.824,0.645,6.533e-17,574,Q3MKM6
rank0038_ca6_proteinbinders_6189_A,AF-Q61666-2-F1-model_v6,0.198,353,0.988,0.627,1.519e-18,574,Q61666-2
rank0038_ca6_proteinbinders_6189_A,AF-Q96DN5-F1-model_v6,0.167,331,0.971,0.275,1.878e-18,573,Q96DN5
rank0038_ca6_proteinbinders_6189_A,AF-Q6TNS2-F1-model_v6,0.236,286,0.839,0.747,3.846e-17,572,Q6TNS2
rank0038_ca6_proteinbinders_6189_A,AF-Q96DN5-2-F1-model_v6,0.221,299,0.859,0.299,1.137e-17,572,Q96DN5-2
rank0038_ca6_proteinbinders_6189_A,AF-Q9Y6I7-F1-model_v6,0.233,346,0.971,0.822,5.138e-18,571,Q9Y6I7
rank0038_ca6_proteinbinders_6189_A,AF-B4GMG4-F1-model_v6,0.2,286,0.839,0.557,2.456e-16,571,B4GMG4
rank0038_ca6_proteinbinders_6189_A,AF-Q9QXL2-4-F1-model_v6,0.218,330,0.968,0.189,1.137e-17,571,Q9QXL2-4
rank0038_ca6_proteinbinders_6189_A,AF-I7MM07-F1-model_v6,0.187,393,1.0,0.364,3.9290000000000006e-20,570,I7MM07
rank0038_ca6_proteinbinders_6189_A,AF-Q58E77-F1-model_v6,0.197,322,0.944,0.898,1.199e-17,569,Q58E77
rank0038_ca6_proteinbinders_6189_A,AF-Q292E8-F1-model_v6,0.269,331,0.971,0.952,4.383e-18,569,Q292E8
rank0038_ca6_proteinbinders_6189_A,AF-O62621-F1-model_v6,0.199,367,0.991,0.402,2.712e-20,569,O62621
rank0038_ca6_proteinbinders_6189_A,AF-P35606-2-F1-model_v6,0.184,365,0.991,0.416,2.3130000000000003e-20,568,P35606-2
rank0038_ca6_proteinbinders_6189_A,AF-Q9DCE5-F1-model_v6,0.221,251,0.736,0.631,1.11e-16,566,Q9DCE5
rank0038_ca6_proteinbinders_6189_A,AF-Q9NYS7-2-F1-model_v6,0.216,335,0.968,0.796,3.739e-18,565,Q9NYS7-2
rank0038_ca6_proteinbinders_6189_A,AF-G0SEA3-F1-model_v6,0.233,292,0.824,0.818,2.951e-17,564,G0SEA3
rank0038_ca6_proteinbinders_6189_A,AF-Q4P4R3-F1-model_v6,0.223,330,0.968,0.324,7.631e-19,564,Q4P4R3
rank0038_ca6_proteinbinders_6189_A,AF-Q6AY87-F1-model_v6,0.166,318,0.883,0.933,2.037e-17,563,Q6AY87
rank0038_ca6_proteinbinders_6189_A,AF-Q9W5Z5-F1-model_v6,0.22,350,0.968,0.82,8.277e-18,563,Q9W5Z5
rank0038_ca6_proteinbinders_6189_A,AF-B4PU14-F1-model_v6,0.177,289,0.848,0.567,6.044e-16,561,B4PU14
rank0038_ca6_proteinbinders_6189_A,AF-Q86W42-2-F1-model_v6,0.17,316,0.877,0.997,2.518e-17,560,Q86W42-2
rank0038_ca6_proteinbinders_6189_A,AF-O75037-2-F1-model_v6,0.18,334,0.979,0.19,2.518e-17,560,O75037-2
rank0038_ca6_proteinbinders_6189_A,AF-B4N984-F1-model_v6,0.186,286,0.839,0.556,6.373e-16,559,B4N984
rank0038_ca6_proteinbinders_6189_A,AF-Q96DN5-3-F1-model_v6,0.173,331,0.971,0.302,1.738e-17,557,Q96DN5-3
rank0038_ca6_proteinbinders_6189_A,AF-O75717-F1-model_v6,0.178,327,0.959,0.253,5.285e-17,557,O75717
rank0038_ca6_proteinbinders_6189_A,AF-Q8L828-2-F1-model_v6,0.192,411,1.0,0.448,9.4e-21,555,Q8L828-2
rank0038_ca6_proteinbinders_6189_A,AF-Q0IF90-F1-model_v6,0.182,331,0.971,0.605,2.879e-16,552,Q0IF90
rank0038_ca6_proteinbinders_6189_A,AF-B4QTL6-F1-model_v6,0.183,286,0.839,0.562,1.744e-15,552,B4QTL6
rank0038_ca6_proteinbinders_6189_A,AF-Q6DDI6-F1-model_v6,0.205,295,0.848,0.271,1.648e-17,552,Q6DDI6
rank0038_ca6_proteinbinders_6189_A,AF-B4M4W4-F1-model_v6,0.193,286,0.839,0.556,1.203e-15,551,B4M4W4
rank0038_ca6_proteinbinders_6189_A,AF-A2RRH5-F1-model_v6,0.203,328,0.962,0.375,5.013e-17,551,A2RRH5
rank0038_ca6_proteinbinders_6189_A,AF-Q9ULI1-F1-model_v6,0.14,382,0.997,0.219,6.174e-19,550,Q9ULI1
rank0038_ca6_proteinbinders_6189_A,AF-Q9V7P1-F1-model_v6,0.157,290,0.833,0.573,2.731e-16,549,Q9V7P1
rank0038_ca6_proteinbinders_6189_A,AF-P54198-2-F1-model_v6,0.227,353,0.988,0.436,1.441e-18,549,P54198-2
rank0038_ca6_proteinbinders_6189_A,AF-Q68FJ6-F1-model_v6,0.192,297,0.871,0.782,2.265e-17,548,Q68FJ6
rank0038_ca6_proteinbinders_6189_A,AF-Q9NYS7-F1-model_v6,0.222,335,0.968,0.829,9.702e-18,548,Q9NYS7
rank0038_ca6_proteinbinders_6189_A,AF-Q9UM11-3-F1-model_v6,0.266,254,0.745,0.626,3.472e-15,548,Q9UM11-3
rank0038_ca6_proteinbinders_6189_A,AF-Q9C107-F1-model_v6,0.159,333,0.977,0.355,2.329e-16,548,Q9C107
rank0038_ca6_proteinbinders_6189_A,AF-P91341-F1-model_v6,0.188,375,0.991,0.412,1.016e-21,548,P91341
rank0038_ca6_proteinbinders_6189_A,AF-A7ECP3-F1-model_v6,0.203,364,0.962,0.762,9.702e-18,547,A7ECP3
rank0038_ca6_proteinbinders_6189_A,AF-Q3U3T8-F1-model_v6,0.181,388,0.979,0.255,3.112e-17,547,Q3U3T8
rank0038_ca6_proteinbinders_6189_A,AF-Q74ZN0-F1-model_v6,0.187,380,0.871,0.461,5.156e-16,546,Q74ZN0
rank0038_ca6_proteinbinders_6189_A,AF-Q9C270-F1-model_v6,0.239,397,0.962,0.442,8.884e-23,546,Q9C270
rank0038_ca6_proteinbinders_6189_A,AF-P79987-F1-model_v6,0.225,353,0.988,0.346,2.581e-18,546,P79987
rank0038_ca6_proteinbinders_6189_A,AF-O42611-F1-model_v6,0.211,353,0.988,0.344,7.85e-18,546,O42611
rank0038_ca6_proteinbinders_6189_A,AF-Q64LD2-2-F1-model_v6,0.167,319,0.935,0.993,2.209e-16,545,Q64LD2-2
rank0038_ca6_proteinbinders_6189_A,AF-Q9SXY1-F1-model_v6,0.189,366,0.988,0.752,2.721e-18,543,Q9SXY1
rank0038_ca6_proteinbinders_6189_A,AF-Q4L235-F1-model_v6,0.173,315,0.924,0.279,7.684e-15,543,Q4L235
rank0038_ca6_proteinbinders_6189_A,AF-O54929-F1-model_v6,0.223,335,0.968,0.829,1.137e-17,541,O54929
rank0038_ca6_proteinbinders_6189_A,AF-Q6DEY8-F1-model_v6,0.166,331,0.971,0.269,4.055e-17,540,Q6DEY8
rank0038_ca6_proteinbinders_6189_A,AF-Q09589-F1-model_v6,0.195,347,0.865,0.371,3.956e-16,539,Q09589
rank0038_ca6_proteinbinders_6189_A,AF-Q5R654-F1-model_v6,0.2,367,0.971,0.862,7.658e-17,537,Q5R654
rank0038_ca6_proteinbinders_6189_A,AF-Q6NS57-F1-model_v6,0.171,414,0.982,0.275,5.418e-18,537,Q6NS57
rank0038_ca6_proteinbinders_6189_A,AF-O60336-6-F1-model_v6,0.177,414,0.982,0.275,4.873e-18,537,O60336-6
rank0038_ca6_proteinbinders_6189_A,AF-Q6ED65-4-F1-model_v6,0.181,384,0.991,0.288,1.7750000000000002e-20,536,Q6ED65-4
rank0038_ca6_proteinbinders_6189_A,AF-A6S0T8-F1-model_v6,0.206,368,0.977,0.77,4.622e-18,534,A6S0T8
rank0038_ca6_proteinbinders_6189_A,AF-B3NLK7-F1-model_v6,0.205,336,0.965,0.429,1.482e-17,533,B3NLK7
rank0038_ca6_proteinbinders_6189_A,AF-A4R2Q6-F1-model_v6,0.224,367,0.839,0.758,9.234e-16,532,A4R2Q6
rank0038_ca6_proteinbinders_6189_A,AF-Q96MR6-2-F1-model_v6,0.166,302,0.886,0.431,9.465e-17,532,Q96MR6-2
rank0038_ca6_proteinbinders_6189_A,AF-Q54ZP5-F1-model_v6,0.102,680,0.997,0.58,1.525e-16,532,Q54ZP5
rank0038_ca6_proteinbinders_6189_A,AF-Q9BRP4-3-F1-model_v6,0.216,309,0.906,0.993,1.446e-16,531,Q9BRP4-3
rank0038_ca6_proteinbinders_6189_A,AF-Q15291-2-F1-model_v6,0.181,330,0.968,0.596,8.074e-17,531,Q15291-2
rank0038_ca6_proteinbinders_6189_A,AF-Q26613-F1-model_v6,0.176,432,0.982,0.63,3.534e-20,530,Q26613
rank0038_ca6_proteinbinders_6189_A,AF-Q8N9V3-2-F1-model_v6,0.297,215,0.616,0.56,9.266e-14,529,Q8N9V3-2
rank0038_ca6_proteinbinders_6189_A,AF-P78750-F1-model_v6,0.153,335,0.982,0.582,5.013e-17,529,P78750
rank0038_ca6_proteinbinders_6189_A,AF-Q8QFR2-F1-model_v6,0.201,353,0.988,0.348,1.563e-17,529,Q8QFR2
rank0038_ca6_proteinbinders_6189_A,AF-Q99J09-F1-model_v6,0.167,329,0.965,0.868,1.203e-15,526,Q99J09
rank0038_ca6_proteinbinders_6189_A,AF-O14301-F1-model_v6,0.197,372,0.982,0.625,8.019e-21,526,O14301
rank0038_ca6_proteinbinders_6189_A,AF-Q8BX09-F1-model_v6,0.18,330,0.968,0.554,2.095e-16,525,Q8BX09
rank0038_ca6_proteinbinders_6189_A,AF-Q5R1S9-F1-model_v6,0.208,368,0.968,0.65,4.383e-18,525,Q5R1S9
rank0038_ca6_proteinbinders_6189_A,AF-Q9LT47-F1-model_v6,0.181,330,0.839,0.894,1.269e-15,524,Q9LT47
rank0038_ca6_proteinbinders_6189_A,AF-Q6ZJW8-F1-model_v6,0.191,340,0.859,0.73,4.638e-16,524,Q6ZJW8
rank0038_ca6_proteinbinders_6189_A,AF-P90587-F1-model_v6,0.217,415,0.979,0.691,2.133e-21,524,P90587
rank0038_ca6_proteinbinders_6189_A,AF-P26309-F1-model_v6,0.195,325,0.953,0.47,7.085e-16,523,P26309
rank0038_ca6_proteinbinders_6189_A,AF-O88342-F1-model_v6,0.188,460,0.974,0.759,3.09e-21,522,O88342
rank0038_ca6_proteinbinders_6189_A,AF-Q6TEN6-F1-model_v6,0.2,327,0.959,0.448,1.234e-16,521,Q6TEN6
rank0038_ca6_proteinbinders_6189_A,AF-Q4QR85-F1-model_v6,0.171,327,0.959,0.863,2.809e-15,519,Q4QR85
rank0038_ca6_proteinbinders_6189_A,AF-Q32KQ2-F1-model_v6,0.19,344,0.968,0.961,3.46e-17,519,Q32KQ2
rank0038_ca6_proteinbinders_6189_A,AF-P20484-F1-model_v6,0.184,330,0.871,0.797,4.754e-17,518,P20484
rank0038_ca6_proteinbinders_6189_A,AF-B4GIU9-F1-model_v6,0.198,336,0.965,0.428,4.509e-17,518,B4GIU9
rank0038_ca6_proteinbinders_6189_A,AF-Q9Y6I7-2-F1-model_v6,0.273,257,0.754,0.8,7.684e-15,517,Q9Y6I7-2
rank0038_ca6_proteinbinders_6189_A,AF-B4KQU8-F1-model_v6,0.197,336,0.965,0.424,9.465e-17,517,B4KQU8
rank0038_ca6_proteinbinders_6189_A,AF-Q6C553-F1-model_v6,0.208,390,0.985,0.369,2.655e-17,517,Q6C553
rank0038_ca6_proteinbinders_6189_A,AF-G5EF68-F1-model_v6,0.209,317,0.915,0.489,5.732e-16,516,G5EF68
rank0038_ca6_proteinbinders_6189_A,AF-A2RRH5-4-F1-model_v6,0.226,291,0.783,0.325,1.838e-15,515,A2RRH5-4
rank0038_ca6_proteinbinders_6189_A,AF-Q9DB94-F1-model_v6,0.188,345,0.971,0.964,3.281e-17,514,Q9DB94
rank0038_ca6_proteinbinders_6189_A,AF-Q9VPH8-F1-model_v6,0.199,330,0.968,0.607,3.036e-16,514,Q9VPH8
rank0038_ca6_proteinbinders_6189_A,AF-Q9M0V4-F1-model_v6,0.19,322,0.944,0.629,4.638e-16,510,Q9M0V4
rank0038_ca6_proteinbinders_6189_A,AF-Q19873-F1-model_v6,0.177,274,0.804,0.452,6.912e-15,509,Q19873
rank0038_ca6_proteinbinders_6189_A,AF-P0CS40-F1-model_v6,0.179,286,0.839,0.822,8.102e-15,508,P0CS40
rank0038_ca6_proteinbinders_6189_A,AF-Q7KWK5-F1-model_v6,0.152,329,0.965,0.576,2.044e-15,508,Q7KWK5
rank0038_ca6_proteinbinders_6189_A,AF-Q9SXY1-2-F1-model_v6,0.184,366,0.988,0.922,2.799e-17,507,Q9SXY1-2
rank0038_ca6_proteinbinders_6189_A,AF-Q6ZD63-F1-model_v6,0.209,363,0.985,0.719,1.832e-17,507,Q6ZD63
rank0038_ca6_proteinbinders_6189_A,AF-Q15291-F1-model_v6,0.196,330,0.968,0.554,6.72e-16,507,Q15291
rank0038_ca6_proteinbinders_6189_A,AF-Q9N9X3-F1-model_v6,0.173,440,0.988,0.615,1.477e-19,507,Q9N9X3
rank0038_ca6_proteinbinders_6189_A,AF-Q26458-F1-model_v6,0.172,349,0.979,0.821,2.456e-16,506,Q26458
rank0038_ca6_proteinbinders_6189_A,AF-Q8TAF3-3-F1-model_v6,0.164,424,0.974,0.635,1.26e-19,506,Q8TAF3-3
rank0038_ca6_proteinbinders_6189_A,AF-Q04725-3-F1-model_v6,0.203,225,0.66,0.319,3.97e-14,505,Q04725-3
rank0038_ca6_proteinbinders_6189_A,AF-Q6ZMW3-F1-model_v6,0.18,425,0.988,0.217,1.362e-20,504,Q6ZMW3
rank0038_ca6_proteinbinders_6189_A,AF-Q54QU5-F1-model_v6,0.174,330,0.968,0.827,1.608e-16,503,Q54QU5
rank0038_ca6_proteinbinders_6189_A,AF-Q11176-2-F1-model_v6,0.204,383,0.991,0.741,9.4e-21,503,Q11176-2
rank0038_ca6_proteinbinders_6189_A,AF-P54686-F1-model_v6,0.191,458,0.991,0.767,1.678e-22,503,P54686
rank0038_ca6_proteinbinders_6189_A,AF-B4J9K1-F1-model_v6,0.201,336,0.965,0.427,1.695e-16,503,B4J9K1
rank0038_ca6_proteinbinders_6189_A,AF-Q54TD8-F1-model_v6,0.192,340,0.962,0.408,3.648e-17,503,Q54TD8
rank0038_ca6_proteinbinders_6189_A,AF-Q2HJE1-F1-model_v6,0.196,330,0.959,0.442,4.398e-16,502,Q2HJE1
rank0038_ca6_proteinbinders_6189_A,AF-I7MKT5-F1-model_v6,0.147,379,0.991,0.302,5.3990000000000006e-20,502,I7MKT5
rank0038_ca6_proteinbinders_6189_A,AF-O43379-4-F1-model_v6,0.163,407,0.965,0.267,5.285e-17,502,O43379-4
rank0038_ca6_proteinbinders_6189_A,AF-B4MYI5-F1-model_v6,0.203,336,0.962,0.432,2.095e-16,501,B4MYI5
rank0038_ca6_proteinbinders_6189_A,AF-B4LKS9-F1-model_v6,0.204,336,0.965,0.431,5.013e-17,501,B4LKS9
rank0038_ca6_proteinbinders_6189_A,AF-Q05946-F1-model_v6,0.19,552,0.997,0.676,1.4309999999999998e-22,501,Q05946
rank0038_ca6_proteinbinders_6189_A,AF-Q70M86-F1-model_v6,0.209,413,0.962,0.489,6.533e-17,501,Q70M86
rank0038_ca6_proteinbinders_6189_A,AF-Q9EQ15-F1-model_v6,0.201,330,0.968,0.926,4.171e-16,500,Q9EQ15
rank0038_ca6_proteinbinders_6189_A,AF-A8XYW9-F1-model_v6,0.208,329,0.965,0.489,2.209e-16,500,A8XYW9
rank0038_ca6_proteinbinders_6189_A,AF-Q5E9I7-F1-model_v6,0.179,332,0.974,0.877,7.288e-15,499,Q5E9I7
rank0038_ca6_proteinbinders_6189_A,AF-Q58D00-F1-model_v6,0.253,261,0.765,0.568,2.396e-15,499,Q58D00
rank0038_ca6_proteinbinders_6189_A,AF-Q17LZ2-F1-model_v6,0.188,336,0.965,0.388,1.301e-16,499,Q17LZ2
rank0038_ca6_proteinbinders_6189_A,AF-F1DLK1-F1-model_v6,0.196,357,0.859,0.952,6.373e-16,497,F1DLK1
rank0038_ca6_proteinbinders_6189_A,AF-Q9D0N7-F1-model_v6,0.186,368,0.968,0.643,1.052e-16,497,Q9D0N7
rank0038_ca6_proteinbinders_6189_A,AF-Q7Z5U6-F1-model_v6,0.186,344,0.968,0.961,2.095e-16,496,Q7Z5U6
rank0038_ca6_proteinbinders_6189_A,AF-Q8VZY6-F1-model_v6,0.159,338,0.971,0.892,3.559e-16,496,Q8VZY6
rank0038_ca6_proteinbinders_6189_A,AF-A4IHS2-F1-model_v6,0.192,331,0.962,0.454,1.695e-16,496,A4IHS2
rank0038_ca6_proteinbinders_6189_A,AF-Q6ED65-F1-model_v6,0.175,425,0.988,0.215,7.605e-21,495,Q6ED65
rank0038_ca6_proteinbinders_6189_A,AF-Q6ZJX0-F1-model_v6,0.164,332,0.968,0.883,1.987e-16,494,Q6ZJX0
rank0038_ca6_proteinbinders_6189_A,AF-A8JAN3-F1-model_v6,0.205,343,0.991,0.165,6.023e-18,493,A8JAN3
rank0038_ca6_proteinbinders_6189_A,AF-Q13112-F1-model_v6,0.21,361,0.968,0.646,8.514e-17,492,Q13112
rank0038_ca6_proteinbinders_6189_A,AF-Q5FVA9-F1-model_v6,0.204,295,0.818,0.802,1.113e-14,491,Q5FVA9
rank0038_ca6_proteinbinders_6189_A,AF-Q9WVB3-F1-model_v6,0.164,328,0.962,0.487,2.526e-15,491,Q9WVB3
rank0038_ca6_proteinbinders_6189_A,AF-Q6DIF4-F1-model_v6,0.19,460,0.974,0.758,2.5720000000000003e-20,491,Q6DIF4
rank0038_ca6_proteinbinders_6189_A,AF-Q6ED65-3-F1-model_v6,0.175,425,0.988,0.364,1.225e-20,490,Q6ED65-3
rank0038_ca6_proteinbinders_6189_A,AF-Q05BV3-F1-model_v6,0.182,425,0.988,0.216,8.019e-21,490,Q05BV3
rank0038_ca6_proteinbinders_6189_A,AF-P53196-F1-model_v6,0.175,331,0.971,0.77,6.72e-16,488,P53196
rank0038_ca6_proteinbinders_6189_A,AF-Q3MV14-F1-model_v6,0.18,362,0.971,0.938,3.281e-17,487,Q3MV14
rank0038_ca6_proteinbinders_6189_A,AF-O16023-F1-model_v6,0.167,345,0.968,0.806,1.203e-15,487,O16023
rank0038_ca6_proteinbinders_6189_A,AF-Q5ZLL7-F1-model_v6,0.189,332,0.965,0.442,3.956e-16,486,Q5ZLL7
rank0038_ca6_proteinbinders_6189_A,AF-Q60584-F1-model_v6,0.254,263,0.771,0.616,2.961e-15,485,Q60584
rank0038_ca6_proteinbinders_6189_A,AF-Q54ED4-F1-model_v6,0.17,383,0.974,0.795,1.269e-15,485,Q54ED4
rank0038_ca6_proteinbinders_6189_A,AF-O75083-F1-model_v6,0.168,500,0.965,0.825,7.011999999999999e-22,485,O75083
rank0038_ca6_proteinbinders_6189_A,AF-Q5RG49-F1-model_v6,0.181,360,0.965,0.313,3.765e-14,485,Q5RG49
rank0038_ca6_proteinbinders_6189_A,AF-Q6ED65-2-F1-model_v6,0.176,423,0.982,0.264,1.8720000000000002e-20,485,Q6ED65-2
rank0038_ca6_proteinbinders_6189_A,AF-Q96KV7-F1-model_v6,0.262,377,0.965,0.216,1.292e-20,485,Q96KV7
rank0038_ca6_proteinbinders_6189_A,AF-A9UZS7-F1-model_v6,0.177,338,0.962,0.423,4.638e-16,483,A9UZS7
rank0038_ca6_proteinbinders_6189_A,AF-Q9Y1C1-F1-model_v6,0.191,380,0.982,0.572,1.133e-19,481,Q9Y1C1
rank0038_ca6_proteinbinders_6189_A,AF-Q9VU68-2-F1-model_v6,0.173,407,0.962,0.674,5.121e-20,480,Q9VU68-2
rank0038_ca6_proteinbinders_6189_A,AF-Q6P6T4-2-F1-model_v6,0.193,380,0.982,0.599,6.002e-20,480,Q6P6T4-2
rank0038_ca6_proteinbinders_6189_A,AF-Q7ZWF0-F1-model_v6,0.212,293,0.812,0.796,3.046e-14,479,Q7ZWF0
rank0038_ca6_proteinbinders_6189_A,AF-Q8NHV4-2-F1-model_v6,0.214,215,0.63,0.37,6.578e-13,479,Q8NHV4-2
rank0038_ca6_proteinbinders_6189_A,AF-Q7ZXX9-F1-model_v6,0.174,331,0.962,0.455,1.446e-16,479,Q7ZXX9
rank0038_ca6_proteinbinders_6189_A,AF-Q6DFF9-F1-model_v6,0.135,607,0.997,0.384,3.363e-18,479,Q6DFF9
rank0038_ca6_proteinbinders_6189_A,AF-Q7T0W1-F1-model_v6,0.177,332,0.965,0.456,1.17e-16,478,Q7T0W1
rank0038_ca6_proteinbinders_6189_A,AF-Q7TNG5-3-F1-model_v6,0.186,380,0.982,0.452,9.170000000000001e-20,478,Q7TNG5-3
rank0038_ca6_proteinbinders_6189_A,AF-O75083-3-F1-model_v6,0.193,416,0.971,0.893,1.683e-20,477,O75083-3
rank0038_ca6_proteinbinders_6189_A,AF-Q11176-F1-model_v6,0.211,419,0.974,0.686,9.4e-21,476,Q11176
rank0038_ca6_proteinbinders_6189_A,AF-O74399-F1-model_v6,0.193,356,0.965,0.481,4.398e-16,475,O74399
rank0038_ca6_proteinbinders_6189_A,AF-Q9Z0H1-F1-model_v6,0.2,274,0.804,0.428,2.102e-14,474,Q9Z0H1
rank0038_ca6_proteinbinders_6189_A,AF-A8QD31-F1-model_v6,0.185,351,0.968,0.406,4.398e-16,473,A8QD31
rank0038_ca6_proteinbinders_6189_A,AF-Q05BV3-2-F1-model_v6,0.187,427,0.991,0.373,3.352e-20,473,Q05BV3-2
rank0038_ca6_proteinbinders_6189_A,AF-Q6C2S3-F1-model_v6,0.159,293,0.859,0.823,5.174e-14,472,Q6C2S3
rank0038_ca6_proteinbinders_6189_A,AF-Q2KJH4-F1-model_v6,0.166,501,0.968,0.827,8.019e-21,471,Q2KJH4
rank0038_ca6_proteinbinders_6189_A,AF-Q9W7F2-F1-model_v6,0.189,460,0.974,0.758,6.488e-21,471,Q9W7F2
rank0038_ca6_proteinbinders_6189_A,AF-P0CS35-F1-model_v6,0.204,346,0.968,0.417,1.338e-15,471,P0CS35
rank0038_ca6_proteinbinders_6189_A,AF-Q9VU68-F1-model_v6,0.172,408,0.965,0.671,2.14e-19,470,Q9VU68
rank0038_ca6_proteinbinders_6189_A,AF-Q6DFC6-F1-model_v6,0.174,358,1.0,0.43,5.573e-17,470,Q6DFC6
rank0038_ca6_proteinbinders_6189_A,AF-Q84KJ3-F1-model_v6,0.202,285,0.745,0.488,1.994e-14,469,Q84KJ3
rank0038_ca6_proteinbinders_6189_A,AF-Q7TNG5-2-F1-model_v6,0.188,380,0.982,0.569,2.509e-19,468,Q7TNG5-2
rank0038_ca6_proteinbinders_6189_A,AF-A8ID74-F1-model_v6,0.185,330,0.962,0.414,5.03e-15,468,A8ID74
rank0038_ca6_proteinbinders_6189_A,AF-P0CS34-F1-model_v6,0.204,346,0.968,0.417,1.744e-15,467,P0CS34
rank0038_ca6_proteinbinders_6189_A,AF-Q4R6D2-F1-model_v6,0.198,295,0.818,0.802,7.496e-14,466,Q4R6D2
rank0038_ca6_proteinbinders_6189_A,AF-Q7TNG5-F1-model_v6,0.19,380,0.982,0.586,3.27e-19,462,Q7TNG5
rank0038_ca6_proteinbinders_6189_A,AF-Q08924-F1-model_v6,0.15,331,0.971,0.289,8.543e-15,462,Q08924
rank0038_ca6_proteinbinders_6189_A,AF-Q5TJE7-F1-model_v6,0.204,274,0.804,0.435,1.03e-13,461,Q5TJE7
rank0038_ca6_proteinbinders_6189_A,AF-Q9U2A9-F1-model_v6,0.198,329,0.965,0.487,2.961e-15,461,Q9U2A9
rank0038_ca6_proteinbinders_6189_A,AF-Q86W42-3-F1-model_v6,0.172,273,0.76,0.922,1.493e-13,459,Q86W42-3
rank0038_ca6_proteinbinders_6189_A,AF-P48234-F1-model_v6,0.154,286,0.839,0.403,9.77e-14,459,P48234
rank0038_ca6_proteinbinders_6189_A,AF-Q802W4-F1-model_v6,0.146,328,0.962,0.396,1.174e-14,459,Q802W4
rank0038_ca6_proteinbinders_6189_A,AF-Q5RF99-F1-model_v6,0.191,326,0.868,0.886,3.387e-14,458,Q5RF99
rank0038_ca6_proteinbinders_6189_A,AF-Q8VZY7-F1-model_v6,0.162,333,0.968,0.722,2.526e-15,458,Q8VZY7
rank0038_ca6_proteinbinders_6189_A,AF-O95834-F1-model_v6,0.182,380,0.982,0.586,3.635e-19,458,O95834
rank0038_ca6_proteinbinders_6189_A,AF-Q14137-F1-model_v6,0.179,332,0.965,0.445,3.956e-16,457,Q14137
rank0038_ca6_proteinbinders_6189_A,AF-Q66H99-F1-model_v6,0.149,328,0.962,0.416,1.451e-14,453,Q66H99
rank0038_ca6_proteinbinders_6189_A,AF-A8NWR2-F1-model_v6,0.191,339,0.971,0.451,7.684e-15,453,A8NWR2
rank0038_ca6_proteinbinders_6189_A,AF-Q6P6T4-F1-model_v6,0.193,380,0.982,0.586,8.484e-19,452,Q6P6T4
rank0038_ca6_proteinbinders_6189_A,AF-Q7T0Q5-F1-model_v6,0.14,328,0.962,0.415,1.891e-14,451,Q7T0Q5
rank0038_ca6_proteinbinders_6189_A,AF-Q0UNC6-F1-model_v6,0.198,338,0.956,0.324,7.288e-15,451,Q0UNC6
rank0038_ca6_proteinbinders_6189_A,AF-Q0D6V7-F1-model_v6,0.171,333,0.971,0.491,9.234e-16,449,Q0D6V7
rank0038_ca6_proteinbinders_6189_A,AF-F4K1G2-F1-model_v6,0.118,346,0.965,0.333,7.313e-13,449,F4K1G2
rank0038_ca6_proteinbinders_6189_A,AF-A1Z8D0-F1-model_v6,0.176,319,0.935,0.678,9.498e-15,448,A1Z8D0
rank0038_ca6_proteinbinders_6189_A,AF-Q5RJG1-F1-model_v6,0.149,328,0.962,0.416,2.217e-14,448,Q5RJG1
rank0038_ca6_proteinbinders_6189_A,AF-Q05BC3-F1-model_v6,0.183,380,0.982,0.467,1.98e-18,448,Q05BC3
rank0038_ca6_proteinbinders_6189_A,AF-Q7ZVR1-F1-model_v6,0.189,360,0.962,0.433,2.148e-17,448,Q7ZVR1
rank0038_ca6_proteinbinders_6189_A,AF-Q8AVS9-F1-model_v6,0.148,388,0.971,0.849,6.912e-15,447,Q8AVS9
rank0038_ca6_proteinbinders_6189_A,AF-O15213-F1-model_v6,0.195,289,0.848,0.443,9.266e-14,445,O15213
rank0038_ca6_proteinbinders_6189_A,AF-A2AKB9-2-F1-model_v6,0.148,353,0.974,0.667,1.305e-14,444,A2AKB9-2
rank0038_ca6_proteinbinders_6189_A,AF-F4IH25-F1-model_v6,0.172,330,0.968,0.437,4.069e-15,444,F4IH25
rank0038_ca6_proteinbinders_6189_A,AF-Q05BC3-3-F1-model_v6,0.177,380,0.982,0.457,2.581e-18,444,Q05BC3-3
rank0038_ca6_proteinbinders_6189_A,AF-Q61666-3-F1-model_v6,0.216,297,0.868,0.656,4.291e-15,443,Q61666-3
rank0038_ca6_proteinbinders_6189_A,AF-Q84KJ3-2-F1-model_v6,0.205,285,0.745,0.489,1.086e-13,442,Q84KJ3-2
rank0038_ca6_proteinbinders_6189_A,AF-Q8N122-F1-model_v6,0.182,305,0.842,0.228,6.395e-14,442,Q8N122
rank0038_ca6_proteinbinders_6189_A,AF-Q15542-2-F1-model_v6,0.265,274,0.71,0.368,2.051e-13,441,Q15542-2
rank0038_ca6_proteinbinders_6189_A,AF-Q19317-F1-model_v6,0.15,346,0.974,0.138,1.174e-14,441,Q19317
rank0038_ca6_proteinbinders_6189_A,AF-P53851-F1-model_v6,0.148,323,0.947,0.704,2.889e-14,440,P53851
rank0038_ca6_proteinbinders_6189_A,AF-Q8C5V5-F1-model_v6,0.14,561,0.997,0.719,3.123e-15,439,Q8C5V5
rank0038_ca6_proteinbinders_6189_A,AF-Q05BC3-2-F1-model_v6,0.182,380,0.982,0.485,2.721e-18,439,Q05BC3-2
rank0038_ca6_proteinbinders_6189_A,AF-Q5TTP0-F1-model_v6,0.129,530,0.959,0.5,2.321e-18,438,Q5TTP0
rank0038_ca6_proteinbinders_6189_A,AF-A8PWB6-F1-model_v6,0.183,328,0.962,0.509,3.66e-15,437,A8PWB6
rank0038_ca6_proteinbinders_6189_A,AF-O00423-3-F1-model_v6,0.166,380,0.982,0.456,4.873e-18,437,O00423-3
rank0038_ca6_proteinbinders_6189_A,AF-Q04660-F1-model_v6,0.176,370,0.971,0.458,1.376e-14,436,Q04660
rank0038_ca6_proteinbinders_6189_A,AF-Q4V8C3-F1-model_v6,0.177,380,0.982,0.467,3.363e-18,436,Q4V8C3
rank0038_ca6_proteinbinders_6189_A,AF-P27133-F1-model_v6,0.163,323,0.947,0.683,3.292e-15,435,P27133
rank0038_ca6_proteinbinders_6189_A,AF-Q6NQ88-F1-model_v6,0.158,330,0.968,0.575,5.752e-14,435,Q6NQ88
rank0038_ca6_proteinbinders_6189_A,AF-Q54FW9-F1-model_v6,0.133,330,0.947,0.65,1.113e-14,434,Q54FW9
rank0038_ca6_proteinbinders_6189_A,AF-Q960N3-F1-model_v6,0.158,326,0.956,0.594,4.907e-14,431,Q960N3
rank0038_ca6_proteinbinders_6189_A,AF-Q6FQG2-F1-model_v6,0.148,343,0.818,0.675,8.573e-13,431,Q6FQG2
rank0038_ca6_proteinbinders_6189_A,AF-O00423-F1-model_v6,0.177,380,0.982,0.466,5.418e-18,431,O00423
rank0038_ca6_proteinbinders_6189_A,AF-Q32P44-F1-model_v6,0.169,401,0.982,0.448,3.943e-18,431,Q32P44
rank0038_ca6_proteinbinders_6189_A,AF-O24456-2-F1-model_v6,0.226,330,0.968,0.931,1.234e-16,428,O24456-2
rank0038_ca6_proteinbinders_6189_A,AF-A2AKB9-F1-model_v6,0.151,387,0.965,0.684,4.907e-14,428,A2AKB9
rank0038_ca6_proteinbinders_6189_A,AF-Q5QP82-2-F1-model_v6,0.165,353,0.974,0.676,7.496e-14,427,Q5QP82-2
rank0038_ca6_proteinbinders_6189_A,AF-Q75DC5-F1-model_v6,0.168,364,0.971,0.44,3.97e-14,427,Q75DC5
rank0038_ca6_proteinbinders_6189_A,AF-Q4P2E9-F1-model_v6,0.201,375,0.971,0.402,7.496e-14,427,Q4P2E9
rank0038_ca6_proteinbinders_6189_A,AF-Q39221-F1-model_v6,0.18,322,0.944,0.771,1.493e-13,426,Q39221
rank0038_ca6_proteinbinders_6189_A,AF-Q6FLA4-F1-model_v6,0.177,370,0.974,0.46,4.654e-14,426,Q6FLA4
rank0038_ca6_proteinbinders_6189_A,AF-Q9UKT8-F1-model_v6,0.241,303,0.889,0.568,1.701e-14,425,Q9UKT8
rank0038_ca6_proteinbinders_6189_A,AF-A6ZMA9-F1-model_v6,0.179,370,0.971,0.458,4.414e-14,425,A6ZMA9
rank0038_ca6_proteinbinders_6189_A,AF-Q4V8C3-2-F1-model_v6,0.174,380,0.982,0.485,1.264e-17,423,Q4V8C3-2
rank0038_ca6_proteinbinders_6189_A,AF-Q6CIH3-F1-model_v6,0.173,365,0.971,0.461,9.266e-14,420,Q6CIH3
rank0038_ca6_proteinbinders_6189_A,AF-B0WYR6-F1-model_v6,0.144,517,0.959,0.5,3.739e-18,419,B0WYR6
rank0038_ca6_proteinbinders_6189_A,AF-Q18964-F1-model_v6,0.123,376,0.979,0.906,5.752e-14,418,Q18964
rank0038_ca6_proteinbinders_6189_A,AF-Q5FW06-F1-model_v6,0.149,386,0.965,0.845,6.065e-14,418,Q5FW06
rank0038_ca6_proteinbinders_6189_A,AF-Q8VCG3-F1-model_v6,0.164,314,0.85,0.818,1.117e-12,416,Q8VCG3
rank0038_ca6_proteinbinders_6189_A,AF-Q8VC03-F1-model_v6,0.173,398,0.974,0.444,2.388e-17,415,Q8VC03
rank0038_ca6_proteinbinders_6189_A,AF-Q5QP82-F1-model_v6,0.152,390,0.974,0.698,5.752e-14,413,Q5QP82
rank0038_ca6_proteinbinders_6189_A,AF-Q3UMY5-3-F1-model_v6,0.158,392,0.982,0.42,6.533e-17,412,Q3UMY5-3
rank0038_ca6_proteinbinders_6189_A,AF-Q6NWH1-F1-model_v6,0.136,376,0.965,0.74,2.28e-13,411,Q6NWH1
rank0038_ca6_proteinbinders_6189_A,AF-B4MA12-F1-model_v6,0.139,338,0.868,0.851,1.03e-13,408,B4MA12
rank0038_ca6_proteinbinders_6189_A,AF-Q7ZY78-F1-model_v6,0.154,324,0.871,0.818,2.224e-12,407,Q7ZY78
rank0038_ca6_proteinbinders_6189_A,AF-A8XSV3-F1-model_v6,0.153,346,0.974,0.137,1.086e-13,405,A8XSV3
rank0038_ca6_proteinbinders_6189_A,AF-Q3UMY5-2-F1-model_v6,0.155,392,0.982,0.427,1.608e-16,402,Q3UMY5-2
rank0038_ca6_proteinbinders_6189_A,AF-Q9BVC4-4-F1-model_v6,0.21,196,0.548,0.903,4.321e-11,401,Q9BVC4-4
rank0038_ca6_proteinbinders_6189_A,AF-Q5FVB6-F1-model_v6,0.145,335,0.982,0.808,1.343e-13,401,Q5FVB6
rank0038_ca6_proteinbinders_6189_A,AF-A8XXC7-F1-model_v6,0.123,376,0.979,0.902,1.659e-13,400,A8XXC7
rank0038_ca6_proteinbinders_6189_A,AF-Q3UMY5-4-F1-model_v6,0.153,450,0.991,0.514,1.932e-17,400,Q3UMY5-4
rank0038_ca6_proteinbinders_6189_A,AF-Q58D06-F1-model_v6,0.168,308,0.859,0.8,8.573e-13,398,Q58D06
rank0038_ca6_proteinbinders_6189_A,AF-Q8K4Q0-F1-model_v6,0.182,305,0.842,0.228,1.535e-12,398,Q8K4Q0
rank0038_ca6_proteinbinders_6189_A,AF-Q8IWA0-F1-model_v6,0.162,419,0.982,0.505,3.201e-16,395,Q8IWA0
rank0038_ca6_proteinbinders_6189_A,AF-Q3UMY5-F1-model_v6,0.158,392,0.982,0.397,1.17e-16,395,Q3UMY5
rank0038_ca6_proteinbinders_6189_A,AF-Q3U821-F1-model_v6,0.16,419,0.982,0.505,2.095e-16,393,Q3U821
rank0038_ca6_proteinbinders_6189_A,AF-Q9HC35-2-F1-model_v6,0.15,392,0.982,0.425,1.525e-16,393,Q9HC35-2
rank0038_ca6_proteinbinders_6189_A,AF-Q6RFH5-F1-model_v6,0.161,308,0.859,0.8,1.381e-12,392,Q6RFH5
rank0038_ca6_proteinbinders_6189_A,AF-Q4PHV3-F1-model_v6,0.167,369,0.979,0.629,1.994e-14,387,Q4PHV3
rank0038_ca6_proteinbinders_6189_A,AF-Q8N122-3-F1-model_v6,0.185,305,0.842,0.259,6.417e-12,382,Q8N122-3
rank0038_ca6_proteinbinders_6189_A,AF-Q8TBZ3-F1-model_v6,0.142,337,0.713,0.592,1.42e-11,381,Q8TBZ3
rank0038_ca6_proteinbinders_6189_A,AF-Q9BSC4-4-F1-model_v6,0.162,258,0.71,0.39,1.456e-12,381,Q9BSC4-4
rank0038_ca6_proteinbinders_6189_A,AF-Q9HC35-F1-model_v6,0.156,392,0.982,0.4,3.375e-16,381,Q9HC35
rank0038_ca6_proteinbinders_6189_A,AF-Q8GYE0-F1-model_v6,0.129,333,0.977,0.802,8.13e-13,380,Q8GYE0
rank0038_ca6_proteinbinders_6189_A,AF-O14011-F1-model_v6,0.123,326,0.956,0.561,4.429e-12,379,O14011
rank0038_ca6_proteinbinders_6189_A,AF-P46680-F1-model_v6,0.158,429,1.0,0.698,4.398e-16,379,P46680
rank0038_ca6_proteinbinders_6189_A,AF-Q8GWR1-F1-model_v6,0.169,335,0.956,0.749,6.578e-13,376,Q8GWR1
rank0038_ca6_proteinbinders_6189_A,AF-A1DMI8-F1-model_v6,0.151,387,0.93,0.642,6.743e-14,375,A1DMI8
rank0038_ca6_proteinbinders_6189_A,AF-Q810D6-F1-model_v6,0.159,383,0.977,0.859,3.398e-12,374,Q810D6
rank0038_ca6_proteinbinders_6189_A,AF-Q9D5R2-F1-model_v6,0.152,333,0.713,0.587,3.144e-11,372,Q9D5R2
rank0038_ca6_proteinbinders_6189_A,AF-Q62440-6-F1-model_v6,0.22,177,0.519,0.266,6.439e-10,372,Q62440-6
rank0038_ca6_proteinbinders_6189_A,AF-Q84JM4-F1-model_v6,0.12,644,0.997,0.581,1.695e-16,372,Q84JM4
rank0038_ca6_proteinbinders_6189_A,AF-Q8TDJ6-2-F1-model_v6,0.123,359,0.962,0.15,6.086e-12,371,Q8TDJ6-2
rank0038_ca6_proteinbinders_6189_A,AF-Q03177-F1-model_v6,0.176,335,0.859,0.402,6.578e-13,370,Q03177
rank0038_ca6_proteinbinders_6189_A,AF-Q6DIP5-F1-model_v6,0.145,488,0.988,0.526,2.879e-16,370,Q6DIP5
rank0038_ca6_proteinbinders_6189_A,AF-Q0CKB1-F1-model_v6,0.143,383,0.935,0.651,8.573e-13,366,Q0CKB1
rank0038_ca6_proteinbinders_6189_A,AF-P32330-F1-model_v6,0.147,337,0.856,0.396,3.583e-12,363,P32330
rank0038_ca6_proteinbinders_6189_A,AF-Q2TAF3-F1-model_v6,0.145,488,0.988,0.526,7.085e-16,362,Q2TAF3
rank0038_ca6_proteinbinders_6189_A,AF-G0S902-F1-model_v6,0.135,329,0.965,0.454,6.086e-12,361,G0S902
rank0038_ca6_proteinbinders_6189_A,AF-Q55E54-F1-model_v6,0.139,619,0.977,0.643,2.74e-14,361,Q55E54
rank0038_ca6_proteinbinders_6189_A,AF-Q9BVC4-3-F1-model_v6,0.185,308,0.903,0.896,6.555e-15,360,Q9BVC4-3
rank0038_ca6_proteinbinders_6189_A,AF-Q6DJD8-F1-model_v6,0.152,322,0.944,0.627,5.047e-13,358,Q6DJD8
rank0038_ca6_proteinbinders_6189_A,AF-Q2UM42-F1-model_v6,0.154,387,0.93,0.677,2.972e-13,357,Q2UM42
rank0038_ca6_proteinbinders_6189_A,AF-E9Q743-F1-model_v6,0.184,418,0.962,0.322,3.472e-15,356,E9Q743
rank0038_ca6_proteinbinders_6189_A,AF-B8N4F5-F1-model_v6,0.151,389,0.93,0.68,5.047e-13,348,B8N4F5
rank0038_ca6_proteinbinders_6189_A,AF-Q9P7C0-F1-model_v6,0.183,286,0.839,0.523,1.06e-12,345,Q9P7C0
rank0038_ca6_proteinbinders_6189_A,AF-B5DMC9-F1-model_v6,0.152,336,0.971,0.848,2.473e-12,344,B5DMC9
rank0038_ca6_proteinbinders_6189_A,AF-A1CTE6-F1-model_v6,0.153,387,0.93,0.675,1.242e-12,336,A1CTE6
rank0038_ca6_proteinbinders_6189_A,AF-Q9W351-F1-model_v6,0.126,330,0.968,0.702,1.008e-10,318,Q9W351
rank0038_ca6_proteinbinders_6189_A,AF-Q6X9E4-F1-model_v6,0.115,359,0.965,0.774,1.541e-10,316,Q6X9E4
rank0038_ca6_proteinbinders_6189_A,AF-O60336-4-F1-model_v6,0.179,311,0.912,0.23,4.306e-13,316,O60336-4
rank0038_ca6_proteinbinders_6189_A,AF-Q6X9E4-3-F1-model_v6,0.116,359,0.965,0.807,4.215e-10,302,Q6X9E4-3
rank0038_ca6_proteinbinders_6189_A,AF-D9N129-2-F1-model_v6,0.137,352,0.806,0.469,1.121e-10,293,D9N129-2
rank0038_ca6_proteinbinders_6189_A,AF-D9N129-F1-model_v6,0.144,352,0.806,0.458,7.338e-11,291,D9N129
rank0038_ca6_proteinbinders_6189_A,AF-B4GXH4-F1-model_v6,0.135,338,0.85,0.851,2.909e-10,280,B4GXH4
rank0038_ca6_proteinbinders_6189_A,AF-Q8C0J2-4-F1-model_v6,0.231,173,0.507,0.269,5.65e-09,278,Q8C0J2-4
rank0038_ca6_proteinbinders_6189_A,AF-Q9VAT2-F1-model_v6,0.113,571,0.971,0.919,3.508e-09,274,Q9VAT2
rank0038_ca6_proteinbinders_6189_A,AF-Q9VBC4-F1-model_v6,0.154,346,0.806,0.381,2.909e-10,271,Q9VBC4
rank0038_ca6_proteinbinders_6189_A,AF-Q8TBZ3-6-F1-model_v6,0.181,274,0.804,0.494,4.011e-08,184,Q8TBZ3-6
rank0039_ca6_proteinbinders_2519_A,AF-Q9HK58-F1-model_v6,0.135,175,0.841,0.665,4.821e-05,132,Q9HK58
rank0039_ca6_proteinbinders_2519_A,AF-O75911-F1-model_v6,0.158,222,0.99,0.735,4.014e-05,118,O75911
rank0039_ca6_proteinbinders_2519_A,AF-P39485-F1-model_v6,0.158,177,0.851,0.655,5.125e-05,115,P39485
rank0039_ca6_proteinbinders_2519_A,AF-P10528-F1-model_v6,0.158,177,0.851,0.655,4.821e-05,115,P10528
rank0039_ca6_proteinbinders_2519_A,AF-P0C0Y4-F1-model_v6,0.146,182,0.875,0.677,4.014e-05,113,P0C0Y4
rank0039_ca6_proteinbinders_2519_A,AF-O74470-F1-model_v6,0.122,182,0.875,0.674,2.179e-05,112,O74470
rank0039_ca6_proteinbinders_2519_A,AF-Q8KES3-F1-model_v6,0.16,219,0.986,0.898,1.337e-05,108,Q8KES3
rank0039_ca6_proteinbinders_2519_A,AF-P0DX40-F1-model_v6,0.152,222,0.981,0.776,2.316e-05,106,P0DX40
rank0039_ca6_proteinbinders_2519_A,AF-O13908-F1-model_v6,0.132,218,0.966,0.835,2.958e-05,102,O13908
rank0039_ca6_proteinbinders_2519_A,AF-Q6BQK1-F1-model_v6,0.111,206,0.962,0.628,8.88e-05,102,Q6BQK1
rank0039_ca6_proteinbinders_2519_A,AF-Q9Z8P2-F1-model_v6,0.165,203,0.976,0.681,8.354e-05,100,Q9Z8P2
rank0039_ca6_proteinbinders_2519_A,AF-P16542-F1-model_v6,0.173,182,0.875,0.658,8.88e-05,100,P16542
rank0040_ca6_proteinbinders_4462_A,AF-Q54GP3-F1-model_v6,0.135,230,0.965,0.861,1.287e-05,148,Q54GP3
rank0040_ca6_proteinbinders_4462_A,AF-P9WFD2-F1-model_v6,0.152,243,0.925,0.907,4.834e-05,95,P9WFD2
rank0040_ca6_proteinbinders_4462_A,AF-P9WFD3-F1-model_v6,0.152,243,0.925,0.907,9.367e-05,90,P9WFD3
rank0041_ca6_proteinbinders_3226_A,AF-Q54Z54-F1-model_v6,0.179,175,0.925,0.338,6.316e-06,155,Q54Z54
rank0041_ca6_proteinbinders_3226_A,AF-P75464-F1-model_v6,0.173,184,0.984,0.484,4.047e-05,144,P75464
rank0043_ca6_proteinbinders_3708_A,AF-Q12068-F1-model_v6,0.16,197,0.746,0.576,3.36e-08,230,Q12068
rank0043_ca6_proteinbinders_3708_A,AF-P83775-F1-model_v6,0.146,197,0.746,0.578,1.839e-06,190,P83775
rank0043_ca6_proteinbinders_3708_A,AF-P50203-F1-model_v6,0.186,222,0.974,0.895,2.348e-07,186,P50203
rank0043_ca6_proteinbinders_3708_A,AF-P14169-F1-model_v6,0.136,225,0.855,0.666,1.947e-06,168,P14169
rank0043_ca6_proteinbinders_3708_A,AF-Q4WSZ0-F1-model_v6,0.129,256,0.991,0.698,1.549e-06,168,Q4WSZ0
rank0043_ca6_proteinbinders_3708_A,AF-Q03049-F1-model_v6,0.163,206,0.772,0.599,2.447e-06,167,Q03049
rank0043_ca6_proteinbinders_3708_A,AF-Q56598-F1-model_v6,0.18,181,0.737,0.487,2.311e-06,167,Q56598
rank0043_ca6_proteinbinders_3708_A,AF-Q5BE65-F1-model_v6,0.153,253,0.982,0.686,6.205e-07,166,Q5BE65
rank0043_ca6_proteinbinders_3708_A,AF-Q06952-F1-model_v6,0.155,181,0.737,0.485,4.59e-06,165,Q06952
rank0043_ca6_proteinbinders_3708_A,AF-P53111-F1-model_v6,0.136,218,0.82,0.628,5.77e-06,164,P53111
rank0043_ca6_proteinbinders_3708_A,AF-P48279-F1-model_v6,0.187,168,0.737,0.445,1.525e-05,158,P48279
rank0043_ca6_proteinbinders_3708_A,AF-P53183-F1-model_v6,0.137,217,0.816,0.624,1.022e-05,157,P53183
rank0043_ca6_proteinbinders_3708_A,AF-Q6K9A2-F1-model_v6,0.191,176,0.746,0.521,7.253e-06,156,Q6K9A2
rank0043_ca6_proteinbinders_3708_A,AF-O85713-F1-model_v6,0.17,181,0.737,0.516,2.276e-05,156,O85713
rank0043_ca6_proteinbinders_3708_A,AF-P0AC90-F1-model_v6,0.175,181,0.737,0.485,7.253e-06,155,P0AC90
rank0043_ca6_proteinbinders_3708_A,AF-P0AC88-F1-model_v6,0.175,181,0.737,0.485,6.85e-06,155,P0AC88
rank0043_ca6_proteinbinders_3708_A,AF-P0AC91-F1-model_v6,0.175,181,0.737,0.485,9.117e-06,153,P0AC91
rank0043_ca6_proteinbinders_3708_A,AF-P0AC89-F1-model_v6,0.165,181,0.737,0.485,1.71e-05,152,P0AC89
rank0043_ca6_proteinbinders_3708_A,AF-Q9VMW9-F1-model_v6,0.15,182,0.737,0.461,9.117e-06,152,Q9VMW9
rank0043_ca6_proteinbinders_3708_A,AF-F4JJR8-F1-model_v6,0.157,293,0.974,0.779,2.905e-06,150,F4JJR8
rank0043_ca6_proteinbinders_3708_A,AF-B6HV33-F1-model_v6,0.169,212,0.816,0.631,1.811e-05,149,B6HV33
rank0043_ca6_proteinbinders_3708_A,AF-Q76LW3-F1-model_v6,0.213,169,0.741,0.477,1.022e-05,148,Q76LW3
rank0043_ca6_proteinbinders_3708_A,AF-O60547-F1-model_v6,0.175,182,0.737,0.489,1.917e-05,148,O60547
rank0043_ca6_proteinbinders_3708_A,AF-Q8K3X3-F1-model_v6,0.175,182,0.737,0.489,1.917e-05,148,Q8K3X3
rank0043_ca6_proteinbinders_3708_A,AF-Q18801-5-F1-model_v6,0.17,183,0.737,0.464,2.03e-05,148,Q18801-5
rank0043_ca6_proteinbinders_3708_A,AF-A0A072VDF2-F1-model_v6,0.21,177,0.746,0.518,1.615e-05,147,A0A072VDF2
rank0043_ca6_proteinbinders_3708_A,AF-Q9W0P5-F1-model_v6,0.173,182,0.746,0.52,6.85e-06,147,Q9W0P5
rank0043_ca6_proteinbinders_3708_A,AF-Q9LBG2-F1-model_v6,0.15,231,0.974,0.865,1.44e-05,146,Q9LBG2
rank0043_ca6_proteinbinders_3708_A,AF-Q18801-F1-model_v6,0.164,183,0.737,0.459,2.702e-05,146,Q18801
rank0043_ca6_proteinbinders_3708_A,AF-Q9FZ42-2-F1-model_v6,0.133,244,0.899,0.728,3.029e-05,145,Q9FZ42-2
rank0043_ca6_proteinbinders_3708_A,AF-A0A1Y0BRF3-F1-model_v6,0.166,186,0.741,0.554,4.031e-05,145,A0A1Y0BRF3
rank0043_ca6_proteinbinders_3708_A,AF-Q12177-F1-model_v6,0.208,171,0.75,0.53,8.61e-06,144,Q12177
rank0043_ca6_proteinbinders_3708_A,AF-Q8K0C9-F1-model_v6,0.175,182,0.737,0.489,3.029e-05,144,Q8K0C9
rank0043_ca6_proteinbinders_3708_A,AF-O66256-F1-model_v6,0.178,185,0.807,0.685,3.076e-06,143,O66256
rank0043_ca6_proteinbinders_3708_A,AF-P52579-F1-model_v6,0.213,169,0.741,0.477,1.917e-05,143,P52579
rank0043_ca6_proteinbinders_3708_A,AF-P39858-F1-model_v6,0.15,181,0.741,0.542,7.141e-05,143,P39858
rank0043_ca6_proteinbinders_3708_A,AF-O94563-F1-model_v6,0.171,192,0.741,0.571,2.276e-05,143,O94563
rank0043_ca6_proteinbinders_3708_A,AF-P37693-F1-model_v6,0.133,191,0.741,0.377,3.807e-05,143,P37693
rank0043_ca6_proteinbinders_3708_A,AF-Q5KTS5-F1-model_v6,0.161,227,0.974,0.78,4.786e-05,142,Q5KTS5
rank0043_ca6_proteinbinders_3708_A,AF-Q1ZXF7-F1-model_v6,0.119,183,0.737,0.514,8.976e-05,142,Q1ZXF7
rank0043_ca6_proteinbinders_3708_A,AF-A8Y0L5-F1-model_v6,0.17,183,0.737,0.485,4.031e-05,142,A8Y0L5
rank0043_ca6_proteinbinders_3708_A,AF-Q60A54-F1-model_v6,0.181,171,0.75,0.506,1.022e-05,141,Q60A54
rank0043_ca6_proteinbinders_3708_A,AF-Q6IAN0-F1-model_v6,0.145,259,0.991,0.797,8.61e-06,140,Q6IAN0
rank0043_ca6_proteinbinders_3708_A,AF-A0A059TC02-F1-model_v6,0.174,240,0.895,0.721,2.03e-05,140,A0A059TC02
rank0043_ca6_proteinbinders_3708_A,AF-Q18801-3-F1-model_v6,0.17,183,0.737,0.497,5.365e-05,139,Q18801-3
rank0043_ca6_proteinbinders_3708_A,AF-P93031-F1-model_v6,0.13,326,0.991,0.874,9.804e-07,138,P93031
rank0043_ca6_proteinbinders_3708_A,AF-Q18801-4-F1-model_v6,0.17,183,0.737,0.479,5.681e-05,138,Q18801-4
rank0043_ca6_proteinbinders_3708_A,AF-Q564Q1-2-F1-model_v6,0.166,184,0.75,0.53,4.52e-05,137,Q564Q1-2
rank0043_ca6_proteinbinders_3708_A,AF-A0A5B8YU33-F1-model_v6,0.131,277,0.996,0.952,3.596e-05,136,A0A5B8YU33
rank0043_ca6_proteinbinders_3708_A,AF-Q9FZ42-F1-model_v6,0.133,244,0.899,0.847,6.744e-05,135,Q9FZ42
rank0043_ca6_proteinbinders_3708_A,AF-D7U6G6-F1-model_v6,0.169,246,0.982,0.728,7.561e-05,134,D7U6G6
rank0043_ca6_proteinbinders_3708_A,AF-Q5FB34-F1-model_v6,0.167,246,0.982,0.728,5.681e-05,134,Q5FB34
rank0043_ca6_proteinbinders_3708_A,AF-Q7PCC4-F1-model_v6,0.169,246,0.982,0.728,7.561e-05,134,Q7PCC4
rank0043_ca6_proteinbinders_3708_A,AF-Q8R059-F1-model_v6,0.151,182,0.746,0.524,4.786e-05,133,Q8R059
rank0043_ca6_proteinbinders_3708_A,AF-Q54L85-F1-model_v6,0.15,192,0.825,0.585,3.029e-05,132,Q54L85
rank0043_ca6_proteinbinders_3708_A,AF-O13822-F1-model_v6,0.126,308,0.991,0.819,1.71e-05,132,O13822
rank0043_ca6_proteinbinders_3708_A,AF-A0A1W5SR39-F1-model_v6,0.15,266,0.996,0.853,2.276e-05,131,A0A1W5SR39
rank0043_ca6_proteinbinders_3708_A,AF-Q9SAH9-F1-model_v6,0.173,238,0.886,0.717,2.149e-05,131,Q9SAH9
rank0043_ca6_proteinbinders_3708_A,AF-P93143-F1-model_v6,0.164,169,0.741,0.497,9.504e-05,130,P93143
rank0043_ca6_proteinbinders_3708_A,AF-Q9SNY3-F1-model_v6,0.123,326,0.991,0.903,4.861e-06,129,Q9SNY3
rank0043_ca6_proteinbinders_3708_A,AF-O13908-F1-model_v6,0.141,222,0.974,0.835,4.52e-05,128,O13908
rank0043_ca6_proteinbinders_3708_A,AF-P74429-F1-model_v6,0.171,205,0.899,0.629,1.36e-05,128,P74429
rank0043_ca6_proteinbinders_3708_A,AF-Q51366-F1-model_v6,0.123,318,0.987,0.985,1.71e-05,127,Q51366
rank0043_ca6_proteinbinders_3708_A,AF-H1ZZB0-F1-model_v6,0.137,187,0.82,0.557,3.596e-05,126,H1ZZB0
rank0043_ca6_proteinbinders_3708_A,AF-P51103-F1-model_v6,0.161,246,0.882,0.676,4.268e-05,124,P51103
rank0043_ca6_proteinbinders_3708_A,AF-P9WGQ0-F1-model_v6,0.139,218,0.912,0.978,8.976e-05,123,P9WGQ0
rank0043_ca6_proteinbinders_3708_A,AF-B8M9K8-F1-model_v6,0.125,248,0.996,0.932,7.561e-05,123,B8M9K8
rank0043_ca6_proteinbinders_3708_A,AF-Q500U8-F1-model_v6,0.155,247,0.895,0.758,9.504e-05,123,Q500U8
rank0043_ca6_proteinbinders_3708_A,AF-Q9Y7K4-F1-model_v6,0.168,238,0.974,0.807,1.71e-05,122,Q9Y7K4
rank0043_ca6_proteinbinders_3708_A,AF-O78472-F1-model_v6,0.177,218,0.952,0.694,1.285e-05,121,O78472
rank0043_ca6_proteinbinders_3708_A,AF-Q5RA68-F1-model_v6,0.157,239,0.947,0.572,1.146e-05,118,Q5RA68
rank0043_ca6_proteinbinders_3708_A,AF-P71037-F1-model_v6,0.185,171,0.75,0.714,1.917e-05,117,P71037
rank0043_ca6_proteinbinders_3708_A,AF-Q6YN16-F1-model_v6,0.169,240,0.934,0.574,4.52e-05,117,Q6YN16
rank0043_ca6_proteinbinders_3708_A,AF-D4GU71-F1-model_v6,0.136,295,0.991,0.983,1.285e-05,97,D4GU71
rank0044_ca6_proteinbinders_3205_A,AF-G8SD34-F1-model_v6,0.369,312,0.934,0.419,8.2389999999999995e-22,936,G8SD34
rank0044_ca6_proteinbinders_3205_A,AF-B0XAF3-F1-model_v6,0.292,335,0.988,0.991,1.199e-20,862,B0XAF3
rank0044_ca6_proteinbinders_3205_A,AF-P46800-F1-model_v6,0.269,332,0.994,0.979,4.834e-21,835,P46800
rank0044_ca6_proteinbinders_3205_A,AF-Q17GR9-F1-model_v6,0.283,333,0.985,0.988,3.7790000000000004e-20,832,Q17GR9
rank0044_ca6_proteinbinders_3205_A,AF-Q9M2Z2-F1-model_v6,0.334,331,0.991,0.965,7.381000000000001e-20,831,Q9M2Z2
rank0044_ca6_proteinbinders_3205_A,AF-P74598-F1-model_v6,0.291,327,0.979,0.836,9.375000000000001e-20,820,P74598
rank0044_ca6_proteinbinders_3205_A,AF-B4JW81-F1-model_v6,0.263,328,0.982,0.991,6.708e-20,817,B4JW81
rank0044_ca6_proteinbinders_3205_A,AF-B4KTK4-F1-model_v6,0.27,328,0.982,0.991,5.811000000000001e-20,810,B4KTK4
rank0044_ca6_proteinbinders_3205_A,AF-Q7PS24-F1-model_v6,0.298,340,0.994,0.997,1.082e-19,808,Q7PS24
rank0044_ca6_proteinbinders_3205_A,AF-B4GDM7-F1-model_v6,0.25,332,0.982,0.991,1.191e-19,807,B4GDM7
rank0044_ca6_proteinbinders_3205_A,AF-P83774-F1-model_v6,0.297,332,0.994,0.984,1.586e-19,806,P83774
rank0044_ca6_proteinbinders_3205_A,AF-A8IZG4-F1-model_v6,0.27,352,0.994,1.0,1.512e-19,805,A8IZG4
rank0044_ca6_proteinbinders_3205_A,AF-B7QKS1-F1-model_v6,0.33,328,0.982,0.997,2.422e-18,800,B7QKS1
rank0044_ca6_proteinbinders_3205_A,AF-Q292E8-F1-model_v6,0.248,332,0.982,0.991,1.31e-19,800,Q292E8
rank0044_ca6_proteinbinders_3205_A,AF-B4LJT7-F1-model_v6,0.262,327,0.979,0.988,1.082e-19,798,B4LJT7
rank0044_ca6_proteinbinders_3205_A,AF-B4HRQ6-F1-model_v6,0.251,332,0.982,0.991,1.664e-19,792,B4HRQ6
rank0044_ca6_proteinbinders_3205_A,AF-O76071-F1-model_v6,0.305,334,0.991,0.985,8.459e-19,788,O76071
rank0044_ca6_proteinbinders_3205_A,AF-B4QFZ8-F1-model_v6,0.254,332,0.982,0.991,2.559e-19,786,B4QFZ8
rank0044_ca6_proteinbinders_3205_A,AF-Q5DFU0-F1-model_v6,0.249,351,0.994,0.997,6.986e-19,786,Q5DFU0
rank0044_ca6_proteinbinders_3205_A,AF-B3NQR5-F1-model_v6,0.262,332,0.982,0.991,2.685e-19,785,B3NQR5
rank0044_ca6_proteinbinders_3205_A,AF-Q5M7T1-F1-model_v6,0.308,332,0.985,0.979,6.66e-19,780,Q5M7T1
rank0044_ca6_proteinbinders_3205_A,AF-B4P7Q3-F1-model_v6,0.258,332,0.982,0.991,3.099e-19,779,B4P7Q3
rank0044_ca6_proteinbinders_3205_A,AF-Q99KN2-F1-model_v6,0.308,333,0.988,0.982,7.687e-19,778,Q99KN2
rank0044_ca6_proteinbinders_3205_A,AF-Q28DW0-F1-model_v6,0.305,329,0.985,0.985,1.127e-18,775,Q28DW0
rank0044_ca6_proteinbinders_3205_A,AF-Q7K1Y4-F1-model_v6,0.256,332,0.982,0.991,8.873e-19,775,Q7K1Y4
rank0044_ca6_proteinbinders_3205_A,AF-O80990-F1-model_v6,0.272,347,1.0,0.986,1.301e-18,774,O80990
rank0044_ca6_proteinbinders_3205_A,AF-B5X212-F1-model_v6,0.298,332,0.994,0.994,8.459e-19,772,B5X212
rank0044_ca6_proteinbinders_3205_A,AF-O76734-F1-model_v6,0.327,331,0.991,0.537,1.442e-19,768,O76734
rank0044_ca6_proteinbinders_3205_A,AF-B4MY77-F1-model_v6,0.248,332,0.982,0.991,8.459e-19,767,B4MY77
rank0044_ca6_proteinbinders_3205_A,AF-B3MC74-F1-model_v6,0.254,332,0.982,0.991,2.099e-18,754,B3MC74
rank0044_ca6_proteinbinders_3205_A,AF-Q6P0D9-F1-model_v6,0.287,332,0.994,0.997,4.731e-18,752,Q6P0D9
rank0044_ca6_proteinbinders_3205_A,AF-Q6FJ73-F1-model_v6,0.28,334,0.979,0.991,4.3e-18,749,Q6FJ73
rank0044_ca6_proteinbinders_3205_A,AF-A7RWD2-F1-model_v6,0.297,325,0.967,0.994,4.731e-18,743,A7RWD2
rank0044_ca6_proteinbinders_3205_A,AF-B5X9P2-F1-model_v6,0.296,332,0.994,0.994,1.805e-17,735,B5X9P2
rank0044_ca6_proteinbinders_3205_A,AF-Q6GMD2-F1-model_v6,0.289,326,0.976,0.98,3.055e-17,727,Q6GMD2
rank0044_ca6_proteinbinders_3205_A,AF-Q9SZQ5-F1-model_v6,0.309,326,0.976,0.991,1.231e-17,720,Q9SZQ5
rank0044_ca6_proteinbinders_3205_A,AF-B6K1G6-F1-model_v6,0.291,330,0.985,0.539,3.361e-17,720,B6K1G6
rank0044_ca6_proteinbinders_3205_A,AF-P78706-F1-model_v6,0.319,334,1.0,0.533,9.764e-19,718,P78706
rank0044_ca6_proteinbinders_3205_A,AF-Q5ZJH5-F1-model_v6,0.277,326,0.976,0.98,1.231e-17,713,Q5ZJH5
rank0044_ca6_proteinbinders_3205_A,AF-Q8C0J2-2-F1-model_v6,0.227,329,0.985,0.505,1.972e-16,711,Q8C0J2-2
rank0044_ca6_proteinbinders_3205_A,AF-Q5RAC9-F1-model_v6,0.229,329,0.985,0.489,1.345e-16,711,Q5RAC9
rank0044_ca6_proteinbinders_3205_A,AF-Q6PBD6-F1-model_v6,0.295,326,0.976,0.98,2.912e-17,707,Q6PBD6
rank0044_ca6_proteinbinders_3205_A,AF-B8P4B0-F1-model_v6,0.277,343,0.982,0.783,8.81e-18,706,B8P4B0
rank0044_ca6_proteinbinders_3205_A,AF-Q5I0B9-2-F1-model_v6,0.242,329,0.985,0.553,2.505e-16,706,Q5I0B9-2
rank0044_ca6_proteinbinders_3205_A,AF-Q8C0J2-F1-model_v6,0.227,329,0.985,0.489,1.792e-16,706,Q8C0J2
rank0044_ca6_proteinbinders_3205_A,AF-Q6ZMY6-2-F1-model_v6,0.234,327,0.979,0.702,1.017e-17,700,Q6ZMY6-2
rank0044_ca6_proteinbinders_3205_A,AF-Q9UT57-F1-model_v6,0.248,331,0.985,0.544,9.175e-17,700,Q9UT57
rank0044_ca6_proteinbinders_3205_A,AF-Q4P5F5-F1-model_v6,0.246,426,0.985,0.936,3.526e-17,697,Q4P5F5
rank0044_ca6_proteinbinders_3205_A,AF-Q676U5-5-F1-model_v6,0.233,329,0.985,0.669,4.446e-16,694,Q676U5-5
rank0044_ca6_proteinbinders_3205_A,AF-Q676U5-2-F1-model_v6,0.232,330,0.988,0.509,3.501e-16,692,Q676U5-2
rank0044_ca6_proteinbinders_3205_A,AF-O62471-F1-model_v6,0.215,333,0.997,0.187,2.523e-17,692,O62471
rank0044_ca6_proteinbinders_3205_A,AF-Q5I0B9-F1-model_v6,0.242,329,0.985,0.477,6.214e-16,690,Q5I0B9
rank0044_ca6_proteinbinders_3205_A,AF-Q676U5-F1-model_v6,0.232,330,0.988,0.493,4.238e-16,689,Q676U5
rank0044_ca6_proteinbinders_3205_A,AF-Q6ZMY6-F1-model_v6,0.234,327,0.979,0.633,3.361e-17,688,Q6ZMY6
rank0044_ca6_proteinbinders_3205_A,AF-P0CS30-F1-model_v6,0.217,440,0.994,1.0,5.688e-17,684,P0CS30
rank0044_ca6_proteinbinders_3205_A,AF-Q8C0J2-3-F1-model_v6,0.224,329,0.985,0.477,8.279e-16,684,Q8C0J2-3
rank0044_ca6_proteinbinders_3205_A,AF-A6ZYM0-F1-model_v6,0.275,332,0.994,0.997,8.338e-17,681,A6ZYM0
rank0044_ca6_proteinbinders_3205_A,AF-Q75C26-F1-model_v6,0.297,329,0.985,0.991,7.578e-17,677,Q75C26
rank0044_ca6_proteinbinders_3205_A,AF-P14197-F1-model_v6,0.225,326,0.976,0.667,9.625e-17,676,P14197
rank0044_ca6_proteinbinders_3205_A,AF-Q8N9V3-F1-model_v6,0.296,326,0.976,0.649,6.214e-16,668,Q8N9V3
rank0044_ca6_proteinbinders_3205_A,AF-Q05583-F1-model_v6,0.276,332,0.994,0.997,1.059e-16,665,Q05583
rank0044_ca6_proteinbinders_3205_A,AF-Q6BIR9-F1-model_v6,0.202,393,0.976,0.997,1.88e-16,665,Q6BIR9
rank0044_ca6_proteinbinders_3205_A,AF-Q8NAA4-F1-model_v6,0.245,329,0.985,0.48,1.214e-15,664,Q8NAA4
rank0044_ca6_proteinbinders_3205_A,AF-Q8NAA4-2-F1-model_v6,0.238,329,0.985,0.579,9.11e-16,663,Q8NAA4-2
rank0044_ca6_proteinbinders_3205_A,AF-Q8C0J2-5-F1-model_v6,0.216,329,0.985,0.519,6.518e-16,663,Q8C0J2-5
rank0044_ca6_proteinbinders_3205_A,AF-Q6KAU8-3-F1-model_v6,0.247,329,0.985,0.502,7.524e-16,662,Q6KAU8-3
rank0044_ca6_proteinbinders_3205_A,AF-Q5AG86-F1-model_v6,0.251,382,0.976,0.997,1.01e-16,661,Q5AG86
rank0044_ca6_proteinbinders_3205_A,AF-P20053-F1-model_v6,0.227,327,0.979,0.652,6.214e-16,660,P20053
rank0044_ca6_proteinbinders_3205_A,AF-U4PCM1-F1-model_v6,0.231,332,0.994,0.368,2.756e-16,660,U4PCM1
rank0044_ca6_proteinbinders_3205_A,AF-Q5ZMC3-F1-model_v6,0.272,328,0.982,0.653,6.837e-16,659,Q5ZMC3
rank0044_ca6_proteinbinders_3205_A,AF-B9WHJ2-F1-model_v6,0.248,379,0.976,0.997,3.181e-16,656,B9WHJ2
rank0044_ca6_proteinbinders_3205_A,AF-A0AUS0-F1-model_v6,0.259,330,0.988,0.643,9.556e-16,653,A0AUS0
rank0044_ca6_proteinbinders_3205_A,AF-Q9SJT9-F1-model_v6,0.24,323,0.967,0.259,6.518e-16,649,Q9SJT9
rank0044_ca6_proteinbinders_3205_A,AF-Q6CMA2-F1-model_v6,0.249,333,0.994,1.0,2.276e-16,646,Q6CMA2
rank0044_ca6_proteinbinders_3205_A,AF-Q54S59-F1-model_v6,0.217,328,0.982,0.997,5.881e-15,642,Q54S59
rank0044_ca6_proteinbinders_3205_A,AF-Q40507-F1-model_v6,0.258,331,0.991,0.856,4.041e-16,641,Q40507
rank0044_ca6_proteinbinders_3205_A,AF-P93563-F1-model_v6,0.254,334,1.0,0.859,2.756e-16,641,P93563
rank0044_ca6_proteinbinders_3205_A,AF-O80990-2-F1-model_v6,0.265,321,0.949,0.953,1.273e-15,636,O80990-2
rank0044_ca6_proteinbinders_3205_A,AF-A7TLU2-F1-model_v6,0.262,342,0.97,0.986,2.505e-16,636,A7TLU2
rank0044_ca6_proteinbinders_3205_A,AF-A5DHD2-F1-model_v6,0.228,381,0.97,0.997,2.276e-16,635,A5DHD2
rank0044_ca6_proteinbinders_3205_A,AF-Q6NX08-F1-model_v6,0.243,332,0.994,0.777,2.17e-16,633,Q6NX08
rank0044_ca6_proteinbinders_3205_A,AF-P53621-2-F1-model_v6,0.225,323,0.967,0.256,1.336e-15,632,P53621-2
rank0044_ca6_proteinbinders_3205_A,AF-P49177-F1-model_v6,0.264,327,0.979,0.841,1.47e-15,630,P49177
rank0044_ca6_proteinbinders_3205_A,AF-A8ILK1-F1-model_v6,0.209,322,0.964,0.473,1.326e-14,627,A8ILK1
rank0044_ca6_proteinbinders_3205_A,AF-Q13033-2-F1-model_v6,0.207,328,0.973,0.46,1.103e-15,622,Q13033-2
rank0044_ca6_proteinbinders_3205_A,AF-Q55DA2-F1-model_v6,0.22,332,0.994,0.976,1.598e-20,620,Q55DA2
rank0044_ca6_proteinbinders_3205_A,AF-P93397-F1-model_v6,0.262,327,0.979,0.841,1.542e-15,620,P93397
rank0044_ca6_proteinbinders_3205_A,AF-Q5REE6-F1-model_v6,0.26,332,0.994,0.778,2.388e-16,619,Q5REE6
rank0044_ca6_proteinbinders_3205_A,AF-Q6CBI8-F1-model_v6,0.282,331,0.988,0.997,1.47e-15,618,Q6CBI8
rank0044_ca6_proteinbinders_3205_A,AF-Q0VC24-F1-model_v6,0.254,334,1.0,0.783,2.627e-16,618,Q0VC24
rank0044_ca6_proteinbinders_3205_A,AF-A5D7H2-F1-model_v6,0.209,328,0.973,0.412,5.383e-16,618,A5D7H2
rank0044_ca6_proteinbinders_3205_A,AF-P93398-F1-model_v6,0.254,334,1.0,0.87,1.401e-15,614,P93398
rank0044_ca6_proteinbinders_3205_A,AF-Q9JJA4-F1-model_v6,0.266,333,0.997,0.78,3.033e-16,614,Q9JJA4
rank0044_ca6_proteinbinders_3205_A,AF-Q28D01-F1-model_v6,0.256,324,0.97,0.484,1.273e-15,614,Q28D01
rank0044_ca6_proteinbinders_3205_A,AF-Q8K3E5-2-F1-model_v6,0.2,329,0.985,0.319,2.26e-15,614,Q8K3E5-2
rank0044_ca6_proteinbinders_3205_A,AF-Q27954-F1-model_v6,0.216,323,0.967,0.258,5.607e-15,611,Q27954
rank0044_ca6_proteinbinders_3205_A,AF-A3LVM1-F1-model_v6,0.242,360,0.976,0.997,4.208e-15,608,A3LVM1
rank0044_ca6_proteinbinders_3205_A,AF-Q9GZL7-F1-model_v6,0.253,332,0.994,0.778,6.214e-16,608,Q9GZL7
rank0044_ca6_proteinbinders_3205_A,AF-P61480-F1-model_v6,0.257,332,0.994,0.778,2.756e-16,606,P61480
rank0044_ca6_proteinbinders_3205_A,AF-Q8C6G8-F1-model_v6,0.248,330,0.988,0.473,2.054e-15,604,Q8C6G8
rank0044_ca6_proteinbinders_3205_A,AF-Q9H7D7-F1-model_v6,0.249,330,0.988,0.458,2.371e-15,601,Q9H7D7
rank0044_ca6_proteinbinders_3205_A,AF-Q0CCS0-F1-model_v6,0.222,420,0.994,0.995,1.958e-15,598,Q0CCS0
rank0044_ca6_proteinbinders_3205_A,AF-Q8N157-F1-model_v6,0.18,329,0.985,0.268,2.736e-15,598,Q8N157
rank0044_ca6_proteinbinders_3205_A,AF-Q6BU94-F1-model_v6,0.223,329,0.985,0.743,1.606e-14,597,Q6BU94
rank0044_ca6_proteinbinders_3205_A,AF-A2QPW4-F1-model_v6,0.213,402,0.994,0.976,2.154e-15,596,A2QPW4
rank0044_ca6_proteinbinders_3205_A,AF-Q9H7D7-2-F1-model_v6,0.248,330,0.988,0.47,3.646e-15,596,Q9H7D7-2
rank0044_ca6_proteinbinders_3205_A,AF-Q8N157-2-F1-model_v6,0.188,329,0.985,0.305,8.22e-15,593,Q8N157-2
rank0044_ca6_proteinbinders_3205_A,AF-Q5BDJ5-F1-model_v6,0.216,435,0.994,0.975,3.852e-16,590,Q5BDJ5
rank0044_ca6_proteinbinders_3205_A,AF-Q9JHB4-2-F1-model_v6,0.23,324,0.97,0.842,1.205e-14,588,Q9JHB4-2
rank0044_ca6_proteinbinders_3205_A,AF-Q9Y4P3-F1-model_v6,0.217,323,0.967,0.714,6.214e-16,588,Q9Y4P3
rank0044_ca6_proteinbinders_3205_A,AF-A9VDW7-F1-model_v6,0.238,365,0.985,0.721,7.524e-16,588,A9VDW7
rank0044_ca6_proteinbinders_3205_A,AF-C6DCH7-F1-model_v6,0.211,292,0.859,0.88,3.62e-14,587,C6DCH7
rank0044_ca6_proteinbinders_3205_A,AF-Q2UPI0-F1-model_v6,0.215,433,0.991,0.989,4.208e-15,583,Q2UPI0
rank0044_ca6_proteinbinders_3205_A,AF-Q5ZMV7-F1-model_v6,0.184,330,0.988,0.968,1.149e-14,582,Q5ZMV7
rank0044_ca6_proteinbinders_3205_A,AF-B8MWR8-F1-model_v6,0.215,433,0.991,0.989,3.646e-15,581,B8MWR8
rank0044_ca6_proteinbinders_3205_A,AF-O22785-F1-model_v6,0.236,328,0.982,0.589,3.136e-14,580,O22785
rank0044_ca6_proteinbinders_3205_A,AF-Q9AV81-F1-model_v6,0.234,328,0.982,0.594,5.839e-14,580,Q9AV81
rank0044_ca6_proteinbinders_3205_A,AF-Q5SP67-F1-model_v6,0.245,328,0.982,0.523,1.459e-14,580,Q5SP67
rank0044_ca6_proteinbinders_3205_A,AF-A1CQL6-F1-model_v6,0.206,449,0.994,0.991,5.095e-15,576,A1CQL6
rank0044_ca6_proteinbinders_3205_A,AF-O74184-F1-model_v6,0.255,285,0.853,0.847,2.99e-14,575,O74184
rank0044_ca6_proteinbinders_3205_A,AF-F1SS88-F1-model_v6,0.185,320,0.958,0.466,1.84e-13,575,F1SS88
rank0044_ca6_proteinbinders_3205_A,AF-Q09406-F1-model_v6,0.196,328,0.982,0.566,2.469e-14,573,Q09406
rank0044_ca6_proteinbinders_3205_A,AF-A8GBC1-F1-model_v6,0.192,290,0.853,0.876,1.754e-13,571,A8GBC1
rank0044_ca6_proteinbinders_3205_A,AF-B6H7A3-F1-model_v6,0.207,453,0.994,0.996,8.622e-15,571,B6H7A3
rank0044_ca6_proteinbinders_3205_A,AF-B3RNR8-F1-model_v6,0.267,311,0.931,0.981,2.85e-14,569,B3RNR8
rank0044_ca6_proteinbinders_3205_A,AF-Q9JHB4-F1-model_v6,0.235,327,0.979,0.828,3.983e-14,568,Q9JHB4
rank0044_ca6_proteinbinders_3205_A,AF-A7RHG8-F1-model_v6,0.258,328,0.982,0.774,4.208e-15,567,A7RHG8
rank0044_ca6_proteinbinders_3205_A,AF-A1JS71-F1-model_v6,0.165,292,0.859,0.877,3.426e-13,566,A1JS71
rank0044_ca6_proteinbinders_3205_A,AF-B3MJV8-F1-model_v6,0.234,330,0.988,0.757,5.059e-14,565,B3MJV8
rank0044_ca6_proteinbinders_3205_A,AF-Q54MZ3-F1-model_v6,0.224,333,0.997,0.609,4.414e-15,565,Q54MZ3
rank0044_ca6_proteinbinders_3205_A,AF-Q8N1V2-F1-model_v6,0.179,314,0.94,0.456,2.571e-13,562,Q8N1V2
rank0044_ca6_proteinbinders_3205_A,AF-Q9VKQ3-F1-model_v6,0.23,330,0.988,0.755,2.139e-14,561,Q9VKQ3
rank0044_ca6_proteinbinders_3205_A,AF-Q8NA23-2-F1-model_v6,0.227,333,0.997,0.866,4.823e-14,560,Q8NA23-2
rank0044_ca6_proteinbinders_3205_A,AF-Q4WTL0-F1-model_v6,0.194,449,0.979,0.976,1.684e-14,559,Q4WTL0
rank0044_ca6_proteinbinders_3205_A,AF-Q1C949-F1-model_v6,0.194,292,0.859,0.874,2.968e-13,557,Q1C949
rank0044_ca6_proteinbinders_3205_A,AF-B1JSS6-F1-model_v6,0.192,290,0.853,0.868,2.451e-13,556,B1JSS6
rank0044_ca6_proteinbinders_3205_A,AF-A5E2R6-F1-model_v6,0.206,413,0.97,0.995,4.383e-14,556,A5E2R6
rank0044_ca6_proteinbinders_3205_A,AF-B4GT01-F1-model_v6,0.235,330,0.988,0.757,6.125e-14,556,B4GT01
rank0044_ca6_proteinbinders_3205_A,AF-Q6D7C2-F1-model_v6,0.213,292,0.859,0.88,3.29e-14,555,Q6D7C2
rank0044_ca6_proteinbinders_3205_A,AF-P54686-F1-model_v6,0.239,321,0.961,0.467,1.381e-13,555,P54686
rank0044_ca6_proteinbinders_3205_A,AF-Q8N1V2-2-F1-model_v6,0.184,314,0.94,0.449,2.337e-13,555,Q8N1V2-2
rank0044_ca6_proteinbinders_3205_A,AF-Q8ZGX4-F1-model_v6,0.192,290,0.853,0.868,2.968e-13,553,Q8ZGX4
rank0044_ca6_proteinbinders_3205_A,AF-Q29KQ0-F1-model_v6,0.237,331,0.991,0.759,9.42e-14,553,Q29KQ0
rank0044_ca6_proteinbinders_3205_A,AF-Q9H808-2-F1-model_v6,0.19,333,0.997,0.67,3.797e-14,553,Q9H808-2
rank0044_ca6_proteinbinders_3205_A,AF-P70483-F1-model_v6,0.19,330,0.985,0.423,1.606e-14,553,P70483
rank0044_ca6_proteinbinders_3205_A,AF-Q9NYS7-2-F1-model_v6,0.228,355,0.973,0.843,2.244e-14,552,Q9NYS7-2
rank0044_ca6_proteinbinders_3205_A,AF-A7FKN1-F1-model_v6,0.192,290,0.853,0.868,3.426e-13,551,A7FKN1
rank0044_ca6_proteinbinders_3205_A,AF-B4MU54-F1-model_v6,0.22,330,0.988,0.754,6.125e-14,551,B4MU54
rank0044_ca6_proteinbinders_3205_A,AF-B4JPT9-F1-model_v6,0.235,330,0.988,0.757,6.125e-14,550,B4JPT9
rank0044_ca6_proteinbinders_3205_A,AF-B4Q9T6-F1-model_v6,0.238,330,0.988,0.755,5.839e-14,550,B4Q9T6
rank0044_ca6_proteinbinders_3205_A,AF-B3N534-F1-model_v6,0.239,330,0.988,0.755,3.136e-14,550,B3N534
rank0044_ca6_proteinbinders_3205_A,AF-Q9R099-F1-model_v6,0.209,323,0.967,0.719,6.169e-15,550,Q9R099
rank0044_ca6_proteinbinders_3205_A,AF-A1D3I2-F1-model_v6,0.211,453,0.979,0.981,2.244e-14,549,A1D3I2
rank0044_ca6_proteinbinders_3205_A,AF-Q66D69-F1-model_v6,0.194,292,0.859,0.874,4.788e-13,548,Q66D69
rank0044_ca6_proteinbinders_3205_A,AF-B4P116-F1-model_v6,0.235,330,0.988,0.755,4.178e-14,548,B4P116
rank0044_ca6_proteinbinders_3205_A,AF-A4TNQ8-F1-model_v6,0.194,292,0.859,0.874,4.351e-13,547,A4TNQ8
rank0044_ca6_proteinbinders_3205_A,AF-Q7QJ33-F1-model_v6,0.236,330,0.988,0.75,8.98e-14,547,Q7QJ33
rank0044_ca6_proteinbinders_3205_A,AF-Q7N6R1-F1-model_v6,0.193,287,0.856,0.875,1.317e-13,546,Q7N6R1
rank0044_ca6_proteinbinders_3205_A,AF-Q12834-F1-model_v6,0.239,329,0.985,0.603,4.383e-14,546,Q12834
rank0044_ca6_proteinbinders_3205_A,AF-Q17BB0-F1-model_v6,0.239,329,0.985,0.752,1.317e-13,545,Q17BB0
rank0044_ca6_proteinbinders_3205_A,AF-Q62623-F1-model_v6,0.236,329,0.985,0.603,4.597e-14,544,Q62623
rank0044_ca6_proteinbinders_3205_A,AF-Q5SSI6-F1-model_v6,0.177,330,0.988,0.574,3.29e-14,539,Q5SSI6
rank0044_ca6_proteinbinders_3205_A,AF-O54929-F1-model_v6,0.226,355,0.973,0.879,6.74e-14,538,O54929
rank0044_ca6_proteinbinders_3205_A,AF-B7PY76-F1-model_v6,0.228,333,0.994,0.784,2.85e-14,538,B7PY76
rank0044_ca6_proteinbinders_3205_A,AF-A8AJ27-F1-model_v6,0.198,283,0.829,0.855,7.724e-13,537,A8AJ27
rank0044_ca6_proteinbinders_3205_A,AF-Q0V8J1-F1-model_v6,0.228,355,0.973,0.874,1.381e-13,537,Q0V8J1
rank0044_ca6_proteinbinders_3205_A,AF-Q9JJ66-F1-model_v6,0.233,329,0.985,0.603,7.417e-14,537,Q9JJ66
rank0044_ca6_proteinbinders_3205_A,AF-B4HWV6-F1-model_v6,0.23,330,0.988,0.755,1.52e-13,536,B4HWV6
rank0044_ca6_proteinbinders_3205_A,AF-Q5H7C0-F1-model_v6,0.242,329,0.985,0.603,8.561e-14,535,Q5H7C0
rank0044_ca6_proteinbinders_3205_A,AF-A6T6J6-F1-model_v6,0.172,281,0.823,0.849,1.246e-12,534,A6T6J6
rank0044_ca6_proteinbinders_3205_A,AF-O13286-F1-model_v6,0.209,333,0.997,0.54,7.78e-14,534,O13286
rank0044_ca6_proteinbinders_3205_A,AF-B4LS78-F1-model_v6,0.221,330,0.988,0.757,1.594e-13,533,B4LS78
rank0044_ca6_proteinbinders_3205_A,AF-B5XZA0-F1-model_v6,0.175,281,0.823,0.849,1.307e-12,531,B5XZA0
rank0044_ca6_proteinbinders_3205_A,AF-Q1DR81-F1-model_v6,0.191,465,0.985,0.983,1.255e-13,531,Q1DR81
rank0044_ca6_proteinbinders_3205_A,AF-Q8X926-F1-model_v6,0.175,281,0.823,0.849,1.246e-12,529,Q8X926
rank0044_ca6_proteinbinders_3205_A,AF-A7ZJE2-F1-model_v6,0.175,281,0.823,0.849,1.307e-12,528,A7ZJE2
rank0044_ca6_proteinbinders_3205_A,AF-B5BC39-F1-model_v6,0.167,283,0.829,0.855,1.307e-12,527,B5BC39
rank0044_ca6_proteinbinders_3205_A,AF-Q8NA23-F1-model_v6,0.23,322,0.964,0.847,2.83e-13,527,Q8NA23
rank0044_ca6_proteinbinders_3205_A,AF-Q8VC51-F1-model_v6,0.186,368,0.976,0.692,2.354e-14,526,Q8VC51
rank0044_ca6_proteinbinders_3205_A,AF-Q60525-F1-model_v6,0.191,368,0.976,0.684,1.767e-14,526,Q60525
rank0044_ca6_proteinbinders_3205_A,AF-Q9Y5J1-F1-model_v6,0.181,330,0.988,0.57,5.839e-14,526,Q9Y5J1
rank0044_ca6_proteinbinders_3205_A,AF-Q8ZQR4-F1-model_v6,0.165,281,0.823,0.849,1.438e-12,525,Q8ZQR4
rank0044_ca6_proteinbinders_3205_A,AF-B5R752-F1-model_v6,0.171,281,0.823,0.849,1.029e-12,525,B5R752
rank0044_ca6_proteinbinders_3205_A,AF-Q5PG56-F1-model_v6,0.165,281,0.823,0.849,1.438e-12,525,Q5PG56
rank0044_ca6_proteinbinders_3205_A,AF-B5YRG5-F1-model_v6,0.175,281,0.823,0.849,1.583e-12,525,B5YRG5
rank0044_ca6_proteinbinders_3205_A,AF-Q3Z422-F1-model_v6,0.172,281,0.823,0.849,2.01e-12,524,Q3Z422
rank0044_ca6_proteinbinders_3205_A,AF-B1LM58-F1-model_v6,0.175,281,0.823,0.849,1.741e-12,524,B1LM58
rank0044_ca6_proteinbinders_3205_A,AF-Q324C4-F1-model_v6,0.175,282,0.826,0.852,1.66e-12,524,Q324C4
rank0044_ca6_proteinbinders_3205_A,AF-B4KKN1-F1-model_v6,0.222,330,0.988,0.757,2.968e-13,524,B4KKN1
rank0044_ca6_proteinbinders_3205_A,AF-Q6P1V3-F1-model_v6,0.231,371,0.994,0.879,1.52e-13,524,Q6P1V3
rank0044_ca6_proteinbinders_3205_A,AF-B0W517-F1-model_v6,0.233,329,0.985,0.758,2.571e-13,524,B0W517
rank0044_ca6_proteinbinders_3205_A,AF-B0XQ15-F1-model_v6,0.198,454,0.994,0.987,1.52e-13,524,B0XQ15
rank0044_ca6_proteinbinders_3205_A,AF-Q0TJT3-F1-model_v6,0.175,281,0.823,0.849,1.916e-12,523,Q0TJT3
rank0044_ca6_proteinbinders_3205_A,AF-A7ZY23-F1-model_v6,0.172,281,0.823,0.849,1.509e-12,523,A7ZY23
rank0044_ca6_proteinbinders_3205_A,AF-B2TVG3-F1-model_v6,0.171,282,0.826,0.852,1.307e-12,522,B2TVG3
rank0044_ca6_proteinbinders_3205_A,AF-B7ULP0-F1-model_v6,0.175,281,0.823,0.849,1.916e-12,522,B7ULP0
rank0044_ca6_proteinbinders_3205_A,AF-B5FP52-F1-model_v6,0.165,281,0.823,0.849,1.741e-12,522,B5FP52
rank0044_ca6_proteinbinders_3205_A,AF-Q7T2F6-F1-model_v6,0.242,369,0.985,0.872,1.255e-13,522,Q7T2F6
rank0044_ca6_proteinbinders_3205_A,AF-Q0USG2-F1-model_v6,0.192,431,0.997,0.973,5.839e-14,522,Q0USG2
rank0044_ca6_proteinbinders_3205_A,AF-B4TQT0-F1-model_v6,0.165,281,0.823,0.849,1.827e-12,521,B4TQT0
rank0044_ca6_proteinbinders_3205_A,AF-A1A909-F1-model_v6,0.175,281,0.823,0.849,2.109e-12,521,A1A909
rank0044_ca6_proteinbinders_3205_A,AF-Q9H6Y2-F1-model_v6,0.208,328,0.982,0.765,6.081e-13,521,Q9H6Y2
rank0044_ca6_proteinbinders_3205_A,AF-Q9NV06-F1-model_v6,0.182,323,0.967,0.665,2.212e-12,521,Q9NV06
rank0044_ca6_proteinbinders_3205_A,AF-Q32EZ9-F1-model_v6,0.172,281,0.823,0.849,1.741e-12,520,Q32EZ9
rank0044_ca6_proteinbinders_3205_A,AF-A9MTJ8-F1-model_v6,0.158,281,0.823,0.849,2.01e-12,520,A9MTJ8
rank0044_ca6_proteinbinders_3205_A,AF-Q5R8K2-F1-model_v6,0.17,327,0.973,0.759,9.42e-14,520,Q5R8K2
rank0044_ca6_proteinbinders_3205_A,AF-B4SZI8-F1-model_v6,0.165,281,0.823,0.849,2.109e-12,519,B4SZI8
rank0044_ca6_proteinbinders_3205_A,AF-B7M6D0-F1-model_v6,0.175,281,0.823,0.849,2.434e-12,519,B7M6D0
rank0044_ca6_proteinbinders_3205_A,AF-P52697-F1-model_v6,0.172,281,0.823,0.849,1.916e-12,519,P52697
rank0044_ca6_proteinbinders_3205_A,AF-B7MPQ2-F1-model_v6,0.172,281,0.823,0.849,2.109e-12,518,B7MPQ2
rank0044_ca6_proteinbinders_3205_A,AF-B5QX56-F1-model_v6,0.165,281,0.823,0.849,2.212e-12,518,B5QX56
rank0044_ca6_proteinbinders_3205_A,AF-Q83LP7-F1-model_v6,0.172,281,0.823,0.849,2.01e-12,518,Q83LP7
rank0044_ca6_proteinbinders_3205_A,AF-O60336-6-F1-model_v6,0.177,346,0.952,0.229,1.84e-13,518,O60336-6
rank0044_ca6_proteinbinders_3205_A,AF-B7LB75-F1-model_v6,0.172,281,0.823,0.849,2.212e-12,517,B7LB75
rank0044_ca6_proteinbinders_3205_A,AF-C4ZXT8-F1-model_v6,0.175,281,0.823,0.849,2.678e-12,517,C4ZXT8
rank0044_ca6_proteinbinders_3205_A,AF-B7MGM4-F1-model_v6,0.172,281,0.823,0.849,2.212e-12,517,B7MGM4
rank0044_ca6_proteinbinders_3205_A,AF-B6I7S1-F1-model_v6,0.172,281,0.823,0.849,2.109e-12,517,B6I7S1
rank0044_ca6_proteinbinders_3205_A,AF-T2KMF9-F1-model_v6,0.168,300,0.82,0.85,8.499e-13,517,T2KMF9
rank0044_ca6_proteinbinders_3205_A,AF-Q9CX97-F1-model_v6,0.199,328,0.982,0.755,8.499e-13,517,Q9CX97
rank0044_ca6_proteinbinders_3205_A,AF-B7NA10-F1-model_v6,0.172,281,0.823,0.849,3.402e-12,516,B7NA10
rank0044_ca6_proteinbinders_3205_A,AF-B7NNI9-F1-model_v6,0.175,281,0.823,0.849,2.809e-12,516,B7NNI9
rank0044_ca6_proteinbinders_3205_A,AF-B1IXL9-F1-model_v6,0.178,283,0.829,0.855,2.947e-12,516,B1IXL9
rank0044_ca6_proteinbinders_3205_A,AF-O34499-F1-model_v6,0.159,295,0.829,0.845,2.32e-12,516,O34499
rank0044_ca6_proteinbinders_3205_A,AF-Q32KQ2-F1-model_v6,0.171,356,0.982,0.994,1.087e-13,516,Q32KQ2
rank0044_ca6_proteinbinders_3205_A,AF-C0PWX3-F1-model_v6,0.165,281,0.823,0.849,2.678e-12,515,C0PWX3
rank0044_ca6_proteinbinders_3205_A,AF-Q8FJR2-F1-model_v6,0.174,283,0.829,0.855,2.553e-12,514,Q8FJR2
rank0044_ca6_proteinbinders_3205_A,AF-Q57RH2-F1-model_v6,0.165,281,0.823,0.849,2.947e-12,514,Q57RH2
rank0044_ca6_proteinbinders_3205_A,AF-B7LJZ2-F1-model_v6,0.182,281,0.823,0.849,1.741e-12,514,B7LJZ2
rank0044_ca6_proteinbinders_3205_A,AF-B1X797-F1-model_v6,0.172,281,0.823,0.849,2.809e-12,513,B1X797
rank0044_ca6_proteinbinders_3205_A,AF-O60336-F1-model_v6,0.182,346,0.952,0.229,1.93e-13,513,O60336
rank0044_ca6_proteinbinders_3205_A,AF-Q54D08-F1-model_v6,0.229,303,0.907,0.974,8.161e-14,512,Q54D08
rank0044_ca6_proteinbinders_3205_A,AF-B5F063-F1-model_v6,0.165,281,0.823,0.849,3.402e-12,512,B5F063
rank0044_ca6_proteinbinders_3205_A,AF-Q1REG3-F1-model_v6,0.175,281,0.823,0.849,3.743e-12,512,Q1REG3
rank0044_ca6_proteinbinders_3205_A,AF-Q3SWZ7-F1-model_v6,0.182,367,0.976,0.68,8.98e-14,512,Q3SWZ7
rank0044_ca6_proteinbinders_3205_A,AF-Q9H808-F1-model_v6,0.187,333,0.997,0.526,4.788e-13,512,Q9H808
rank0044_ca6_proteinbinders_3205_A,AF-B4TC39-F1-model_v6,0.165,281,0.823,0.849,3.568e-12,511,B4TC39
rank0044_ca6_proteinbinders_3205_A,AF-Q8Z8A2-F1-model_v6,0.162,281,0.823,0.849,3.568e-12,511,Q8Z8A2
rank0044_ca6_proteinbinders_3205_A,AF-A8XYW9-F1-model_v6,0.206,344,0.988,0.513,1.317e-13,511,A8XYW9
rank0044_ca6_proteinbinders_3205_A,AF-Q7PTC5-F1-model_v6,0.196,351,0.988,0.406,2.571e-13,510,Q7PTC5
rank0044_ca6_proteinbinders_3205_A,AF-Q0T6J2-F1-model_v6,0.172,281,0.823,0.849,3.568e-12,509,Q0T6J2
rank0044_ca6_proteinbinders_3205_A,AF-Q6PAC3-F1-model_v6,0.182,323,0.967,0.665,4.119e-12,509,Q6PAC3
rank0044_ca6_proteinbinders_3205_A,AF-O94533-F1-model_v6,0.171,395,0.967,0.52,3.266e-13,508,O94533
rank0044_ca6_proteinbinders_3205_A,AF-Q9RMP7-F1-model_v6,0.175,279,0.826,0.851,4.119e-12,507,Q9RMP7
rank0044_ca6_proteinbinders_3205_A,AF-Q9W040-F1-model_v6,0.183,326,0.976,0.178,1.84e-13,505,Q9W040
rank0044_ca6_proteinbinders_3205_A,AF-Q9W5Z5-F1-model_v6,0.225,376,0.994,0.881,5.023e-13,504,Q9W5Z5
rank0044_ca6_proteinbinders_3205_A,AF-Q803X4-F1-model_v6,0.188,323,0.967,0.665,4.987e-12,504,Q803X4
rank0044_ca6_proteinbinders_3205_A,AF-B2K8S8-F1-model_v6,0.21,317,0.949,0.931,2.025e-13,503,B2K8S8
rank0044_ca6_proteinbinders_3205_A,AF-B3NLK7-F1-model_v6,0.185,351,0.988,0.448,2.124e-13,502,B3NLK7
rank0044_ca6_proteinbinders_3205_A,AF-Q5B563-F1-model_v6,0.246,299,0.841,0.968,1.583e-12,498,Q5B563
rank0044_ca6_proteinbinders_3205_A,AF-Q2GSM6-F1-model_v6,0.29,289,0.826,0.997,3.243e-12,495,Q2GSM6
rank0044_ca6_proteinbinders_3205_A,AF-Q1CFQ1-F1-model_v6,0.21,317,0.949,0.931,3.594e-13,495,Q1CFQ1
rank0044_ca6_proteinbinders_3205_A,AF-Q7ZYQ6-F1-model_v6,0.194,330,0.988,0.67,6.334e-12,494,Q7ZYQ6
rank0044_ca6_proteinbinders_3205_A,AF-Q1Q0T4-F1-model_v6,0.186,370,0.988,0.959,2.571e-13,493,Q1Q0T4
rank0044_ca6_proteinbinders_3205_A,AF-B2ZZS9-F1-model_v6,0.199,328,0.982,0.733,1.741e-12,493,B2ZZS9
rank0044_ca6_proteinbinders_3205_A,AF-Q5ZLK1-F1-model_v6,0.19,323,0.967,0.665,1.729e-11,493,Q5ZLK1
rank0044_ca6_proteinbinders_3205_A,AF-Q9NYS7-F1-model_v6,0.241,312,0.934,0.663,5.307e-14,492,Q9NYS7
rank0044_ca6_proteinbinders_3205_A,AF-B4MYI5-F1-model_v6,0.169,352,0.988,0.452,6.081e-13,491,B4MYI5
rank0044_ca6_proteinbinders_3205_A,AF-B4GIU9-F1-model_v6,0.182,351,0.988,0.447,5.798e-13,489,B4GIU9
rank0044_ca6_proteinbinders_3205_A,AF-Q5XII5-F1-model_v6,0.186,368,0.976,0.692,9.42e-14,488,Q5XII5
rank0044_ca6_proteinbinders_3205_A,AF-F4IH25-F1-model_v6,0.189,343,0.988,0.456,8.499e-13,488,F4IH25
rank0044_ca6_proteinbinders_3205_A,AF-B2VBU3-F1-model_v6,0.175,312,0.901,0.945,2.337e-13,487,B2VBU3
rank0044_ca6_proteinbinders_3205_A,AF-Q5HN15-F1-model_v6,0.155,292,0.823,0.854,8.045e-12,487,Q5HN15
rank0044_ca6_proteinbinders_3205_A,AF-O60161-F1-model_v6,0.193,305,0.91,0.43,2.553e-12,486,O60161
rank0044_ca6_proteinbinders_3205_A,AF-P57380-F1-model_v6,0.114,285,0.829,0.853,7.311e-12,485,P57380
rank0044_ca6_proteinbinders_3205_A,AF-W7WWA2-F1-model_v6,0.167,316,0.946,0.236,1.188e-12,484,W7WWA2
rank0044_ca6_proteinbinders_3205_A,AF-Q3U3T8-F1-model_v6,0.173,343,0.952,0.225,1.741e-12,484,Q3U3T8
rank0044_ca6_proteinbinders_3205_A,AF-B0WC36-F1-model_v6,0.186,351,0.988,0.408,1.188e-12,483,B0WC36
rank0044_ca6_proteinbinders_3205_A,AF-B8D7I7-F1-model_v6,0.109,283,0.823,0.847,1.814e-11,479,B8D7I7
rank0044_ca6_proteinbinders_3205_A,AF-Q7Z5U6-F1-model_v6,0.168,358,0.988,1.0,2.434e-12,478,Q7Z5U6
rank0044_ca6_proteinbinders_3205_A,AF-Q7VR81-F1-model_v6,0.123,317,0.898,0.938,2.947e-12,477,Q7VR81
rank0044_ca6_proteinbinders_3205_A,AF-Q7A4P4-F1-model_v6,0.169,302,0.856,0.883,1.179e-11,475,Q7A4P4
rank0044_ca6_proteinbinders_3205_A,AF-Q6G811-F1-model_v6,0.172,302,0.856,0.883,1.298e-11,474,Q6G811
rank0044_ca6_proteinbinders_3205_A,AF-Q5FVA9-F1-model_v6,0.181,326,0.967,0.886,2.109e-12,474,Q5FVA9
rank0044_ca6_proteinbinders_3205_A,AF-Q2YU76-F1-model_v6,0.175,302,0.856,0.883,1.428e-11,473,Q2YU76
rank0044_ca6_proteinbinders_3205_A,AF-Q05AM5-F1-model_v6,0.227,360,0.994,0.438,1.672e-13,473,Q05AM5
rank0044_ca6_proteinbinders_3205_A,AF-B8D985-F1-model_v6,0.112,283,0.823,0.847,1.571e-11,472,B8D985
rank0044_ca6_proteinbinders_3205_A,AF-Q8CRT1-F1-model_v6,0.143,331,0.865,0.968,6.969e-12,472,Q8CRT1
rank0044_ca6_proteinbinders_3205_A,AF-Q18964-F1-model_v6,0.143,384,0.976,0.925,2.109e-12,472,Q18964
rank0044_ca6_proteinbinders_3205_A,AF-B3RQN1-F1-model_v6,0.213,329,0.985,0.759,2.212e-12,472,B3RQN1
rank0044_ca6_proteinbinders_3205_A,AF-Q9BUR4-F1-model_v6,0.185,366,0.976,0.668,4.148e-13,472,Q9BUR4
rank0044_ca6_proteinbinders_3205_A,AF-F4IIK6-F1-model_v6,0.218,288,0.862,0.866,8.852e-12,471,F4IIK6
rank0044_ca6_proteinbinders_3205_A,AF-Q6GFD5-F1-model_v6,0.171,302,0.856,0.883,1.022e-11,470,Q6GFD5
rank0044_ca6_proteinbinders_3205_A,AF-P61963-F1-model_v6,0.182,335,0.988,0.98,1.188e-12,469,P61963
rank0044_ca6_proteinbinders_3205_A,AF-O43379-4-F1-model_v6,0.158,340,0.991,0.223,4.565e-13,468,O43379-4
rank0044_ca6_proteinbinders_3205_A,AF-Q7ZWF0-F1-model_v6,0.183,326,0.967,0.886,3.568e-12,467,Q7ZWF0
rank0044_ca6_proteinbinders_3205_A,AF-D4B0N9-F1-model_v6,0.164,359,0.958,0.911,1.08e-12,467,D4B0N9
rank0044_ca6_proteinbinders_3205_A,AF-Q54MH6-F1-model_v6,0.17,334,0.997,0.636,6.692e-13,467,Q54MH6
rank0044_ca6_proteinbinders_3205_A,AF-Q86H45-F1-model_v6,0.204,407,0.937,0.452,2.83e-13,467,Q86H45
rank0044_ca6_proteinbinders_3205_A,AF-Q0UNA9-F1-model_v6,0.268,284,0.826,0.94,1.428e-11,466,Q0UNA9
rank0044_ca6_proteinbinders_3205_A,AF-Q5HEJ8-F1-model_v6,0.159,341,0.898,0.997,1.022e-11,464,Q5HEJ8
rank0044_ca6_proteinbinders_3205_A,AF-Q8NVS2-F1-model_v6,0.172,302,0.856,0.883,2.535e-11,463,Q8NVS2
rank0044_ca6_proteinbinders_3205_A,AF-P42000-F1-model_v6,0.167,334,1.0,0.767,6.379e-13,463,P42000
rank0044_ca6_proteinbinders_3205_A,AF-Q89AK3-F1-model_v6,0.133,281,0.823,0.849,5.995e-11,462,Q89AK3
rank0044_ca6_proteinbinders_3205_A,AF-Q54W52-F1-model_v6,0.204,352,0.982,0.76,1.827e-12,462,Q54W52
rank0044_ca6_proteinbinders_3205_A,AF-Q49YW6-F1-model_v6,0.151,290,0.817,0.841,1.729e-11,461,Q49YW6
rank0044_ca6_proteinbinders_3205_A,AF-Q2FFH4-F1-model_v6,0.171,302,0.856,0.883,1.996e-11,460,Q2FFH4
rank0044_ca6_proteinbinders_3205_A,AF-Q22830-F1-model_v6,0.157,326,0.976,0.177,1.66e-12,456,Q22830
rank0044_ca6_proteinbinders_3205_A,AF-Q54DS8-F1-model_v6,0.243,294,0.847,0.977,5.448e-11,455,Q54DS8
rank0044_ca6_proteinbinders_3205_A,AF-O86281-F1-model_v6,0.163,296,0.838,0.868,5.715e-11,454,O86281
rank0044_ca6_proteinbinders_3205_A,AF-Q99SW6-F1-model_v6,0.171,302,0.856,0.883,3.22e-11,453,Q99SW6
rank0044_ca6_proteinbinders_3205_A,AF-Q4L7N4-F1-model_v6,0.149,292,0.823,0.849,5.448e-11,452,Q4L7N4
rank0044_ca6_proteinbinders_3205_A,AF-P0CS40-F1-model_v6,0.152,315,0.943,0.839,6.288e-11,451,P0CS40
rank0044_ca6_proteinbinders_3205_A,AF-Q58CQ2-F1-model_v6,0.155,356,0.958,0.957,1.072e-11,451,Q58CQ2
rank0044_ca6_proteinbinders_3205_A,AF-A9MJH1-F1-model_v6,0.152,328,0.913,0.991,2.32e-12,450,A9MJH1
rank0044_ca6_proteinbinders_3205_A,AF-Q7ZXD5-F1-model_v6,0.142,353,0.958,0.957,8.439e-12,450,Q7ZXD5
rank0044_ca6_proteinbinders_3205_A,AF-O86271-F1-model_v6,0.175,294,0.832,0.862,3.898e-11,448,O86271
rank0044_ca6_proteinbinders_3205_A,AF-Q5F201-2-F1-model_v6,0.223,302,0.904,0.845,1.124e-11,447,Q5F201-2
rank0044_ca6_proteinbinders_3205_A,AF-P61962-F1-model_v6,0.188,335,0.988,0.98,5.756e-12,447,P61962
rank0044_ca6_proteinbinders_3205_A,AF-O88656-F1-model_v6,0.149,356,0.958,0.957,1.903e-11,446,O88656
rank0044_ca6_proteinbinders_3205_A,AF-Q969X6-2-F1-model_v6,0.191,302,0.904,0.524,7.311e-12,446,Q969X6-2
rank0044_ca6_proteinbinders_3205_A,AF-Q149M9-3-F1-model_v6,0.204,341,0.973,0.238,5.269e-13,445,Q149M9-3
rank0044_ca6_proteinbinders_3205_A,AF-O13985-F1-model_v6,0.168,447,0.988,0.873,2.109e-12,444,O13985
rank0044_ca6_proteinbinders_3205_A,AF-A2RRH5-F1-model_v6,0.2,331,0.991,0.394,6.334e-12,444,A2RRH5
rank0044_ca6_proteinbinders_3205_A,AF-O15143-F1-model_v6,0.157,356,0.958,0.957,1.903e-11,442,O15143
rank0044_ca6_proteinbinders_3205_A,AF-Q2FWX8-F1-model_v6,0.159,341,0.898,0.997,5.995e-11,438,Q2FWX8
rank0044_ca6_proteinbinders_3205_A,AF-A4W8A9-F1-model_v6,0.155,328,0.913,0.991,2.553e-12,436,A4W8A9
rank0044_ca6_proteinbinders_3205_A,AF-Q6TEN6-F1-model_v6,0.174,342,0.994,0.472,6.692e-13,434,Q6TEN6
rank0044_ca6_proteinbinders_3205_A,AF-Q17CH9-F1-model_v6,0.195,276,0.814,0.675,6.969e-12,426,Q17CH9
rank0044_ca6_proteinbinders_3205_A,AF-A7MIZ2-F1-model_v6,0.157,329,0.913,0.988,1.361e-11,425,A7MIZ2
rank0044_ca6_proteinbinders_3205_A,AF-Q492W6-F1-model_v6,0.154,317,0.937,0.941,1.072e-11,425,Q492W6
rank0044_ca6_proteinbinders_3205_A,AF-A0R316-F1-model_v6,0.161,325,0.973,0.81,8.378e-11,425,A0R316
rank0044_ca6_proteinbinders_3205_A,AF-Q2NUK0-F1-model_v6,0.172,314,0.937,0.949,7.311e-12,422,Q2NUK0
rank0044_ca6_proteinbinders_3205_A,AF-Q6NUD0-F1-model_v6,0.205,328,0.982,0.937,2.094e-11,422,Q6NUD0
rank0044_ca6_proteinbinders_3205_A,AF-Q86A97-F1-model_v6,0.135,372,0.943,0.93,7.614e-11,422,Q86A97
rank0044_ca6_proteinbinders_3205_A,AF-B0W8M5-F1-model_v6,0.237,274,0.82,0.673,1.814e-11,422,B0W8M5
rank0044_ca6_proteinbinders_3205_A,AF-Q149M9-F1-model_v6,0.211,341,0.973,0.218,6.081e-13,422,Q149M9
rank0044_ca6_proteinbinders_3205_A,AF-Q9EP82-F1-model_v6,0.203,272,0.814,0.642,5.715e-11,419,Q9EP82
rank0044_ca6_proteinbinders_3205_A,AF-Q8R2N2-F1-model_v6,0.194,310,0.928,0.44,1.889e-10,417,Q8R2N2
rank0044_ca6_proteinbinders_3205_A,AF-Q6IA86-6-F1-model_v6,0.145,437,0.955,0.49,4.72e-11,417,Q6IA86-6
rank0044_ca6_proteinbinders_3205_A,AF-Q9USZ0-F1-model_v6,0.159,327,0.94,0.332,3.926e-12,417,Q9USZ0
rank0044_ca6_proteinbinders_3205_A,AF-E9Q4P1-F1-model_v6,0.15,382,0.985,0.932,1.064e-10,416,E9Q4P1
rank0044_ca6_proteinbinders_3205_A,AF-B3LJT5-F1-model_v6,0.193,331,0.829,0.67,1.571e-11,415,B3LJT5
rank0044_ca6_proteinbinders_3205_A,AF-Q91WG4-F1-model_v6,0.226,363,0.973,0.437,1.916e-12,415,Q91WG4
rank0044_ca6_proteinbinders_3205_A,AF-Q1JP79-F1-model_v6,0.155,355,0.976,0.959,9.671e-11,412,Q1JP79
rank0044_ca6_proteinbinders_3205_A,AF-Q6IA86-2-F1-model_v6,0.154,448,0.994,0.593,3.377e-11,412,Q6IA86-2
rank0044_ca6_proteinbinders_3205_A,AF-A7E3S5-F1-model_v6,0.205,270,0.808,0.635,7.259e-11,411,A7E3S5
rank0044_ca6_proteinbinders_3205_A,AF-Q8BUB4-F1-model_v6,0.144,384,0.988,0.96,9.671e-11,409,Q8BUB4
rank0044_ca6_proteinbinders_3205_A,AF-Q9R0Q6-F1-model_v6,0.152,355,0.976,0.959,1.801e-10,404,Q9R0Q6
rank0044_ca6_proteinbinders_3205_A,AF-C8ZH19-F1-model_v6,0.193,331,0.829,0.67,4.089e-11,398,C8ZH19
rank0044_ca6_proteinbinders_3205_A,AF-Q6IA86-F1-model_v6,0.212,376,0.985,0.455,8.852e-12,398,Q6IA86
rank0044_ca6_proteinbinders_3205_A,AF-P0CS41-F1-model_v6,0.165,320,0.958,0.813,3.87e-10,397,P0CS41
rank0044_ca6_proteinbinders_3205_A,AF-P57081-2-F1-model_v6,0.211,271,0.811,0.64,2.287e-10,397,P57081-2
rank0044_ca6_proteinbinders_3205_A,AF-Q99PD4-F1-model_v6,0.151,355,0.976,0.959,2.18e-10,394,Q99PD4
rank0044_ca6_proteinbinders_3205_A,AF-Q6IA86-3-F1-model_v6,0.147,435,0.949,0.544,1.487e-10,394,Q6IA86-3
rank0044_ca6_proteinbinders_3205_A,AF-Q8K9N9-F1-model_v6,0.123,320,0.913,0.961,2.18e-10,393,Q8K9N9
rank0044_ca6_proteinbinders_3205_A,AF-P57081-F1-model_v6,0.214,271,0.811,0.641,1.889e-10,393,P57081
rank0044_ca6_proteinbinders_3205_A,AF-A6ZPA6-F1-model_v6,0.199,331,0.829,0.67,5.448e-11,393,A6ZPA6
rank0044_ca6_proteinbinders_3205_A,AF-Q92747-F1-model_v6,0.146,355,0.976,0.959,2.399e-10,392,Q92747
rank0044_ca6_proteinbinders_3205_A,AF-Q4KLQ5-F1-model_v6,0.196,329,0.985,0.538,1.814e-11,392,Q4KLQ5
rank0044_ca6_proteinbinders_3205_A,AF-Q6IA86-4-F1-model_v6,0.214,375,0.967,0.532,9.74e-12,392,Q6IA86-4
rank0044_ca6_proteinbinders_3205_A,AF-O74910-F1-model_v6,0.137,388,0.973,0.608,1.124e-11,391,O74910
rank0044_ca6_proteinbinders_3205_A,AF-Q9U1Q0-F1-model_v6,0.15,352,0.988,0.972,4.916e-10,390,Q9U1Q0
rank0044_ca6_proteinbinders_3205_A,AF-Q27GK7-2-F1-model_v6,0.178,327,0.979,0.287,1.352e-10,388,Q27GK7-2
rank0044_ca6_proteinbinders_3205_A,AF-P91341-F1-model_v6,0.216,301,0.901,0.302,1.583e-12,387,P91341
rank0044_ca6_proteinbinders_3205_A,AF-B4L6T9-F1-model_v6,0.219,270,0.808,0.684,4.72e-11,386,B4L6T9
rank0044_ca6_proteinbinders_3205_A,AF-Q11176-F1-model_v6,0.201,419,0.943,0.686,1.617e-15,384,Q11176
rank0044_ca6_proteinbinders_3205_A,AF-Q99J09-F1-model_v6,0.207,304,0.91,0.86,1.487e-10,382,Q99J09
rank0044_ca6_proteinbinders_3205_A,AF-Q9ZUN8-F1-model_v6,0.15,405,0.97,0.864,6.87e-10,381,Q9ZUN8
rank0044_ca6_proteinbinders_3205_A,AF-Q6PJI9-2-F1-model_v6,0.152,332,0.994,0.548,4.686e-10,381,Q6PJI9-2
rank0044_ca6_proteinbinders_3205_A,AF-Q96P53-F1-model_v6,0.158,310,0.928,0.62,1.171e-10,380,Q96P53
rank0044_ca6_proteinbinders_3205_A,AF-Q7TNG5-F1-model_v6,0.195,353,0.94,0.544,3.266e-13,380,Q7TNG5
rank0044_ca6_proteinbinders_3205_A,AF-O95834-F1-model_v6,0.195,353,0.94,0.544,2.968e-13,379,O95834
rank0044_ca6_proteinbinders_3205_A,AF-O95834-2-F1-model_v6,0.195,353,0.94,0.443,2.968e-13,379,O95834-2
rank0044_ca6_proteinbinders_3205_A,AF-A8PWQ8-F1-model_v6,0.267,324,0.952,0.91,4.351e-13,376,A8PWQ8
rank0044_ca6_proteinbinders_3205_A,AF-Q54HW5-F1-model_v6,0.183,343,0.976,0.955,1.717e-10,376,Q54HW5
rank0044_ca6_proteinbinders_3205_A,AF-Q2KIY3-F1-model_v6,0.162,314,0.94,0.607,1.636e-10,373,Q2KIY3
rank0044_ca6_proteinbinders_3205_A,AF-A0A291P0C1-F1-model_v6,0.15,320,0.838,0.736,3.353e-10,372,A0A291P0C1
rank0044_ca6_proteinbinders_3205_A,AF-O75083-3-F1-model_v6,0.239,366,0.907,0.785,3.646e-15,372,O75083-3
rank0044_ca6_proteinbinders_3205_A,AF-P39946-F1-model_v6,0.177,347,0.985,0.702,1.56e-10,371,P39946
rank0044_ca6_proteinbinders_3205_A,AF-P46057-F1-model_v6,0.163,344,0.919,0.92,1.179e-11,368,P46057
rank0044_ca6_proteinbinders_3205_A,AF-Q8IWB7-F1-model_v6,0.158,315,0.943,0.617,1.636e-10,368,Q8IWB7
rank0044_ca6_proteinbinders_3205_A,AF-Q750U8-F1-model_v6,0.195,292,0.808,0.649,8.726e-10,368,Q750U8
rank0044_ca6_proteinbinders_3205_A,AF-Q4QR85-F1-model_v6,0.194,303,0.907,0.863,4.916e-10,367,Q4QR85
rank0044_ca6_proteinbinders_3205_A,AF-Q6PAX7-F1-model_v6,0.236,416,0.946,0.685,3.313e-15,367,Q6PAX7
rank0044_ca6_proteinbinders_3205_A,AF-P35184-F1-model_v6,0.164,317,0.934,0.735,1.487e-10,365,P35184
rank0044_ca6_proteinbinders_3205_A,AF-A7TEN6-F1-model_v6,0.132,306,0.829,0.675,4.686e-10,365,A7TEN6
rank0044_ca6_proteinbinders_3205_A,AF-O75083-F1-model_v6,0.219,415,0.943,0.685,3.011e-15,365,O75083
rank0044_ca6_proteinbinders_3205_A,AF-Q9Y1C1-F1-model_v6,0.175,395,0.973,0.595,7.07e-14,364,Q9Y1C1
rank0044_ca6_proteinbinders_3205_A,AF-Q27GK7-F1-model_v6,0.175,330,0.988,0.285,1.116e-10,364,Q27GK7
rank0044_ca6_proteinbinders_3205_A,AF-O13856-F1-model_v6,0.138,324,0.97,0.842,6.821e-09,361,O13856
rank0044_ca6_proteinbinders_3205_A,AF-Q6P6T4-2-F1-model_v6,0.2,353,0.94,0.557,9.352e-13,361,Q6P6T4-2
rank0044_ca6_proteinbinders_3205_A,AF-Q03774-F1-model_v6,0.161,294,0.808,0.662,8.726e-10,360,Q03774
rank0044_ca6_proteinbinders_3205_A,AF-Q6BP03-F1-model_v6,0.169,297,0.811,0.666,6.244e-10,359,Q6BP03
rank0044_ca6_proteinbinders_3205_A,AF-P53851-F1-model_v6,0.163,246,0.737,0.576,2.499e-09,358,P53851
rank0044_ca6_proteinbinders_3205_A,AF-C5DTN0-F1-model_v6,0.119,353,0.949,0.853,5.952e-10,355,C5DTN0
rank0044_ca6_proteinbinders_3205_A,AF-A6ZYC3-F1-model_v6,0.161,294,0.808,0.662,1.057e-09,355,A6ZYC3
rank0044_ca6_proteinbinders_3205_A,AF-Q6C705-F1-model_v6,0.183,351,0.955,0.916,1.981e-10,353,Q6C705
rank0044_ca6_proteinbinders_3205_A,AF-O89046-F1-model_v6,0.207,339,0.991,0.7,4.916e-10,352,O89046
rank0044_ca6_proteinbinders_3205_A,AF-Q9BTV6-F1-model_v6,0.152,341,0.907,0.754,7.155e-09,351,Q9BTV6
rank0044_ca6_proteinbinders_3205_A,AF-Q6DIF4-F1-model_v6,0.226,416,0.946,0.685,1.326e-14,351,Q6DIF4
rank0044_ca6_proteinbinders_3205_A,AF-Q26613-F1-model_v6,0.152,395,0.973,0.576,3.29e-14,351,Q26613
rank0044_ca6_proteinbinders_3205_A,AF-P0DOC0-5-F1-model_v6,0.141,330,0.988,0.786,2.499e-09,348,P0DOC0-5
rank0044_ca6_proteinbinders_3205_A,AF-P90587-F1-model_v6,0.209,363,0.94,0.604,1.103e-15,348,P90587
rank0044_ca6_proteinbinders_3205_A,AF-Q9LV35-F1-model_v6,0.167,473,0.976,0.777,1.754e-13,348,Q9LV35
rank0044_ca6_proteinbinders_3205_A,AF-Q9WUM4-F1-model_v6,0.188,339,0.991,0.715,4.916e-10,347,Q9WUM4
rank0044_ca6_proteinbinders_3205_A,AF-Q9ULV4-F1-model_v6,0.186,337,0.985,0.711,5.674e-10,347,Q9ULV4
rank0044_ca6_proteinbinders_3205_A,AF-O88342-F1-model_v6,0.212,415,0.943,0.685,3.136e-14,346,O88342
rank0044_ca6_proteinbinders_3205_A,AF-Q6CQH2-F1-model_v6,0.153,373,0.895,0.842,4.259e-10,343,Q6CQH2
rank0044_ca6_proteinbinders_3205_A,AF-Q7TNG5-2-F1-model_v6,0.198,353,0.94,0.528,1.037e-13,343,Q7TNG5-2
rank0044_ca6_proteinbinders_3205_A,AF-Q8GWR1-F1-model_v6,0.187,334,0.964,0.747,3.377e-11,342,Q8GWR1
rank0044_ca6_proteinbinders_3205_A,AF-O00423-F1-model_v6,0.175,353,0.94,0.433,2.451e-13,342,O00423
rank0044_ca6_proteinbinders_3205_A,AF-Q5RBW3-F1-model_v6,0.208,337,0.997,0.364,2.382e-09,342,Q5RBW3
rank0044_ca6_proteinbinders_3205_A,AF-O96622-F1-model_v6,0.155,334,1.0,0.764,1.889e-10,341,O96622
rank0044_ca6_proteinbinders_3205_A,AF-B3LGB9-F1-model_v6,0.163,291,0.799,0.655,2.271e-09,341,B3LGB9
rank0044_ca6_proteinbinders_3205_A,AF-Q7TNG5-3-F1-model_v6,0.198,353,0.94,0.42,1.449e-13,341,Q7TNG5-3
rank0044_ca6_proteinbinders_3205_A,AF-B5VG60-F1-model_v6,0.163,291,0.799,0.655,3.025e-09,337,B5VG60
rank0044_ca6_proteinbinders_3205_A,AF-Q9P2S5-F1-model_v6,0.164,349,0.943,0.759,1.298e-11,337,Q9P2S5
rank0044_ca6_proteinbinders_3205_A,AF-Q920M5-2-F1-model_v6,0.209,334,1.0,0.709,3.87e-10,337,Q920M5-2
rank0044_ca6_proteinbinders_3205_A,AF-Q9CYU6-F1-model_v6,0.177,336,0.91,0.704,1.862e-08,336,Q9CYU6
rank0044_ca6_proteinbinders_3205_A,AF-Q2KJH4-F1-model_v6,0.183,468,0.973,0.772,6.789e-15,336,Q2KJH4
rank0044_ca6_proteinbinders_3205_A,AF-Q4V8C3-F1-model_v6,0.171,353,0.94,0.434,4.788e-13,335,Q4V8C3
rank0044_ca6_proteinbinders_3205_A,AF-Q05BC3-3-F1-model_v6,0.181,353,0.94,0.425,4.788e-13,335,Q05BC3-3
rank0044_ca6_proteinbinders_3205_A,AF-B5DMC9-F1-model_v6,0.196,276,0.826,0.692,7.207e-10,333,B5DMC9
rank0044_ca6_proteinbinders_3205_A,AF-Q3UMY5-2-F1-model_v6,0.181,409,0.946,0.445,6.74e-14,333,Q3UMY5-2
rank0044_ca6_proteinbinders_3205_A,AF-Q9D565-F1-model_v6,0.128,328,0.982,0.298,1.549e-09,332,Q9D565
rank0044_ca6_proteinbinders_3205_A,AF-A2RUS2-2-F1-model_v6,0.158,330,0.988,0.266,1.967e-09,332,A2RUS2-2
rank0044_ca6_proteinbinders_3205_A,AF-P71004-F1-model_v6,0.143,276,0.826,0.555,7.155e-09,331,P71004
rank0044_ca6_proteinbinders_3205_A,AF-Q3UMY5-4-F1-model_v6,0.181,409,0.946,0.467,2.968e-13,331,Q3UMY5-4
rank0044_ca6_proteinbinders_3205_A,AF-P0DOC0-7-F1-model_v6,0.141,330,0.988,0.776,5.12e-09,330,P0DOC0-7
rank0044_ca6_proteinbinders_3205_A,AF-O00423-3-F1-model_v6,0.173,353,0.94,0.423,9.352e-13,330,O00423-3
rank0044_ca6_proteinbinders_3205_A,AF-Q05BC3-F1-model_v6,0.181,353,0.94,0.434,8.916e-13,328,Q05BC3
rank0044_ca6_proteinbinders_3205_A,AF-Q9HC35-F1-model_v6,0.184,408,0.943,0.416,1.196e-13,328,Q9HC35
rank0044_ca6_proteinbinders_3205_A,AF-Q6P6T4-F1-model_v6,0.201,353,0.94,0.544,5.527e-13,327,Q6P6T4
rank0044_ca6_proteinbinders_3205_A,AF-O95834-3-F1-model_v6,0.188,353,0.94,0.415,6.692e-13,327,O95834-3
rank0044_ca6_proteinbinders_3205_A,AF-Q3UMY5-F1-model_v6,0.179,409,0.946,0.414,1.196e-13,327,Q3UMY5
rank0044_ca6_proteinbinders_3205_A,AF-Q32P44-F1-model_v6,0.182,360,0.958,0.402,1.188e-12,326,Q32P44
rank0044_ca6_proteinbinders_3205_A,AF-G5ECZ4-F1-model_v6,0.168,349,0.982,0.252,2.517e-10,326,G5ECZ4
rank0044_ca6_proteinbinders_3205_A,AF-Q05BC3-2-F1-model_v6,0.181,353,0.94,0.451,1.188e-12,325,Q05BC3-2
rank0044_ca6_proteinbinders_3205_A,AF-A8JAN3-F1-model_v6,0.187,457,0.928,0.219,1.237e-11,325,A8JAN3
rank0044_ca6_proteinbinders_3205_A,AF-Q4V8C3-2-F1-model_v6,0.171,353,0.94,0.451,1.509e-12,324,Q4V8C3-2
rank0044_ca6_proteinbinders_3205_A,AF-Q9HC35-2-F1-model_v6,0.181,409,0.946,0.443,1.754e-13,324,Q9HC35-2
rank0044_ca6_proteinbinders_3205_A,AF-B4NER4-F1-model_v6,0.189,269,0.805,0.642,3.843e-09,323,B4NER4
rank0044_ca6_proteinbinders_3205_A,AF-Q1QWF3-F1-model_v6,0.187,277,0.829,0.589,3.069e-11,323,Q1QWF3
rank0044_ca6_proteinbinders_3205_A,AF-Q9VU68-F1-model_v6,0.163,462,0.97,0.76,1.684e-14,323,Q9VU68
rank0044_ca6_proteinbinders_3205_A,AF-Q5LKW0-F1-model_v6,0.133,338,0.85,0.775,7.506e-09,322,Q5LKW0
rank0044_ca6_proteinbinders_3205_A,AF-Q5RKI0-F1-model_v6,0.209,415,0.943,0.685,9.881e-14,322,Q5RKI0
rank0044_ca6_proteinbinders_3205_A,AF-Q3UMY5-3-F1-model_v6,0.176,409,0.946,0.438,2.124e-13,322,Q3UMY5-3
rank0044_ca6_proteinbinders_3205_A,AF-Q8BH44-F1-model_v6,0.171,271,0.811,0.55,5.12e-09,321,Q8BH44
rank0044_ca6_proteinbinders_3205_A,AF-Q9VU68-2-F1-model_v6,0.164,460,0.964,0.762,3.136e-14,320,Q9VU68-2
rank0044_ca6_proteinbinders_3205_A,AF-Q2TAF3-F1-model_v6,0.176,410,0.943,0.442,3.77e-13,318,Q2TAF3
rank0044_ca6_proteinbinders_3205_A,AF-A1CRF7-F1-model_v6,0.118,446,0.967,0.901,1.704e-09,317,A1CRF7
rank0044_ca6_proteinbinders_3205_A,AF-Q6DIP5-F1-model_v6,0.158,410,0.943,0.442,4.565e-13,316,Q6DIP5
rank0044_ca6_proteinbinders_3205_A,AF-A2RUS2-F1-model_v6,0.146,330,0.988,0.255,2.749e-09,316,A2RUS2
rank0044_ca6_proteinbinders_3205_A,AF-Q8VC03-F1-model_v6,0.185,355,0.943,0.396,1.66e-12,315,Q8VC03
rank0044_ca6_proteinbinders_3205_A,AF-Q6F985-F1-model_v6,0.184,277,0.829,0.595,1.014e-10,314,Q6F985
rank0044_ca6_proteinbinders_3205_A,AF-Q7P1V3-F1-model_v6,0.208,268,0.802,0.593,9.671e-11,314,Q7P1V3
rank0044_ca6_proteinbinders_3205_A,AF-Q2P570-F1-model_v6,0.213,273,0.817,0.574,4.951e-11,314,Q2P570
rank0044_ca6_proteinbinders_3205_A,AF-Q9D180-F1-model_v6,0.147,398,0.967,0.319,1.022e-11,314,Q9D180
rank0044_ca6_proteinbinders_3205_A,AF-Q2KV91-F1-model_v6,0.218,268,0.802,0.578,1.717e-10,313,Q2KV91
rank0044_ca6_proteinbinders_3205_A,AF-Q9D565-2-F1-model_v6,0.12,334,1.0,0.346,2.749e-09,313,Q9D565-2
rank0044_ca6_proteinbinders_3205_A,AF-A6VXD7-F1-model_v6,0.194,254,0.76,0.576,2.517e-10,312,A6VXD7
rank0044_ca6_proteinbinders_3205_A,AF-Q9ZU34-F1-model_v6,0.151,474,0.976,0.776,2.809e-12,309,Q9ZU34
rank0044_ca6_proteinbinders_3205_A,AF-Q5H299-F1-model_v6,0.214,274,0.82,0.583,5.194e-11,307,Q5H299
rank0044_ca6_proteinbinders_3205_A,AF-O14301-F1-model_v6,0.186,359,0.916,0.603,6.379e-13,307,O14301
rank0044_ca6_proteinbinders_3205_A,AF-Q8NEZ3-F1-model_v6,0.138,345,0.982,0.257,4.686e-10,307,Q8NEZ3
rank0044_ca6_proteinbinders_3205_A,AF-A7TL79-F1-model_v6,0.117,359,0.937,0.843,4.881e-09,306,A7TL79
rank0044_ca6_proteinbinders_3205_A,AF-B2STJ5-F1-model_v6,0.22,272,0.814,0.574,8.789e-11,305,B2STJ5
rank0044_ca6_proteinbinders_3205_A,AF-A1S7D5-F1-model_v6,0.187,277,0.829,0.574,1.636e-10,305,A1S7D5
rank0044_ca6_proteinbinders_3205_A,AF-Q2SCL8-F1-model_v6,0.238,229,0.686,0.509,1.108e-09,304,Q2SCL8
rank0044_ca6_proteinbinders_3205_A,AF-Q75E79-F1-model_v6,0.133,349,0.937,0.857,8.663e-09,303,Q75E79
rank0044_ca6_proteinbinders_3205_A,AF-Q31H79-F1-model_v6,0.196,265,0.793,0.579,3.196e-10,302,Q31H79
rank0044_ca6_proteinbinders_3205_A,AF-Q6CEI9-F1-model_v6,0.163,340,0.937,0.947,3.329e-09,301,Q6CEI9
rank0044_ca6_proteinbinders_3205_A,AF-Q3BQG0-F1-model_v6,0.214,281,0.841,0.583,1.288e-10,300,Q3BQG0
rank0044_ca6_proteinbinders_3205_A,AF-A4Y5U9-F1-model_v6,0.188,254,0.76,0.543,5.157e-10,300,A4Y5U9
rank0044_ca6_proteinbinders_3205_A,AF-Q9CM71-F1-model_v6,0.194,273,0.817,0.567,6.87e-10,299,Q9CM71
rank0044_ca6_proteinbinders_3205_A,AF-Q15RP1-F1-model_v6,0.175,271,0.811,0.552,4.06e-10,299,Q15RP1
rank0044_ca6_proteinbinders_3205_A,AF-Q3UGF1-F1-model_v6,0.147,348,0.994,0.26,1.549e-09,299,Q3UGF1
rank0044_ca6_proteinbinders_3205_A,AF-Q9P6N1-F1-model_v6,0.182,328,0.946,0.979,3.663e-09,298,Q9P6N1
rank0044_ca6_proteinbinders_3205_A,AF-B8GUI9-F1-model_v6,0.238,223,0.668,0.51,5.157e-10,297,B8GUI9
rank0044_ca6_proteinbinders_3205_A,AF-Q8PHV7-F1-model_v6,0.213,269,0.805,0.579,6.87e-10,297,Q8PHV7
rank0044_ca6_proteinbinders_3205_A,AF-Q7WFN4-F1-model_v6,0.218,268,0.802,0.578,5.157e-10,296,Q7WFN4
rank0044_ca6_proteinbinders_3205_A,AF-Q32P44-2-F1-model_v6,0.172,349,0.922,0.381,5.995e-11,296,Q32P44-2
rank0044_ca6_proteinbinders_3205_A,AF-B0RPZ2-F1-model_v6,0.209,277,0.829,0.583,2.399e-10,295,B0RPZ2
rank0044_ca6_proteinbinders_3205_A,AF-Q8D2E2-F1-model_v6,0.181,280,0.838,0.594,6.549e-10,294,Q8D2E2
rank0044_ca6_proteinbinders_3205_A,AF-A1RKP4-F1-model_v6,0.181,277,0.829,0.572,4.06e-10,294,A1RKP4
rank0044_ca6_proteinbinders_3205_A,AF-Q6FVL4-F1-model_v6,0.123,376,0.931,0.893,7.506e-09,292,Q6FVL4
rank0044_ca6_proteinbinders_3205_A,AF-Q54NA2-F1-model_v6,0.151,324,0.898,0.871,6.821e-09,291,Q54NA2
rank0044_ca6_proteinbinders_3205_A,AF-Q63RA8-F1-model_v6,0.213,268,0.802,0.596,1.549e-09,291,Q63RA8
rank0044_ca6_proteinbinders_3205_A,AF-Q7VU03-F1-model_v6,0.221,268,0.802,0.582,8.726e-10,291,Q7VU03
rank0044_ca6_proteinbinders_3205_A,AF-Q4UXL2-F1-model_v6,0.209,277,0.829,0.583,3.517e-10,291,Q4UXL2
rank0044_ca6_proteinbinders_3205_A,AF-A4IYV5-F1-model_v6,0.185,277,0.829,0.605,1.981e-10,290,A4IYV5
rank0044_ca6_proteinbinders_3205_A,AF-A8FUE5-F1-model_v6,0.193,277,0.829,0.572,8.318e-10,290,A8FUE5
rank0044_ca6_proteinbinders_3205_A,AF-Q5QJC0-F1-model_v6,0.183,279,0.835,0.704,8.663e-09,289,Q5QJC0
rank0044_ca6_proteinbinders_3205_A,AF-Q82XN9-F1-model_v6,0.244,229,0.686,0.515,4.653e-09,288,Q82XN9
rank0044_ca6_proteinbinders_3205_A,AF-Q8P6F2-F1-model_v6,0.21,277,0.829,0.583,5.409e-10,288,Q8P6F2
rank0044_ca6_proteinbinders_3205_A,AF-A5CWT2-F1-model_v6,0.145,317,0.949,0.597,3.69e-10,287,A5CWT2
rank0044_ca6_proteinbinders_3205_A,AF-Q0BNJ4-F1-model_v6,0.182,277,0.829,0.605,4.916e-10,287,Q0BNJ4
rank0044_ca6_proteinbinders_3205_A,AF-Q2A580-F1-model_v6,0.192,277,0.829,0.605,5.674e-10,287,Q2A580
rank0044_ca6_proteinbinders_3205_A,AF-Q9PC84-F1-model_v6,0.18,275,0.823,0.574,8.726e-10,287,Q9PC84
rank0044_ca6_proteinbinders_3205_A,AF-Q5QA94-F1-model_v6,0.184,269,0.796,0.512,1.398e-08,287,Q5QA94
rank0044_ca6_proteinbinders_3205_A,AF-Q6DF62-F1-model_v6,0.105,330,0.988,0.953,4.228e-09,286,Q6DF62
rank0044_ca6_proteinbinders_3205_A,AF-Q5QA93-F1-model_v6,0.136,351,0.967,0.975,6.821e-09,286,Q5QA93
rank0044_ca6_proteinbinders_3205_A,AF-A1AWG2-F1-model_v6,0.175,277,0.829,0.604,5.952e-10,286,A1AWG2
rank0044_ca6_proteinbinders_3205_A,AF-B0UVJ6-F1-model_v6,0.192,277,0.829,0.569,1.342e-09,286,B0UVJ6
rank0044_ca6_proteinbinders_3205_A,AF-Q7W476-F1-model_v6,0.221,268,0.802,0.578,1.408e-09,286,Q7W476
rank0044_ca6_proteinbinders_3205_A,AF-Q1LJX8-F1-model_v6,0.214,275,0.823,0.587,1.549e-09,286,Q1LJX8
rank0044_ca6_proteinbinders_3205_A,AF-Q5WWJ9-F1-model_v6,0.159,277,0.829,0.604,1.057e-09,285,Q5WWJ9
rank0044_ca6_proteinbinders_3205_A,AF-Q21WN7-F1-model_v6,0.197,269,0.805,0.6,2.271e-09,285,Q21WN7
rank0044_ca6_proteinbinders_3205_A,AF-B2T077-F1-model_v6,0.213,263,0.787,0.579,1.342e-09,285,B2T077
rank0044_ca6_proteinbinders_3205_A,AF-B2SET5-F1-model_v6,0.185,277,0.829,0.605,3.69e-10,285,B2SET5
rank0044_ca6_proteinbinders_3205_A,AF-B8EAK3-F1-model_v6,0.187,273,0.817,0.563,6.549e-10,285,B8EAK3
rank0044_ca6_proteinbinders_3205_A,AF-O59681-F1-model_v6,0.144,299,0.841,0.874,2.348e-07,284,O59681
rank0044_ca6_proteinbinders_3205_A,AF-Q3SGT4-F1-model_v6,0.209,256,0.766,0.571,2.382e-09,284,Q3SGT4
rank0044_ca6_proteinbinders_3205_A,AF-A4SJ35-F1-model_v6,0.19,277,0.829,0.569,4.259e-10,284,A4SJ35
rank0044_ca6_proteinbinders_3205_A,AF-Q969X6-F1-model_v6,0.138,400,0.889,0.583,1.237e-11,284,Q969X6
rank0044_ca6_proteinbinders_3205_A,AF-Q8Y1F5-F1-model_v6,0.217,267,0.799,0.6,1.22e-09,283,Q8Y1F5
rank0044_ca6_proteinbinders_3205_A,AF-Q3JP75-F1-model_v6,0.213,268,0.802,0.596,3.329e-09,283,Q3JP75
rank0044_ca6_proteinbinders_3205_A,AF-Q2YZA4-F1-model_v6,0.134,329,0.985,0.873,2.049e-08,282,Q2YZA4
rank0044_ca6_proteinbinders_3205_A,AF-Q5JS37-F1-model_v6,0.145,316,0.946,0.801,1e-08,282,Q5JS37
rank0044_ca6_proteinbinders_3205_A,AF-Q9FHK8-F1-model_v6,0.166,274,0.79,0.733,6.199e-09,282,Q9FHK8
rank0044_ca6_proteinbinders_3205_A,AF-A5IC68-F1-model_v6,0.159,277,0.829,0.604,1.279e-09,282,A5IC68
rank0044_ca6_proteinbinders_3205_A,AF-Q5X4Z1-F1-model_v6,0.174,264,0.79,0.58,2.271e-09,282,Q5X4Z1
rank0044_ca6_proteinbinders_3205_A,AF-A1K2H9-F1-model_v6,0.204,273,0.817,0.576,2.382e-09,282,A1K2H9
rank0044_ca6_proteinbinders_3205_A,AF-Q145B2-F1-model_v6,0.175,316,0.946,0.586,7.56e-10,282,Q145B2
rank0044_ca6_proteinbinders_3205_A,AF-Q1GYT1-F1-model_v6,0.169,308,0.922,0.582,8.318e-10,282,Q1GYT1
rank0044_ca6_proteinbinders_3205_A,AF-Q62I10-F1-model_v6,0.217,268,0.802,0.596,3.492e-09,282,Q62I10
rank0044_ca6_proteinbinders_3205_A,AF-Q14HZ9-F1-model_v6,0.188,277,0.829,0.599,5.409e-10,282,Q14HZ9
rank0044_ca6_proteinbinders_3205_A,AF-P57081-3-F1-model_v6,0.229,180,0.518,0.677,7.761e-07,281,P57081-3
rank0044_ca6_proteinbinders_3205_A,AF-B1YTW7-F1-model_v6,0.197,268,0.802,0.599,1.625e-09,281,B1YTW7
rank0044_ca6_proteinbinders_3205_A,AF-A0Q4U6-F1-model_v6,0.182,277,0.829,0.605,7.207e-10,281,A0Q4U6
rank0044_ca6_proteinbinders_3205_A,AF-A6WY81-F1-model_v6,0.193,218,0.653,0.483,4.881e-09,281,A6WY81
rank0044_ca6_proteinbinders_3205_A,AF-Q474K8-F1-model_v6,0.192,268,0.802,0.569,2.884e-09,281,Q474K8
rank0044_ca6_proteinbinders_3205_A,AF-Q8R3E3-3-F1-model_v6,0.162,276,0.826,0.967,2.365e-08,280,Q8R3E3-3
rank0044_ca6_proteinbinders_3205_A,AF-Q5ZV69-F1-model_v6,0.159,277,0.829,0.604,1.549e-09,280,Q5ZV69
rank0044_ca6_proteinbinders_3205_A,AF-Q0BHY7-F1-model_v6,0.197,268,0.802,0.599,1.875e-09,280,Q0BHY7
rank0044_ca6_proteinbinders_3205_A,AF-Q9HDZ7-F1-model_v6,0.187,332,0.868,0.89,4.881e-09,279,Q9HDZ7
rank0044_ca6_proteinbinders_3205_A,AF-Q87CZ5-F1-model_v6,0.173,275,0.823,0.574,1.788e-09,279,Q87CZ5
rank0044_ca6_proteinbinders_3205_A,AF-Q86MP3-3-F1-model_v6,0.159,309,0.898,0.873,1.1e-08,278,Q86MP3-3
rank0044_ca6_proteinbinders_3205_A,AF-Q8NEZ3-2-F1-model_v6,0.152,350,1.0,0.728,3.174e-09,278,Q8NEZ3-2
rank0044_ca6_proteinbinders_3205_A,AF-Q51480-F1-model_v6,0.18,330,0.874,0.842,3.843e-09,277,Q51480
rank0044_ca6_proteinbinders_3205_A,AF-Q96U88-F1-model_v6,0.17,267,0.799,0.603,3.815e-08,277,Q96U88
rank0044_ca6_proteinbinders_3205_A,AF-Q9VUI3-2-F1-model_v6,0.156,404,0.946,0.493,8.045e-12,277,Q9VUI3-2
rank0044_ca6_proteinbinders_3205_A,AF-Q39J78-F1-model_v6,0.192,268,0.802,0.599,4.228e-09,276,Q39J78
rank0044_ca6_proteinbinders_3205_A,AF-Q95JL5-F1-model_v6,0.148,500,0.934,0.876,1.84e-13,276,Q95JL5
rank0044_ca6_proteinbinders_3205_A,AF-Q1D0D0-F1-model_v6,0.187,270,0.808,0.596,5.12e-09,275,Q1D0D0
rank0044_ca6_proteinbinders_3205_A,AF-Q2SYT0-F1-model_v6,0.213,268,0.802,0.594,7.155e-09,275,Q2SYT0
rank0044_ca6_proteinbinders_3205_A,AF-A9M7J5-F1-model_v6,0.198,218,0.653,0.483,4.031e-09,275,A9M7J5
rank0044_ca6_proteinbinders_3205_A,AF-P32523-F1-model_v6,0.138,332,0.994,0.652,1.953e-08,275,P32523
rank0044_ca6_proteinbinders_3205_A,AF-Q5NGJ7-F1-model_v6,0.185,277,0.829,0.599,1.704e-09,274,Q5NGJ7
rank0044_ca6_proteinbinders_3205_A,AF-Q9TTJ6-F1-model_v6,0.13,266,0.79,0.89,5.633e-09,273,Q9TTJ6
rank0044_ca6_proteinbinders_3205_A,AF-Q15493-F1-model_v6,0.121,266,0.784,0.89,7.506e-09,273,Q15493
rank0044_ca6_proteinbinders_3205_A,AF-Q84FF7-F1-model_v6,0.187,270,0.808,0.596,6.503e-09,273,Q84FF7
rank0044_ca6_proteinbinders_3205_A,AF-A0K4X6-F1-model_v6,0.183,263,0.787,0.58,3.492e-09,273,A0K4X6
rank0044_ca6_proteinbinders_3205_A,AF-Q9Y484-2-F1-model_v6,0.16,330,0.889,0.889,4.002e-08,272,Q9Y484-2
rank0044_ca6_proteinbinders_3205_A,AF-Q484P6-F1-model_v6,0.18,277,0.829,0.559,9.153e-10,272,Q484P6
rank0044_ca6_proteinbinders_3205_A,AF-Q492W9-F1-model_v6,0.144,277,0.829,0.561,2.621e-09,272,Q492W9
rank0044_ca6_proteinbinders_3205_A,AF-Q7VR84-F1-model_v6,0.145,277,0.829,0.589,2.499e-09,272,Q7VR84
rank0044_ca6_proteinbinders_3205_A,AF-Q9BEA0-F1-model_v6,0.138,261,0.781,0.197,7.452e-08,272,Q9BEA0
rank0044_ca6_proteinbinders_3205_A,AF-Q75AQ4-F1-model_v6,0.112,288,0.796,0.718,1.466e-08,271,Q75AQ4
rank0044_ca6_proteinbinders_3205_A,AF-Q1BYS6-F1-model_v6,0.187,268,0.802,0.599,4.435e-09,271,Q1BYS6
rank0044_ca6_proteinbinders_3205_A,AF-B4EDC0-F1-model_v6,0.194,268,0.802,0.599,4.881e-09,271,B4EDC0
rank0044_ca6_proteinbinders_3205_A,AF-Q0VRJ2-F1-model_v6,0.178,267,0.799,0.599,5.12e-09,271,Q0VRJ2
rank0044_ca6_proteinbinders_3205_A,AF-A9WWH3-F1-model_v6,0.198,218,0.653,0.483,5.909e-09,271,A9WWH3
rank0044_ca6_proteinbinders_3205_A,AF-Q91WG4-2-F1-model_v6,0.142,560,0.991,0.756,7.259e-11,271,Q91WG4-2
rank0044_ca6_proteinbinders_3205_A,AF-A4JBU1-F1-model_v6,0.191,268,0.802,0.599,7.155e-09,270,A4JBU1
rank0044_ca6_proteinbinders_3205_A,AF-Q03336-F1-model_v6,0.127,275,0.808,0.92,6.821e-09,269,Q03336
rank0044_ca6_proteinbinders_3205_A,AF-Q86MP3-F1-model_v6,0.161,315,0.91,0.812,2.602e-08,269,Q86MP3
rank0044_ca6_proteinbinders_3205_A,AF-Q478F2-F1-model_v6,0.185,273,0.817,0.577,5.633e-09,269,Q478F2
rank0044_ca6_proteinbinders_3205_A,AF-B2JGA0-F1-model_v6,0.185,305,0.913,0.598,4.228e-09,269,B2JGA0
rank0044_ca6_proteinbinders_3205_A,AF-Q6AKI4-F1-model_v6,0.161,261,0.781,0.568,9.533e-09,269,Q6AKI4
rank0044_ca6_proteinbinders_3205_A,AF-B2S7D4-F1-model_v6,0.198,218,0.653,0.483,6.821e-09,269,B2S7D4
rank0044_ca6_proteinbinders_3205_A,AF-Q62087-F1-model_v6,0.1,333,0.997,0.895,6.821e-09,268,Q62087
rank0044_ca6_proteinbinders_3205_A,AF-Q9P3W2-F1-model_v6,0.132,358,0.955,0.984,3.329e-09,268,Q9P3W2
rank0044_ca6_proteinbinders_3205_A,AF-B1JWH3-F1-model_v6,0.19,268,0.802,0.599,6.503e-09,268,B1JWH3
rank0044_ca6_proteinbinders_3205_A,AF-Q3B584-F1-model_v6,0.186,237,0.71,0.502,1.27e-08,268,Q3B584
rank0044_ca6_proteinbinders_3205_A,AF-A5DVU7-F1-model_v6,0.133,287,0.796,0.546,4.619e-08,268,A5DVU7
rank0044_ca6_proteinbinders_3205_A,AF-Q6TLF6-F1-model_v6,0.104,332,0.994,0.953,1.692e-08,267,Q6TLF6
rank0044_ca6_proteinbinders_3205_A,AF-Q5R837-F1-model_v6,0.129,266,0.79,0.89,7.506e-09,267,Q5R837
rank0044_ca6_proteinbinders_3205_A,AF-Q9CR39-F1-model_v6,0.155,302,0.898,0.878,1.041e-07,267,Q9CR39
rank0044_ca6_proteinbinders_3205_A,AF-Q0AC40-F1-model_v6,0.19,279,0.835,0.6,4.228e-09,267,Q0AC40
rank0044_ca6_proteinbinders_3205_A,AF-A9AFQ0-F1-model_v6,0.194,268,0.802,0.599,6.503e-09,267,A9AFQ0
rank0044_ca6_proteinbinders_3205_A,AF-Q3APB5-F1-model_v6,0.215,254,0.76,0.545,1.466e-08,267,Q3APB5
rank0044_ca6_proteinbinders_3205_A,AF-Q4P4N1-F1-model_v6,0.17,275,0.805,0.607,5.083e-08,267,Q4P4N1
rank0044_ca6_proteinbinders_3205_A,AF-A5CBX4-F1-model_v6,0.197,273,0.817,0.567,3.174e-09,267,A5CBX4
rank0044_ca6_proteinbinders_3205_A,AF-Q5ABA6-F1-model_v6,0.167,288,0.805,0.516,3.637e-08,267,Q5ABA6
rank0044_ca6_proteinbinders_3205_A,AF-Q87Y40-F1-model_v6,0.164,277,0.829,0.591,3.492e-09,266,Q87Y40
rank0044_ca6_proteinbinders_3205_A,AF-Q93TG4-F1-model_v6,0.198,218,0.653,0.483,8.663e-09,266,Q93TG4
rank0044_ca6_proteinbinders_3205_A,AF-C0REV9-F1-model_v6,0.198,218,0.653,0.483,9.088e-09,266,C0REV9
rank0044_ca6_proteinbinders_3205_A,AF-Q6CN23-F1-model_v6,0.129,319,0.955,0.941,1.953e-08,265,Q6CN23
rank0044_ca6_proteinbinders_3205_A,AF-Q2UKH7-F1-model_v6,0.127,443,0.997,0.899,2.365e-08,265,Q2UKH7
rank0044_ca6_proteinbinders_3205_A,AF-Q86MP3-2-F1-model_v6,0.165,313,0.91,0.811,2.864e-08,264,Q86MP3-2
rank0044_ca6_proteinbinders_3205_A,AF-B3CUF6-F1-model_v6,0.195,273,0.817,0.567,3.329e-09,264,B3CUF6
rank0044_ca6_proteinbinders_3205_A,AF-Q64374-F1-model_v6,0.082,330,0.988,0.953,4.653e-09,263,Q64374
rank0044_ca6_proteinbinders_3205_A,AF-Q9I922-F1-model_v6,0.103,330,0.988,0.953,2.049e-08,263,Q9I922
rank0044_ca6_proteinbinders_3205_A,AF-B4PD96-F1-model_v6,0.154,210,0.626,0.326,2.348e-07,263,B4PD96
rank0044_ca6_proteinbinders_3205_A,AF-Q5R7W0-F1-model_v6,0.152,302,0.898,0.878,1.388e-07,262,Q5R7W0
rank0044_ca6_proteinbinders_3205_A,AF-P27169-F1-model_v6,0.123,330,0.988,0.896,1.154e-08,262,P27169
rank0044_ca6_proteinbinders_3205_A,AF-Q91VM3-F1-model_v6,0.155,340,0.919,0.944,2.864e-08,262,Q91VM3
rank0044_ca6_proteinbinders_3205_A,AF-C3PN07-F1-model_v6,0.19,323,0.91,0.727,1.171e-10,262,C3PN07
rank0044_ca6_proteinbinders_3205_A,AF-Q2GBD2-F1-model_v6,0.157,273,0.817,0.554,1.27e-08,262,Q2GBD2
rank0044_ca6_proteinbinders_3205_A,AF-Q6CS21-F1-model_v6,0.162,315,0.805,0.63,1.146e-07,262,Q6CS21
rank0044_ca6_proteinbinders_3205_A,AF-Q6FM63-F1-model_v6,0.147,321,0.802,0.636,7.104e-08,262,Q6FM63
rank0044_ca6_proteinbinders_3205_A,AF-W0T5P4-F1-model_v6,0.148,325,0.805,0.634,1.68e-07,262,W0T5P4
rank0044_ca6_proteinbinders_3205_A,AF-Q5ZL16-F1-model_v6,0.151,302,0.898,0.878,1.388e-07,261,Q5ZL16
rank0044_ca6_proteinbinders_3205_A,AF-B8JD21-F1-model_v6,0.169,264,0.79,0.581,2.73e-08,261,B8JD21
rank0044_ca6_proteinbinders_3205_A,AF-Q2LRP7-F1-model_v6,0.18,270,0.808,0.573,8.663e-09,261,Q2LRP7
rank0044_ca6_proteinbinders_3205_A,AF-P0DOV6-F1-model_v6,0.151,329,0.985,0.955,1.27e-08,260,P0DOV6
rank0044_ca6_proteinbinders_3205_A,AF-Q5MNZ6-F1-model_v6,0.15,302,0.898,0.878,1.261e-07,260,Q5MNZ6
rank0044_ca6_proteinbinders_3205_A,AF-Q5R9V0-F1-model_v6,0.142,316,0.946,0.801,5.593e-08,260,Q5R9V0
rank0044_ca6_proteinbinders_3205_A,AF-Q9BGN0-F1-model_v6,0.103,328,0.982,0.89,9.533e-09,260,Q9BGN0
rank0044_ca6_proteinbinders_3205_A,AF-Q15166-F1-model_v6,0.092,334,1.0,0.898,1.27e-08,260,Q15166
rank0044_ca6_proteinbinders_3205_A,AF-P0CS29-F1-model_v6,0.154,272,0.799,0.643,1.202e-07,260,P0CS29
rank0044_ca6_proteinbinders_3205_A,AF-C4K8V2-F1-model_v6,0.176,277,0.829,0.587,1e-08,260,C4K8V2
rank0044_ca6_proteinbinders_3205_A,AF-P50601-F1-model_v6,0.178,277,0.829,0.59,3.663e-09,260,P50601
rank0044_ca6_proteinbinders_3205_A,AF-Q57WH1-F1-model_v6,0.164,419,0.883,0.238,3.069e-11,260,Q57WH1
rank0044_ca6_proteinbinders_3205_A,AF-Q7ZUX3-F1-model_v6,0.15,320,0.892,0.894,8.602e-08,259,Q7ZUX3
rank0044_ca6_proteinbinders_3205_A,AF-Q4ZWK6-F1-model_v6,0.164,277,0.829,0.591,8.663e-09,259,Q4ZWK6
rank0044_ca6_proteinbinders_3205_A,AF-B4H1F5-F1-model_v6,0.141,247,0.692,0.382,1.261e-07,259,B4H1F5
rank0044_ca6_proteinbinders_3205_A,AF-P01133-F1-model_v6,0.143,269,0.805,0.197,2.134e-07,259,P01133
rank0044_ca6_proteinbinders_3205_A,AF-Q9I923-F1-model_v6,0.104,276,0.82,0.923,2.255e-08,258,Q9I923
rank0044_ca6_proteinbinders_3205_A,AF-A8ZUI2-F1-model_v6,0.176,277,0.829,0.568,3.151e-08,258,A8ZUI2
rank0044_ca6_proteinbinders_3205_A,AF-B3NBB6-F1-model_v6,0.145,265,0.734,0.411,5.867e-08,258,B3NBB6
rank0044_ca6_proteinbinders_3205_A,AF-Q9VKK1-F1-model_v6,0.125,359,0.955,0.265,6.503e-09,258,Q9VKK1
rank0044_ca6_proteinbinders_3205_A,AF-P0DOC0-9-F1-model_v6,0.179,229,0.656,0.792,1.202e-07,257,P0DOC0-9
rank0044_ca6_proteinbinders_3205_A,AF-Q92IL4-F1-model_v6,0.193,323,0.91,0.727,2.769e-10,257,Q92IL4
rank0044_ca6_proteinbinders_3205_A,AF-Q4UM77-F1-model_v6,0.178,311,0.913,0.7,2.287e-10,257,Q4UM77
rank0044_ca6_proteinbinders_3205_A,AF-A3GFE3-F1-model_v6,0.152,309,0.85,0.549,4.404e-08,257,A3GFE3
rank0044_ca6_proteinbinders_3205_A,AF-Q68F45-F1-model_v6,0.167,302,0.898,0.878,1.762e-07,256,Q68F45
rank0044_ca6_proteinbinders_3205_A,AF-Q90952-F1-model_v6,0.12,330,0.988,0.895,2.149e-08,256,Q90952
rank0044_ca6_proteinbinders_3205_A,AF-Q9Y484-3-F1-model_v6,0.159,320,0.889,0.886,3.467e-08,256,Q9Y484-3
rank0044_ca6_proteinbinders_3205_A,AF-Q9Y4P8-3-F1-model_v6,0.152,305,0.841,0.794,9.928e-08,256,Q9Y4P8-3
rank0044_ca6_proteinbinders_3205_A,AF-Q3JER8-F1-model_v6,0.2,308,0.916,0.71,1.801e-10,256,Q3JER8
rank0044_ca6_proteinbinders_3205_A,AF-Q2INP9-F1-model_v6,0.169,264,0.79,0.581,3.151e-08,256,Q2INP9
rank0044_ca6_proteinbinders_3205_A,AF-P43601-F1-model_v6,0.154,317,0.799,0.634,7.452e-08,256,P43601
rank0044_ca6_proteinbinders_3205_A,AF-P27170-F1-model_v6,0.124,332,0.994,0.891,1.862e-08,255,P27170
rank0044_ca6_proteinbinders_3205_A,AF-C0R560-F1-model_v6,0.176,277,0.829,0.612,1.211e-08,255,C0R560
rank0044_ca6_proteinbinders_3205_A,AF-B4QMF4-F1-model_v6,0.14,210,0.626,0.326,3.282e-07,255,B4QMF4
rank0044_ca6_proteinbinders_3205_A,AF-O60336-4-F1-model_v6,0.173,270,0.808,0.229,1.613e-08,255,O60336-4
rank0044_ca6_proteinbinders_3205_A,AF-Q1DKJ3-F1-model_v6,0.135,402,0.832,0.964,8.2e-08,254,Q1DKJ3
rank0044_ca6_proteinbinders_3205_A,AF-P50079-F1-model_v6,0.129,286,0.799,0.638,3.637e-08,254,P50079
rank0044_ca6_proteinbinders_3205_A,AF-B4IXJ2-F1-model_v6,0.175,226,0.668,0.374,2.034e-07,254,B4IXJ2
rank0044_ca6_proteinbinders_3205_A,AF-Q09313-F1-model_v6,0.153,339,0.949,0.367,4.619e-08,254,Q09313
rank0044_ca6_proteinbinders_3205_A,AF-Q06AA3-F1-model_v6,0.122,266,0.79,0.89,2.481e-08,253,Q06AA3
rank0044_ca6_proteinbinders_3205_A,AF-Q2GV40-F1-model_v6,0.16,266,0.796,0.668,2.238e-07,253,Q2GV40
rank0044_ca6_proteinbinders_3205_A,AF-B4UDE1-F1-model_v6,0.169,264,0.79,0.581,4.404e-08,253,B4UDE1
rank0044_ca6_proteinbinders_3205_A,AF-A8GXK7-F1-model_v6,0.195,312,0.913,0.703,4.06e-10,253,A8GXK7
rank0044_ca6_proteinbinders_3205_A,AF-I1RKA1-F1-model_v6,0.138,268,0.802,0.577,2.71e-07,253,I1RKA1
rank0044_ca6_proteinbinders_3205_A,AF-Q75F47-F1-model_v6,0.151,331,0.802,0.616,4.168e-07,253,Q75F47
rank0044_ca6_proteinbinders_3205_A,AF-P54832-F1-model_v6,0.102,328,0.982,0.89,2.365e-08,252,P54832
rank0044_ca6_proteinbinders_3205_A,AF-P0CS28-F1-model_v6,0.154,272,0.799,0.643,2.348e-07,252,P0CS28
rank0044_ca6_proteinbinders_3205_A,AF-Q48FD0-F1-model_v6,0.164,277,0.829,0.591,1.27e-08,252,Q48FD0
rank0044_ca6_proteinbinders_3205_A,AF-Q5MNZ9-2-F1-model_v6,0.143,350,0.964,0.794,3.151e-08,252,Q5MNZ9-2
rank0044_ca6_proteinbinders_3205_A,AF-Q2PFX5-F1-model_v6,0.105,332,0.994,0.953,8.663e-09,251,Q2PFX5
rank0044_ca6_proteinbinders_3205_A,AF-Q91090-F1-model_v6,0.124,328,0.982,0.89,1.692e-08,251,Q91090
rank0044_ca6_proteinbinders_3205_A,AF-Q58DS7-F1-model_v6,0.102,328,0.982,0.89,4.002e-08,251,Q58DS7
rank0044_ca6_proteinbinders_3205_A,AF-Q73IV6-F1-model_v6,0.176,277,0.829,0.612,1.775e-08,251,Q73IV6
rank0044_ca6_proteinbinders_3205_A,AF-Q6LP47-F1-model_v6,0.177,336,0.949,0.748,6.288e-11,251,Q6LP47
rank0044_ca6_proteinbinders_3205_A,AF-D4GP31-F1-model_v6,0.151,328,0.982,0.928,7.873e-09,250,D4GP31
rank0044_ca6_proteinbinders_3205_A,AF-Q9TTJ5-F1-model_v6,0.129,266,0.79,0.89,2.049e-08,250,Q9TTJ5
rank0044_ca6_proteinbinders_3205_A,AF-Q7SG97-F1-model_v6,0.183,267,0.799,0.573,1.527e-07,250,Q7SG97
rank0044_ca6_proteinbinders_3205_A,AF-A3QD46-F1-model_v6,0.175,323,0.934,0.732,1.636e-10,250,A3QD46
rank0044_ca6_proteinbinders_3205_A,AF-Q726K4-F1-model_v6,0.205,230,0.689,0.514,5.083e-08,250,Q726K4
rank0044_ca6_proteinbinders_3205_A,AF-P01130-2-F1-model_v6,0.116,275,0.823,0.364,1.146e-07,250,P01130-2
rank0044_ca6_proteinbinders_3205_A,AF-A1VNY1-F1-model_v6,0.211,313,0.937,0.72,2.18e-10,249,A1VNY1
rank0044_ca6_proteinbinders_3205_A,AF-Q39PS9-F1-model_v6,0.172,272,0.814,0.592,1.202e-07,249,Q39PS9
rank0044_ca6_proteinbinders_3205_A,AF-Q12PE6-F1-model_v6,0.168,318,0.913,0.719,1.801e-10,249,Q12PE6
rank0044_ca6_proteinbinders_3205_A,AF-A5F753-F1-model_v6,0.182,336,0.946,0.747,1.889e-10,249,A5F753
rank0044_ca6_proteinbinders_3205_A,AF-P01130-6-F1-model_v6,0.112,275,0.823,0.336,1.202e-07,249,P01130-6
rank0044_ca6_proteinbinders_3205_A,AF-Q924X6-2-F1-model_v6,0.118,279,0.835,0.287,9.465e-08,249,Q924X6-2
rank0044_ca6_proteinbinders_3205_A,AF-Q9Y4P8-5-F1-model_v6,0.143,288,0.79,0.658,1.849e-07,248,Q9Y4P8-5
rank0044_ca6_proteinbinders_3205_A,AF-P0DOC0-4-F1-model_v6,0.176,217,0.647,0.764,3.128e-07,247,P0DOC0-4
rank0044_ca6_proteinbinders_3205_A,AF-Q0HHM8-F1-model_v6,0.183,318,0.913,0.719,4.467e-10,247,Q0HHM8
rank0044_ca6_proteinbinders_3205_A,AF-Q1RJW5-F1-model_v6,0.202,308,0.898,0.694,7.207e-10,247,Q1RJW5
rank0044_ca6_proteinbinders_3205_A,AF-Q9KR11-F1-model_v6,0.182,336,0.946,0.747,1.889e-10,247,Q9KR11
rank0044_ca6_proteinbinders_3205_A,AF-A7A258-F1-model_v6,0.154,331,0.841,0.662,7.452e-08,247,A7A258
rank0044_ca6_proteinbinders_3205_A,AF-Q8UEU8-F1-model_v6,0.181,311,0.931,0.84,1.466e-08,246,Q8UEU8
rank0044_ca6_proteinbinders_3205_A,AF-A1CBB8-F1-model_v6,0.14,417,0.832,1.0,5.593e-08,246,A1CBB8
rank0044_ca6_proteinbinders_3205_A,AF-Q93VB2-F1-model_v6,0.16,321,0.91,0.755,1.939e-07,246,Q93VB2
rank0044_ca6_proteinbinders_3205_A,AF-Q3A097-F1-model_v6,0.229,231,0.692,0.519,1.939e-07,246,Q3A097
rank0044_ca6_proteinbinders_3205_A,AF-Q084K1-F1-model_v6,0.176,318,0.913,0.719,3.047e-10,246,Q084K1
rank0044_ca6_proteinbinders_3205_A,AF-Q87QT9-F1-model_v6,0.175,333,0.931,0.74,1.981e-10,246,Q87QT9
rank0044_ca6_proteinbinders_3205_A,AF-Q9VUI3-F1-model_v6,0.153,404,0.946,0.375,6.92e-11,246,Q9VUI3
rank0044_ca6_proteinbinders_3205_A,AF-P55159-F1-model_v6,0.118,330,0.988,0.896,3.815e-08,245,P55159
rank0044_ca6_proteinbinders_3205_A,AF-Q6BUX9-F1-model_v6,0.141,284,0.79,0.657,6.772e-08,245,Q6BUX9
rank0044_ca6_proteinbinders_3205_A,AF-A0KY89-F1-model_v6,0.177,318,0.913,0.719,3.517e-10,245,A0KY89
rank0044_ca6_proteinbinders_3205_A,AF-A8GMX9-F1-model_v6,0.176,323,0.91,0.727,1.625e-09,245,A8GMX9
rank0044_ca6_proteinbinders_3205_A,AF-B4HVU2-F1-model_v6,0.15,210,0.626,0.326,1.138e-06,245,B4HVU2
rank0044_ca6_proteinbinders_3205_A,AF-P01130-3-F1-model_v6,0.115,275,0.823,0.358,1.092e-07,245,P01130-3
rank0044_ca6_proteinbinders_3205_A,AF-P01130-F1-model_v6,0.112,275,0.823,0.288,1.849e-07,245,P01130
rank0044_ca6_proteinbinders_3205_A,AF-P98165-F1-model_v6,0.141,249,0.746,0.272,4.168e-07,245,P98165
rank0044_ca6_proteinbinders_3205_A,AF-B1ANS9-F1-model_v6,0.127,317,0.826,0.293,2.621e-09,245,B1ANS9
rank0044_ca6_proteinbinders_3205_A,AF-Q68FP2-F1-model_v6,0.097,333,0.997,0.895,5.867e-08,244,Q68FP2
rank0044_ca6_proteinbinders_3205_A,AF-A3D3E2-F1-model_v6,0.183,318,0.913,0.719,7.207e-10,244,A3D3E2
rank0044_ca6_proteinbinders_3205_A,AF-Q0HTY0-F1-model_v6,0.177,318,0.913,0.719,3.87e-10,244,Q0HTY0
rank0044_ca6_proteinbinders_3205_A,AF-E1BKF9-F1-model_v6,0.144,558,0.961,0.896,7.02e-13,244,E1BKF9
rank0044_ca6_proteinbinders_3205_A,AF-Q14114-4-F1-model_v6,0.119,280,0.838,0.32,5.593e-08,244,Q14114-4
rank0044_ca6_proteinbinders_3205_A,AF-P01130-4-F1-model_v6,0.112,275,0.823,0.303,2.034e-07,244,P01130-4
rank0044_ca6_proteinbinders_3205_A,AF-O60336-3-F1-model_v6,0.155,515,0.931,0.371,7.669e-12,244,O60336-3
rank0044_ca6_proteinbinders_3205_A,AF-P0DOC0-2-F1-model_v6,0.153,312,0.934,0.88,9.465e-08,243,P0DOC0-2
rank0044_ca6_proteinbinders_3205_A,AF-Q15165-1-F1-model_v6,0.102,332,0.994,0.898,6.772e-08,243,Q15165-1
rank0044_ca6_proteinbinders_3205_A,AF-Q9Y484-F1-model_v6,0.163,317,0.889,0.881,2.843e-07,243,Q9Y484
rank0044_ca6_proteinbinders_3205_A,AF-A6VQ96-F1-model_v6,0.206,315,0.943,0.703,9.153e-10,243,A6VQ96
rank0044_ca6_proteinbinders_3205_A,AF-A8H5P7-F1-model_v6,0.163,317,0.916,0.72,4.916e-10,243,A8H5P7
rank0044_ca6_proteinbinders_3205_A,AF-A9KY50-F1-model_v6,0.183,318,0.913,0.719,7.93e-10,243,A9KY50
rank0044_ca6_proteinbinders_3205_A,AF-A8GRJ1-F1-model_v6,0.182,323,0.91,0.727,9.602e-10,243,A8GRJ1
rank0044_ca6_proteinbinders_3205_A,AF-B7VMJ2-F1-model_v6,0.188,336,0.946,0.747,7.614e-11,243,B7VMJ2
rank0044_ca6_proteinbinders_3205_A,AF-Q15165-F1-model_v6,0.102,332,0.994,0.898,7.452e-08,242,Q15165
rank0044_ca6_proteinbinders_3205_A,AF-Q6DCV0-F1-model_v6,0.156,337,0.919,0.949,9.023e-08,242,Q6DCV0
rank0044_ca6_proteinbinders_3205_A,AF-B0BA52-F1-model_v6,0.191,256,0.766,0.587,5.867e-08,242,B0BA52
rank0044_ca6_proteinbinders_3205_A,AF-B0U2E8-F1-model_v6,0.183,308,0.913,0.702,1.007e-09,242,B0U2E8
rank0044_ca6_proteinbinders_3205_A,AF-A4WQ04-F1-model_v6,0.205,272,0.814,0.568,1.613e-08,242,A4WQ04
rank0044_ca6_proteinbinders_3205_A,AF-Q28TS0-F1-model_v6,0.198,273,0.817,0.573,1.862e-08,242,Q28TS0
rank0044_ca6_proteinbinders_3205_A,AF-C3LND9-F1-model_v6,0.182,336,0.946,0.747,3.353e-10,242,C3LND9
rank0044_ca6_proteinbinders_3205_A,AF-O95970-F1-model_v6,0.104,331,0.988,0.594,2.238e-07,242,O95970
rank0044_ca6_proteinbinders_3205_A,AF-Q14112-F1-model_v6,0.136,284,0.85,0.185,1.456e-07,242,Q14112
rank0044_ca6_proteinbinders_3205_A,AF-B3CP06-F1-model_v6,0.165,277,0.829,0.615,3.815e-08,241,B3CP06
rank0044_ca6_proteinbinders_3205_A,AF-Q5LNU4-F1-model_v6,0.217,265,0.793,0.583,2.73e-08,241,Q5LNU4
rank0044_ca6_proteinbinders_3205_A,AF-Q8EDJ8-F1-model_v6,0.181,324,0.91,0.733,4.686e-10,241,Q8EDJ8
rank0044_ca6_proteinbinders_3205_A,AF-Q4G061-F1-model_v6,0.182,313,0.937,0.391,4.881e-09,241,Q4G061
rank0044_ca6_proteinbinders_3205_A,AF-Q6IMG5-F1-model_v6,0.146,290,0.868,0.73,2.134e-07,240,Q6IMG5
rank0044_ca6_proteinbinders_3205_A,AF-A3PM58-F1-model_v6,0.191,272,0.814,0.568,1.27e-08,240,A3PM58
rank0044_ca6_proteinbinders_3205_A,AF-P52430-F1-model_v6,0.115,330,0.988,0.893,5.593e-08,239,P52430
rank0044_ca6_proteinbinders_3205_A,AF-Q3KL97-F1-model_v6,0.189,254,0.76,0.582,8.2e-08,239,Q3KL97
rank0044_ca6_proteinbinders_3205_A,AF-A6WM46-F1-model_v6,0.177,318,0.913,0.719,7.207e-10,239,A6WM46
rank0044_ca6_proteinbinders_3205_A,AF-C4K1V5-F1-model_v6,0.178,323,0.91,0.727,4.259e-10,239,C4K1V5
rank0044_ca6_proteinbinders_3205_A,AF-A8LHQ6-F1-model_v6,0.191,273,0.817,0.57,3.004e-08,239,A8LHQ6
rank0044_ca6_proteinbinders_3205_A,AF-A8X7Z3-F1-model_v6,0.15,336,0.928,0.355,4.372e-07,239,A8X7Z3
rank0044_ca6_proteinbinders_3205_A,AF-Q640T2-F1-model_v6,0.159,302,0.898,0.878,4.586e-07,238,Q640T2
rank0044_ca6_proteinbinders_3205_A,AF-A6SJ85-F1-model_v6,0.144,413,0.82,0.952,2.348e-07,238,A6SJ85
rank0044_ca6_proteinbinders_3205_A,AF-B0TPX8-F1-model_v6,0.16,317,0.916,0.72,1.408e-09,238,B0TPX8
rank0044_ca6_proteinbinders_3205_A,AF-B0BWZ3-F1-model_v6,0.181,324,0.913,0.73,5.157e-10,238,B0BWZ3
rank0044_ca6_proteinbinders_3205_A,AF-Q8K4Z0-F1-model_v6,0.099,332,0.994,0.591,1.668e-06,238,Q8K4Z0
rank0044_ca6_proteinbinders_3205_A,AF-Q9TZM3-F1-model_v6,0.104,384,0.994,0.16,8.2e-08,238,Q9TZM3
rank0044_ca6_proteinbinders_3205_A,AF-P0DOC0-3-F1-model_v6,0.142,330,0.988,0.858,2.73e-08,237,P0DOC0-3
rank0044_ca6_proteinbinders_3205_A,AF-A6QTX7-F1-model_v6,0.129,384,0.832,0.96,9.397e-07,237,A6QTX7
rank0044_ca6_proteinbinders_3205_A,AF-A0KP93-F1-model_v6,0.165,328,0.949,0.744,4.686e-10,237,A0KP93
rank0044_ca6_proteinbinders_3205_A,AF-Q7MJ87-F1-model_v6,0.192,335,0.946,0.746,1.56e-10,237,Q7MJ87
rank0044_ca6_proteinbinders_3205_A,AF-B5E081-F1-model_v6,0.134,304,0.904,0.441,1e-08,237,B5E081
rank0044_ca6_proteinbinders_3205_A,AF-Q1MC72-F1-model_v6,0.176,308,0.922,0.692,1.279e-09,236,Q1MC72
rank0044_ca6_proteinbinders_3205_A,AF-A8F168-F1-model_v6,0.178,323,0.91,0.727,2.271e-09,236,A8F168
rank0044_ca6_proteinbinders_3205_A,AF-Q3J041-F1-model_v6,0.191,272,0.814,0.568,2.049e-08,236,Q3J041
rank0044_ca6_proteinbinders_3205_A,AF-Q12C28-F1-model_v6,0.2,313,0.937,0.725,1.22e-09,235,Q12C28
rank0044_ca6_proteinbinders_3205_A,AF-B5R699-F1-model_v6,0.199,317,0.946,0.737,1.108e-09,235,B5R699
rank0044_ca6_proteinbinders_3205_A,AF-Q5PCN2-F1-model_v6,0.199,317,0.946,0.737,6.244e-10,235,Q5PCN2
rank0044_ca6_proteinbinders_3205_A,AF-Q8R3E3-F1-model_v6,0.125,357,0.865,0.8,2.481e-08,235,Q8R3E3
rank0044_ca6_proteinbinders_3205_A,AF-Q6C044-F1-model_v6,0.162,283,0.835,0.707,8.54e-07,234,Q6C044
rank0044_ca6_proteinbinders_3205_A,AF-A8GB93-F1-model_v6,0.19,309,0.913,0.719,1.22e-09,234,A8GB93
rank0044_ca6_proteinbinders_3205_A,AF-A1JRK8-F1-model_v6,0.191,317,0.946,0.737,5.952e-10,234,A1JRK8
rank0044_ca6_proteinbinders_3205_A,AF-Q9U489-2-F1-model_v6,0.121,322,0.964,0.275,5.047e-07,234,Q9U489-2
rank0044_ca6_proteinbinders_3205_A,AF-O34353-F1-model_v6,0.121,280,0.743,0.805,1.613e-08,233,O34353
rank0044_ca6_proteinbinders_3205_A,AF-Q62086-F1-model_v6,0.116,326,0.976,0.881,1.261e-07,233,Q62086
rank0044_ca6_proteinbinders_3205_A,AF-P53873-F1-model_v6,0.116,355,0.961,0.994,3.788e-07,233,P53873
rank0044_ca6_proteinbinders_3205_A,AF-A1DE24-F1-model_v6,0.139,414,0.832,0.965,2.843e-07,233,A1DE24
rank0044_ca6_proteinbinders_3205_A,AF-A4W889-F1-model_v6,0.188,319,0.946,0.742,1.549e-09,233,A4W889
rank0044_ca6_proteinbinders_3205_A,AF-B5BC62-F1-model_v6,0.197,315,0.94,0.733,9.153e-10,233,B5BC62
rank0044_ca6_proteinbinders_3205_A,AF-Q6DCN1-F1-model_v6,0.123,343,0.829,0.792,6.456e-08,233,Q6DCN1
rank0044_ca6_proteinbinders_3205_A,AF-Q0I1N1-F1-model_v6,0.184,320,0.958,0.71,1.163e-09,233,Q0I1N1
rank0044_ca6_proteinbinders_3205_A,AF-B9JRY0-F1-model_v6,0.177,314,0.94,0.706,1.342e-09,233,B9JRY0
rank0044_ca6_proteinbinders_3205_A,AF-Q68X69-F1-model_v6,0.179,323,0.91,0.729,7.207e-10,233,Q68X69
rank0044_ca6_proteinbinders_3205_A,AF-Q6G5R6-F1-model_v6,0.154,218,0.653,0.483,1.602e-07,233,Q6G5R6
rank0044_ca6_proteinbinders_3205_A,AF-Q167Z6-F1-model_v6,0.173,283,0.847,0.51,6.456e-08,233,Q167Z6
rank0044_ca6_proteinbinders_3205_A,AF-Q21HP0-F1-model_v6,0.163,318,0.949,0.715,2.621e-09,233,Q21HP0
rank0044_ca6_proteinbinders_3205_A,AF-Q5B464-F1-model_v6,0.16,311,0.844,0.981,6.456e-08,232,Q5B464
rank0044_ca6_proteinbinders_3205_A,AF-Q609K4-F1-model_v6,0.23,317,0.949,0.738,7.207e-10,232,Q609K4
rank0044_ca6_proteinbinders_3205_A,AF-Q57RK3-F1-model_v6,0.196,317,0.946,0.737,9.602e-10,232,Q57RK3
rank0044_ca6_proteinbinders_3205_A,AF-Q8Z8C0-F1-model_v6,0.2,315,0.94,0.733,1.704e-09,232,Q8Z8C0
rank0044_ca6_proteinbinders_3205_A,AF-Q2NUL4-F1-model_v6,0.188,307,0.913,0.714,2.499e-09,232,Q2NUL4
rank0044_ca6_proteinbinders_3205_A,AF-A4TNS8-F1-model_v6,0.192,319,0.946,0.742,6.244e-10,232,A4TNS8
rank0044_ca6_proteinbinders_3205_A,AF-B0M0P5-F1-model_v6,0.119,334,0.991,0.283,5.593e-08,232,B0M0P5
rank0044_ca6_proteinbinders_3205_A,AF-P46218-F1-model_v6,0.161,267,0.799,0.942,4.586e-07,231,P46218
rank0044_ca6_proteinbinders_3205_A,AF-C5BEL8-F1-model_v6,0.192,319,0.946,0.742,1.279e-09,231,C5BEL8
rank0044_ca6_proteinbinders_3205_A,AF-O84604-F1-model_v6,0.2,260,0.778,0.587,1.527e-07,231,O84604
rank0044_ca6_proteinbinders_3205_A,AF-Q5ZHN3-F1-model_v6,0.129,348,0.844,0.798,3.467e-08,231,Q5ZHN3
rank0044_ca6_proteinbinders_3205_A,AF-A6UCS7-F1-model_v6,0.175,312,0.934,0.7,1.408e-09,231,A6UCS7
rank0044_ca6_proteinbinders_3205_A,AF-Q95RU0-F1-model_v6,0.132,241,0.68,0.374,1.252e-06,231,Q95RU0
rank0044_ca6_proteinbinders_3205_A,AF-Q9U489-F1-model_v6,0.109,314,0.844,0.274,8.54e-07,231,Q9U489
rank0044_ca6_proteinbinders_3205_A,AF-P56553-F1-model_v6,0.103,292,0.766,0.859,1.939e-07,230,P56553
rank0044_ca6_proteinbinders_3205_A,AF-Q9Y4P8-2-F1-model_v6,0.13,345,0.835,0.812,3.004e-08,230,Q9Y4P8-2
rank0044_ca6_proteinbinders_3205_A,AF-A7KAM8-F1-model_v6,0.14,413,0.832,0.967,2.982e-07,230,A7KAM8
rank0044_ca6_proteinbinders_3205_A,AF-Q8ZQT5-F1-model_v6,0.196,317,0.946,0.737,1.108e-09,230,Q8ZQT5
rank0044_ca6_proteinbinders_3205_A,AF-Q6D7F2-F1-model_v6,0.183,319,0.946,0.742,8.318e-10,230,Q6D7F2
rank0044_ca6_proteinbinders_3205_A,AF-Q8ZGZ1-F1-model_v6,0.193,317,0.946,0.737,9.602e-10,230,Q8ZGZ1
rank0044_ca6_proteinbinders_3205_A,AF-Q65UN0-F1-model_v6,0.208,305,0.913,0.708,9.153e-10,230,Q65UN0
rank0044_ca6_proteinbinders_3205_A,AF-B5ZNL9-F1-model_v6,0.176,308,0.922,0.692,2.271e-09,230,B5ZNL9
rank0044_ca6_proteinbinders_3205_A,AF-B3PYX5-F1-model_v6,0.179,308,0.922,0.69,3.174e-09,230,B3PYX5
rank0044_ca6_proteinbinders_3205_A,AF-Q6FYQ1-F1-model_v6,0.146,229,0.686,0.498,1.849e-07,230,Q6FYQ1
rank0044_ca6_proteinbinders_3205_A,AF-Q9JIA1-F1-model_v6,0.113,331,0.988,0.594,5.825e-07,230,Q9JIA1
rank0044_ca6_proteinbinders_3205_A,AF-B4LM71-F1-model_v6,0.14,304,0.904,0.441,2.602e-08,230,B4LM71
rank0044_ca6_proteinbinders_3205_A,AF-P0DOC0-10-F1-model_v6,0.187,212,0.632,0.785,4.168e-07,229,P0DOC0-10
rank0044_ca6_proteinbinders_3205_A,AF-Q6AXM8-F1-model_v6,0.118,328,0.982,0.898,2.348e-07,229,Q6AXM8
rank0044_ca6_proteinbinders_3205_A,AF-Q5P4Z6-F1-model_v6,0.203,317,0.949,0.735,2.884e-09,229,Q5P4Z6
rank0044_ca6_proteinbinders_3205_A,AF-B0BT52-F1-model_v6,0.2,296,0.88,0.695,4.881e-09,229,B0BT52
rank0044_ca6_proteinbinders_3205_A,AF-Q7VKU3-F1-model_v6,0.175,316,0.946,0.723,1.875e-09,229,Q7VKU3
rank0044_ca6_proteinbinders_3205_A,AF-A5UGQ1-F1-model_v6,0.218,315,0.943,0.707,1.549e-09,229,A5UGQ1
rank0044_ca6_proteinbinders_3205_A,AF-Q83MM7-F1-model_v6,0.198,319,0.946,0.742,9.153e-10,229,Q83MM7
rank0044_ca6_proteinbinders_3205_A,AF-Q0T6X7-F1-model_v6,0.198,319,0.946,0.742,9.153e-10,229,Q0T6X7
rank0044_ca6_proteinbinders_3205_A,AF-Q32II1-F1-model_v6,0.198,319,0.946,0.742,9.602e-10,229,Q32II1
rank0044_ca6_proteinbinders_3205_A,AF-Q7ZWU5-F1-model_v6,0.149,346,0.838,0.795,9.465e-08,229,Q7ZWU5
rank0044_ca6_proteinbinders_3205_A,AF-Q8R3E3-2-F1-model_v6,0.128,357,0.865,0.817,2.365e-08,229,Q8R3E3-2
rank0044_ca6_proteinbinders_3205_A,AF-Q5QYU0-F1-model_v6,0.164,332,0.931,0.739,1.342e-09,229,Q5QYU0
rank0044_ca6_proteinbinders_3205_A,AF-Q3IJ16-F1-model_v6,0.191,322,0.91,0.712,1.163e-09,229,Q3IJ16
rank0044_ca6_proteinbinders_3205_A,AF-Q6MA25-F1-model_v6,0.149,259,0.772,0.552,2.034e-07,229,Q6MA25
rank0044_ca6_proteinbinders_3205_A,AF-Q98931-F1-model_v6,0.125,269,0.805,0.265,2.584e-07,229,Q98931
rank0044_ca6_proteinbinders_3205_A,AF-Q9PJE1-F1-model_v6,0.186,277,0.829,0.627,9.023e-08,228,Q9PJE1
rank0044_ca6_proteinbinders_3205_A,AF-B1IXY9-F1-model_v6,0.198,319,0.946,0.742,1.108e-09,228,B1IXY9
rank0044_ca6_proteinbinders_3205_A,AF-C4ZWL5-F1-model_v6,0.198,319,0.946,0.742,1.108e-09,228,C4ZWL5
rank0044_ca6_proteinbinders_3205_A,AF-C6DCE7-F1-model_v6,0.186,319,0.946,0.742,1.057e-09,228,C6DCE7
rank0044_ca6_proteinbinders_3205_A,AF-B5XZC1-F1-model_v6,0.187,319,0.946,0.742,1.625e-09,228,B5XZC1
rank0044_ca6_proteinbinders_3205_A,AF-B7ULM0-F1-model_v6,0.198,319,0.946,0.742,1.057e-09,228,B7ULM0
rank0044_ca6_proteinbinders_3205_A,AF-B7LAE7-F1-model_v6,0.198,319,0.946,0.742,1.108e-09,228,B7LAE7
rank0044_ca6_proteinbinders_3205_A,AF-P0A857-F1-model_v6,0.198,319,0.946,0.742,1.108e-09,228,P0A857
rank0044_ca6_proteinbinders_3205_A,AF-B7M6B0-F1-model_v6,0.198,319,0.946,0.742,1.057e-09,228,B7M6B0
rank0044_ca6_proteinbinders_3205_A,AF-B7LKL8-F1-model_v6,0.202,319,0.946,0.742,1.342e-09,228,B7LKL8
rank0044_ca6_proteinbinders_3205_A,AF-B0B8H3-F1-model_v6,0.192,269,0.805,0.613,1.202e-07,228,B0B8H3
rank0044_ca6_proteinbinders_3205_A,AF-Q3K7W5-F1-model_v6,0.207,302,0.904,0.691,6.821e-09,228,Q3K7W5
rank0044_ca6_proteinbinders_3205_A,AF-B1KIF6-F1-model_v6,0.17,328,0.946,0.742,2.271e-09,228,B1KIF6
rank0044_ca6_proteinbinders_3205_A,AF-Q8DAM3-F1-model_v6,0.186,335,0.949,0.746,4.686e-10,228,Q8DAM3
rank0044_ca6_proteinbinders_3205_A,AF-A5DHI9-F1-model_v6,0.158,329,0.805,0.579,5.294e-07,228,A5DHI9
rank0044_ca6_proteinbinders_3205_A,AF-B4J6D5-F1-model_v6,0.134,304,0.904,0.441,3.151e-08,228,B4J6D5
rank0044_ca6_proteinbinders_3205_A,AF-P55884-F1-model_v6,0.168,313,0.934,0.385,4.881e-09,228,P55884
rank0044_ca6_proteinbinders_3205_A,AF-P98163-F1-model_v6,0.137,374,0.91,0.189,2.365e-08,228,P98163
rank0044_ca6_proteinbinders_3205_A,AF-B7MFZ3-F1-model_v6,0.198,319,0.946,0.742,1.22e-09,227,B7MFZ3
rank0044_ca6_proteinbinders_3205_A,AF-B7NMV9-F1-model_v6,0.198,319,0.946,0.742,1.163e-09,227,B7NMV9
rank0044_ca6_proteinbinders_3205_A,AF-Q1REI5-F1-model_v6,0.198,319,0.946,0.742,1.22e-09,227,Q1REI5
rank0044_ca6_proteinbinders_3205_A,AF-Q3Z464-F1-model_v6,0.198,319,0.946,0.742,1.22e-09,227,Q3Z464
rank0044_ca6_proteinbinders_3205_A,AF-Q1CFM9-F1-model_v6,0.192,319,0.946,0.742,1.108e-09,227,Q1CFM9
rank0044_ca6_proteinbinders_3205_A,AF-Q8KEQ0-F1-model_v6,0.168,286,0.85,0.659,2.481e-08,227,Q8KEQ0
rank0044_ca6_proteinbinders_3205_A,AF-B8CLE4-F1-model_v6,0.154,318,0.913,0.719,2.884e-09,227,B8CLE4
rank0044_ca6_proteinbinders_3205_A,AF-Q96WW0-F1-model_v6,0.129,404,0.964,0.836,1.27e-08,227,Q96WW0
rank0044_ca6_proteinbinders_3205_A,AF-B4P5F7-F1-model_v6,0.141,304,0.904,0.441,2.602e-08,227,B4P5F7
rank0044_ca6_proteinbinders_3205_A,AF-B4MQL8-F1-model_v6,0.143,304,0.904,0.441,6.155e-08,227,B4MQL8
rank0044_ca6_proteinbinders_3205_A,AF-A3MZ21-F1-model_v6,0.193,297,0.883,0.697,4.653e-09,226,A3MZ21
rank0044_ca6_proteinbinders_3205_A,AF-B2K8G1-F1-model_v6,0.192,319,0.946,0.742,1.22e-09,226,B2K8G1
rank0044_ca6_proteinbinders_3205_A,AF-P0A856-F1-model_v6,0.2,319,0.946,0.742,1.408e-09,226,P0A856
rank0044_ca6_proteinbinders_3205_A,AF-B2TUC6-F1-model_v6,0.198,319,0.946,0.742,1.342e-09,226,B2TUC6
rank0044_ca6_proteinbinders_3205_A,AF-Q9Y4P8-4-F1-model_v6,0.129,347,0.841,0.796,3.637e-08,226,Q9Y4P8-4
rank0044_ca6_proteinbinders_3205_A,AF-Q6FXC1-F1-model_v6,0.134,282,0.793,0.634,7.761e-07,226,Q6FXC1
rank0044_ca6_proteinbinders_3205_A,AF-P35951-F1-model_v6,0.114,280,0.838,0.292,3.282e-07,226,P35951
rank0044_ca6_proteinbinders_3205_A,AF-Q95ND4-F1-model_v6,0.115,253,0.757,0.191,5.294e-07,226,Q95ND4
rank0044_ca6_proteinbinders_3205_A,AF-Q0WPK3-F1-model_v6,0.147,296,0.79,0.757,2.348e-07,225,Q0WPK3
rank0044_ca6_proteinbinders_3205_A,AF-Q2U6D5-F1-model_v6,0.148,413,0.832,1.0,2.982e-07,225,Q2U6D5
rank0044_ca6_proteinbinders_3205_A,AF-A5UAA5-F1-model_v6,0.221,315,0.943,0.707,2.621e-09,225,A5UAA5
rank0044_ca6_proteinbinders_3205_A,AF-P44677-F1-model_v6,0.221,315,0.943,0.707,2.499e-09,225,P44677
rank0044_ca6_proteinbinders_3205_A,AF-B5QX24-F1-model_v6,0.2,315,0.94,0.733,3.663e-09,225,B5QX24
rank0044_ca6_proteinbinders_3205_A,AF-Q0TJV4-F1-model_v6,0.2,319,0.946,0.742,1.625e-09,225,Q0TJV4
rank0044_ca6_proteinbinders_3205_A,AF-B7MPN1-F1-model_v6,0.198,319,0.946,0.742,1.549e-09,225,B7MPN1
rank0044_ca6_proteinbinders_3205_A,AF-A9R2G2-F1-model_v6,0.192,319,0.946,0.742,1.549e-09,225,A9R2G2
rank0044_ca6_proteinbinders_3205_A,AF-B1X6S1-F1-model_v6,0.198,319,0.946,0.742,1.549e-09,225,B1X6S1
rank0044_ca6_proteinbinders_3205_A,AF-Q8U9L4-F1-model_v6,0.179,308,0.922,0.692,3.843e-09,225,Q8U9L4
rank0044_ca6_proteinbinders_3205_A,AF-Q926C2-F1-model_v6,0.176,312,0.934,0.7,3.492e-09,225,Q926C2
rank0044_ca6_proteinbinders_3205_A,AF-B5FD05-F1-model_v6,0.171,333,0.931,0.74,4.06e-10,225,B5FD05
rank0044_ca6_proteinbinders_3205_A,AF-Q1EGL1-F1-model_v6,0.1,328,0.982,0.593,4.138e-06,225,Q1EGL1
rank0044_ca6_proteinbinders_3205_A,AF-A7EW77-F1-model_v6,0.136,415,0.826,0.981,8.54e-07,224,A7EW77
rank0044_ca6_proteinbinders_3205_A,AF-Q934G6-F1-model_v6,0.196,316,0.946,0.738,1.967e-09,224,Q934G6
rank0044_ca6_proteinbinders_3205_A,AF-B2VBQ7-F1-model_v6,0.178,319,0.946,0.742,1.875e-09,224,B2VBQ7
rank0044_ca6_proteinbinders_3205_A,AF-Q324H2-F1-model_v6,0.201,319,0.946,0.742,1.549e-09,224,Q324H2
rank0044_ca6_proteinbinders_3205_A,AF-B7N9Y9-F1-model_v6,0.198,319,0.946,0.742,1.625e-09,224,B7N9Y9
rank0044_ca6_proteinbinders_3205_A,AF-Q1I6F4-F1-model_v6,0.21,301,0.901,0.686,1e-08,224,Q1I6F4
rank0044_ca6_proteinbinders_3205_A,AF-Q6AY57-F1-model_v6,0.13,345,0.835,0.775,6.155e-08,224,Q6AY57
rank0044_ca6_proteinbinders_3205_A,AF-Q5MNZ9-F1-model_v6,0.124,357,0.865,0.8,7.452e-08,224,Q5MNZ9
rank0044_ca6_proteinbinders_3205_A,AF-Q5E689-F1-model_v6,0.169,337,0.943,0.749,3.87e-10,224,Q5E689
rank0044_ca6_proteinbinders_3205_A,AF-P0A174-F1-model_v6,0.209,312,0.934,0.704,5.633e-09,223,P0A174
rank0044_ca6_proteinbinders_3205_A,AF-Q4K7E4-F1-model_v6,0.211,302,0.904,0.691,1.27e-08,223,Q4K7E4
rank0044_ca6_proteinbinders_3205_A,AF-Q80W47-F1-model_v6,0.12,347,0.841,0.78,8.602e-08,223,Q80W47
rank0044_ca6_proteinbinders_3205_A,AF-A7HV03-F1-model_v6,0.171,303,0.907,0.668,8.259e-09,223,A7HV03
rank0044_ca6_proteinbinders_3205_A,AF-B1ANS9-2-F1-model_v6,0.134,307,0.796,0.336,5.909e-09,223,B1ANS9-2
rank0044_ca6_proteinbinders_3205_A,AF-Q92673-F1-model_v6,0.133,273,0.817,0.108,1.138e-06,223,Q92673
rank0044_ca6_proteinbinders_3205_A,AF-P0A855-F1-model_v6,0.198,319,0.946,0.742,1.967e-09,222,P0A855
rank0044_ca6_proteinbinders_3205_A,AF-Q7N6T6-F1-model_v6,0.187,319,0.946,0.742,2.165e-09,222,Q7N6T6
rank0044_ca6_proteinbinders_3205_A,AF-A7ZJC2-F1-model_v6,0.198,319,0.946,0.742,2.064e-09,222,A7ZJC2
rank0044_ca6_proteinbinders_3205_A,AF-P0A173-F1-model_v6,0.213,312,0.934,0.704,7.506e-09,222,P0A173
rank0044_ca6_proteinbinders_3205_A,AF-C3JYS2-F1-model_v6,0.205,302,0.904,0.691,1.398e-08,222,C3JYS2
rank0044_ca6_proteinbinders_3205_A,AF-Q1EGL2-F1-model_v6,0.104,331,0.988,0.594,8.54e-07,222,Q1EGL2
rank0044_ca6_proteinbinders_3205_A,AF-Q1CAF2-F1-model_v6,0.192,319,0.946,0.742,2.271e-09,221,Q1CAF2
rank0044_ca6_proteinbinders_3205_A,AF-A7FKQ3-F1-model_v6,0.193,317,0.946,0.737,2.884e-09,221,A7FKQ3
rank0044_ca6_proteinbinders_3205_A,AF-B1JG47-F1-model_v6,0.192,319,0.946,0.742,2.382e-09,221,B1JG47
rank0044_ca6_proteinbinders_3205_A,AF-Q98F84-F1-model_v6,0.166,311,0.931,0.7,6.503e-09,221,Q98F84
rank0044_ca6_proteinbinders_3205_A,AF-Q83F59-F1-model_v6,0.198,314,0.925,0.719,3.663e-09,221,Q83F59
rank0044_ca6_proteinbinders_3205_A,AF-Q1GE19-F1-model_v6,0.2,265,0.793,0.578,8.602e-08,221,Q1GE19
rank0044_ca6_proteinbinders_3205_A,AF-Q8FZ07-F1-model_v6,0.17,308,0.922,0.682,6.199e-09,221,Q8FZ07
rank0044_ca6_proteinbinders_3205_A,AF-Q2YRD7-F1-model_v6,0.172,308,0.922,0.682,5.37e-09,221,Q2YRD7
rank0044_ca6_proteinbinders_3205_A,AF-A7MB16-F1-model_v6,0.177,313,0.937,0.397,3.004e-08,221,A7MB16
rank0044_ca6_proteinbinders_3205_A,AF-Q9Y6I7-3-F1-model_v6,0.221,213,0.638,0.852,9.465e-08,220,Q9Y6I7-3
rank0044_ca6_proteinbinders_3205_A,AF-A2RAG5-F1-model_v6,0.138,415,0.832,1.0,3.973e-07,220,A2RAG5
rank0044_ca6_proteinbinders_3205_A,AF-A8EZF5-F1-model_v6,0.185,324,0.91,0.73,9.533e-09,220,A8EZF5
rank0044_ca6_proteinbinders_3205_A,AF-Q9Y4P8-F1-model_v6,0.151,331,0.91,0.729,2.134e-07,220,Q9Y4P8
rank0044_ca6_proteinbinders_3205_A,AF-O95970-3-F1-model_v6,0.105,331,0.988,0.65,5.047e-07,220,O95970-3
rank0044_ca6_proteinbinders_3205_A,AF-Q6BIL4-F1-model_v6,0.147,282,0.775,0.502,1.085e-06,220,Q6BIL4
rank0044_ca6_proteinbinders_3205_A,AF-B4HMV9-F1-model_v6,0.14,304,0.904,0.441,5.593e-08,220,B4HMV9
rank0044_ca6_proteinbinders_3205_A,AF-Q256H8-F1-model_v6,0.177,273,0.817,0.616,6.41e-07,219,Q256H8
rank0044_ca6_proteinbinders_3205_A,AF-Q66D90-F1-model_v6,0.197,319,0.946,0.742,2.271e-09,219,Q66D90
rank0044_ca6_proteinbinders_3205_A,AF-Q2Y5H0-F1-model_v6,0.206,312,0.934,0.714,4.031e-09,219,Q2Y5H0
rank0044_ca6_proteinbinders_3205_A,AF-Q11DI2-F1-model_v6,0.166,308,0.922,0.69,7.155e-09,219,Q11DI2
rank0044_ca6_proteinbinders_3205_A,AF-Q5NR65-F1-model_v6,0.186,304,0.895,0.664,1.692e-08,219,Q5NR65
rank0044_ca6_proteinbinders_3205_A,AF-Q5E9T6-F1-model_v6,0.102,331,0.988,0.621,5.553e-07,219,Q5E9T6
rank0044_ca6_proteinbinders_3205_A,AF-Q821G5-F1-model_v6,0.179,273,0.817,0.616,5.294e-07,218,Q821G5
rank0044_ca6_proteinbinders_3205_A,AF-Q5R945-F1-model_v6,0.095,333,0.988,0.598,6.724e-07,218,Q5R945
rank0044_ca6_proteinbinders_3205_A,AF-P20063-F1-model_v6,0.134,251,0.751,0.282,1.75e-06,218,P20063
rank0044_ca6_proteinbinders_3205_A,AF-A1Z877-F1-model_v6,0.16,234,0.653,0.173,5.825e-07,218,A1Z877
rank0044_ca6_proteinbinders_3205_A,AF-Q5L4R3-F1-model_v6,0.191,277,0.829,0.623,1.939e-07,217,Q5L4R3
rank0044_ca6_proteinbinders_3205_A,AF-B5YRE4-F1-model_v6,0.201,319,0.946,0.742,3.174e-09,217,B5YRE4
rank0044_ca6_proteinbinders_3205_A,AF-A5VS52-F1-model_v6,0.17,308,0.922,0.682,9.088e-09,217,A5VS52
rank0044_ca6_proteinbinders_3205_A,AF-Q1GWC1-F1-model_v6,0.176,314,0.904,0.692,2.481e-08,217,Q1GWC1
rank0044_ca6_proteinbinders_3205_A,AF-Q2K4L8-F1-model_v6,0.171,308,0.922,0.69,1.154e-08,216,Q2K4L8
rank0044_ca6_proteinbinders_3205_A,AF-Q57BI3-F1-model_v6,0.17,308,0.922,0.682,9.533e-09,216,Q57BI3
rank0044_ca6_proteinbinders_3205_A,AF-Q2W2B0-F1-model_v6,0.175,312,0.934,0.689,5.633e-09,216,Q2W2B0
rank0044_ca6_proteinbinders_3205_A,AF-Q3SP21-F1-model_v6,0.181,301,0.901,0.656,1.27e-08,216,Q3SP21
rank0044_ca6_proteinbinders_3205_A,AF-Q5FQB9-F1-model_v6,0.181,286,0.856,0.625,1.27e-08,216,Q5FQB9
rank0044_ca6_proteinbinders_3205_A,AF-Q2RVF0-F1-model_v6,0.176,309,0.925,0.679,1e-08,215,Q2RVF0
rank0044_ca6_proteinbinders_3205_A,AF-Q4FN21-F1-model_v6,0.171,303,0.907,0.677,1.398e-08,215,Q4FN21
rank0044_ca6_proteinbinders_3205_A,AF-B6EGK3-F1-model_v6,0.175,329,0.919,0.731,2.271e-09,215,B6EGK3
rank0044_ca6_proteinbinders_3205_A,AF-Q8K4Y5-F1-model_v6,0.106,331,0.988,0.594,7.761e-07,215,Q8K4Y5
rank0044_ca6_proteinbinders_3205_A,AF-Q9ZDM5-F1-model_v6,0.188,323,0.91,0.729,5.909e-09,214,Q9ZDM5
rank0044_ca6_proteinbinders_3205_A,AF-B3LP36-F1-model_v6,0.106,354,0.958,0.992,2.691e-06,213,B3LP36
rank0044_ca6_proteinbinders_3205_A,AF-Q9HEU0-F1-model_v6,0.125,331,0.991,0.855,8.958e-07,213,Q9HEU0
rank0044_ca6_proteinbinders_3205_A,AF-Q5BH53-F1-model_v6,0.14,414,0.832,0.965,7.761e-07,213,Q5BH53
rank0044_ca6_proteinbinders_3205_A,AF-Q7ZUW6-F1-model_v6,0.138,323,0.826,0.939,1.202e-07,212,Q7ZUW6
rank0044_ca6_proteinbinders_3205_A,AF-Q9A3H4-F1-model_v6,0.183,308,0.922,0.694,2.365e-08,212,Q9A3H4
rank0044_ca6_proteinbinders_3205_A,AF-A7TPY4-F1-model_v6,0.144,366,0.805,0.656,1.75e-06,212,A7TPY4
rank0044_ca6_proteinbinders_3205_A,AF-A6ZRQ0-F1-model_v6,0.119,355,0.961,0.994,1.668e-06,211,A6ZRQ0
rank0044_ca6_proteinbinders_3205_A,AF-Q5PBH8-F1-model_v6,0.182,331,0.961,0.751,9.088e-09,211,Q5PBH8
rank0044_ca6_proteinbinders_3205_A,AF-C7GTF9-F1-model_v6,0.117,354,0.958,0.992,2.02e-06,210,C7GTF9
rank0044_ca6_proteinbinders_3205_A,AF-Q4QNG0-F1-model_v6,0.212,314,0.94,0.731,5.37e-09,210,Q4QNG0
rank0044_ca6_proteinbinders_3205_A,AF-A5V876-F1-model_v6,0.176,302,0.892,0.688,3.467e-08,210,A5V876
rank0044_ca6_proteinbinders_3205_A,AF-N4WEA4-F1-model_v6,0.145,276,0.751,0.581,4.554e-06,210,N4WEA4
rank0044_ca6_proteinbinders_3205_A,AF-Q8GYD7-F1-model_v6,0.132,302,0.79,0.768,9.857e-07,209,Q8GYD7
rank0044_ca6_proteinbinders_3205_A,AF-Q5HX54-F1-model_v6,0.161,275,0.823,0.644,8.958e-07,209,Q5HX54
rank0044_ca6_proteinbinders_3205_A,AF-Q0CW30-F1-model_v6,0.123,414,0.832,1.0,6.41e-07,209,Q0CW30
rank0044_ca6_proteinbinders_3205_A,AF-Q6FNI6-F1-model_v6,0.13,319,0.955,0.704,4.586e-07,209,Q6FNI6
rank0044_ca6_proteinbinders_3205_A,AF-Q9Y817-F1-model_v6,0.107,405,0.904,0.312,1.261e-07,209,Q9Y817
rank0044_ca6_proteinbinders_3205_A,AF-Q86MP3-4-F1-model_v6,0.164,239,0.665,0.857,2.823e-06,208,Q86MP3-4
rank0044_ca6_proteinbinders_3205_A,AF-P0DSP1-F1-model_v6,0.143,280,0.838,0.111,5.011e-06,207,P0DSP1
rank0044_ca6_proteinbinders_3205_A,AF-Q0U2J8-F1-model_v6,0.131,378,0.844,0.913,7.346e-06,205,Q0U2J8
rank0044_ca6_proteinbinders_3205_A,AF-P92976-F1-model_v6,0.13,327,0.979,0.918,1.194e-06,204,P92976
rank0044_ca6_proteinbinders_3205_A,AF-P94111-F1-model_v6,0.137,328,0.982,0.904,1.59e-06,204,P94111
rank0044_ca6_proteinbinders_3205_A,AF-Q6NAR1-F1-model_v6,0.175,301,0.901,0.664,5.867e-08,204,Q6NAR1
rank0044_ca6_proteinbinders_3205_A,AF-A8WX15-F1-model_v6,0.156,332,0.925,0.464,3.442e-07,204,A8WX15
rank0044_ca6_proteinbinders_3205_A,AF-O16466-2-F1-model_v6,0.113,355,0.832,0.901,1.041e-07,203,O16466-2
rank0044_ca6_proteinbinders_3205_A,AF-Q6MRB2-F1-model_v6,0.186,308,0.889,0.668,5.867e-08,203,Q6MRB2
rank0044_ca6_proteinbinders_3205_A,AF-Q9Y4P8-6-F1-model_v6,0.123,330,0.787,0.745,3.282e-07,202,Q9Y4P8-6
rank0044_ca6_proteinbinders_3205_A,AF-B5VQM2-F1-model_v6,0.11,354,0.958,0.992,2.445e-06,201,B5VQM2
rank0044_ca6_proteinbinders_3205_A,AF-O01811-F1-model_v6,0.081,330,0.988,0.87,1.445e-06,200,O01811
rank0044_ca6_proteinbinders_3205_A,AF-Q74H67-F1-model_v6,0.172,307,0.919,0.699,1.261e-07,200,Q74H67
rank0044_ca6_proteinbinders_3205_A,AF-O16466-F1-model_v6,0.118,354,0.832,0.859,1.849e-07,198,O16466
rank0044_ca6_proteinbinders_3205_A,AF-Q9Z7C4-F1-model_v6,0.159,273,0.817,0.608,4.341e-06,197,Q9Z7C4
rank0044_ca6_proteinbinders_3205_A,AF-Q2G9L1-F1-model_v6,0.15,303,0.895,0.657,1.092e-07,197,Q2G9L1
rank0044_ca6_proteinbinders_3205_A,AF-Q8CCN5-F1-model_v6,0.119,382,0.805,0.412,9.787e-06,195,Q8CCN5
rank0044_ca6_proteinbinders_3205_A,AF-Q20X63-F1-model_v6,0.172,301,0.901,0.66,1.849e-07,194,Q20X63
rank0044_ca6_proteinbinders_3205_A,AF-Q1QHQ6-F1-model_v6,0.191,301,0.901,0.656,9.928e-08,192,Q1QHQ6
rank0044_ca6_proteinbinders_3205_A,AF-Q8J1M3-F1-model_v6,0.141,411,0.958,0.566,9.857e-07,192,Q8J1M3
rank0044_ca6_proteinbinders_3205_A,AF-Q8J1L4-F1-model_v6,0.141,412,0.961,0.567,1.085e-06,192,Q8J1L4
rank0044_ca6_proteinbinders_3205_A,AF-Q89ED5-F1-model_v6,0.185,308,0.922,0.672,9.023e-08,191,Q89ED5
rank0044_ca6_proteinbinders_3205_A,AF-Q5VT25-2-F1-model_v6,0.113,332,0.994,0.172,7.346e-06,190,Q5VT25-2
rank0044_ca6_proteinbinders_3205_A,AF-A4QPB2-2-F1-model_v6,0.115,222,0.665,0.871,1.505e-05,188,A4QPB2-2
rank0044_ca6_proteinbinders_3205_A,AF-Q2IZ40-F1-model_v6,0.179,302,0.904,0.659,2.034e-07,188,Q2IZ40
rank0044_ca6_proteinbinders_3205_A,AF-C8ZG43-F1-model_v6,0.109,315,0.943,0.829,4.341e-06,186,C8ZG43
rank0044_ca6_proteinbinders_3205_A,AF-Q9UW98-F1-model_v6,0.146,411,0.958,0.566,1.445e-06,186,Q9UW98
rank0044_ca6_proteinbinders_3205_A,AF-Q5AZ42-F1-model_v6,0.146,427,0.901,0.552,3.467e-08,184,Q5AZ42
rank0044_ca6_proteinbinders_3205_A,AF-Q9ZK86-F1-model_v6,0.128,309,0.925,0.736,3.128e-07,183,Q9ZK86
rank0044_ca6_proteinbinders_3205_A,AF-C9JR72-F1-model_v6,0.17,228,0.677,0.498,9.33e-06,182,C9JR72
rank0044_ca6_proteinbinders_3205_A,AF-Q9H6U6-2-F1-model_v6,0.113,314,0.674,0.344,9.787e-06,182,Q9H6U6-2
rank0044_ca6_proteinbinders_3205_A,AF-Q9H6U6-3-F1-model_v6,0.116,314,0.674,0.336,8.894e-06,182,Q9H6U6-3
rank0044_ca6_proteinbinders_3205_A,AF-Q59P11-F1-model_v6,0.1,439,0.808,0.738,2.207e-05,179,Q59P11
rank0044_ca6_proteinbinders_3205_A,AF-Q1CSE0-F1-model_v6,0.129,309,0.925,0.736,3.282e-07,178,Q1CSE0
rank0044_ca6_proteinbinders_3205_A,AF-Q9H6U6-8-F1-model_v6,0.113,314,0.674,0.331,1.368e-05,178,Q9H6U6-8
rank0044_ca6_proteinbinders_3205_A,AF-Q9A9Z1-F1-model_v6,0.148,260,0.778,0.896,1.185e-05,177,Q9A9Z1
rank0044_ca6_proteinbinders_3205_A,AF-C5FH88-F1-model_v6,0.145,368,0.88,0.507,5.011e-06,177,C5FH88
rank0044_ca6_proteinbinders_3205_A,AF-Q8H1Q5-F1-model_v6,0.108,410,0.829,0.442,6.067e-06,177,Q8H1Q5
rank0044_ca6_proteinbinders_3205_A,AF-Q9H6U6-F1-model_v6,0.111,314,0.674,0.338,1.822e-05,176,Q9H6U6
rank0044_ca6_proteinbinders_3205_A,AF-P08941-F1-model_v6,0.113,264,0.757,0.114,1.027e-05,176,P08941
rank0044_ca6_proteinbinders_3205_A,AF-Q15165-3-F1-model_v6,0.109,332,0.994,0.895,7.346e-06,175,Q15165-3
rank0044_ca6_proteinbinders_3205_A,AF-Q7VJ16-F1-model_v6,0.09,309,0.925,0.735,9.397e-07,174,Q7VJ16
rank0044_ca6_proteinbinders_3205_A,AF-O25751-F1-model_v6,0.123,309,0.925,0.736,7.761e-07,172,O25751
rank0044_ca6_proteinbinders_3205_A,AF-Q8CCN5-2-F1-model_v6,0.118,314,0.689,0.596,2.315e-05,172,Q8CCN5-2
rank0044_ca6_proteinbinders_3205_A,AF-Q9H6U6-7-F1-model_v6,0.11,314,0.674,0.338,1.912e-05,172,Q9H6U6-7
rank0044_ca6_proteinbinders_3205_A,AF-Q8I7T3-F1-model_v6,0.122,270,0.802,0.284,8.418e-05,172,Q8I7T3
rank0044_ca6_proteinbinders_3205_A,AF-Q8SY41-F1-model_v6,0.126,306,0.671,0.273,2.207e-05,171,Q8SY41
rank0044_ca6_proteinbinders_3205_A,AF-Q8C828-F1-model_v6,0.141,233,0.692,0.509,2.547e-05,169,Q8C828
rank0044_ca6_proteinbinders_3205_A,AF-O66606-F1-model_v6,0.097,332,0.994,0.63,4.341e-06,169,O66606
rank0044_ca6_proteinbinders_3205_A,AF-Q7TT49-F1-model_v6,0.103,332,0.994,0.177,4.31e-05,169,Q7TT49
rank0044_ca6_proteinbinders_3205_A,AF-Q9SJ40-F1-model_v6,0.121,329,0.985,0.34,1.656e-05,168,Q9SJ40
rank0044_ca6_proteinbinders_3205_A,AF-Q9PJ14-F1-model_v6,0.147,327,0.979,0.806,6.41e-07,166,Q9PJ14
rank0044_ca6_proteinbinders_3205_A,AF-Q0D2K2-F1-model_v6,0.145,276,0.826,0.401,3.56e-05,162,Q0D2K2
rank0044_ca6_proteinbinders_3205_A,AF-A8WHR0-F1-model_v6,0.104,412,0.994,0.783,1.516e-06,158,A8WHR0
rank0044_ca6_proteinbinders_3205_A,AF-Q5H9S7-F1-model_v6,0.102,412,0.994,0.792,1.516e-06,156,Q5H9S7
rank0044_ca6_proteinbinders_3205_A,AF-Q7MA16-F1-model_v6,0.134,298,0.892,0.703,7.706e-06,150,Q7MA16
rank0044_ca6_proteinbinders_3205_A,AF-Q9VHG1-F1-model_v6,0.115,327,0.979,0.377,3.393e-05,144,Q9VHG1
rank0044_ca6_proteinbinders_3205_A,AF-Q3TUL7-F1-model_v6,0.096,410,0.991,0.79,2.331e-06,141,Q3TUL7
rank0044_ca6_proteinbinders_3205_A,AF-P24555-F1-model_v6,0.106,365,0.934,0.532,1.822e-05,134,P24555
rank0044_ca6_proteinbinders_3205_A,AF-Q06211-F1-model_v6,0.09,338,0.928,0.24,3.393e-05,132,Q06211
rank0044_ca6_proteinbinders_3205_A,AF-Q8C167-F1-model_v6,0.114,307,0.892,0.423,2.547e-05,130,Q8C167
rank0046_ca6_proteinbinders_1436_A,AF-Q7Z5J1-F1-model_v6,0.119,195,0.927,0.619,7.671e-05,107,Q7Z5J1
rank0048_ca6_proteinbinders_2497_A,AF-G1K3N4-F1-model_v6,0.108,331,0.965,0.818,5.332e-05,115,G1K3N4
rank0050_ca6_proteinbinders_2799_A,AF-Q8TUZ9-F1-model_v6,0.146,233,0.957,0.983,2.853e-07,157,Q8TUZ9
rank0050_ca6_proteinbinders_2799_A,AF-Q9YG90-F1-model_v6,0.188,258,0.996,0.949,1.396e-06,131,Q9YG90
rank0050_ca6_proteinbinders_2799_A,AF-B2ICL0-F1-model_v6,0.148,223,0.855,0.808,7.263e-06,129,B2ICL0
rank0050_ca6_proteinbinders_2799_A,AF-A6UU96-F1-model_v6,0.122,233,0.94,0.991,1.93e-05,128,A6UU96
rank0050_ca6_proteinbinders_2799_A,AF-Q7MAS1-F1-model_v6,0.185,228,0.872,0.898,1.578e-06,128,Q7MAS1
rank0050_ca6_proteinbinders_2799_A,AF-A8MJ87-F1-model_v6,0.148,214,0.915,0.792,5.352e-06,125,A8MJ87
rank0050_ca6_proteinbinders_2799_A,AF-B9DMC3-F1-model_v6,0.181,219,0.936,0.891,7.863e-05,123,B9DMC3
rank0050_ca6_proteinbinders_2799_A,AF-Q9X4H5-F1-model_v6,0.154,242,0.953,0.964,9.857e-06,122,Q9X4H5
rank0050_ca6_proteinbinders_2799_A,AF-Q6LZC1-F1-model_v6,0.129,233,0.94,0.987,2.051e-05,120,Q6LZC1
rank0050_ca6_proteinbinders_2799_A,AF-A4FY92-F1-model_v6,0.14,234,0.944,0.992,1.114e-05,120,A4FY92
rank0050_ca6_proteinbinders_2799_A,AF-O67506-F1-model_v6,0.158,227,0.932,0.86,1.338e-05,120,O67506
rank0050_ca6_proteinbinders_2799_A,AF-A9A7Q1-F1-model_v6,0.143,234,0.944,0.992,1.512e-05,118,A9A7Q1
rank0050_ca6_proteinbinders_2799_A,AF-A8G9H6-F1-model_v6,0.193,202,0.863,0.73,5.451e-05,118,A8G9H6
rank0050_ca6_proteinbinders_2799_A,AF-B0TDM7-F1-model_v6,0.145,245,0.94,0.939,1.422e-05,118,B0TDM7
rank0050_ca6_proteinbinders_2799_A,AF-Q2SRA7-F1-model_v6,0.138,219,0.936,0.883,6.959e-05,117,Q2SRA7
rank0050_ca6_proteinbinders_2799_A,AF-A3DJF7-F1-model_v6,0.14,226,0.868,0.893,1.422e-05,117,A3DJF7
rank0050_ca6_proteinbinders_2799_A,AF-A6VK15-F1-model_v6,0.137,233,0.94,0.987,2.464e-05,116,A6VK15
rank0050_ca6_proteinbinders_2799_A,AF-B0JY78-F1-model_v6,0.169,242,0.91,0.953,3.71e-06,116,B0JY78
rank0050_ca6_proteinbinders_2799_A,AF-A6USK6-F1-model_v6,0.125,234,0.944,0.992,3.146e-05,115,A6USK6
rank0050_ca6_proteinbinders_2799_A,AF-Q8R885-F1-model_v6,0.138,226,0.859,0.893,6.047e-06,115,Q8R885
rank0050_ca6_proteinbinders_2799_A,AF-B1LUA2-F1-model_v6,0.146,227,0.855,0.85,3.555e-05,115,B1LUA2
rank0050_ca6_proteinbinders_2799_A,AF-O29439-F1-model_v6,0.172,244,0.859,0.9,2.619e-05,115,O29439
rank0050_ca6_proteinbinders_2799_A,AF-Q8TYW8-F1-model_v6,0.158,257,0.91,0.945,1.93e-05,115,Q8TYW8
rank0050_ca6_proteinbinders_2799_A,AF-B1W5S5-F1-model_v6,0.159,236,0.932,0.944,2.464e-05,114,B1W5S5
rank0050_ca6_proteinbinders_2799_A,AF-Q7N932-F1-model_v6,0.158,229,0.979,0.83,9.444e-05,114,Q7N932
rank0050_ca6_proteinbinders_2799_A,AF-Q8YT31-F1-model_v6,0.172,228,0.859,0.88,1.93e-05,114,Q8YT31
rank0050_ca6_proteinbinders_2799_A,AF-A5CZ73-F1-model_v6,0.152,247,0.953,0.98,1.607e-05,113,A5CZ73
rank0050_ca6_proteinbinders_2799_A,AF-B7HKD4-F1-model_v6,0.139,247,0.953,0.98,1.816e-05,112,B7HKD4
rank0050_ca6_proteinbinders_2799_A,AF-C0Z6P4-F1-model_v6,0.123,232,0.91,0.921,1.708e-05,112,C0Z6P4
rank0050_ca6_proteinbinders_2799_A,AF-B7LXU3-F1-model_v6,0.185,228,0.974,0.826,4.824e-05,112,B7LXU3
rank0050_ca6_proteinbinders_2799_A,AF-B0R3D6-F1-model_v6,0.148,214,0.863,0.704,2.784e-05,112,B0R3D6
rank0050_ca6_proteinbinders_2799_A,AF-C1L0J2-F1-model_v6,0.137,224,0.859,0.892,2.181e-05,111,C1L0J2
rank0050_ca6_proteinbinders_2799_A,AF-C1FN42-F1-model_v6,0.154,233,0.91,0.921,2.318e-05,111,C1FN42
rank0050_ca6_proteinbinders_2799_A,AF-A7FU82-F1-model_v6,0.155,233,0.91,0.921,3.555e-05,111,A7FU82
rank0050_ca6_proteinbinders_2799_A,AF-Q9RPQ4-F1-model_v6,0.139,227,0.868,0.894,2.959e-05,111,Q9RPQ4
rank0050_ca6_proteinbinders_2799_A,AF-B8GU32-F1-model_v6,0.144,252,0.957,0.984,1.708e-05,111,B8GU32
rank0050_ca6_proteinbinders_2799_A,AF-Q0SX30-F1-model_v6,0.185,228,0.974,0.826,5.451e-05,111,Q0SX30
rank0050_ca6_proteinbinders_2799_A,AF-A3CMP6-F1-model_v6,0.154,203,0.868,0.923,8.885e-05,110,A3CMP6
rank0050_ca6_proteinbinders_2799_A,AF-A7GDQ7-F1-model_v6,0.145,233,0.91,0.921,3.778e-05,110,A7GDQ7
rank0050_ca6_proteinbinders_2799_A,AF-C3PHA6-F1-model_v6,0.145,246,0.932,0.969,2.959e-05,110,C3PHA6
rank0050_ca6_proteinbinders_2799_A,AF-A4J707-F1-model_v6,0.138,239,0.91,0.948,1.607e-05,109,A4J707
rank0050_ca6_proteinbinders_2799_A,AF-Q97KH8-F1-model_v6,0.147,233,0.91,0.921,4.269e-05,109,Q97KH8
rank0050_ca6_proteinbinders_2799_A,AF-C4L176-F1-model_v6,0.164,236,0.91,0.925,3.146e-05,109,C4L176
rank0050_ca6_proteinbinders_2799_A,AF-C4ZT63-F1-model_v6,0.176,223,0.953,0.838,9.444e-05,109,C4ZT63
rank0050_ca6_proteinbinders_2799_A,AF-Q83P02-F1-model_v6,0.185,228,0.974,0.826,6.959e-05,109,Q83P02
rank0050_ca6_proteinbinders_2799_A,AF-Q12UJ8-F1-model_v6,0.154,219,0.906,0.94,1.512e-05,108,Q12UJ8
rank0050_ca6_proteinbinders_2799_A,AF-B8I5V6-F1-model_v6,0.149,226,0.868,0.893,4.016e-05,108,B8I5V6
rank0050_ca6_proteinbinders_2799_A,AF-Q03VY0-F1-model_v6,0.119,238,0.932,0.937,3.146e-05,108,Q03VY0
rank0050_ca6_proteinbinders_2799_A,AF-Q8Z0U3-F1-model_v6,0.177,228,0.974,0.826,8.885e-05,108,Q8Z0U3
rank0050_ca6_proteinbinders_2799_A,AF-B1LEI6-F1-model_v6,0.181,228,0.974,0.826,8.885e-05,108,B1LEI6
rank0050_ca6_proteinbinders_2799_A,AF-Q9K6Z6-F1-model_v6,0.157,233,0.91,0.925,5.451e-05,107,Q9K6Z6
rank0050_ca6_proteinbinders_2799_A,AF-C3KVX6-F1-model_v6,0.157,233,0.91,0.921,6.547e-05,107,C3KVX6
rank0050_ca6_proteinbinders_2799_A,AF-B1VH88-F1-model_v6,0.138,243,0.919,0.96,2.619e-05,107,B1VH88
rank0050_ca6_proteinbinders_2799_A,AF-P60715-F1-model_v6,0.129,239,0.936,0.945,6.547e-05,107,P60715
rank0050_ca6_proteinbinders_2799_A,AF-Q7NDC1-F1-model_v6,0.158,241,0.915,0.949,2.464e-05,107,Q7NDC1
rank0050_ca6_proteinbinders_2799_A,AF-Q89WM4-F1-model_v6,0.127,229,0.88,0.891,2.181e-05,107,Q89WM4
rank0050_ca6_proteinbinders_2799_A,AF-B1XFJ1-F1-model_v6,0.18,223,0.953,0.838,8.358e-05,107,B1XFJ1
rank0050_ca6_proteinbinders_2799_A,AF-B7JFZ5-F1-model_v6,0.152,248,0.957,0.984,1.184e-05,106,B7JFZ5
rank0050_ca6_proteinbinders_2799_A,AF-B9IV00-F1-model_v6,0.135,247,0.953,0.98,3.555e-05,106,B9IV00
rank0050_ca6_proteinbinders_2799_A,AF-B7HHG5-F1-model_v6,0.129,223,0.855,0.885,5.794e-05,106,B7HHG5
rank0050_ca6_proteinbinders_2799_A,AF-B2UQA2-F1-model_v6,0.158,225,0.868,0.882,2.619e-05,106,B2UQA2
rank0050_ca6_proteinbinders_2799_A,AF-Q9HS19-F1-model_v6,0.161,214,0.863,0.704,6.547e-05,106,Q9HS19
rank0050_ca6_proteinbinders_2799_A,AF-A8AX59-F1-model_v6,0.138,202,0.859,0.918,9.444e-05,105,A8AX59
rank0050_ca6_proteinbinders_2799_A,AF-Q722Y7-F1-model_v6,0.127,247,0.957,0.984,2.619e-05,105,Q722Y7
rank0050_ca6_proteinbinders_2799_A,AF-Q4L9T4-F1-model_v6,0.148,205,0.868,0.7,4.016e-05,105,Q4L9T4
rank0050_ca6_proteinbinders_2799_A,AF-Q9ZBH3-F1-model_v6,0.148,242,0.953,0.968,9.444e-05,104,Q9ZBH3
rank0050_ca6_proteinbinders_2799_A,AF-Q81G02-F1-model_v6,0.144,223,0.855,0.885,9.444e-05,104,Q81G02
rank0050_ca6_proteinbinders_2799_A,AF-Q24QJ5-F1-model_v6,0.143,243,0.957,0.957,4.016e-05,104,Q24QJ5
rank0050_ca6_proteinbinders_2799_A,AF-C5D7N8-F1-model_v6,0.133,233,0.91,0.925,5.794e-05,103,C5D7N8
rank0050_ca6_proteinbinders_2799_A,AF-Q8GDQ6-F1-model_v6,0.146,245,0.91,0.939,8.885e-05,103,Q8GDQ6
rank0050_ca6_proteinbinders_2799_A,AF-Q5SJQ1-F1-model_v6,0.18,230,0.966,0.769,5.451e-05,103,Q5SJQ1
rank0050_ca6_proteinbinders_2799_A,AF-B7INA3-F1-model_v6,0.146,247,0.953,0.98,4.824e-05,102,B7INA3
rank0050_ca6_proteinbinders_2799_A,AF-A9KP30-F1-model_v6,0.132,233,0.91,0.903,3.555e-05,102,A9KP30
rank0050_ca6_proteinbinders_2799_A,AF-Q3SWF1-F1-model_v6,0.146,230,0.88,0.891,2.959e-05,102,Q3SWF1
rank0050_ca6_proteinbinders_2799_A,AF-Q0A5D3-F1-model_v6,0.132,228,0.859,0.86,9.444e-05,102,Q0A5D3
rank0050_ca6_proteinbinders_2799_A,AF-A6UR05-F1-model_v6,0.14,268,0.957,0.985,8.885e-05,102,A6UR05
rank0050_ca6_proteinbinders_2799_A,AF-Q63DW8-F1-model_v6,0.147,223,0.855,0.885,8.358e-05,101,Q63DW8
rank0050_ca6_proteinbinders_2799_A,AF-A5I246-F1-model_v6,0.15,233,0.91,0.921,9.444e-05,101,A5I246
rank0050_ca6_proteinbinders_2799_A,AF-B3Q951-F1-model_v6,0.132,227,0.88,0.89,6.547e-05,101,B3Q951
rank0050_ca6_proteinbinders_2799_A,AF-Q2S295-F1-model_v6,0.158,229,0.868,0.854,9.444e-05,101,Q2S295
rank0050_ca6_proteinbinders_2799_A,AF-A0RBM2-F1-model_v6,0.149,239,0.91,0.948,7.397e-05,100,A0RBM2
rank0050_ca6_proteinbinders_2799_A,AF-Q8TRZ8-F1-model_v6,0.143,266,0.936,0.61,6.547e-05,100,Q8TRZ8
rank0050_ca6_proteinbinders_2799_A,AF-Q8PRQ5-F1-model_v6,0.125,266,0.936,0.61,4.538e-05,100,Q8PRQ5
rank0050_ca6_proteinbinders_2799_A,AF-A7Z962-F1-model_v6,0.116,249,0.957,0.988,8.885e-05,98,A7Z962
rank0050_ca6_proteinbinders_2799_A,AF-C5BV99-F1-model_v6,0.149,247,0.932,0.965,8.358e-05,95,C5BV99
rank0050_ca6_proteinbinders_2799_A,AF-Q65M66-F1-model_v6,0.162,236,0.944,0.929,8.885e-05,94,Q65M66
rank0051_ca6_proteinbinders_1654_A,AF-P58667-F1-model_v6,0.124,293,0.961,0.668,3.858e-06,132,P58667
rank0051_ca6_proteinbinders_1654_A,AF-Q28R10-F1-model_v6,0.114,294,0.964,0.623,1.632e-05,129,Q28R10
rank0051_ca6_proteinbinders_1654_A,AF-Q8RA30-F1-model_v6,0.134,290,0.951,0.648,6.013e-06,128,Q8RA30
rank0051_ca6_proteinbinders_1654_A,AF-Q8K9P4-F1-model_v6,0.121,293,0.961,0.638,7.934e-06,128,Q8K9P4
rank0051_ca6_proteinbinders_1654_A,AF-B8I6E1-F1-model_v6,0.11,285,0.934,0.637,1.461e-05,127,B8I6E1
rank0051_ca6_proteinbinders_1654_A,AF-B1HSS4-F1-model_v6,0.127,290,0.951,0.62,7.934e-06,127,B1HSS4
rank0051_ca6_proteinbinders_1654_A,AF-C4L3K5-F1-model_v6,0.136,280,0.918,0.603,5.381e-06,127,C4L3K5
rank0051_ca6_proteinbinders_1654_A,AF-Q818H8-F1-model_v6,0.122,280,0.918,0.608,5.091e-06,122,Q818H8
rank0051_ca6_proteinbinders_1654_A,AF-Q1GIC1-F1-model_v6,0.113,294,0.964,0.623,2.842e-05,121,Q1GIC1
rank0051_ca6_proteinbinders_1654_A,AF-P27157-F1-model_v6,0.111,325,0.954,0.74,8.387e-06,121,P27157
rank0051_ca6_proteinbinders_1654_A,AF-A4XLZ4-F1-model_v6,0.133,280,0.918,0.648,4.556e-06,120,A4XLZ4
rank0051_ca6_proteinbinders_1654_A,AF-P29443-F1-model_v6,0.117,328,0.954,0.731,9.906e-06,119,P29443
rank0051_ca6_proteinbinders_1654_A,AF-Q72CD9-F1-model_v6,0.122,294,0.964,0.609,4.31e-06,118,Q72CD9
rank0051_ca6_proteinbinders_1654_A,AF-Q730Q8-F1-model_v6,0.128,280,0.918,0.613,2.276e-05,117,Q730Q8
rank0051_ca6_proteinbinders_1654_A,AF-A1B323-F1-model_v6,0.114,294,0.964,0.628,9.11e-05,117,A1B323
rank0051_ca6_proteinbinders_1654_A,AF-C0QRI5-F1-model_v6,0.11,277,0.908,0.634,4.682e-05,116,C0QRI5
rank0051_ca6_proteinbinders_1654_A,AF-Q7C3R3-F1-model_v6,0.128,331,0.97,0.761,2.406e-05,116,Q7C3R3
rank0051_ca6_proteinbinders_1654_A,AF-B4U9V3-F1-model_v6,0.113,295,0.967,0.653,7.297e-05,115,B4U9V3
rank0051_ca6_proteinbinders_1654_A,AF-A9WR14-F1-model_v6,0.11,289,0.948,0.588,7.297e-05,115,A9WR14
rank0051_ca6_proteinbinders_1654_A,AF-Q74D60-F1-model_v6,0.101,292,0.957,0.657,3.964e-05,114,Q74D60
rank0051_ca6_proteinbinders_1654_A,AF-A9VH61-F1-model_v6,0.128,280,0.918,0.616,3.175e-05,114,A9VH61
rank0051_ca6_proteinbinders_1654_A,AF-Q5NR50-F1-model_v6,0.114,275,0.902,0.584,3.175e-05,114,Q5NR50
rank0051_ca6_proteinbinders_1654_A,AF-Q9A9W0-F1-model_v6,0.122,294,0.964,0.614,4.31e-06,114,Q9A9W0
rank0051_ca6_proteinbinders_1654_A,AF-B7JN03-F1-model_v6,0.125,280,0.918,0.608,1.823e-05,113,B7JN03
rank0051_ca6_proteinbinders_1654_A,AF-Q634Q9-F1-model_v6,0.125,280,0.918,0.595,1.725e-05,113,Q634Q9
rank0051_ca6_proteinbinders_1654_A,AF-A7Z6S2-F1-model_v6,0.125,280,0.918,0.6,3.356e-05,111,A7Z6S2
rank0051_ca6_proteinbinders_1654_A,AF-A6VV06-F1-model_v6,0.111,293,0.961,0.63,5.381e-06,110,A6VV06
rank0051_ca6_proteinbinders_1654_A,AF-B2A390-F1-model_v6,0.105,282,0.925,0.643,6.531e-05,109,B2A390
rank0051_ca6_proteinbinders_1654_A,AF-Q67PA7-F1-model_v6,0.126,285,0.934,0.608,4.31e-06,109,Q67PA7
rank0051_ca6_proteinbinders_1654_A,AF-Q5YS74-F1-model_v6,0.116,290,0.951,0.6,8.618e-05,109,Q5YS74
rank0051_ca6_proteinbinders_1654_A,AF-C3LKV7-F1-model_v6,0.125,280,0.918,0.608,3.548e-05,108,C3LKV7
rank0051_ca6_proteinbinders_1654_A,AF-Q5KX35-F1-model_v6,0.135,293,0.961,0.612,4.078e-06,108,Q5KX35
rank0051_ca6_proteinbinders_1654_A,AF-Q15PG0-F1-model_v6,0.095,292,0.889,0.665,2.842e-05,108,Q15PG0
rank0051_ca6_proteinbinders_1654_A,AF-P77832-F1-model_v6,0.117,327,0.954,0.73,5.231e-05,108,P77832
rank0051_ca6_proteinbinders_1654_A,AF-C3P8I5-F1-model_v6,0.128,280,0.918,0.608,5.231e-05,107,C3P8I5
rank0051_ca6_proteinbinders_1654_A,AF-Q880Z4-F1-model_v6,0.122,335,0.977,0.765,2.842e-05,107,Q880Z4
rank0051_ca6_proteinbinders_1654_A,AF-C5D4Q3-F1-model_v6,0.131,280,0.918,0.62,3.266e-06,106,C5D4Q3
rank0051_ca6_proteinbinders_1654_A,AF-C1L2Z7-F1-model_v6,0.134,288,0.944,0.62,7.506e-06,106,C1L2Z7
rank0051_ca6_proteinbinders_1654_A,AF-A8LI72-F1-model_v6,0.135,294,0.964,0.614,1.461e-05,106,A8LI72
rank0051_ca6_proteinbinders_1654_A,AF-Q73VS3-F1-model_v6,0.105,290,0.951,0.595,6.903e-05,106,Q73VS3
rank0051_ca6_proteinbinders_1654_A,AF-C3K8E3-F1-model_v6,0.12,330,0.964,0.753,2.276e-05,106,C3K8E3
rank0051_ca6_proteinbinders_1654_A,AF-B3H2X9-F1-model_v6,0.11,327,0.954,0.745,3.75e-05,106,B3H2X9
rank0051_ca6_proteinbinders_1654_A,AF-Q5KYS6-F1-model_v6,0.117,326,0.954,0.733,4.429e-05,106,Q5KYS6
rank0051_ca6_proteinbinders_1654_A,AF-Q739D2-F1-model_v6,0.11,326,0.954,0.733,6.179e-05,106,Q739D2
rank0051_ca6_proteinbinders_1654_A,AF-Q57GJ5-F1-model_v6,0.13,295,0.967,0.968,2.037e-05,105,Q57GJ5
rank0051_ca6_proteinbinders_1654_A,AF-Q71ZM9-F1-model_v6,0.137,288,0.944,0.62,8.865e-06,105,Q71ZM9
rank0051_ca6_proteinbinders_1654_A,AF-C3K1L4-F1-model_v6,0.104,293,0.961,0.631,1.307e-05,105,C3K1L4
rank0051_ca6_proteinbinders_1654_A,AF-Q3ICZ5-F1-model_v6,0.099,293,0.961,0.626,1.544e-05,105,Q3ICZ5
rank0051_ca6_proteinbinders_1654_A,AF-P16216-F1-model_v6,0.118,330,0.964,0.813,6.179e-05,105,P16216
rank0051_ca6_proteinbinders_1654_A,AF-P0AC15-F1-model_v6,0.15,277,0.908,0.908,2.543e-05,104,P0AC15
rank0051_ca6_proteinbinders_1654_A,AF-B1JDV8-F1-model_v6,0.098,293,0.961,0.631,1.461e-05,104,B1JDV8
rank0051_ca6_proteinbinders_1654_A,AF-Q31V53-F1-model_v6,0.096,330,0.964,0.776,3.75e-05,104,Q31V53
rank0051_ca6_proteinbinders_1654_A,AF-Q48J73-F1-model_v6,0.117,292,0.889,0.667,3.548e-05,104,Q48J73
rank0051_ca6_proteinbinders_1654_A,AF-B0BTI9-F1-model_v6,0.108,327,0.954,0.745,5.53e-05,104,B0BTI9
rank0051_ca6_proteinbinders_1654_A,AF-Q9I2Q2-F1-model_v6,0.121,320,0.98,0.259,7.297e-05,104,Q9I2Q2
rank0051_ca6_proteinbinders_1654_A,AF-Q4K6U9-F1-model_v6,0.11,285,0.934,0.61,9.906e-06,103,Q4K6U9
rank0051_ca6_proteinbinders_1654_A,AF-C1DE57-F1-model_v6,0.111,293,0.961,0.63,1.632e-05,103,C1DE57
rank0051_ca6_proteinbinders_1654_A,AF-A4WVT8-F1-model_v6,0.103,328,0.964,0.758,3.004e-05,103,A4WVT8
rank0051_ca6_proteinbinders_1654_A,AF-Q162B6-F1-model_v6,0.098,294,0.895,0.679,7.297e-05,103,Q162B6
rank0051_ca6_proteinbinders_1654_A,AF-Q4ZSF5-F1-model_v6,0.115,297,0.902,0.678,4.19e-05,103,Q4ZSF5
rank0051_ca6_proteinbinders_1654_A,AF-B9IY45-F1-model_v6,0.131,280,0.918,0.613,6.903e-05,102,B9IY45
rank0051_ca6_proteinbinders_1654_A,AF-B7IYD0-F1-model_v6,0.122,284,0.931,0.605,9.11e-05,102,B7IYD0
rank0051_ca6_proteinbinders_1654_A,AF-B9E6U1-F1-model_v6,0.151,280,0.918,0.606,1.237e-05,102,B9E6U1
rank0051_ca6_proteinbinders_1654_A,AF-O82845-F1-model_v6,0.101,330,0.967,0.759,7.713e-05,102,O82845
rank0051_ca6_proteinbinders_1654_A,AF-Q89VC7-F1-model_v6,0.118,327,0.954,0.747,2.842e-05,102,Q89VC7
rank0051_ca6_proteinbinders_1654_A,AF-P0AC13-F1-model_v6,0.15,277,0.908,0.908,4.19e-05,101,P0AC13
rank0051_ca6_proteinbinders_1654_A,AF-A4IQZ4-F1-model_v6,0.135,280,0.918,0.602,8.387e-06,101,A4IQZ4
rank0051_ca6_proteinbinders_1654_A,AF-A8LP53-F1-model_v6,0.112,325,0.954,0.749,5.845e-05,101,A8LP53
rank0051_ca6_proteinbinders_1654_A,AF-Q3KDW0-F1-model_v6,0.107,330,0.964,0.753,7.713e-05,101,Q3KDW0
rank0051_ca6_proteinbinders_1654_A,AF-A3M211-F1-model_v6,0.112,279,0.915,0.604,7.101e-06,100,A3M211
rank0051_ca6_proteinbinders_1654_A,AF-B7I5G7-F1-model_v6,0.112,279,0.915,0.604,7.101e-06,100,B7I5G7
rank0051_ca6_proteinbinders_1654_A,AF-A4WD93-F1-model_v6,0.12,286,0.938,0.634,4.816e-06,100,A4WD93
rank0051_ca6_proteinbinders_1654_A,AF-B7LKC3-F1-model_v6,0.11,286,0.938,0.634,7.506e-06,100,B7LKC3
rank0051_ca6_proteinbinders_1654_A,AF-Q5LQ99-F1-model_v6,0.145,294,0.964,0.627,3.548e-05,100,Q5LQ99
rank0051_ca6_proteinbinders_1654_A,AF-Q895K3-F1-model_v6,0.131,290,0.951,0.659,2.842e-05,99,Q895K3
rank0051_ca6_proteinbinders_1654_A,AF-A5CX35-F1-model_v6,0.141,280,0.918,0.628,7.934e-06,99,A5CX35
rank0051_ca6_proteinbinders_1654_A,AF-P58668-F1-model_v6,0.134,288,0.944,0.62,2.276e-05,99,P58668
rank0051_ca6_proteinbinders_1654_A,AF-A7GSX5-F1-model_v6,0.141,280,0.918,0.611,1.461e-05,99,A7GSX5
rank0051_ca6_proteinbinders_1654_A,AF-A5FX97-F1-model_v6,0.119,279,0.915,0.599,1.17e-05,99,A5FX97
rank0051_ca6_proteinbinders_1654_A,AF-B1JS05-F1-model_v6,0.116,286,0.938,0.629,4.556e-06,99,B1JS05
rank0051_ca6_proteinbinders_1654_A,AF-Q0BUK0-F1-model_v6,0.125,279,0.915,0.579,1.107e-05,99,Q0BUK0
rank0051_ca6_proteinbinders_1654_A,AF-B5R0R4-F1-model_v6,0.139,291,0.954,0.972,3.175e-05,98,B5R0R4
rank0051_ca6_proteinbinders_1654_A,AF-A9N513-F1-model_v6,0.136,291,0.954,0.972,4.682e-05,98,A9N513
rank0051_ca6_proteinbinders_1654_A,AF-B7GH89-F1-model_v6,0.135,280,0.918,0.618,1.382e-05,98,B7GH89
rank0051_ca6_proteinbinders_1654_A,AF-Q6FEM3-F1-model_v6,0.116,279,0.915,0.604,9.906e-06,98,Q6FEM3
rank0051_ca6_proteinbinders_1654_A,AF-A8H245-F1-model_v6,0.126,286,0.938,0.636,8.865e-06,98,A8H245
rank0051_ca6_proteinbinders_1654_A,AF-B0TLI4-F1-model_v6,0.126,286,0.938,0.636,9.371e-06,98,B0TLI4
rank0051_ca6_proteinbinders_1654_A,AF-Q7N706-F1-model_v6,0.126,286,0.938,0.633,4.816e-06,98,Q7N706
rank0051_ca6_proteinbinders_1654_A,AF-Q1GKQ4-F1-model_v6,0.093,289,0.875,0.663,7.713e-05,98,Q1GKQ4
rank0051_ca6_proteinbinders_1654_A,AF-P0AC14-F1-model_v6,0.149,277,0.908,0.908,6.903e-05,97,P0AC14
rank0051_ca6_proteinbinders_1654_A,AF-B7H069-F1-model_v6,0.112,279,0.915,0.604,1.237e-05,97,B7H069
rank0051_ca6_proteinbinders_1654_A,AF-B0VKR8-F1-model_v6,0.112,279,0.915,0.604,1.17e-05,97,B0VKR8
rank0051_ca6_proteinbinders_1654_A,AF-A1TZQ0-F1-model_v6,0.115,294,0.964,0.632,3.175e-05,97,A1TZQ0
rank0051_ca6_proteinbinders_1654_A,AF-B2I3E5-F1-model_v6,0.112,279,0.915,0.604,1.544e-05,96,B2I3E5
rank0051_ca6_proteinbinders_1654_A,AF-B0V5G7-F1-model_v6,0.112,279,0.915,0.604,1.461e-05,96,B0V5G7
rank0051_ca6_proteinbinders_1654_A,AF-Q8RG40-F1-model_v6,0.126,260,0.852,0.599,1.823e-05,95,Q8RG40
rank0051_ca6_proteinbinders_1654_A,AF-Q48LZ4-F1-model_v6,0.122,284,0.931,0.634,1.307e-05,95,Q48LZ4
rank0051_ca6_proteinbinders_1654_A,AF-Q6HDN9-F1-model_v6,0.141,280,0.918,0.608,2.689e-05,95,Q6HDN9
rank0051_ca6_proteinbinders_1654_A,AF-B7HPH8-F1-model_v6,0.141,280,0.918,0.608,2.689e-05,95,B7HPH8
rank0051_ca6_proteinbinders_1654_A,AF-Q8TYV1-F1-model_v6,0.148,296,0.97,0.547,2.689e-05,95,Q8TYV1
rank0051_ca6_proteinbinders_1654_A,AF-Q97I56-F1-model_v6,0.118,293,0.961,0.656,3.175e-05,94,Q97I56
rank0051_ca6_proteinbinders_1654_A,AF-A1AW46-F1-model_v6,0.135,292,0.957,0.648,3.548e-05,94,A1AW46
rank0051_ca6_proteinbinders_1654_A,AF-A8FF87-F1-model_v6,0.128,280,0.918,0.608,2.406e-05,94,A8FF87
rank0051_ca6_proteinbinders_1654_A,AF-Q5FUR7-F1-model_v6,0.112,279,0.915,0.588,8.865e-06,94,Q5FUR7
rank0051_ca6_proteinbinders_1654_A,AF-A3PNM4-F1-model_v6,0.103,328,0.964,0.758,8.153e-05,94,A3PNM4
rank0051_ca6_proteinbinders_1654_A,AF-C3MPM7-F1-model_v6,0.161,264,0.866,0.484,8.618e-05,94,C3MPM7
rank0051_ca6_proteinbinders_1654_A,AF-Q9KD18-F1-model_v6,0.131,280,0.918,0.613,2.842e-05,93,Q9KD18
rank0051_ca6_proteinbinders_1654_A,AF-Q65HA9-F1-model_v6,0.128,280,0.918,0.608,2.689e-05,93,Q65HA9
rank0051_ca6_proteinbinders_1654_A,AF-C1ES01-F1-model_v6,0.137,280,0.918,0.608,4.429e-05,93,C1ES01
rank0051_ca6_proteinbinders_1654_A,AF-B1KKJ2-F1-model_v6,0.11,280,0.918,0.612,2.543e-05,93,B1KKJ2
rank0051_ca6_proteinbinders_1654_A,AF-B5FAX2-F1-model_v6,0.106,280,0.918,0.61,1.823e-05,93,B5FAX2
rank0051_ca6_proteinbinders_1654_A,AF-A9HJ48-F1-model_v6,0.096,279,0.915,0.586,1.307e-05,93,A9HJ48
rank0051_ca6_proteinbinders_1654_A,AF-C3N5A3-F1-model_v6,0.161,264,0.866,0.484,8.618e-05,93,C3N5A3
rank0051_ca6_proteinbinders_1654_A,AF-Q5WHB2-F1-model_v6,0.112,280,0.918,0.613,5.231e-05,92,Q5WHB2
rank0051_ca6_proteinbinders_1654_A,AF-B1YLA2-F1-model_v6,0.141,280,0.918,0.61,2.037e-05,92,B1YLA2
rank0051_ca6_proteinbinders_1654_A,AF-A1SU39-F1-model_v6,0.109,286,0.938,0.64,1.823e-05,92,A1SU39
rank0051_ca6_proteinbinders_1654_A,AF-A8FT70-F1-model_v6,0.114,280,0.918,0.612,3.964e-05,91,A8FT70
rank0051_ca6_proteinbinders_1654_A,AF-Q4J989-F1-model_v6,0.129,264,0.866,0.474,9.63e-05,91,Q4J989
rank0051_ca6_proteinbinders_1654_A,AF-Q81LV7-F1-model_v6,0.137,280,0.918,0.613,6.903e-05,90,Q81LV7
rank0051_ca6_proteinbinders_1654_A,AF-Q5E772-F1-model_v6,0.109,280,0.918,0.61,3.548e-05,90,Q5E772
rank0051_ca6_proteinbinders_1654_A,AF-Q2RWE4-F1-model_v6,0.112,279,0.915,0.583,2.154e-05,90,Q2RWE4
rank0051_ca6_proteinbinders_1654_A,AF-B7UWI8-F1-model_v6,0.107,284,0.931,0.631,3.356e-05,89,B7UWI8
rank0051_ca6_proteinbinders_1654_A,AF-A6WQP7-F1-model_v6,0.117,286,0.938,0.636,3.548e-05,89,A6WQP7
rank0051_ca6_proteinbinders_1654_A,AF-Q1QD18-F1-model_v6,0.112,279,0.915,0.604,5.53e-05,89,Q1QD18
rank0051_ca6_proteinbinders_1654_A,AF-Q6D276-F1-model_v6,0.118,280,0.918,0.609,5.231e-05,89,Q6D276
rank0051_ca6_proteinbinders_1654_A,AF-B2VE89-F1-model_v6,0.097,280,0.918,0.609,3.964e-05,89,B2VE89
rank0051_ca6_proteinbinders_1654_A,AF-P54482-F1-model_v6,0.131,280,0.918,0.597,6.531e-05,88,P54482
rank0051_ca6_proteinbinders_1654_A,AF-Q12PT4-F1-model_v6,0.119,286,0.938,0.636,5.845e-05,86,Q12PT4
rank0051_ca6_proteinbinders_1654_A,AF-B5YIQ4-F1-model_v6,0.1,266,0.872,0.625,8.153e-05,84,B5YIQ4
rank0051_ca6_proteinbinders_1654_A,AF-C4K4I8-F1-model_v6,0.114,286,0.938,0.638,5.845e-05,84,C4K4I8
rank0052_ca6_proteinbinders_1502_A,AF-Q57894-F1-model_v6,0.153,179,0.957,0.986,2.559e-05,165,Q57894
rank0054_ca6_proteinbinders_2525_A,AF-O07109-F1-model_v6,0.184,164,0.845,0.397,1.016e-05,160,O07109
rank0054_ca6_proteinbinders_2525_A,AF-B8DBP8-F1-model_v6,0.177,171,0.881,0.416,8.448e-06,155,B8DBP8
rank0054_ca6_proteinbinders_2525_A,AF-A3DE27-F1-model_v6,0.178,167,0.856,0.453,3.353e-06,155,A3DE27
rank0054_ca6_proteinbinders_2525_A,AF-Q71XX8-F1-model_v6,0.172,171,0.881,0.416,7.943e-06,154,Q71XX8
rank0054_ca6_proteinbinders_2525_A,AF-B1I4C4-F1-model_v6,0.184,166,0.851,0.445,5.161e-06,153,B1I4C4
rank0054_ca6_proteinbinders_2525_A,AF-O07670-F1-model_v6,0.178,163,0.84,0.447,3.081e-05,147,O07670
rank0054_ca6_proteinbinders_2525_A,AF-Q5YYX9-F1-model_v6,0.173,169,0.871,0.415,3.707e-05,146,Q5YYX9
rank0054_ca6_proteinbinders_2525_A,AF-A5VJ33-F1-model_v6,0.153,159,0.82,0.43,2.897e-05,145,A5VJ33
rank0054_ca6_proteinbinders_2525_A,AF-B2G6K5-F1-model_v6,0.146,159,0.82,0.43,3.485e-05,143,B2G6K5
rank0054_ca6_proteinbinders_2525_A,AF-B2GB78-F1-model_v6,0.13,163,0.84,0.438,2.408e-05,142,B2GB78
rank0054_ca6_proteinbinders_2525_A,AF-Q182Y6-F1-model_v6,0.197,168,0.851,0.411,1.081e-05,141,Q182Y6
rank0054_ca6_proteinbinders_2525_A,AF-A6TS61-F1-model_v6,0.174,159,0.814,0.434,3.707e-05,138,A6TS61
rank0054_ca6_proteinbinders_2525_A,AF-Q8R9G6-F1-model_v6,0.169,170,0.876,0.462,3.485e-05,137,Q8R9G6
rank0054_ca6_proteinbinders_2525_A,AF-A8MH36-F1-model_v6,0.167,166,0.851,0.454,4.743e-05,136,A8MH36
rank0054_ca6_proteinbinders_2525_A,AF-B8I6H3-F1-model_v6,0.157,166,0.851,0.456,2.561e-05,134,B8I6H3
rank0054_ca6_proteinbinders_2525_A,AF-B0K3H0-F1-model_v6,0.168,170,0.876,0.462,5.044e-05,129,B0K3H0
rank0054_ca6_proteinbinders_2525_A,AF-B0K8K7-F1-model_v6,0.168,170,0.876,0.462,5.706e-05,127,B0K8K7
rank0054_ca6_proteinbinders_2525_A,AF-Q6CCH0-F1-model_v6,0.17,186,0.959,0.218,8.258e-05,118,Q6CCH0
rank0055_ca6_proteinbinders_3455_A,AF-Q8YTC2-F1-model_v6,0.462,307,0.925,0.229,6.244e-28,1236,Q8YTC2
rank0055_ca6_proteinbinders_3455_A,AF-Q8YV57-F1-model_v6,0.447,315,0.949,0.172,2.367e-27,1207,Q8YV57
rank0055_ca6_proteinbinders_3455_A,AF-Q00808-F1-model_v6,0.496,304,0.916,0.211,2.745e-27,1206,Q00808
rank0055_ca6_proteinbinders_3455_A,AF-P49695-F1-model_v6,0.472,305,0.919,0.384,1.228e-25,1124,P49695
rank0055_ca6_proteinbinders_3455_A,AF-P74442-F1-model_v6,0.377,307,0.925,0.238,5.6700000000000005e-25,1070,P74442
rank0055_ca6_proteinbinders_3455_A,AF-Q9M2Z2-F1-model_v6,0.391,305,0.919,0.934,1.025e-24,1044,Q9M2Z2
rank0055_ca6_proteinbinders_3455_A,AF-C4Q0P6-F1-model_v6,0.349,305,0.919,0.719,5.956000000000001e-25,1043,C4Q0P6
rank0055_ca6_proteinbinders_3455_A,AF-B4GAJ1-F1-model_v6,0.323,307,0.916,0.747,8.414e-25,1039,B4GAJ1
rank0055_ca6_proteinbinders_3455_A,AF-G8SD34-F1-model_v6,0.403,296,0.889,0.411,6.366e-24,1039,G8SD34
rank0055_ca6_proteinbinders_3455_A,AF-Q291L9-F1-model_v6,0.323,307,0.916,0.747,1.312e-24,1032,Q291L9
rank0055_ca6_proteinbinders_3455_A,AF-Q7T394-F1-model_v6,0.327,306,0.916,0.746,1.312e-24,1031,Q7T394
rank0055_ca6_proteinbinders_3455_A,AF-Q8HXX0-F1-model_v6,0.333,306,0.916,0.746,1.598e-24,1030,Q8HXX0
rank0055_ca6_proteinbinders_3455_A,AF-Q803D2-F1-model_v6,0.336,306,0.916,0.746,1.378e-24,1030,Q803D2
rank0055_ca6_proteinbinders_3455_A,AF-Q9PTR5-F1-model_v6,0.33,306,0.916,0.746,1.378e-24,1030,Q9PTR5
rank0055_ca6_proteinbinders_3455_A,AF-P43033-F1-model_v6,0.33,306,0.916,0.746,1.521e-24,1029,P43033
rank0055_ca6_proteinbinders_3455_A,AF-P63005-F1-model_v6,0.33,306,0.916,0.746,1.598e-24,1027,P63005
rank0055_ca6_proteinbinders_3455_A,AF-B5X3C4-F1-model_v6,0.327,306,0.916,0.746,1.521e-24,1027,B5X3C4
rank0055_ca6_proteinbinders_3455_A,AF-Q5IS43-F1-model_v6,0.327,306,0.916,0.746,1.853e-24,1026,Q5IS43
rank0055_ca6_proteinbinders_3455_A,AF-P43034-F1-model_v6,0.33,306,0.916,0.746,1.679e-24,1026,P43034
rank0055_ca6_proteinbinders_3455_A,AF-Q4RJN5-F1-model_v6,0.333,306,0.916,0.746,1.764e-24,1025,Q4RJN5
rank0055_ca6_proteinbinders_3455_A,AF-D3TLL6-F1-model_v6,0.32,307,0.916,0.747,1.598e-24,1023,D3TLL6
rank0055_ca6_proteinbinders_3455_A,AF-B0LSW3-F1-model_v6,0.33,306,0.916,0.746,2.492e-24,1020,B0LSW3
rank0055_ca6_proteinbinders_3455_A,AF-Q9GL51-F1-model_v6,0.327,306,0.916,0.746,2.618e-24,1020,Q9GL51
rank0055_ca6_proteinbinders_3455_A,AF-B4P6P9-F1-model_v6,0.329,307,0.916,0.747,2.89e-24,1016,B4P6P9
rank0055_ca6_proteinbinders_3455_A,AF-P63004-F1-model_v6,0.33,306,0.916,0.746,3.521e-24,1014,P63004
rank0055_ca6_proteinbinders_3455_A,AF-B4LQ21-F1-model_v6,0.323,307,0.916,0.747,3.886e-24,1014,B4LQ21
rank0055_ca6_proteinbinders_3455_A,AF-B4QFZ8-F1-model_v6,0.325,324,0.916,0.967,3.1899999999999998e-24,1013,B4QFZ8
rank0055_ca6_proteinbinders_3455_A,AF-Q7KNS3-F1-model_v6,0.329,307,0.916,0.747,3.351e-24,1013,Q7KNS3
rank0055_ca6_proteinbinders_3455_A,AF-B4HSL3-F1-model_v6,0.329,307,0.916,0.747,3.036e-24,1013,B4HSL3
rank0055_ca6_proteinbinders_3455_A,AF-B4QHG6-F1-model_v6,0.329,307,0.916,0.747,4.506e-24,1011,B4QHG6
rank0055_ca6_proteinbinders_3455_A,AF-A7S338-F1-model_v6,0.304,307,0.916,0.751,3.351e-24,1009,A7S338
rank0055_ca6_proteinbinders_3455_A,AF-B3MEY6-F1-model_v6,0.332,307,0.916,0.747,4.974e-24,1008,B3MEY6
rank0055_ca6_proteinbinders_3455_A,AF-Q8YRI1-F1-model_v6,0.459,331,0.925,0.217,1.2070000000000001e-26,1008,Q8YRI1
rank0055_ca6_proteinbinders_3455_A,AF-Q90ZL4-F1-model_v6,0.33,306,0.916,0.746,5.226e-24,1007,Q90ZL4
rank0055_ca6_proteinbinders_3455_A,AF-C3XVT5-F1-model_v6,0.341,304,0.916,0.749,5.768e-24,1005,C3XVT5
rank0055_ca6_proteinbinders_3455_A,AF-B5X3Z6-F1-model_v6,0.33,306,0.916,0.746,6.06e-24,1005,B5X3Z6
rank0055_ca6_proteinbinders_3455_A,AF-Q17N69-F1-model_v6,0.335,307,0.916,0.751,7.382e-24,1002,Q17N69
rank0055_ca6_proteinbinders_3455_A,AF-Q6NZH4-F1-model_v6,0.327,306,0.916,0.746,7.027e-24,1002,Q6NZH4
rank0055_ca6_proteinbinders_3455_A,AF-B4HRQ6-F1-model_v6,0.319,324,0.916,0.967,5.226e-24,1001,B4HRQ6
rank0055_ca6_proteinbinders_3455_A,AF-B7PS00-F1-model_v6,0.333,309,0.916,0.752,4.289e-24,999,B7PS00
rank0055_ca6_proteinbinders_3455_A,AF-D3BUN1-F1-model_v6,0.328,318,0.919,0.763,5.49e-24,998,D3BUN1
rank0055_ca6_proteinbinders_3455_A,AF-P61965-F1-model_v6,0.359,318,0.958,0.901,3.036e-24,997,P61965
rank0055_ca6_proteinbinders_3455_A,AF-B4JWA1-F1-model_v6,0.32,307,0.916,0.747,1.043e-23,997,B4JWA1
rank0055_ca6_proteinbinders_3455_A,AF-B3NPW0-F1-model_v6,0.329,307,0.916,0.747,8.56e-24,996,B3NPW0
rank0055_ca6_proteinbinders_3455_A,AF-A7RWD2-F1-model_v6,0.328,320,0.91,0.979,1.151e-23,995,A7RWD2
rank0055_ca6_proteinbinders_3455_A,AF-Q8I0F4-F1-model_v6,0.319,318,0.919,0.759,8.56e-24,992,Q8I0F4
rank0055_ca6_proteinbinders_3455_A,AF-B4P7Q3-F1-model_v6,0.319,324,0.916,0.967,8.993e-24,991,B4P7Q3
rank0055_ca6_proteinbinders_3455_A,AF-B3NQR5-F1-model_v6,0.325,324,0.916,0.967,1.209e-23,990,B3NQR5
rank0055_ca6_proteinbinders_3455_A,AF-Q5REG7-F1-model_v6,0.327,306,0.916,0.746,1.27e-23,990,Q5REG7
rank0055_ca6_proteinbinders_3455_A,AF-Q17GR9-F1-model_v6,0.33,324,0.916,0.961,1.043e-23,989,Q17GR9
rank0055_ca6_proteinbinders_3455_A,AF-O22212-F1-model_v6,0.31,304,0.916,0.525,3.582e-23,989,O22212
rank0055_ca6_proteinbinders_3455_A,AF-Q2KIG2-F1-model_v6,0.359,318,0.958,0.901,5.226e-24,988,Q2KIG2
rank0055_ca6_proteinbinders_3455_A,AF-B4KT48-F1-model_v6,0.32,307,0.916,0.747,1.708e-23,986,B4KT48
rank0055_ca6_proteinbinders_3455_A,AF-B4JW81-F1-model_v6,0.327,320,0.916,0.967,2.2969999999999999e-23,985,B4JW81
rank0055_ca6_proteinbinders_3455_A,AF-B4LJT7-F1-model_v6,0.321,320,0.916,0.967,1.626e-23,985,B4LJT7
rank0055_ca6_proteinbinders_3455_A,AF-Q498M4-F1-model_v6,0.359,318,0.958,0.901,6.06e-24,984,Q498M4
rank0055_ca6_proteinbinders_3455_A,AF-A8IZG4-F1-model_v6,0.322,340,0.916,0.966,2.2969999999999999e-23,982,A8IZG4
rank0055_ca6_proteinbinders_3455_A,AF-Q55DA2-F1-model_v6,0.265,318,0.958,0.946,1.679e-24,981,Q55DA2
rank0055_ca6_proteinbinders_3455_A,AF-P61964-F1-model_v6,0.359,318,0.958,0.901,7.756e-24,981,P61964
rank0055_ca6_proteinbinders_3455_A,AF-B3S4I5-F1-model_v6,0.336,306,0.916,0.748,1.4729999999999998e-23,980,B3S4I5
rank0055_ca6_proteinbinders_3455_A,AF-Q8NBT0-2-F1-model_v6,0.358,305,0.919,0.799,1.5749999999999998e-22,979,Q8NBT0-2
rank0055_ca6_proteinbinders_3455_A,AF-B4MY65-F1-model_v6,0.323,307,0.916,0.751,3.409e-23,977,B4MY65
rank0055_ca6_proteinbinders_3455_A,AF-Q5RD06-F1-model_v6,0.337,318,0.958,0.65,9.612e-23,974,Q5RD06
rank0055_ca6_proteinbinders_3455_A,AF-Q8N0X2-F1-model_v6,0.305,318,0.958,0.463,7.148e-23,974,Q8N0X2
rank0055_ca6_proteinbinders_3455_A,AF-B0XAF3-F1-model_v6,0.335,325,0.916,0.962,2.664e-23,973,B0XAF3
rank0055_ca6_proteinbinders_3455_A,AF-Q5M786-F1-model_v6,0.356,318,0.958,0.901,1.548e-23,970,Q5M786
rank0055_ca6_proteinbinders_3455_A,AF-Q9V3J8-F1-model_v6,0.356,318,0.958,0.834,1.402e-23,970,Q9V3J8
rank0055_ca6_proteinbinders_3455_A,AF-B4KTK4-F1-model_v6,0.324,320,0.916,0.967,4.364e-23,968,B4KTK4
rank0055_ca6_proteinbinders_3455_A,AF-Q2TBP4-F1-model_v6,0.348,304,0.916,0.703,1.9179999999999998e-22,967,Q2TBP4
rank0055_ca6_proteinbinders_3455_A,AF-Q8JZX3-F1-model_v6,0.368,304,0.916,0.706,1.9179999999999998e-22,966,Q8JZX3
rank0055_ca6_proteinbinders_3455_A,AF-P46800-F1-model_v6,0.298,310,0.916,0.942,1.795e-23,965,P46800
rank0055_ca6_proteinbinders_3455_A,AF-Q5M7T1-F1-model_v6,0.347,328,0.919,0.968,2.413e-23,965,Q5M7T1
rank0055_ca6_proteinbinders_3455_A,AF-Q99KN2-F1-model_v6,0.347,328,0.919,0.968,2.413e-23,965,Q99KN2
rank0055_ca6_proteinbinders_3455_A,AF-B4GDM7-F1-model_v6,0.31,324,0.916,0.967,4.364e-23,964,B4GDM7
rank0055_ca6_proteinbinders_3455_A,AF-O80990-F1-model_v6,0.324,340,0.958,0.966,2.535e-23,963,O80990
rank0055_ca6_proteinbinders_3455_A,AF-Q8JZX3-3-F1-model_v6,0.357,317,0.955,0.84,1.5749999999999998e-22,962,Q8JZX3-3
rank0055_ca6_proteinbinders_3455_A,AF-B4MY77-F1-model_v6,0.316,324,0.916,0.967,5.585e-23,961,B4MY77
rank0055_ca6_proteinbinders_3455_A,AF-Q292E8-F1-model_v6,0.31,324,0.916,0.967,5.868e-23,959,Q292E8
rank0055_ca6_proteinbinders_3455_A,AF-Q86VZ2-F1-model_v6,0.355,316,0.952,0.906,4.5839999999999997e-23,958,Q86VZ2
rank0055_ca6_proteinbinders_3455_A,AF-P74598-F1-model_v6,0.317,309,0.931,0.839,1.548e-23,958,P74598
rank0055_ca6_proteinbinders_3455_A,AF-F6ZT52-2-F1-model_v6,0.375,304,0.916,0.755,2.8469999999999996e-22,958,F6ZT52-2
rank0055_ca6_proteinbinders_3455_A,AF-Q4V8C4-F1-model_v6,0.331,318,0.958,0.918,2.2969999999999999e-23,957,Q4V8C4
rank0055_ca6_proteinbinders_3455_A,AF-Q5RE95-F1-model_v6,0.352,316,0.952,0.906,4.364e-23,957,Q5RE95
rank0055_ca6_proteinbinders_3455_A,AF-F6ZT52-F1-model_v6,0.374,305,0.919,0.611,6.587999999999999e-22,957,F6ZT52
rank0055_ca6_proteinbinders_3455_A,AF-Q9D7H2-F1-model_v6,0.334,318,0.958,0.918,2.799e-23,956,Q9D7H2
rank0055_ca6_proteinbinders_3455_A,AF-Q8W1K8-F1-model_v6,0.31,334,0.952,0.903,3.763e-23,956,Q8W1K8
rank0055_ca6_proteinbinders_3455_A,AF-Q8NBT0-F1-model_v6,0.359,304,0.916,0.703,5.408e-22,956,Q8NBT0
rank0055_ca6_proteinbinders_3455_A,AF-Q4V7Z1-F1-model_v6,0.352,316,0.952,0.626,2.991e-22,956,Q4V7Z1
rank0055_ca6_proteinbinders_3455_A,AF-Q8K450-F1-model_v6,0.309,313,0.943,0.452,3.3009999999999997e-22,956,Q8K450
rank0055_ca6_proteinbinders_3455_A,AF-Q8BHD1-F1-model_v6,0.338,305,0.919,0.603,5.1479999999999995e-22,954,Q8BHD1
rank0055_ca6_proteinbinders_3455_A,AF-Q6PE01-F1-model_v6,0.333,307,0.925,0.832,7.89e-23,953,Q6PE01
rank0055_ca6_proteinbinders_3455_A,AF-Q8K450-4-F1-model_v6,0.31,316,0.952,0.942,3.1419999999999995e-22,951,Q8K450-4
rank0055_ca6_proteinbinders_3455_A,AF-O76071-F1-model_v6,0.343,329,0.919,0.971,9.149e-23,949,O76071
rank0055_ca6_proteinbinders_3455_A,AF-Q2HJH6-F1-model_v6,0.329,307,0.925,0.832,5.316e-23,949,Q2HJH6
rank0055_ca6_proteinbinders_3455_A,AF-Q96DI7-F1-model_v6,0.333,307,0.925,0.835,1.0099999999999999e-22,948,Q96DI7
rank0055_ca6_proteinbinders_3455_A,AF-Q28DW0-F1-model_v6,0.339,324,0.919,0.973,1.0099999999999999e-22,947,Q28DW0
rank0055_ca6_proteinbinders_3455_A,AF-A9V790-F1-model_v6,0.3,308,0.916,0.751,1.499e-22,947,A9V790
rank0055_ca6_proteinbinders_3455_A,AF-B3MC74-F1-model_v6,0.309,332,0.955,0.991,3.763e-23,946,B3MC74
rank0055_ca6_proteinbinders_3455_A,AF-A0DB19-F1-model_v6,0.312,316,0.952,0.767,3.763e-23,946,A0DB19
rank0055_ca6_proteinbinders_3455_A,AF-Q93134-F1-model_v6,0.304,317,0.955,0.972,5.868e-23,944,Q93134
rank0055_ca6_proteinbinders_3455_A,AF-D3ZW91-F1-model_v6,0.341,308,0.928,0.604,7.271999999999999e-22,944,D3ZW91
rank0055_ca6_proteinbinders_3455_A,AF-Q8TC44-F1-model_v6,0.352,307,0.925,0.6,5.969e-22,944,Q8TC44
rank0055_ca6_proteinbinders_3455_A,AF-A0CH87-F1-model_v6,0.309,316,0.952,0.767,9.149e-23,941,A0CH87
rank0055_ca6_proteinbinders_3455_A,AF-Q7PS24-F1-model_v6,0.332,336,0.955,0.985,5.868e-23,940,Q7PS24
rank0055_ca6_proteinbinders_3455_A,AF-Q17963-F1-model_v6,0.327,317,0.955,0.793,1.9179999999999998e-22,940,Q17963
rank0055_ca6_proteinbinders_3455_A,AF-Q5JTN6-F1-model_v6,0.375,296,0.892,0.898,1.6539999999999998e-22,939,Q5JTN6
rank0055_ca6_proteinbinders_3455_A,AF-A8X8C6-F1-model_v6,0.342,317,0.955,0.81,2.71e-22,938,A8X8C6
rank0055_ca6_proteinbinders_3455_A,AF-Q9NDC9-F1-model_v6,0.334,304,0.916,0.748,1.358e-22,938,Q9NDC9
rank0055_ca6_proteinbinders_3455_A,AF-B5X212-F1-model_v6,0.344,319,0.916,0.958,3.3009999999999997e-22,937,B5X212
rank0055_ca6_proteinbinders_3455_A,AF-Q7K1Y4-F1-model_v6,0.319,324,0.916,0.967,3.6439999999999998e-22,935,Q7K1Y4
rank0055_ca6_proteinbinders_3455_A,AF-Q8JZX3-2-F1-model_v6,0.359,317,0.955,0.838,2.991e-22,934,Q8JZX3-2
rank0055_ca6_proteinbinders_3455_A,AF-B8P4B0-F1-model_v6,0.314,335,0.916,0.765,3.1419999999999995e-22,931,B8P4B0
rank0055_ca6_proteinbinders_3455_A,AF-P93107-F1-model_v6,0.33,315,0.949,0.482,1.683e-21,931,P93107
rank0055_ca6_proteinbinders_3455_A,AF-P83774-F1-model_v6,0.34,305,0.919,0.95,8.289e-23,928,P83774
rank0055_ca6_proteinbinders_3455_A,AF-Q32PJ6-F1-model_v6,0.343,329,0.919,0.971,3.3009999999999997e-22,928,Q32PJ6
rank0055_ca6_proteinbinders_3455_A,AF-O43172-F1-model_v6,0.289,319,0.961,0.571,3.8279999999999997e-22,928,O43172
rank0055_ca6_proteinbinders_3455_A,AF-P69103-F1-model_v6,0.268,319,0.961,0.987,4.153e-23,924,P69103
rank0055_ca6_proteinbinders_3455_A,AF-B7FNU7-F1-model_v6,0.299,315,0.919,0.718,4.2249999999999994e-22,924,B7FNU7
rank0055_ca6_proteinbinders_3455_A,AF-Q23256-F1-model_v6,0.3,317,0.955,0.595,2.4549999999999997e-22,923,Q23256
rank0055_ca6_proteinbinders_3455_A,AF-Q4R7Y4-F1-model_v6,0.311,318,0.958,0.981,6.163999999999999e-23,922,Q4R7Y4
rank0055_ca6_proteinbinders_3455_A,AF-Q54KL5-F1-model_v6,0.338,304,0.916,0.875,7.271999999999999e-22,921,Q54KL5
rank0055_ca6_proteinbinders_3455_A,AF-Q10281-F1-model_v6,0.307,318,0.958,0.99,6.163999999999999e-23,920,Q10281
rank0055_ca6_proteinbinders_3455_A,AF-Q5RF51-F1-model_v6,0.329,307,0.925,0.835,3.3009999999999997e-22,919,Q5RF51
rank0055_ca6_proteinbinders_3455_A,AF-Q7ZVF0-F1-model_v6,0.339,317,0.955,0.721,5.408e-22,918,Q7ZVF0
rank0055_ca6_proteinbinders_3455_A,AF-Q96DI7-2-F1-model_v6,0.337,294,0.886,0.699,3.3009999999999997e-22,917,Q96DI7-2
rank0055_ca6_proteinbinders_3455_A,AF-A2CEH0-F1-model_v6,0.32,316,0.952,0.598,1.451e-21,917,A2CEH0
rank0055_ca6_proteinbinders_3455_A,AF-Q25189-F1-model_v6,0.311,317,0.955,0.975,1.1709999999999998e-22,916,Q25189
rank0055_ca6_proteinbinders_3455_A,AF-P63245-F1-model_v6,0.311,318,0.958,0.981,9.149e-23,916,P63245
rank0055_ca6_proteinbinders_3455_A,AF-P49177-F1-model_v6,0.28,311,0.919,0.825,5.1479999999999995e-22,914,P49177
rank0055_ca6_proteinbinders_3455_A,AF-O43172-2-F1-model_v6,0.292,319,0.961,0.572,4.2249999999999994e-22,913,O43172-2
rank0055_ca6_proteinbinders_3455_A,AF-O76734-F1-model_v6,0.325,325,0.946,0.561,4.5839999999999997e-23,912,O76734
rank0055_ca6_proteinbinders_3455_A,AF-P68040-F1-model_v6,0.311,318,0.958,0.981,1.358e-22,910,P68040
rank0055_ca6_proteinbinders_3455_A,AF-P63244-F1-model_v6,0.311,318,0.958,0.981,1.4269999999999998e-22,910,P63244
rank0055_ca6_proteinbinders_3455_A,AF-P63247-F1-model_v6,0.311,317,0.955,0.972,2.1169999999999997e-22,910,P63247
rank0055_ca6_proteinbinders_3455_A,AF-B6GZD3-F1-model_v6,0.29,347,0.916,0.748,3.6439999999999998e-22,910,B6GZD3
rank0055_ca6_proteinbinders_3455_A,AF-Q3MHE2-F1-model_v6,0.295,319,0.961,0.572,6.587999999999999e-22,910,Q3MHE2
rank0055_ca6_proteinbinders_3455_A,AF-Q229Z6-F1-model_v6,0.272,317,0.955,0.494,2.1169999999999997e-22,910,Q229Z6
rank0055_ca6_proteinbinders_3455_A,AF-P63246-F1-model_v6,0.311,318,0.958,0.981,1.358e-22,909,P63246
rank0055_ca6_proteinbinders_3455_A,AF-Q5NVD0-F1-model_v6,0.295,319,0.961,0.572,6.921999999999999e-22,909,Q5NVD0
rank0055_ca6_proteinbinders_3455_A,AF-P63243-F1-model_v6,0.311,317,0.955,0.972,2.71e-22,908,P63243
rank0055_ca6_proteinbinders_3455_A,AF-B5X9P2-F1-model_v6,0.341,316,0.916,0.958,2.05e-21,908,B5X9P2
rank0055_ca6_proteinbinders_3455_A,AF-A8NEG8-F1-model_v6,0.338,331,0.916,0.763,3.6439999999999998e-22,906,A8NEG8
rank0055_ca6_proteinbinders_3455_A,AF-Q9DAW6-F1-model_v6,0.298,319,0.961,0.572,8.025999999999999e-22,906,Q9DAW6
rank0055_ca6_proteinbinders_3455_A,AF-Q6P0D9-F1-model_v6,0.346,317,0.916,0.961,1.951e-21,904,Q6P0D9
rank0055_ca6_proteinbinders_3455_A,AF-Q9D994-F1-model_v6,0.381,291,0.877,0.908,2.377e-21,903,Q9D994
rank0055_ca6_proteinbinders_3455_A,AF-O42248-F1-model_v6,0.314,317,0.955,0.972,1.9179999999999998e-22,903,O42248
rank0055_ca6_proteinbinders_3455_A,AF-P38011-F1-model_v6,0.313,304,0.916,0.95,5.681999999999999e-22,903,P38011
rank0055_ca6_proteinbinders_3455_A,AF-O18640-F1-model_v6,0.316,318,0.958,0.981,1.4269999999999998e-22,901,O18640
rank0055_ca6_proteinbinders_3455_A,AF-Q39336-F1-model_v6,0.315,321,0.958,0.982,1.9179999999999998e-22,901,Q39336
rank0055_ca6_proteinbinders_3455_A,AF-P62883-F1-model_v6,0.283,305,0.919,0.971,5.681999999999999e-22,900,P62883
rank0055_ca6_proteinbinders_3455_A,AF-P25387-F1-model_v6,0.316,318,0.958,0.984,1.4269999999999998e-22,900,P25387
rank0055_ca6_proteinbinders_3455_A,AF-Q9SY00-F1-model_v6,0.338,319,0.961,0.91,6.587999999999999e-22,900,Q9SY00
rank0055_ca6_proteinbinders_3455_A,AF-P63005-2-F1-model_v6,0.33,286,0.852,0.731,1.191e-21,900,P63005-2
rank0055_ca6_proteinbinders_3455_A,AF-A0A223GEB2-F1-model_v6,0.309,318,0.958,0.987,2.337e-22,899,A0A223GEB2
rank0055_ca6_proteinbinders_3455_A,AF-G1SJB4-F1-model_v6,0.312,317,0.955,0.972,2.8469999999999996e-22,899,G1SJB4
rank0055_ca6_proteinbinders_3455_A,AF-O42249-F1-model_v6,0.305,318,0.958,0.981,1.6539999999999998e-22,898,O42249
rank0055_ca6_proteinbinders_3455_A,AF-A8XZJ9-F1-model_v6,0.314,305,0.919,0.741,7.639999999999999e-22,898,A8XZJ9
rank0055_ca6_proteinbinders_3455_A,AF-P0CS43-F1-model_v6,0.324,333,0.916,0.769,9.306999999999998e-22,898,P0CS43
rank0055_ca6_proteinbinders_3455_A,AF-P93340-F1-model_v6,0.298,319,0.952,0.979,1.4269999999999998e-22,896,P93340
rank0055_ca6_proteinbinders_3455_A,AF-P69104-F1-model_v6,0.27,319,0.961,0.987,5.316e-23,892,P69104
rank0055_ca6_proteinbinders_3455_A,AF-A1CUD6-F1-model_v6,0.292,357,0.916,0.764,1.525e-21,891,A1CUD6
rank0055_ca6_proteinbinders_3455_A,AF-P62884-F1-model_v6,0.283,305,0.919,0.971,9.306999999999998e-22,890,P62884
rank0055_ca6_proteinbinders_3455_A,AF-Q5DFU0-F1-model_v6,0.266,344,0.952,0.977,1.252e-21,890,Q5DFU0
rank0055_ca6_proteinbinders_3455_A,AF-Q9VU65-F1-model_v6,0.31,318,0.958,0.749,2.896e-21,890,Q9VU65
rank0055_ca6_proteinbinders_3455_A,AF-Q01369-F1-model_v6,0.284,318,0.958,0.984,4.664e-22,889,Q01369
rank0055_ca6_proteinbinders_3455_A,AF-O24076-F1-model_v6,0.312,321,0.958,0.988,2.1169999999999997e-22,889,O24076
rank0055_ca6_proteinbinders_3455_A,AF-Q9C4Z6-F1-model_v6,0.313,322,0.958,0.988,2.2239999999999997e-22,888,Q9C4Z6
rank0055_ca6_proteinbinders_3455_A,AF-B7QKS1-F1-model_v6,0.328,319,0.961,0.997,2.05e-21,887,B7QKS1
rank0055_ca6_proteinbinders_3455_A,AF-Q10282-F1-model_v6,0.251,318,0.958,0.964,2.377e-21,883,Q10282
rank0055_ca6_proteinbinders_3455_A,AF-Q8C0J2-3-F1-model_v6,0.26,315,0.949,0.475,2.263e-21,883,Q8C0J2-3
rank0055_ca6_proteinbinders_3455_A,AF-Q5RFF8-F1-model_v6,0.304,376,0.916,0.775,7.027e-24,882,Q5RFF8
rank0055_ca6_proteinbinders_3455_A,AF-Q09715-F1-model_v6,0.29,325,0.946,0.529,2.337e-22,882,Q09715
rank0055_ca6_proteinbinders_3455_A,AF-Q25306-F1-model_v6,0.28,305,0.919,0.971,1.951e-21,881,Q25306
rank0055_ca6_proteinbinders_3455_A,AF-A1DP19-F1-model_v6,0.3,357,0.916,0.81,2.624e-21,880,A1DP19
rank0055_ca6_proteinbinders_3455_A,AF-Q4P9P9-F1-model_v6,0.296,336,0.916,0.742,1.768e-21,880,Q4P9P9
rank0055_ca6_proteinbinders_3455_A,AF-Q9NFZ1-F1-model_v6,0.254,303,0.913,0.844,2.377e-21,879,Q9NFZ1
rank0055_ca6_proteinbinders_3455_A,AF-O24456-F1-model_v6,0.317,323,0.958,0.988,5.408e-22,878,O24456
rank0055_ca6_proteinbinders_3455_A,AF-P0CS42-F1-model_v6,0.324,333,0.916,0.769,2.498e-21,877,P0CS42
rank0055_ca6_proteinbinders_3455_A,AF-Q39836-F1-model_v6,0.301,322,0.961,0.991,4.2249999999999994e-22,876,Q39836
rank0055_ca6_proteinbinders_3455_A,AF-Q6L4F8-F1-model_v6,0.304,322,0.955,0.958,2.337e-22,876,Q6L4F8
rank0055_ca6_proteinbinders_3455_A,AF-B8N9H4-F1-model_v6,0.286,345,0.916,0.758,6.073e-21,876,B8N9H4
rank0055_ca6_proteinbinders_3455_A,AF-Q5RAC9-F1-model_v6,0.269,304,0.916,0.476,8.165e-21,876,Q5RAC9
rank0055_ca6_proteinbinders_3455_A,AF-Q7ZXK9-F1-model_v6,0.335,376,0.916,0.79,1.4729999999999998e-23,875,Q7ZXK9
rank0055_ca6_proteinbinders_3455_A,AF-Q9USN3-F1-model_v6,0.319,324,0.967,0.417,1.358e-22,875,Q9USN3
rank0055_ca6_proteinbinders_3455_A,AF-C6HTE8-F1-model_v6,0.295,345,0.916,0.757,8.165e-21,869,C6HTE8
rank0055_ca6_proteinbinders_3455_A,AF-Q40507-F1-model_v6,0.277,310,0.916,0.827,5.2370000000000004e-21,867,Q40507
rank0055_ca6_proteinbinders_3455_A,AF-Q6ZMY6-F1-model_v6,0.295,317,0.955,0.665,2.05e-21,867,Q6ZMY6
rank0055_ca6_proteinbinders_3455_A,AF-Q8C0J2-2-F1-model_v6,0.26,315,0.949,0.503,5.502e-21,866,Q8C0J2-2
rank0055_ca6_proteinbinders_3455_A,AF-G4MQX3-F1-model_v6,0.287,318,0.958,0.984,2.154e-21,865,G4MQX3
rank0055_ca6_proteinbinders_3455_A,AF-Q21215-F1-model_v6,0.294,317,0.955,0.966,1.683e-21,865,Q21215
rank0055_ca6_proteinbinders_3455_A,AF-Q9NVX2-F1-model_v6,0.306,376,0.916,0.775,2.081e-23,864,Q9NVX2
rank0055_ca6_proteinbinders_3455_A,AF-Q9SZQ5-F1-model_v6,0.342,312,0.916,0.972,3.043e-21,863,Q9SZQ5
rank0055_ca6_proteinbinders_3455_A,AF-Q9LV28-F1-model_v6,0.319,319,0.955,0.979,9.306999999999998e-22,863,Q9LV28
rank0055_ca6_proteinbinders_3455_A,AF-Q2UGU1-F1-model_v6,0.283,345,0.916,0.758,7.772e-21,863,Q2UGU1
rank0055_ca6_proteinbinders_3455_A,AF-P49026-F1-model_v6,0.301,319,0.952,0.979,1.252e-21,862,P49026
rank0055_ca6_proteinbinders_3455_A,AF-C1GB49-F1-model_v6,0.289,368,0.916,0.77,1.0450000000000001e-20,862,C1GB49
rank0055_ca6_proteinbinders_3455_A,AF-C0S902-F1-model_v6,0.291,368,0.916,0.77,1.0980000000000001e-20,862,C0S902
rank0055_ca6_proteinbinders_3455_A,AF-P20053-F1-model_v6,0.257,304,0.916,0.637,2.946e-20,861,P20053
rank0055_ca6_proteinbinders_3455_A,AF-Q93847-F1-model_v6,0.303,307,0.925,0.754,6.38e-21,860,Q93847
rank0055_ca6_proteinbinders_3455_A,AF-C0NRC6-F1-model_v6,0.292,345,0.916,0.757,1.2120000000000001e-20,860,C0NRC6
rank0055_ca6_proteinbinders_3455_A,AF-Q8VEJ4-F1-model_v6,0.304,376,0.916,0.775,3.9529999999999996e-23,860,Q8VEJ4
rank0055_ca6_proteinbinders_3455_A,AF-Q5FWQ6-F1-model_v6,0.29,328,0.913,0.79,2.5789999999999996e-22,857,Q5FWQ6
rank0055_ca6_proteinbinders_3455_A,AF-Q6ZMY6-2-F1-model_v6,0.295,319,0.961,0.742,1.768e-21,857,Q6ZMY6-2
rank0055_ca6_proteinbinders_3455_A,AF-A1CF18-F1-model_v6,0.29,352,0.916,0.809,2.419e-20,857,A1CF18
rank0055_ca6_proteinbinders_3455_A,AF-Q3Y8L7-F1-model_v6,0.309,331,0.958,0.742,1.358e-22,855,Q3Y8L7
rank0055_ca6_proteinbinders_3455_A,AF-Q58D20-F1-model_v6,0.308,376,0.916,0.774,3.2449999999999997e-23,855,Q58D20
rank0055_ca6_proteinbinders_3455_A,AF-Q4R8E7-F1-model_v6,0.318,319,0.961,0.711,4.2249999999999994e-22,854,Q4R8E7
rank0055_ca6_proteinbinders_3455_A,AF-Q8C0J2-F1-model_v6,0.26,315,0.949,0.488,1.405e-20,854,Q8C0J2
rank0055_ca6_proteinbinders_3455_A,AF-Q6P2Y2-F1-model_v6,0.293,328,0.913,0.79,4.439e-22,853,Q6P2Y2
rank0055_ca6_proteinbinders_3455_A,AF-P25382-F1-model_v6,0.295,377,0.916,0.732,9.149e-23,852,P25382
rank0055_ca6_proteinbinders_3455_A,AF-Q676U5-2-F1-model_v6,0.272,304,0.916,0.491,2.302e-20,852,Q676U5-2
rank0055_ca6_proteinbinders_3455_A,AF-P0CS46-F1-model_v6,0.263,321,0.967,0.416,5.2370000000000004e-21,852,P0CS46
rank0055_ca6_proteinbinders_3455_A,AF-P49178-F1-model_v6,0.281,313,0.919,0.824,9.013e-21,851,P49178
rank0055_ca6_proteinbinders_3455_A,AF-Q676U5-F1-model_v6,0.272,304,0.916,0.476,2.302e-20,851,Q676U5
rank0055_ca6_proteinbinders_3455_A,AF-O80990-2-F1-model_v6,0.331,321,0.88,0.953,3.59e-20,850,O80990-2
rank0055_ca6_proteinbinders_3455_A,AF-Q6PBD6-F1-model_v6,0.294,317,0.955,0.98,7.772e-21,849,Q6PBD6
rank0055_ca6_proteinbinders_3455_A,AF-Q6P5M2-F1-model_v6,0.3,306,0.922,0.977,1.0450000000000001e-20,847,Q6P5M2
rank0055_ca6_proteinbinders_3455_A,AF-B6K1G6-F1-model_v6,0.293,333,0.967,0.544,6.073e-21,846,B6K1G6
rank0055_ca6_proteinbinders_3455_A,AF-P49027-F1-model_v6,0.307,320,0.955,0.958,7.639999999999999e-22,845,P49027
rank0055_ca6_proteinbinders_3455_A,AF-Q676U5-5-F1-model_v6,0.271,304,0.916,0.651,1.154e-20,845,Q676U5-5
rank0055_ca6_proteinbinders_3455_A,AF-B6HP56-F1-model_v6,0.293,348,0.916,0.76,1.8900000000000002e-20,844,B6HP56
rank0055_ca6_proteinbinders_3455_A,AF-Q6GMD2-F1-model_v6,0.287,317,0.955,0.98,2.8050000000000004e-20,843,Q6GMD2
rank0055_ca6_proteinbinders_3455_A,AF-Q8C0J2-5-F1-model_v6,0.253,315,0.949,0.517,1.857e-21,843,Q8C0J2-5
rank0055_ca6_proteinbinders_3455_A,AF-O88879-2-F1-model_v6,0.319,311,0.937,0.249,1.3380000000000001e-20,842,O88879-2
rank0055_ca6_proteinbinders_3455_A,AF-Q95RJ9-F1-model_v6,0.343,297,0.895,0.407,1.252e-21,840,Q95RJ9
rank0055_ca6_proteinbinders_3455_A,AF-Q8NAA4-2-F1-model_v6,0.249,304,0.916,0.563,5.597e-20,839,Q8NAA4-2
rank0055_ca6_proteinbinders_3455_A,AF-Q0P593-F1-model_v6,0.293,330,0.955,0.795,2.5789999999999996e-22,838,Q0P593
rank0055_ca6_proteinbinders_3455_A,AF-Q5ZJH5-F1-model_v6,0.284,320,0.964,0.997,1.6300000000000002e-20,837,Q5ZJH5
rank0055_ca6_proteinbinders_3455_A,AF-P29829-F1-model_v6,0.245,303,0.913,0.844,5.327e-20,837,P29829
rank0055_ca6_proteinbinders_3455_A,AF-Q9EPV5-F1-model_v6,0.315,311,0.937,0.247,2.191e-20,837,Q9EPV5
rank0055_ca6_proteinbinders_3455_A,AF-P93398-F1-model_v6,0.28,310,0.916,0.822,2.0860000000000002e-20,836,P93398
rank0055_ca6_proteinbinders_3455_A,AF-O74855-F1-model_v6,0.296,373,0.916,0.743,1.1709999999999998e-22,836,O74855
rank0055_ca6_proteinbinders_3455_A,AF-Q9QXE7-F1-model_v6,0.326,297,0.895,0.541,3.043e-21,836,Q9QXE7
rank0055_ca6_proteinbinders_3455_A,AF-D5GBI7-F1-model_v6,0.296,338,0.916,0.748,3.962e-20,835,D5GBI7
rank0055_ca6_proteinbinders_3455_A,AF-Q5I0B9-2-F1-model_v6,0.272,300,0.904,0.531,1.273e-20,835,Q5I0B9-2
rank0055_ca6_proteinbinders_3455_A,AF-B8AP31-F1-model_v6,0.269,313,0.919,0.824,2.191e-20,832,B8AP31
rank0055_ca6_proteinbinders_3455_A,AF-C4JZS6-F1-model_v6,0.302,337,0.913,0.756,2.302e-20,832,C4JZS6
rank0055_ca6_proteinbinders_3455_A,AF-Q5BK30-F1-model_v6,0.297,318,0.946,0.766,3.8279999999999997e-22,830,Q5BK30
rank0055_ca6_proteinbinders_3455_A,AF-Q9VPR4-F1-model_v6,0.303,374,0.916,0.766,2.337e-22,830,Q9VPR4
rank0055_ca6_proteinbinders_3455_A,AF-B2VWG7-F1-model_v6,0.297,351,0.916,0.761,1.117e-19,828,B2VWG7
rank0055_ca6_proteinbinders_3455_A,AF-Q5I0B9-F1-model_v6,0.273,300,0.904,0.458,6.819000000000001e-20,828,Q5I0B9
rank0055_ca6_proteinbinders_3455_A,AF-P93563-F1-model_v6,0.279,310,0.916,0.822,2.6690000000000003e-20,827,P93563
rank0055_ca6_proteinbinders_3455_A,AF-P0CS47-F1-model_v6,0.263,322,0.97,0.417,2.419e-20,827,P0CS47
rank0055_ca6_proteinbinders_3455_A,AF-B6QC56-F1-model_v6,0.267,348,0.916,0.758,1.012e-19,824,B6QC56
rank0055_ca6_proteinbinders_3455_A,AF-D1ZEM6-F1-model_v6,0.279,364,0.91,0.749,5.327e-20,824,D1ZEM6
rank0055_ca6_proteinbinders_3455_A,AF-Q16MY0-F1-model_v6,0.238,310,0.931,0.47,1.602e-21,823,Q16MY0
rank0055_ca6_proteinbinders_3455_A,AF-Q0U1B1-F1-model_v6,0.286,352,0.916,0.762,7.164e-20,822,Q0U1B1
rank0055_ca6_proteinbinders_3455_A,AF-Q5R5W8-F1-model_v6,0.269,318,0.958,0.876,9.169e-20,821,Q5R5W8
rank0055_ca6_proteinbinders_3455_A,AF-Q7SZM9-F1-model_v6,0.323,297,0.895,0.549,8.165e-21,821,Q7SZM9
rank0055_ca6_proteinbinders_3455_A,AF-C5JD40-F1-model_v6,0.289,363,0.916,0.767,1.012e-19,820,C5JD40
rank0055_ca6_proteinbinders_3455_A,AF-Q9FLX9-F1-model_v6,0.303,369,0.916,0.78,1.826e-22,820,Q9FLX9
rank0055_ca6_proteinbinders_3455_A,AF-B8M0Q1-F1-model_v6,0.262,348,0.916,0.758,8.727e-20,819,B8M0Q1
rank0055_ca6_proteinbinders_3455_A,AF-Q75C26-F1-model_v6,0.305,317,0.919,0.966,4.5940000000000004e-20,817,Q75C26
rank0055_ca6_proteinbinders_3455_A,AF-Q4P5F5-F1-model_v6,0.261,424,0.934,0.932,2.6690000000000003e-20,816,Q4P5F5
rank0055_ca6_proteinbinders_3455_A,AF-P0CS48-F1-model_v6,0.27,318,0.958,0.636,4.3730000000000004e-20,815,P0CS48
rank0055_ca6_proteinbinders_3455_A,AF-P62880-F1-model_v6,0.256,318,0.958,0.876,1.43e-19,814,P62880
rank0055_ca6_proteinbinders_3455_A,AF-Q61ZF6-F1-model_v6,0.256,318,0.958,0.876,1.43e-19,814,Q61ZF6
rank0055_ca6_proteinbinders_3455_A,AF-C5GVJ9-F1-model_v6,0.285,363,0.916,0.767,8.727e-20,814,C5GVJ9
rank0055_ca6_proteinbinders_3455_A,AF-Q75BY3-F1-model_v6,0.254,319,0.961,0.715,3.59e-20,813,Q75BY3
rank0055_ca6_proteinbinders_3455_A,AF-B4KRQ4-F1-model_v6,0.252,308,0.928,0.454,3.359e-21,813,B4KRQ4
rank0055_ca6_proteinbinders_3455_A,AF-Q2KJJ5-F1-model_v6,0.27,333,0.964,0.416,1.154e-20,813,Q2KJJ5
rank0055_ca6_proteinbinders_3455_A,AF-Q8NAA4-F1-model_v6,0.239,315,0.949,0.478,8.727e-20,812,Q8NAA4
rank0055_ca6_proteinbinders_3455_A,AF-B3NSK1-F1-model_v6,0.253,306,0.922,0.45,3.359e-21,812,B3NSK1
rank0055_ca6_proteinbinders_3455_A,AF-B4P7H8-F1-model_v6,0.253,306,0.922,0.45,4.516e-21,812,B4P7H8
rank0055_ca6_proteinbinders_3455_A,AF-B4GIJ0-F1-model_v6,0.257,306,0.922,0.45,3.528e-21,812,B4GIJ0
rank0055_ca6_proteinbinders_3455_A,AF-B4HND9-F1-model_v6,0.257,306,0.922,0.45,3.043e-21,811,B4HND9
rank0055_ca6_proteinbinders_3455_A,AF-P11017-F1-model_v6,0.256,318,0.958,0.876,1.83e-19,810,P11017
rank0055_ca6_proteinbinders_3455_A,AF-O45040-F1-model_v6,0.26,318,0.958,0.876,1.117e-19,810,O45040
rank0055_ca6_proteinbinders_3455_A,AF-Q28YY2-F1-model_v6,0.257,306,0.922,0.45,3.895e-21,810,Q28YY2
rank0055_ca6_proteinbinders_3455_A,AF-O14727-F1-model_v6,0.308,312,0.94,0.248,1.83e-19,810,O14727
rank0055_ca6_proteinbinders_3455_A,AF-Q6PH57-F1-model_v6,0.266,318,0.958,0.876,1.83e-19,809,Q6PH57
rank0055_ca6_proteinbinders_3455_A,AF-Q9BZK7-F1-model_v6,0.29,320,0.928,0.623,3.895e-21,809,Q9BZK7
rank0055_ca6_proteinbinders_3455_A,AF-Q5GIS3-F1-model_v6,0.253,318,0.958,0.874,2.122e-19,808,Q5GIS3
rank0055_ca6_proteinbinders_3455_A,AF-B4MFM2-F1-model_v6,0.255,308,0.928,0.462,5.2370000000000004e-21,808,B4MFM2
rank0055_ca6_proteinbinders_3455_A,AF-Q1LZ08-F1-model_v6,0.253,306,0.922,0.458,4.516e-21,808,Q1LZ08
rank0055_ca6_proteinbinders_3455_A,AF-Q9LFE2-F1-model_v6,0.249,333,0.964,0.38,1.2120000000000001e-20,808,Q9LFE2
rank0055_ca6_proteinbinders_3455_A,AF-Q08706-F1-model_v6,0.256,318,0.958,0.874,1.922e-19,807,Q08706
rank0055_ca6_proteinbinders_3455_A,AF-B4QB64-F1-model_v6,0.257,306,0.922,0.458,4.985e-21,807,B4QB64
rank0055_ca6_proteinbinders_3455_A,AF-B0X2V9-F1-model_v6,0.259,307,0.922,0.458,4.299e-21,807,B0X2V9
rank0055_ca6_proteinbinders_3455_A,AF-Q6FJ73-F1-model_v6,0.296,328,0.919,0.973,3.476e-19,805,Q6FJ73
rank0055_ca6_proteinbinders_3455_A,AF-P17343-F1-model_v6,0.256,318,0.958,0.876,2.585e-19,805,P17343
rank0055_ca6_proteinbinders_3455_A,AF-O35353-F1-model_v6,0.26,318,0.958,0.876,2.46e-19,805,O35353
rank0055_ca6_proteinbinders_3455_A,AF-G0SC29-F1-model_v6,0.285,376,0.916,0.727,7.639999999999999e-22,805,G0SC29
rank0055_ca6_proteinbinders_3455_A,AF-P0DPA1-F1-model_v6,0.236,333,0.916,0.566,4.3730000000000004e-20,805,P0DPA1
rank0055_ca6_proteinbinders_3455_A,AF-Q94A40-F1-model_v6,0.271,312,0.91,0.257,1.174e-19,805,Q94A40
rank0055_ca6_proteinbinders_3455_A,AF-Q7S7L4-F1-model_v6,0.282,363,0.91,0.747,1.361e-19,804,Q7S7L4
rank0055_ca6_proteinbinders_3455_A,AF-B3MET8-F1-model_v6,0.252,306,0.922,0.459,4.985e-21,804,B3MET8
rank0055_ca6_proteinbinders_3455_A,AF-O14727-2-F1-model_v6,0.315,312,0.94,0.25,1.578e-19,804,O14727-2
rank0055_ca6_proteinbinders_3455_A,AF-P36408-F1-model_v6,0.259,303,0.913,0.836,8.044e-19,803,P36408
rank0055_ca6_proteinbinders_3455_A,AF-Q9WUC8-F1-model_v6,0.288,318,0.958,0.582,1.578e-19,803,Q9WUC8
rank0055_ca6_proteinbinders_3455_A,AF-Q4R8H1-F1-model_v6,0.3,319,0.955,0.561,2.757e-21,803,Q4R8H1
rank0055_ca6_proteinbinders_3455_A,AF-P54313-F1-model_v6,0.256,318,0.958,0.876,2.997e-19,802,P54313
rank0055_ca6_proteinbinders_3455_A,AF-P62879-F1-model_v6,0.256,318,0.958,0.876,3.308e-19,801,P62879
rank0055_ca6_proteinbinders_3455_A,AF-O43660-2-F1-model_v6,0.285,318,0.958,0.592,1.742e-19,801,O43660-2
rank0055_ca6_proteinbinders_3455_A,AF-Q12788-F1-model_v6,0.279,333,0.964,0.412,3.252e-20,801,Q12788
rank0055_ca6_proteinbinders_3455_A,AF-Q32LN7-F1-model_v6,0.26,319,0.961,0.987,4.674e-19,800,Q32LN7
rank0055_ca6_proteinbinders_3455_A,AF-P62874-F1-model_v6,0.269,318,0.958,0.876,3.149e-19,800,P62874
rank0055_ca6_proteinbinders_3455_A,AF-Q6KAU8-3-F1-model_v6,0.248,303,0.913,0.478,2.997e-19,800,Q6KAU8-3
rank0055_ca6_proteinbinders_3455_A,AF-Q12417-F1-model_v6,0.263,318,0.958,0.667,9.169e-20,798,Q12417
rank0055_ca6_proteinbinders_3455_A,AF-Q2KID6-F1-model_v6,0.285,318,0.958,0.583,2.02e-19,798,Q2KID6
rank0055_ca6_proteinbinders_3455_A,AF-Q9GZS3-F1-model_v6,0.266,317,0.955,0.97,4.449e-19,797,Q9GZS3
rank0055_ca6_proteinbinders_3455_A,AF-O94620-F1-model_v6,0.267,306,0.922,0.871,5.159e-19,797,O94620
rank0055_ca6_proteinbinders_3455_A,AF-P62871-F1-model_v6,0.269,318,0.958,0.876,2.997e-19,797,P62871
rank0055_ca6_proteinbinders_3455_A,AF-Q1LV15-F1-model_v6,0.292,335,0.955,0.807,7.639999999999999e-22,797,Q1LV15
rank0055_ca6_proteinbinders_3455_A,AF-P0CS49-F1-model_v6,0.263,318,0.958,0.636,5.88e-20,797,P0CS49
rank0055_ca6_proteinbinders_3455_A,AF-Q922V4-F1-model_v6,0.288,318,0.958,0.583,2.229e-19,797,Q922V4
rank0055_ca6_proteinbinders_3455_A,AF-P29387-F1-model_v6,0.26,318,0.958,0.876,4.449e-19,796,P29387
rank0055_ca6_proteinbinders_3455_A,AF-B4J8H6-F1-model_v6,0.258,306,0.922,0.459,9.013e-21,796,B4J8H6
rank0055_ca6_proteinbinders_3455_A,AF-Q8C4J7-F1-model_v6,0.292,314,0.943,0.392,5.0710000000000003e-20,796,Q8C4J7
rank0055_ca6_proteinbinders_3455_A,AF-Q9BQ87-F1-model_v6,0.306,318,0.952,0.609,4.516e-21,794,Q9BQ87
rank0055_ca6_proteinbinders_3455_A,AF-Q6KAU8-F1-model_v6,0.239,314,0.946,0.474,2.229e-19,794,Q6KAU8
rank0055_ca6_proteinbinders_3455_A,AF-Q5U2W5-F1-model_v6,0.288,315,0.946,0.394,8.727e-20,794,Q5U2W5
rank0055_ca6_proteinbinders_3455_A,AF-Q6CBI8-F1-model_v6,0.29,327,0.919,0.985,6.937e-19,792,Q6CBI8
rank0055_ca6_proteinbinders_3455_A,AF-P23232-F1-model_v6,0.247,318,0.958,0.874,5.694e-19,792,P23232
rank0055_ca6_proteinbinders_3455_A,AF-Q4V7A0-F1-model_v6,0.262,319,0.961,0.987,3.149e-19,790,Q4V7A0
rank0055_ca6_proteinbinders_3455_A,AF-Q40687-F1-model_v6,0.271,313,0.919,0.824,2.02e-19,790,Q40687
rank0055_ca6_proteinbinders_3455_A,AF-Q6S7B0-F1-model_v6,0.288,303,0.843,0.453,9.633000000000001e-20,790,Q6S7B0
rank0055_ca6_proteinbinders_3455_A,AF-P62872-F1-model_v6,0.275,315,0.949,0.874,4.91e-19,789,P62872
rank0055_ca6_proteinbinders_3455_A,AF-P79959-F1-model_v6,0.266,318,0.958,0.876,4.91e-19,789,P79959
rank0055_ca6_proteinbinders_3455_A,AF-O88879-F1-model_v6,0.316,310,0.934,0.246,3.149e-19,789,O88879
rank0055_ca6_proteinbinders_3455_A,AF-D3Z7A5-F1-model_v6,0.283,335,0.955,0.807,4.439e-22,788,D3Z7A5
rank0055_ca6_proteinbinders_3455_A,AF-Q6CKE8-F1-model_v6,0.248,318,0.958,0.694,1.742e-19,788,Q6CKE8
rank0055_ca6_proteinbinders_3455_A,AF-Q6NNP0-F1-model_v6,0.276,303,0.913,0.568,5.694e-19,787,Q6NNP0
rank0055_ca6_proteinbinders_3455_A,AF-Q91WQ5-F1-model_v6,0.305,302,0.831,0.513,3.836e-19,787,Q91WQ5
rank0055_ca6_proteinbinders_3455_A,AF-Q9SJT9-F1-model_v6,0.268,312,0.91,0.256,3.476e-19,785,Q9SJT9
rank0055_ca6_proteinbinders_3455_A,AF-P62873-F1-model_v6,0.269,318,0.958,0.876,5.982e-19,784,P62873
rank0055_ca6_proteinbinders_3455_A,AF-P26308-F1-model_v6,0.241,318,0.958,0.876,9.799e-19,783,P26308
rank0055_ca6_proteinbinders_3455_A,AF-Q12220-F1-model_v6,0.234,326,0.955,0.346,4.8270000000000005e-20,783,Q12220
rank0055_ca6_proteinbinders_3455_A,AF-Q9AUR8-F1-model_v6,0.262,312,0.91,0.256,4.234e-19,781,Q9AUR8
rank0055_ca6_proteinbinders_3455_A,AF-Q6DH44-F1-model_v6,0.279,305,0.919,0.908,5.159e-19,779,Q6DH44
rank0055_ca6_proteinbinders_3455_A,AF-Q15542-F1-model_v6,0.292,327,0.87,0.409,2.02e-19,779,Q15542
rank0055_ca6_proteinbinders_3455_A,AF-Q54S79-F1-model_v6,0.23,319,0.955,0.339,4.162e-20,779,Q54S79
rank0055_ca6_proteinbinders_3455_A,AF-Q9XW12-F1-model_v6,0.283,318,0.901,0.944,2.268e-18,778,Q9XW12
rank0055_ca6_proteinbinders_3455_A,AF-Q4WT34-F1-model_v6,0.259,318,0.958,0.66,4.234e-19,778,Q4WT34
rank0055_ca6_proteinbinders_3455_A,AF-O43660-F1-model_v6,0.28,318,0.958,0.582,8.044e-19,777,O43660
rank0055_ca6_proteinbinders_3455_A,AF-Q8NBT0-3-F1-model_v6,0.358,277,0.834,0.705,1.861e-18,776,Q8NBT0-3
rank0055_ca6_proteinbinders_3455_A,AF-Q8N136-F1-model_v6,0.3,340,0.94,0.819,3.528e-21,776,Q8N136
rank0055_ca6_proteinbinders_3455_A,AF-Q5BE22-F1-model_v6,0.256,318,0.958,0.662,4.234e-19,776,Q5BE22
rank0055_ca6_proteinbinders_3455_A,AF-O13615-F1-model_v6,0.26,318,0.958,0.632,3.476e-19,776,O13615
rank0055_ca6_proteinbinders_3455_A,AF-P53622-F1-model_v6,0.279,320,0.916,0.266,3.476e-19,774,P53622
rank0055_ca6_proteinbinders_3455_A,AF-Q9ERF3-F1-model_v6,0.262,319,0.961,0.987,7.656e-19,773,Q9ERF3
rank0055_ca6_proteinbinders_3455_A,AF-Q9HAV0-F1-model_v6,0.266,318,0.958,0.876,1.384e-18,773,Q9HAV0
rank0055_ca6_proteinbinders_3455_A,AF-Q7ZUV2-F1-model_v6,0.33,302,0.91,0.411,1.578e-19,773,Q7ZUV2
rank0055_ca6_proteinbinders_3455_A,AF-O74319-F1-model_v6,0.263,284,0.843,0.442,6.603e-19,771,O74319
rank0055_ca6_proteinbinders_3455_A,AF-Q0J3D9-F1-model_v6,0.265,312,0.91,0.256,5.982e-19,771,Q0J3D9
rank0055_ca6_proteinbinders_3455_A,AF-Q05B17-F1-model_v6,0.225,315,0.94,0.465,5.327e-20,770,Q05B17
rank0055_ca6_proteinbinders_3455_A,AF-Q8CIE6-F1-model_v6,0.257,314,0.913,0.257,8.044e-19,770,Q8CIE6
rank0055_ca6_proteinbinders_3455_A,AF-Q55FR9-F1-model_v6,0.247,310,0.913,0.254,7.656e-19,768,Q55FR9
rank0055_ca6_proteinbinders_3455_A,AF-Q91WM3-F1-model_v6,0.256,326,0.925,0.686,3.476e-19,766,Q91WM3
rank0055_ca6_proteinbinders_3455_A,AF-O15736-F1-model_v6,0.263,302,0.91,0.477,8.878e-19,765,O15736
rank0055_ca6_proteinbinders_3455_A,AF-Q9AUR7-F1-model_v6,0.256,312,0.91,0.256,8.878e-19,765,Q9AUR7
rank0055_ca6_proteinbinders_3455_A,AF-O00628-F1-model_v6,0.267,307,0.916,0.95,5.694e-19,764,O00628
rank0055_ca6_proteinbinders_3455_A,AF-Q9UTC7-F1-model_v6,0.306,303,0.913,0.634,2.503e-18,764,Q9UTC7
rank0055_ca6_proteinbinders_3455_A,AF-Q6P1V3-F1-model_v6,0.291,348,0.904,0.825,8.727e-20,763,Q6P1V3
rank0055_ca6_proteinbinders_3455_A,AF-Q9Y6I7-F1-model_v6,0.289,350,0.913,0.831,2.585e-19,761,Q9Y6I7
rank0055_ca6_proteinbinders_3455_A,AF-P14197-F1-model_v6,0.26,317,0.949,0.663,1.063e-19,759,P14197
rank0055_ca6_proteinbinders_3455_A,AF-Q6PFM9-F1-model_v6,0.231,319,0.955,0.471,9.169e-20,759,Q6PFM9
rank0055_ca6_proteinbinders_3455_A,AF-Q54S59-F1-model_v6,0.234,317,0.955,0.99,5.793e-18,758,Q54S59
rank0055_ca6_proteinbinders_3455_A,AF-A6ZYM0-F1-model_v6,0.294,317,0.916,0.961,3.715e-18,757,A6ZYM0
rank0055_ca6_proteinbinders_3455_A,AF-B6QC06-F1-model_v6,0.261,333,0.916,0.737,7.288e-19,756,B6QC06
rank0055_ca6_proteinbinders_3455_A,AF-Q8C092-F1-model_v6,0.295,324,0.861,0.404,1.254e-18,755,Q8C092
rank0055_ca6_proteinbinders_3455_A,AF-P53621-F1-model_v6,0.255,317,0.916,0.259,1.082e-18,755,P53621
rank0055_ca6_proteinbinders_3455_A,AF-Q6FJZ9-F1-model_v6,0.226,319,0.961,0.712,4.674e-19,754,Q6FJZ9
rank0055_ca6_proteinbinders_3455_A,AF-Q8BH57-2-F1-model_v6,0.232,326,0.982,0.48,1.295e-19,754,Q8BH57-2
rank0055_ca6_proteinbinders_3455_A,AF-Q32PG3-F1-model_v6,0.226,313,0.934,0.462,1.658e-19,754,Q32PG3
rank0055_ca6_proteinbinders_3455_A,AF-Q20059-3-F1-model_v6,0.22,320,0.925,0.459,1.43e-19,754,Q20059-3
rank0055_ca6_proteinbinders_3455_A,AF-Q42384-F1-model_v6,0.245,319,0.961,0.623,1.454e-18,753,Q42384
rank0055_ca6_proteinbinders_3455_A,AF-Q8TAF3-F1-model_v6,0.231,318,0.952,0.47,1.502e-19,753,Q8TAF3
rank0055_ca6_proteinbinders_3455_A,AF-O61585-F1-model_v6,0.303,306,0.922,0.419,6.285e-19,753,O61585
rank0055_ca6_proteinbinders_3455_A,AF-P38129-F1-model_v6,0.271,321,0.843,0.402,2.268e-18,752,P38129
rank0055_ca6_proteinbinders_3455_A,AF-O62471-3-F1-model_v6,0.229,308,0.928,0.22,3.204e-18,752,O62471-3
rank0055_ca6_proteinbinders_3455_A,AF-Q5RAW8-F1-model_v6,0.231,318,0.952,0.47,1.742e-19,751,Q5RAW8
rank0055_ca6_proteinbinders_3455_A,AF-Q4R2Z6-F1-model_v6,0.223,321,0.967,0.505,1.742e-19,749,Q4R2Z6
rank0055_ca6_proteinbinders_3455_A,AF-Q27954-F1-model_v6,0.257,314,0.913,0.257,2.268e-18,749,Q27954
rank0055_ca6_proteinbinders_3455_A,AF-Q9FN19-F1-model_v6,0.288,353,0.922,0.576,1.154e-20,748,Q9FN19
rank0055_ca6_proteinbinders_3455_A,AF-O13282-F1-model_v6,0.261,310,0.843,0.482,4.1e-18,748,O13282
rank0055_ca6_proteinbinders_3455_A,AF-Q8BH57-3-F1-model_v6,0.23,313,0.934,0.543,2.716e-19,747,Q8BH57-3
rank0055_ca6_proteinbinders_3455_A,AF-P39014-F1-model_v6,0.245,343,0.928,0.536,5.159e-19,746,P39014
rank0055_ca6_proteinbinders_3455_A,AF-Q05583-F1-model_v6,0.293,317,0.916,0.961,6.394e-18,744,Q05583
rank0055_ca6_proteinbinders_3455_A,AF-Q96J01-F1-model_v6,0.258,318,0.958,0.858,1.454e-18,744,Q96J01
rank0055_ca6_proteinbinders_3455_A,AF-Q8BH57-F1-model_v6,0.234,318,0.952,0.47,2.716e-19,744,Q8BH57
rank0055_ca6_proteinbinders_3455_A,AF-P53621-2-F1-model_v6,0.255,317,0.916,0.257,2.268e-18,744,P53621-2
rank0055_ca6_proteinbinders_3455_A,AF-Q6CG48-F1-model_v6,0.283,326,0.916,0.746,6.937e-19,743,Q6CG48
rank0055_ca6_proteinbinders_3455_A,AF-Q6NLV4-F1-model_v6,0.264,323,0.973,0.457,2.268e-18,743,Q6NLV4
rank0055_ca6_proteinbinders_3455_A,AF-Q8R537-F1-model_v6,0.255,307,0.916,0.965,3.715e-18,742,Q8R537
rank0055_ca6_proteinbinders_3455_A,AF-O60907-F1-model_v6,0.274,350,0.958,0.607,5.0710000000000003e-20,742,O60907
rank0055_ca6_proteinbinders_3455_A,AF-P62873-2-F1-model_v6,0.28,294,0.886,0.849,1.716e-17,740,P62873-2
rank0055_ca6_proteinbinders_3455_A,AF-Q7ZXZ2-F1-model_v6,0.219,311,0.937,0.565,1.215e-17,739,Q7ZXZ2
rank0055_ca6_proteinbinders_3455_A,AF-A8ILK1-F1-model_v6,0.219,325,0.958,0.528,1.082e-18,739,A8ILK1
rank0055_ca6_proteinbinders_3455_A,AF-Q5F3K4-F1-model_v6,0.228,318,0.952,0.469,3.652e-19,739,Q5F3K4
rank0055_ca6_proteinbinders_3455_A,AF-Q9W5Z5-F1-model_v6,0.291,354,0.904,0.829,5.982e-19,737,Q9W5Z5
rank0055_ca6_proteinbinders_3455_A,AF-A7EKM8-F1-model_v6,0.32,300,0.855,0.655,7.414e-18,736,A7EKM8
rank0055_ca6_proteinbinders_3455_A,AF-P49846-F1-model_v6,0.277,324,0.898,0.46,2.02e-19,736,P49846
rank0055_ca6_proteinbinders_3455_A,AF-Q10051-F1-model_v6,0.261,299,0.901,0.571,1.803e-17,735,Q10051
rank0055_ca6_proteinbinders_3455_A,AF-A9VDW7-F1-model_v6,0.254,347,0.907,0.686,1.03e-18,735,A9VDW7
rank0055_ca6_proteinbinders_3455_A,AF-O82266-F1-model_v6,0.264,317,0.955,0.557,1.528e-18,735,O82266
rank0055_ca6_proteinbinders_3455_A,AF-O75529-F1-model_v6,0.303,301,0.828,0.511,7.789e-18,735,O75529
rank0055_ca6_proteinbinders_3455_A,AF-O94365-F1-model_v6,0.22,312,0.94,0.593,4.526e-18,734,O94365
rank0055_ca6_proteinbinders_3455_A,AF-Q5ZMA2-F1-model_v6,0.254,298,0.898,0.558,4.526e-18,734,Q5ZMA2
rank0055_ca6_proteinbinders_3455_A,AF-Q54R82-F1-model_v6,0.249,340,0.925,0.361,1.861e-18,734,Q54R82
rank0055_ca6_proteinbinders_3455_A,AF-Q5FVN8-F1-model_v6,0.311,304,0.916,0.637,6.086e-18,733,Q5FVN8
rank0055_ca6_proteinbinders_3455_A,AF-F4HTH8-F1-model_v6,0.248,303,0.913,0.242,1.956e-18,732,F4HTH8
rank0055_ca6_proteinbinders_3455_A,AF-Q20059-2-F1-model_v6,0.22,320,0.925,0.471,5.42e-19,731,Q20059-2
rank0055_ca6_proteinbinders_3455_A,AF-F4HTH8-2-F1-model_v6,0.245,303,0.913,0.243,1.687e-18,731,F4HTH8-2
rank0055_ca6_proteinbinders_3455_A,AF-Q5XGE2-F1-model_v6,0.226,311,0.937,0.565,2.546e-17,730,Q5XGE2
rank0055_ca6_proteinbinders_3455_A,AF-Q9UT57-F1-model_v6,0.278,331,0.955,0.544,5.514e-18,730,Q9UT57
rank0055_ca6_proteinbinders_3455_A,AF-Q9DAJ4-F1-model_v6,0.25,305,0.919,0.908,1.48e-17,729,Q9DAJ4
rank0055_ca6_proteinbinders_3455_A,AF-Q6CMA2-F1-model_v6,0.275,317,0.904,0.952,6.717e-18,729,Q6CMA2
rank0055_ca6_proteinbinders_3455_A,AF-Q7T2F6-F1-model_v6,0.299,352,0.91,0.832,4.91e-19,729,Q7T2F6
rank0055_ca6_proteinbinders_3455_A,AF-A2QP30-F1-model_v6,0.277,335,0.913,0.756,1.341e-17,728,A2QP30
rank0055_ca6_proteinbinders_3455_A,AF-Q6BVZ3-F1-model_v6,0.208,323,0.973,0.625,1.318e-18,728,Q6BVZ3
rank0055_ca6_proteinbinders_3455_A,AF-U4PCM1-F1-model_v6,0.26,318,0.958,0.362,3.536e-18,728,U4PCM1
rank0055_ca6_proteinbinders_3455_A,AF-Q6DTM3-F1-model_v6,0.189,329,0.955,0.314,1.318e-18,727,Q6DTM3
rank0055_ca6_proteinbinders_3455_A,AF-O54929-F1-model_v6,0.285,336,0.901,0.832,2.055e-18,726,O54929
rank0055_ca6_proteinbinders_3455_A,AF-Q20059-F1-model_v6,0.224,324,0.934,0.474,5.694e-19,726,Q20059
rank0055_ca6_proteinbinders_3455_A,AF-Q8K3E5-2-F1-model_v6,0.183,329,0.955,0.327,1.384e-18,726,Q8K3E5-2
rank0055_ca6_proteinbinders_3455_A,AF-Q99KP6-2-F1-model_v6,0.255,296,0.892,0.535,1.156e-17,725,Q99KP6-2
rank0055_ca6_proteinbinders_3455_A,AF-A7TLU2-F1-model_v6,0.275,337,0.913,0.971,6.394e-18,724,A7TLU2
rank0055_ca6_proteinbinders_3455_A,AF-Q99KP6-3-F1-model_v6,0.255,296,0.892,0.668,1.276e-17,724,Q99KP6-3
rank0055_ca6_proteinbinders_3455_A,AF-Q99973-F1-model_v6,0.246,303,0.913,0.108,8.183e-18,724,Q99973
rank0055_ca6_proteinbinders_3455_A,AF-Q0V8J1-F1-model_v6,0.3,336,0.901,0.828,6.086e-18,723,Q0V8J1
rank0055_ca6_proteinbinders_3455_A,AF-P16649-F1-model_v6,0.258,372,0.952,0.522,1.605e-18,723,P16649
rank0055_ca6_proteinbinders_3455_A,AF-P97865-F1-model_v6,0.252,307,0.916,0.965,8.597e-18,722,P97865
rank0055_ca6_proteinbinders_3455_A,AF-Q5ZIU8-F1-model_v6,0.281,302,0.91,0.434,5.793e-18,721,Q5ZIU8
rank0055_ca6_proteinbinders_3455_A,AF-Q96WV5-F1-model_v6,0.245,324,0.952,0.268,1.03e-18,721,Q96WV5
rank0055_ca6_proteinbinders_3455_A,AF-Q09150-F1-model_v6,0.242,305,0.919,0.964,4.526e-18,720,Q09150
rank0055_ca6_proteinbinders_3455_A,AF-Q99973-2-F1-model_v6,0.238,305,0.919,0.11,9.489e-18,719,Q99973-2
rank0055_ca6_proteinbinders_3455_A,AF-Q5REE0-F1-model_v6,0.211,319,0.961,0.558,3.424e-17,717,Q5REE0
rank0055_ca6_proteinbinders_3455_A,AF-Q9NYS7-2-F1-model_v6,0.289,336,0.901,0.798,1.136e-18,716,Q9NYS7-2
rank0055_ca6_proteinbinders_3455_A,AF-Q08E38-F1-model_v6,0.255,296,0.892,0.556,1.99e-17,716,Q08E38
rank0055_ca6_proteinbinders_3455_A,AF-Q8H0T9-F1-model_v6,0.264,303,0.913,0.339,4.755e-18,716,Q8H0T9
rank0055_ca6_proteinbinders_3455_A,AF-P41318-F1-model_v6,0.279,276,0.831,0.881,1.554e-17,715,P41318
rank0055_ca6_proteinbinders_3455_A,AF-P79083-F1-model_v6,0.206,312,0.916,0.951,7.789e-18,715,P79083
rank0055_ca6_proteinbinders_3455_A,AF-Q8N157-F1-model_v6,0.168,329,0.955,0.275,2.383e-18,715,Q8N157
rank0055_ca6_proteinbinders_3455_A,AF-P0CS32-F1-model_v6,0.222,317,0.916,0.93,8.183e-18,714,P0CS32
rank0055_ca6_proteinbinders_3455_A,AF-Q9UM11-F1-model_v6,0.282,319,0.961,0.599,4.449e-19,714,Q9UM11
rank0055_ca6_proteinbinders_3455_A,AF-Q94BR4-F1-model_v6,0.259,318,0.958,0.579,1.48e-17,714,Q94BR4
rank0055_ca6_proteinbinders_3455_A,AF-A7RHG8-F1-model_v6,0.281,326,0.955,0.784,7.656e-19,712,A7RHG8
rank0055_ca6_proteinbinders_3455_A,AF-Q59WJ4-F1-model_v6,0.235,321,0.931,0.591,9.969e-18,712,Q59WJ4
rank0055_ca6_proteinbinders_3455_A,AF-F4HTH8-3-F1-model_v6,0.248,303,0.913,0.266,6.717e-18,712,F4HTH8-3
rank0055_ca6_proteinbinders_3455_A,AF-P0CS31-F1-model_v6,0.235,428,0.916,0.973,3.597e-17,711,P0CS31
rank0055_ca6_proteinbinders_3455_A,AF-Q19124-F1-model_v6,0.231,315,0.949,0.567,1.047e-17,711,Q19124
rank0055_ca6_proteinbinders_3455_A,AF-P0CS33-F1-model_v6,0.222,317,0.916,0.93,1.156e-17,709,P0CS33
rank0055_ca6_proteinbinders_3455_A,AF-Q9BRX9-F1-model_v6,0.254,300,0.904,0.892,3.259e-17,708,Q9BRX9
rank0055_ca6_proteinbinders_3455_A,AF-Q8VE80-F1-model_v6,0.254,315,0.949,0.849,1.408e-17,708,Q8VE80
rank0055_ca6_proteinbinders_3455_A,AF-Q8H0T9-2-F1-model_v6,0.246,317,0.955,0.348,6.717e-18,708,Q8H0T9-2
rank0055_ca6_proteinbinders_3455_A,AF-P97499-F1-model_v6,0.241,305,0.919,0.109,1.894e-17,708,P97499
rank0055_ca6_proteinbinders_3455_A,AF-Q9BVA0-F1-model_v6,0.282,320,0.964,0.463,3.536e-18,706,Q9BVA0
rank0055_ca6_proteinbinders_3455_A,AF-O02195-F1-model_v6,0.214,311,0.916,0.954,6.394e-18,705,O02195
rank0055_ca6_proteinbinders_3455_A,AF-B4MU54-F1-model_v6,0.254,313,0.928,0.74,6.086e-18,705,B4MU54
rank0055_ca6_proteinbinders_3455_A,AF-Q9JMJ4-F1-model_v6,0.255,296,0.892,0.556,3.97e-17,705,Q9JMJ4
rank0055_ca6_proteinbinders_3455_A,AF-Q9JJA4-F1-model_v6,0.284,324,0.958,0.766,2.763e-18,704,Q9JJA4
rank0055_ca6_proteinbinders_3455_A,AF-Q8N157-2-F1-model_v6,0.168,329,0.955,0.312,3.366e-18,704,Q8N157-2
rank0055_ca6_proteinbinders_3455_A,AF-Q5BLX8-F1-model_v6,0.246,304,0.916,0.927,2.424e-17,703,Q5BLX8
rank0055_ca6_proteinbinders_3455_A,AF-O22785-F1-model_v6,0.275,318,0.958,0.575,9.489e-18,703,O22785
rank0055_ca6_proteinbinders_3455_A,AF-Q9C0J8-F1-model_v6,0.248,322,0.97,0.222,1.408e-17,703,Q9C0J8
rank0055_ca6_proteinbinders_3455_A,AF-B3N4C7-F1-model_v6,0.214,311,0.916,0.954,8.183e-18,702,B3N4C7
rank0055_ca6_proteinbinders_3455_A,AF-Q9NYS7-F1-model_v6,0.286,339,0.907,0.839,1.318e-18,702,Q9NYS7
rank0055_ca6_proteinbinders_3455_A,AF-B4JB43-F1-model_v6,0.211,311,0.916,0.954,8.183e-18,701,B4JB43
rank0055_ca6_proteinbinders_3455_A,AF-Q5F201-F1-model_v6,0.187,313,0.943,0.498,2.675e-17,700,Q5F201
rank0055_ca6_proteinbinders_3455_A,AF-O42469-F1-model_v6,0.237,305,0.919,0.377,4.604e-17,700,O42469
rank0055_ca6_proteinbinders_3455_A,AF-O54927-F1-model_v6,0.284,347,0.904,0.824,1.956e-18,699,O54927
rank0055_ca6_proteinbinders_3455_A,AF-Q9XF57-F1-model_v6,0.275,304,0.904,0.959,7.179e-17,698,Q9XF57
rank0055_ca6_proteinbinders_3455_A,AF-Q6NX08-F1-model_v6,0.26,323,0.958,0.765,6.717e-18,698,Q6NX08
rank0055_ca6_proteinbinders_3455_A,AF-Q0VC24-F1-model_v6,0.284,324,0.958,0.766,5.793e-18,698,Q0VC24
rank0055_ca6_proteinbinders_3455_A,AF-Q9R1K5-F1-model_v6,0.282,319,0.961,0.602,1.454e-18,697,Q9R1K5
rank0055_ca6_proteinbinders_3455_A,AF-Q8K3E5-F1-model_v6,0.185,329,0.955,0.314,3.715e-18,697,Q8K3E5
rank0055_ca6_proteinbinders_3455_A,AF-Q8K4P0-F1-model_v6,0.248,322,0.97,0.223,1.99e-17,697,Q8K4P0
rank0055_ca6_proteinbinders_3455_A,AF-Q5XGI5-F1-model_v6,0.253,305,0.919,0.911,8.746e-17,696,Q5XGI5
rank0055_ca6_proteinbinders_3455_A,AF-Q9GZL7-F1-model_v6,0.304,312,0.898,0.738,2.307e-17,696,Q9GZL7
rank0055_ca6_proteinbinders_3455_A,AF-Q1HPW4-F1-model_v6,0.211,310,0.916,0.942,1.276e-17,695,Q1HPW4
rank0055_ca6_proteinbinders_3455_A,AF-Q9FKT5-F1-model_v6,0.239,315,0.949,0.946,1.633e-17,694,Q9FKT5
rank0055_ca6_proteinbinders_3455_A,AF-B4N0L0-F1-model_v6,0.226,310,0.913,0.963,1.156e-17,694,B4N0L0
rank0055_ca6_proteinbinders_3455_A,AF-Q8N0X2-2-F1-model_v6,0.28,264,0.795,0.542,8.746e-17,694,Q8N0X2-2
rank0055_ca6_proteinbinders_3455_A,AF-Q5ZMC3-F1-model_v6,0.292,317,0.955,0.649,5.082e-17,694,Q5ZMC3
rank0055_ca6_proteinbinders_3455_A,AF-Q9FNN2-F1-model_v6,0.247,305,0.919,0.497,7.057e-18,694,Q9FNN2
rank0055_ca6_proteinbinders_3455_A,AF-F4KB17-F1-model_v6,0.253,317,0.955,0.347,9.969e-18,694,F4KB17
rank0055_ca6_proteinbinders_3455_A,AF-Q08122-1-F1-model_v6,0.237,305,0.919,0.375,1.014e-16,693,Q08122-1
rank0055_ca6_proteinbinders_3455_A,AF-O35242-F1-model_v6,0.228,317,0.955,0.322,1.156e-17,693,O35242
rank0055_ca6_proteinbinders_3455_A,AF-Q3KQ62-F1-model_v6,0.246,304,0.916,0.93,2.953e-17,692,Q3KQ62
rank0055_ca6_proteinbinders_3455_A,AF-P38123-F1-model_v6,0.255,317,0.955,0.994,3.049e-18,692,P38123
rank0055_ca6_proteinbinders_3455_A,AF-Q5REE6-F1-model_v6,0.282,324,0.958,0.766,9.489e-18,692,Q5REE6
rank0055_ca6_proteinbinders_3455_A,AF-Q8N9V3-F1-model_v6,0.296,330,0.994,0.679,2.546e-17,692,Q8N9V3
rank0055_ca6_proteinbinders_3455_A,AF-Q9UMS4-F1-model_v6,0.246,315,0.949,0.577,3.259e-17,692,Q9UMS4
rank0055_ca6_proteinbinders_3455_A,AF-O13168-F1-model_v6,0.244,305,0.919,0.375,6.833e-17,692,O13168
rank0055_ca6_proteinbinders_3455_A,AF-Q04726-4-F1-model_v6,0.241,305,0.919,0.374,7.179e-17,692,Q04726-4
rank0055_ca6_proteinbinders_3455_A,AF-A7RM20-F1-model_v6,0.204,305,0.916,0.95,1.554e-17,691,A7RM20
rank0055_ca6_proteinbinders_3455_A,AF-A0A396ISC0-F1-model_v6,0.257,318,0.958,0.605,6.394e-18,691,A0A396ISC0
rank0055_ca6_proteinbinders_3455_A,AF-Q99KP6-F1-model_v6,0.255,296,0.892,0.556,8.746e-17,691,Q99KP6
rank0055_ca6_proteinbinders_3455_A,AF-Q8C7V3-F1-model_v6,0.227,319,0.961,0.547,1.014e-16,691,Q8C7V3
rank0055_ca6_proteinbinders_3455_A,AF-F1SS88-F1-model_v6,0.199,318,0.958,0.506,2.811e-17,691,F1SS88
rank0055_ca6_proteinbinders_3455_A,AF-Q8BG40-F1-model_v6,0.291,306,0.922,0.454,7.414e-18,691,Q8BG40
rank0055_ca6_proteinbinders_3455_A,AF-Q8N1V2-F1-model_v6,0.182,313,0.943,0.498,4.382e-17,690,Q8N1V2
rank0055_ca6_proteinbinders_3455_A,AF-Q2GTM8-F1-model_v6,0.204,312,0.916,0.915,8.746e-17,689,Q2GTM8
rank0055_ca6_proteinbinders_3455_A,AF-P78972-F1-model_v6,0.266,318,0.958,0.607,6.086e-18,689,P78972
rank0055_ca6_proteinbinders_3455_A,AF-A2RRU3-F1-model_v6,0.225,319,0.961,0.547,9.188e-17,689,A2RRU3
rank0055_ca6_proteinbinders_3455_A,AF-Q54MZ3-F1-model_v6,0.262,318,0.958,0.597,3.903e-18,688,Q54MZ3
rank0055_ca6_proteinbinders_3455_A,AF-O42478-F1-model_v6,0.237,305,0.919,0.374,1.236e-16,688,O42478
rank0055_ca6_proteinbinders_3455_A,AF-B5DG67-F1-model_v6,0.282,314,0.904,0.742,5.339e-17,687,B5DG67
rank0055_ca6_proteinbinders_3455_A,AF-Q75AV4-F1-model_v6,0.231,318,0.958,0.702,1.215e-17,687,Q75AV4
rank0055_ca6_proteinbinders_3455_A,AF-Q6FJS0-F1-model_v6,0.235,308,0.928,0.659,1.1e-17,687,Q6FJS0
rank0055_ca6_proteinbinders_3455_A,AF-A0A1P8AW69-F1-model_v6,0.25,305,0.919,0.283,3.259e-17,687,A0A1P8AW69
rank0055_ca6_proteinbinders_3455_A,AF-Q2UBU2-F1-model_v6,0.214,393,0.949,0.371,4.995e-18,686,Q2UBU2
rank0055_ca6_proteinbinders_3455_A,AF-Q9C1X0-F1-model_v6,0.203,316,0.952,0.99,6.504e-17,685,Q9C1X0
rank0055_ca6_proteinbinders_3455_A,AF-Q8N136-2-F1-model_v6,0.271,327,0.861,0.886,9.799e-19,684,Q8N136-2
rank0055_ca6_proteinbinders_3455_A,AF-Q5F3D7-F1-model_v6,0.203,319,0.961,0.556,1.014e-16,684,Q5F3D7
rank0055_ca6_proteinbinders_3455_A,AF-Q09406-F1-model_v6,0.234,303,0.913,0.551,6.833e-17,684,Q09406
rank0055_ca6_proteinbinders_3455_A,AF-Q4V7Y7-F1-model_v6,0.291,320,0.964,0.452,3.97e-17,684,Q4V7Y7
rank0055_ca6_proteinbinders_3455_A,AF-O43017-F1-model_v6,0.212,336,0.997,0.884,9.328e-19,683,O43017
rank0055_ca6_proteinbinders_3455_A,AF-P61480-F1-model_v6,0.286,324,0.958,0.766,1.408e-17,683,P61480
rank0055_ca6_proteinbinders_3455_A,AF-Q6NVM2-F1-model_v6,0.285,320,0.964,0.463,1.99e-17,683,Q6NVM2
rank0055_ca6_proteinbinders_3455_A,AF-Q8CFD5-F1-model_v6,0.256,325,0.916,0.819,8.183e-18,682,Q8CFD5
rank0055_ca6_proteinbinders_3455_A,AF-Q5BJ90-F1-model_v6,0.286,324,0.958,0.766,9.032e-18,682,Q5BJ90
rank0055_ca6_proteinbinders_3455_A,AF-A7MB12-F1-model_v6,0.222,319,0.961,0.557,1.581e-16,682,A7MB12
rank0055_ca6_proteinbinders_3455_A,AF-Q8IZU2-2-F1-model_v6,0.251,304,0.916,0.229,5.609e-17,682,Q8IZU2-2
rank0055_ca6_proteinbinders_3455_A,AF-P0CS30-F1-model_v6,0.233,436,0.955,0.991,3.779e-17,681,P0CS30
rank0055_ca6_proteinbinders_3455_A,AF-Q54WA3-F1-model_v6,0.245,301,0.898,0.953,1.581e-16,680,Q54WA3
rank0055_ca6_proteinbinders_3455_A,AF-A5DJX5-F1-model_v6,0.219,389,0.958,0.767,1.215e-17,680,A5DJX5
rank0055_ca6_proteinbinders_3455_A,AF-Q8TED0-F1-model_v6,0.219,319,0.961,0.558,2.024e-16,680,Q8TED0
rank0055_ca6_proteinbinders_3455_A,AF-Q8N1V2-3-F1-model_v6,0.181,318,0.958,0.569,5.082e-17,680,Q8N1V2-3
rank0055_ca6_proteinbinders_3455_A,AF-P16371-F1-model_v6,0.244,305,0.919,0.396,2.126e-16,680,P16371
rank0055_ca6_proteinbinders_3455_A,AF-A4RDD7-F1-model_v6,0.207,312,0.916,0.915,2.234e-16,679,A4RDD7
rank0055_ca6_proteinbinders_3455_A,AF-B4GSH1-F1-model_v6,0.211,311,0.916,0.954,3.779e-17,678,B4GSH1
rank0055_ca6_proteinbinders_3455_A,AF-B4Q354-F1-model_v6,0.214,311,0.916,0.954,3.779e-17,678,B4Q354
rank0055_ca6_proteinbinders_3455_A,AF-Q6BU94-F1-model_v6,0.227,304,0.916,0.722,4.837e-17,678,Q6BU94
rank0055_ca6_proteinbinders_3455_A,AF-Q6ZJW8-F1-model_v6,0.202,343,0.922,0.736,3.903e-18,678,Q6ZJW8
rank0055_ca6_proteinbinders_3455_A,AF-A5E2R6-F1-model_v6,0.222,406,0.907,0.978,1.505e-16,677,A5E2R6
rank0055_ca6_proteinbinders_3455_A,AF-E1BKF9-F1-model_v6,0.187,313,0.943,0.496,1.014e-16,677,E1BKF9
rank0055_ca6_proteinbinders_3455_A,AF-Q7RY68-F1-model_v6,0.223,345,0.994,0.523,2.903e-18,677,Q7RY68
rank0055_ca6_proteinbinders_3455_A,AF-Q29L19-F1-model_v6,0.211,311,0.916,0.954,4.171e-17,676,Q29L19
rank0055_ca6_proteinbinders_3455_A,AF-B4GT01-F1-model_v6,0.252,312,0.931,0.745,3.779e-17,676,B4GT01
rank0055_ca6_proteinbinders_3455_A,AF-Q9D0I6-F1-model_v6,0.299,317,0.955,0.65,2.953e-17,676,Q9D0I6
rank0055_ca6_proteinbinders_3455_A,AF-Q9H7D7-F1-model_v6,0.245,305,0.919,0.445,1.99e-17,675,Q9H7D7
rank0055_ca6_proteinbinders_3455_A,AF-O74184-F1-model_v6,0.279,272,0.819,0.841,3.483e-16,674,O74184
rank0055_ca6_proteinbinders_3455_A,AF-Q04726-F1-model_v6,0.241,305,0.919,0.374,2.234e-16,674,Q04726
rank0055_ca6_proteinbinders_3455_A,AF-Q9USL1-F1-model_v6,0.203,314,0.946,0.948,4.837e-17,673,Q9USL1
rank0055_ca6_proteinbinders_3455_A,AF-B4KGX9-F1-model_v6,0.217,310,0.913,0.963,5.082e-17,673,B4KGX9
rank0055_ca6_proteinbinders_3455_A,AF-Q8VYZ5-2-F1-model_v6,0.231,398,0.943,0.463,2.307e-17,673,Q8VYZ5-2
rank0055_ca6_proteinbinders_3455_A,AF-Q8VYZ5-F1-model_v6,0.229,398,0.943,0.442,2.546e-17,673,Q8VYZ5
rank0055_ca6_proteinbinders_3455_A,AF-Q8BU03-F1-model_v6,0.229,358,0.901,0.39,8.746e-17,673,Q8BU03
rank0055_ca6_proteinbinders_3455_A,AF-Q4IBR4-F1-model_v6,0.241,383,0.955,0.366,1.341e-17,673,Q4IBR4
rank0055_ca6_proteinbinders_3455_A,AF-A8XSW2-F1-model_v6,0.214,324,0.925,0.469,1.1e-17,672,A8XSW2
rank0055_ca6_proteinbinders_3455_A,AF-Q04726-6-F1-model_v6,0.241,305,0.919,0.377,3.316e-16,672,Q04726-6
rank0055_ca6_proteinbinders_3455_A,AF-B4JPT9-F1-model_v6,0.262,311,0.928,0.742,9.188e-17,671,B4JPT9
rank0055_ca6_proteinbinders_3455_A,AF-P42841-F1-model_v6,0.228,313,0.943,0.649,6.191e-17,671,P42841
rank0055_ca6_proteinbinders_3455_A,AF-F1LTR1-F1-model_v6,0.245,305,0.919,0.572,3.102e-17,671,F1LTR1
rank0055_ca6_proteinbinders_3455_A,AF-Q04727-F1-model_v6,0.237,305,0.919,0.374,2.466e-16,671,Q04727
rank0055_ca6_proteinbinders_3455_A,AF-Q9UTN4-F1-model_v6,0.244,342,0.997,0.672,1.48e-17,670,Q9UTN4
rank0055_ca6_proteinbinders_3455_A,AF-Q62441-F1-model_v6,0.234,305,0.919,0.38,1.298e-16,670,Q62441
rank0055_ca6_proteinbinders_3455_A,AF-Q2GSJ9-F1-model_v6,0.224,391,0.955,0.362,1.99e-17,670,Q2GSJ9
rank0055_ca6_proteinbinders_3455_A,AF-Q6PAC3-F1-model_v6,0.205,313,0.943,0.667,2.024e-16,669,Q6PAC3
rank0055_ca6_proteinbinders_3455_A,AF-Q9UM11-2-F1-model_v6,0.277,319,0.961,0.602,5.248e-18,669,Q9UM11-2
rank0055_ca6_proteinbinders_3455_A,AF-Q8SQS4-F1-model_v6,0.27,292,0.843,0.525,1.119e-16,669,Q8SQS4
rank0055_ca6_proteinbinders_3455_A,AF-Q5SP67-F1-model_v6,0.245,305,0.919,0.51,3.102e-17,669,Q5SP67
rank0055_ca6_proteinbinders_3455_A,AF-Q9H7D7-2-F1-model_v6,0.245,305,0.919,0.456,3.259e-17,669,Q9H7D7-2
rank0055_ca6_proteinbinders_3455_A,AF-Q8C6G8-F1-model_v6,0.245,305,0.919,0.459,3.97e-17,668,Q8C6G8
rank0055_ca6_proteinbinders_3455_A,AF-Q04726-3-F1-model_v6,0.241,305,0.919,0.378,3.156e-16,668,Q04726-3
rank0055_ca6_proteinbinders_3455_A,AF-Q29KQ0-F1-model_v6,0.245,319,0.958,0.761,3.102e-17,667,Q29KQ0
rank0055_ca6_proteinbinders_3455_A,AF-Q28D01-F1-model_v6,0.251,305,0.919,0.479,3.779e-17,667,Q28D01
rank0055_ca6_proteinbinders_3455_A,AF-Q04727-2-F1-model_v6,0.234,305,0.919,0.418,1.364e-16,667,Q04727-2
rank0055_ca6_proteinbinders_3455_A,AF-Q61FW2-F1-model_v6,0.298,311,0.937,0.489,1.276e-17,666,Q61FW2
rank0055_ca6_proteinbinders_3455_A,AF-B3MVL6-F1-model_v6,0.214,310,0.913,0.963,6.833e-17,665,B3MVL6
rank0055_ca6_proteinbinders_3455_A,AF-A1L112-F1-model_v6,0.219,307,0.925,0.768,1.236e-16,665,A1L112
rank0055_ca6_proteinbinders_3455_A,AF-Q04725-F1-model_v6,0.216,305,0.919,0.389,3.845e-16,665,Q04725
rank0055_ca6_proteinbinders_3455_A,AF-Q62440-2-F1-model_v6,0.234,305,0.919,0.415,5.17e-16,664,Q62440-2
rank0055_ca6_proteinbinders_3455_A,AF-Q04727-4-F1-model_v6,0.237,305,0.919,0.386,4.039e-16,664,Q04727-4
rank0055_ca6_proteinbinders_3455_A,AF-Q9FND4-F1-model_v6,0.252,305,0.919,0.568,2.307e-17,663,Q9FND4
rank0055_ca6_proteinbinders_3455_A,AF-B4LUA5-F1-model_v6,0.214,310,0.913,0.963,7.542e-17,662,B4LUA5
rank0055_ca6_proteinbinders_3455_A,AF-Q6CP71-F1-model_v6,0.239,309,0.931,0.662,1.581e-16,662,Q6CP71
rank0055_ca6_proteinbinders_3455_A,AF-B3MJV8-F1-model_v6,0.246,312,0.931,0.745,1.119e-16,661,B3MJV8
rank0055_ca6_proteinbinders_3455_A,AF-P40968-F1-model_v6,0.246,304,0.916,0.657,8.325e-17,661,P40968
rank0055_ca6_proteinbinders_3455_A,AF-Q7ZW33-F1-model_v6,0.225,305,0.919,0.547,6.298e-16,660,Q7ZW33
rank0055_ca6_proteinbinders_3455_A,AF-Q9AV81-F1-model_v6,0.246,318,0.958,0.581,3.66e-16,660,Q9AV81
rank0055_ca6_proteinbinders_3455_A,AF-Q04727-3-F1-model_v6,0.234,305,0.919,0.365,2.466e-16,660,Q04727-3
rank0055_ca6_proteinbinders_3455_A,AF-Q54PE0-F1-model_v6,0.206,400,0.943,0.434,2.424e-17,660,Q54PE0
rank0055_ca6_proteinbinders_3455_A,AF-Q04726-7-F1-model_v6,0.241,305,0.919,0.379,7.673e-16,659,Q04726-7
rank0055_ca6_proteinbinders_3455_A,AF-Q62440-3-F1-model_v6,0.234,305,0.919,0.445,7.303e-16,658,Q62440-3
rank0055_ca6_proteinbinders_3455_A,AF-O13166-F1-model_v6,0.241,305,0.919,0.38,5.706e-16,658,O13166
rank0055_ca6_proteinbinders_3455_A,AF-B4HWV6-F1-model_v6,0.257,313,0.934,0.745,1.433e-16,657,B4HWV6
rank0055_ca6_proteinbinders_3455_A,AF-Q8LPL5-F1-model_v6,0.25,318,0.958,0.611,2.811e-17,657,Q8LPL5
rank0055_ca6_proteinbinders_3455_A,AF-Q8NHY2-2-F1-model_v6,0.203,327,0.958,0.463,7.179e-17,657,Q8NHY2-2
rank0055_ca6_proteinbinders_3455_A,AF-Q62440-5-F1-model_v6,0.234,305,0.919,0.391,8.469e-16,657,Q62440-5
rank0055_ca6_proteinbinders_3455_A,AF-Q9LV27-F1-model_v6,0.263,295,0.886,0.967,2.347e-16,656,Q9LV27
rank0055_ca6_proteinbinders_3455_A,AF-Q8TC44-2-F1-model_v6,0.332,301,0.907,0.553,6.285e-19,656,Q8TC44-2
rank0055_ca6_proteinbinders_3455_A,AF-Q61666-F1-model_v6,0.223,360,0.931,0.355,3.102e-17,656,Q61666
rank0055_ca6_proteinbinders_3455_A,AF-Q9AYE4-F1-model_v6,0.294,276,0.831,0.858,5.995e-16,655,Q9AYE4
rank0055_ca6_proteinbinders_3455_A,AF-Q7RZI0-F1-model_v6,0.22,391,0.955,0.378,1.803e-17,655,Q7RZI0
rank0055_ca6_proteinbinders_3455_A,AF-B4NW98-F1-model_v6,0.211,310,0.913,0.963,1.505e-16,654,B4NW98
rank0055_ca6_proteinbinders_3455_A,AF-Q9CX97-F1-model_v6,0.226,307,0.925,0.76,3.845e-16,654,Q9CX97
rank0055_ca6_proteinbinders_3455_A,AF-Q8NHY2-F1-model_v6,0.204,327,0.958,0.447,1.014e-16,654,Q8NHY2
rank0055_ca6_proteinbinders_3455_A,AF-Q9JIT3-F1-model_v6,0.241,305,0.919,0.378,8.061e-16,654,Q9JIT3
rank0055_ca6_proteinbinders_3455_A,AF-P54198-2-F1-model_v6,0.231,354,0.916,0.437,4.382e-17,654,P54198-2
rank0055_ca6_proteinbinders_3455_A,AF-O80775-F1-model_v6,0.214,310,0.934,0.839,4.684e-16,653,O80775
rank0055_ca6_proteinbinders_3455_A,AF-Q6ZJX0-F1-model_v6,0.206,344,0.955,0.915,6.717e-18,653,Q6ZJX0
rank0055_ca6_proteinbinders_3455_A,AF-Q04724-F1-model_v6,0.234,305,0.919,0.375,7.673e-16,653,Q04724
rank0055_ca6_proteinbinders_3455_A,AF-Q08122-2-F1-model_v6,0.241,305,0.919,0.376,9.821e-16,652,Q08122-2
rank0055_ca6_proteinbinders_3455_A,AF-Q62440-F1-model_v6,0.234,305,0.919,0.375,8.469e-16,652,Q62440
rank0055_ca6_proteinbinders_3455_A,AF-Q8VZS9-F1-model_v6,0.244,332,1.0,0.655,1.215e-17,651,Q8VZS9
rank0055_ca6_proteinbinders_3455_A,AF-Q4P4R3-F1-model_v6,0.255,357,0.949,0.351,2.196e-17,651,Q4P4R3
rank0055_ca6_proteinbinders_3455_A,AF-B4P116-F1-model_v6,0.265,314,0.937,0.748,1.236e-16,650,B4P116
rank0055_ca6_proteinbinders_3455_A,AF-Q5ZLK1-F1-model_v6,0.209,319,0.955,0.717,1.505e-16,650,Q5ZLK1
rank0055_ca6_proteinbinders_3455_A,AF-Q7ZVA0-F1-model_v6,0.233,307,0.925,0.596,1.119e-16,649,Q7ZVA0
rank0055_ca6_proteinbinders_3455_A,AF-Q6BUA6-F1-model_v6,0.201,416,0.958,0.786,2.196e-17,649,Q6BUA6
rank0055_ca6_proteinbinders_3455_A,AF-P54198-F1-model_v6,0.221,360,0.931,0.354,2.09e-17,649,P54198
rank0055_ca6_proteinbinders_3455_A,AF-Q5BDU4-F1-model_v6,0.226,380,0.943,0.369,5.893e-17,649,Q5BDU4
rank0055_ca6_proteinbinders_3455_A,AF-P62879-2-F1-model_v6,0.246,256,0.771,0.988,6.617e-16,648,P62879-2
rank0055_ca6_proteinbinders_3455_A,AF-Q9H6Y2-F1-model_v6,0.233,303,0.913,0.765,2.859e-16,648,Q9H6Y2
rank0055_ca6_proteinbinders_3455_A,AF-Q9WVB2-F1-model_v6,0.215,305,0.919,0.377,1.387e-15,648,Q9WVB2
rank0055_ca6_proteinbinders_3455_A,AF-Q5RFQ3-F1-model_v6,0.208,358,0.901,0.39,4.921e-16,648,Q5RFQ3
rank0055_ca6_proteinbinders_3455_A,AF-Q13216-F1-model_v6,0.236,324,0.913,0.818,5.893e-17,647,Q13216
rank0055_ca6_proteinbinders_3455_A,AF-Q15269-F1-model_v6,0.221,358,0.901,0.39,3.156e-16,647,Q15269
rank0055_ca6_proteinbinders_3455_A,AF-Q652L2-F1-model_v6,0.241,384,0.994,0.394,8.597e-18,647,Q652L2
rank0055_ca6_proteinbinders_3455_A,AF-B4Q9T6-F1-model_v6,0.251,313,0.934,0.745,2.126e-16,646,B4Q9T6
rank0055_ca6_proteinbinders_3455_A,AF-Q17BB0-F1-model_v6,0.248,317,0.931,0.742,3.483e-16,646,Q17BB0
rank0055_ca6_proteinbinders_3455_A,AF-A3LNI7-F1-model_v6,0.206,409,0.955,0.781,4.837e-17,646,A3LNI7
rank0055_ca6_proteinbinders_3455_A,AF-B4LS78-F1-model_v6,0.259,311,0.928,0.742,2.347e-16,645,B4LS78
rank0055_ca6_proteinbinders_3455_A,AF-Q4I7X1-F1-model_v6,0.23,343,0.997,0.56,3.597e-17,645,Q4I7X1
rank0055_ca6_proteinbinders_3455_A,AF-P32479-F1-model_v6,0.185,406,0.991,0.483,1.408e-17,645,P32479
rank0055_ca6_proteinbinders_3455_A,AF-Q12834-F1-model_v6,0.259,318,0.958,0.599,9.653e-17,644,Q12834
rank0055_ca6_proteinbinders_3455_A,AF-Q4V837-F1-model_v6,0.214,353,0.955,0.497,1.894e-17,643,Q4V837
rank0055_ca6_proteinbinders_3455_A,AF-Q8NA23-2-F1-model_v6,0.233,306,0.913,0.836,1.032e-15,642,Q8NA23-2
rank0055_ca6_proteinbinders_3455_A,AF-Q0USG2-F1-model_v6,0.205,425,0.952,0.959,6.833e-17,642,Q0USG2
rank0055_ca6_proteinbinders_3455_A,AF-Q5ZME8-F1-model_v6,0.245,307,0.925,0.596,1.364e-16,642,Q5ZME8
rank0055_ca6_proteinbinders_3455_A,AF-P90587-F1-model_v6,0.233,306,0.922,0.474,2.024e-16,641,P90587
rank0055_ca6_proteinbinders_3455_A,AF-Q07141-F1-model_v6,0.227,305,0.919,0.393,4.039e-16,641,Q07141
rank0055_ca6_proteinbinders_3455_A,AF-P87314-F1-model_v6,0.22,372,0.994,0.399,1.156e-17,641,P87314
rank0055_ca6_proteinbinders_3455_A,AF-B4KKN1-F1-model_v6,0.246,308,0.919,0.735,4.039e-16,639,B4KKN1
rank0055_ca6_proteinbinders_3455_A,AF-B3N534-F1-model_v6,0.269,319,0.958,0.76,1.433e-16,639,B3N534
rank0055_ca6_proteinbinders_3455_A,AF-A0AUS0-F1-model_v6,0.286,317,0.955,0.634,2.722e-16,639,A0AUS0
rank0055_ca6_proteinbinders_3455_A,AF-Q8TED0-3-F1-model_v6,0.266,255,0.768,0.483,1.387e-15,639,Q8TED0-3
rank0055_ca6_proteinbinders_3455_A,AF-Q2TZG4-F1-model_v6,0.237,348,0.997,0.57,3.597e-17,639,Q2TZG4
rank0055_ca6_proteinbinders_3455_A,AF-Q54D08-F1-model_v6,0.235,294,0.886,0.964,2.234e-16,638,Q54D08
rank0055_ca6_proteinbinders_3455_A,AF-Q93ZG3-F1-model_v6,0.193,390,0.916,0.867,4.039e-16,638,Q93ZG3
rank0055_ca6_proteinbinders_3455_A,AF-P90916-F1-model_v6,0.22,364,0.916,0.873,1.298e-16,637,P90916
rank0055_ca6_proteinbinders_3455_A,AF-B3RQN1-F1-model_v6,0.25,320,0.919,0.741,3.316e-16,637,B3RQN1
rank0055_ca6_proteinbinders_3455_A,AF-O17468-F1-model_v6,0.243,373,0.949,0.356,3.779e-17,637,O17468
rank0055_ca6_proteinbinders_3455_A,AF-Q1DHE1-F1-model_v6,0.215,393,0.955,0.37,1.236e-16,637,Q1DHE1
rank0055_ca6_proteinbinders_3455_A,AF-Q9M7I2-F1-model_v6,0.252,331,0.997,0.653,2.196e-17,636,Q9M7I2
rank0055_ca6_proteinbinders_3455_A,AF-O14186-F1-model_v6,0.208,310,0.922,0.366,3.483e-16,636,O14186
rank0055_ca6_proteinbinders_3455_A,AF-Q921C3-F1-model_v6,0.21,372,0.934,0.161,6.937e-19,636,Q921C3
rank0055_ca6_proteinbinders_3455_A,AF-Q9C270-F1-model_v6,0.201,396,0.94,0.44,1.119e-16,634,Q9C270
rank0055_ca6_proteinbinders_3455_A,AF-Q32SG6-F1-model_v6,0.218,387,0.991,0.401,5.082e-17,632,Q32SG6
rank0055_ca6_proteinbinders_3455_A,AF-O48716-F1-model_v6,0.251,328,0.919,0.705,9.821e-16,631,O48716
rank0055_ca6_proteinbinders_3455_A,AF-B0W517-F1-model_v6,0.259,314,0.919,0.739,4.039e-16,630,B0W517
rank0055_ca6_proteinbinders_3455_A,AF-Q6P1W0-F1-model_v6,0.221,353,0.955,0.495,3.259e-17,630,Q6P1W0
rank0055_ca6_proteinbinders_3455_A,AF-Q9VKQ3-F1-model_v6,0.266,313,0.934,0.745,6.617e-16,629,Q9VKQ3
rank0055_ca6_proteinbinders_3455_A,AF-F4JF14-F1-model_v6,0.253,305,0.919,0.316,8.061e-16,629,F4JF14
rank0055_ca6_proteinbinders_3455_A,AF-Q6C553-F1-model_v6,0.215,398,0.958,0.376,5.893e-17,629,Q6C553
rank0055_ca6_proteinbinders_3455_A,AF-Q96J01-2-F1-model_v6,0.258,279,0.84,0.807,8.061e-16,627,Q96J01-2
rank0055_ca6_proteinbinders_3455_A,AF-Q7QJ33-F1-model_v6,0.272,318,0.937,0.743,6.298e-16,626,Q7QJ33
rank0055_ca6_proteinbinders_3455_A,AF-P0CS39-2-F1-model_v6,0.229,352,0.958,0.426,1.433e-16,626,P0CS39-2
rank0055_ca6_proteinbinders_3455_A,AF-Q8BFQ4-F1-model_v6,0.203,305,0.919,0.939,7.673e-16,625,Q8BFQ4
rank0055_ca6_proteinbinders_3455_A,AF-O75530-F1-model_v6,0.196,359,0.922,0.814,8.325e-17,625,O75530
rank0055_ca6_proteinbinders_3455_A,AF-Q6NRT3-F1-model_v6,0.24,307,0.925,0.596,3.004e-16,625,Q6NRT3
rank0055_ca6_proteinbinders_3455_A,AF-Q6RI45-2-F1-model_v6,0.224,367,0.916,0.225,1.803e-17,625,Q6RI45-2
rank0055_ca6_proteinbinders_3455_A,AF-Q9JJ66-F1-model_v6,0.256,318,0.958,0.599,3.66e-16,624,Q9JJ66
rank0055_ca6_proteinbinders_3455_A,AF-Q3UKJ7-F1-model_v6,0.246,307,0.925,0.596,2.024e-16,624,Q3UKJ7
rank0055_ca6_proteinbinders_3455_A,AF-Q6BYU4-F1-model_v6,0.196,379,0.913,0.385,3.316e-16,624,Q6BYU4
rank0055_ca6_proteinbinders_3455_A,AF-Q9LXN4-F1-model_v6,0.232,369,0.973,0.36,1.661e-16,624,Q9LXN4
rank0055_ca6_proteinbinders_3455_A,AF-Q3U3T8-2-F1-model_v6,0.197,385,0.985,0.358,3.97e-17,623,Q3U3T8-2
rank0055_ca6_proteinbinders_3455_A,AF-Q8NHY2-4-F1-model_v6,0.201,327,0.958,0.46,3.156e-16,622,Q8NHY2-4
rank0055_ca6_proteinbinders_3455_A,AF-Q26458-F1-model_v6,0.184,361,0.931,0.849,1.119e-16,621,Q26458
rank0055_ca6_proteinbinders_3455_A,AF-Q13685-F1-model_v6,0.195,344,0.919,0.793,2.546e-17,621,Q13685
rank0055_ca6_proteinbinders_3455_A,AF-Q62623-F1-model_v6,0.259,318,0.958,0.599,4.244e-16,621,Q62623
rank0055_ca6_proteinbinders_3455_A,AF-Q6FVD3-F1-model_v6,0.2,392,0.991,0.467,1.408e-17,621,Q6FVD3
rank0055_ca6_proteinbinders_3455_A,AF-O60336-6-F1-model_v6,0.187,387,0.985,0.257,4.604e-17,621,O60336-6
rank0055_ca6_proteinbinders_3455_A,AF-A2AHJ4-F1-model_v6,0.221,368,0.919,0.205,1.215e-17,621,A2AHJ4
rank0055_ca6_proteinbinders_3455_A,AF-A1D3I2-F1-model_v6,0.19,452,0.955,0.978,1.387e-15,619,A1D3I2
rank0055_ca6_proteinbinders_3455_A,AF-P0CS39-F1-model_v6,0.23,352,0.958,0.4,2.59e-16,619,P0CS39
rank0055_ca6_proteinbinders_3455_A,AF-B7PY76-F1-model_v6,0.233,327,0.919,0.769,6.298e-16,618,B7PY76
rank0055_ca6_proteinbinders_3455_A,AF-Q3SZ25-F1-model_v6,0.19,359,0.922,0.814,5.609e-17,618,Q3SZ25
rank0055_ca6_proteinbinders_3455_A,AF-Q8L3Z8-F1-model_v6,0.253,319,0.961,0.611,3.316e-16,618,Q8L3Z8
rank0055_ca6_proteinbinders_3455_A,AF-Q8NHY2-3-F1-model_v6,0.206,328,0.961,0.648,9.348e-16,618,Q8NHY2-3
rank0055_ca6_proteinbinders_3455_A,AF-O60336-F1-model_v6,0.19,387,0.985,0.256,7.924e-17,618,O60336
rank0055_ca6_proteinbinders_3455_A,AF-Q6GL39-F1-model_v6,0.2,305,0.919,0.939,1.531e-15,616,Q6GL39
rank0055_ca6_proteinbinders_3455_A,AF-P90917-F1-model_v6,0.208,370,0.919,0.898,6.952e-16,616,P90917
rank0055_ca6_proteinbinders_3455_A,AF-Q9FMU5-F1-model_v6,0.201,312,0.931,0.571,3.156e-16,616,Q9FMU5
rank0055_ca6_proteinbinders_3455_A,AF-Q93794-2-F1-model_v6,0.287,322,0.952,0.55,3.597e-17,616,Q93794-2
rank0055_ca6_proteinbinders_3455_A,AF-Q6NV31-F1-model_v6,0.191,305,0.919,0.939,7.303e-16,615,Q6NV31
rank0055_ca6_proteinbinders_3455_A,AF-Q28DT7-F1-model_v6,0.199,359,0.922,0.82,1.745e-16,615,Q28DT7
rank0055_ca6_proteinbinders_3455_A,AF-Q921E6-F1-model_v6,0.191,359,0.922,0.814,1.176e-16,612,Q921E6
rank0055_ca6_proteinbinders_3455_A,AF-P59328-3-F1-model_v6,0.241,319,0.961,0.281,1.927e-16,612,P59328-3
rank0055_ca6_proteinbinders_3455_A,AF-O43379-F1-model_v6,0.195,385,0.985,0.254,9.188e-17,612,O43379
rank0055_ca6_proteinbinders_3455_A,AF-Q921E6-3-F1-model_v6,0.191,359,0.922,0.841,1.236e-16,611,Q921E6-3
rank0055_ca6_proteinbinders_3455_A,AF-Q9W328-F1-model_v6,0.244,298,0.889,0.952,1.139e-15,610,Q9W328
rank0055_ca6_proteinbinders_3455_A,AF-Q9JHB4-2-F1-model_v6,0.227,307,0.916,0.839,7.43e-15,610,Q9JHB4-2
rank0055_ca6_proteinbinders_3455_A,AF-Q8UUP2-F1-model_v6,0.196,359,0.922,0.82,1.298e-16,610,Q8UUP2
rank0055_ca6_proteinbinders_3455_A,AF-P16520-2-F1-model_v6,0.27,269,0.81,0.869,4.536e-15,609,P16520-2
rank0055_ca6_proteinbinders_3455_A,AF-Q8VZY6-F1-model_v6,0.21,344,0.922,0.908,1.581e-16,609,Q8VZY6
rank0055_ca6_proteinbinders_3455_A,AF-A3LNW3-F1-model_v6,0.25,294,0.804,0.974,3.373e-15,608,A3LNW3
rank0055_ca6_proteinbinders_3455_A,AF-Q9LT47-F1-model_v6,0.201,344,0.925,0.932,1.661e-16,607,Q9LT47
rank0055_ca6_proteinbinders_3455_A,AF-Q5ZKH3-F1-model_v6,0.191,359,0.922,0.805,1.433e-16,607,Q5ZKH3
rank0055_ca6_proteinbinders_3455_A,AF-Q99LC2-F1-model_v6,0.206,335,0.958,0.777,4.921e-16,606,Q99LC2
rank0055_ca6_proteinbinders_3455_A,AF-O75530-2-F1-model_v6,0.177,384,0.922,0.824,1.298e-16,606,O75530-2
rank0055_ca6_proteinbinders_3455_A,AF-Q2TAY7-F1-model_v6,0.25,307,0.925,0.596,5.17e-16,606,Q2TAY7
rank0055_ca6_proteinbinders_3455_A,AF-Q99M63-F1-model_v6,0.246,308,0.913,0.6,6.298e-16,606,Q99M63
rank0055_ca6_proteinbinders_3455_A,AF-Q5ZJW8-F1-model_v6,0.202,353,0.955,0.49,2.466e-16,606,Q5ZJW8
rank0055_ca6_proteinbinders_3455_A,AF-P0CS38-F1-model_v6,0.232,352,0.958,0.4,3.156e-16,606,P0CS38
rank0055_ca6_proteinbinders_3455_A,AF-Q5H7C0-F1-model_v6,0.259,330,0.994,0.631,3.156e-16,604,Q5H7C0
rank0055_ca6_proteinbinders_3455_A,AF-Q6P4J8-F1-model_v6,0.241,308,0.913,0.6,1.139e-15,604,Q6P4J8
rank0055_ca6_proteinbinders_3455_A,AF-Q3U3T8-F1-model_v6,0.197,385,0.985,0.253,1.176e-16,604,Q3U3T8
rank0055_ca6_proteinbinders_3455_A,AF-Q5ZMV7-F1-model_v6,0.204,305,0.919,0.939,3.911e-15,603,Q5ZMV7
rank0055_ca6_proteinbinders_3455_A,AF-Q9NZJ0-F1-model_v6,0.196,352,0.955,0.482,2.59e-16,603,Q9NZJ0
rank0055_ca6_proteinbinders_3455_A,AF-Q6GPU3-F1-model_v6,0.214,353,0.955,0.496,2.466e-16,602,Q6GPU3
rank0055_ca6_proteinbinders_3455_A,AF-Q6RI45-F1-model_v6,0.226,367,0.916,0.204,3.259e-17,602,Q6RI45
rank0055_ca6_proteinbinders_3455_A,AF-Q29HG9-F1-model_v6,0.251,298,0.886,0.946,1.387e-15,601,Q29HG9
rank0055_ca6_proteinbinders_3455_A,AF-Q3SZK1-F1-model_v6,0.22,344,0.919,0.793,9.653e-17,601,Q3SZK1
rank0055_ca6_proteinbinders_3455_A,AF-Q6AZS2-F1-model_v6,0.194,359,0.922,0.82,2.722e-16,601,Q6AZS2
rank0055_ca6_proteinbinders_3455_A,AF-Q6NS57-F1-model_v6,0.187,387,0.985,0.257,2.024e-16,601,Q6NS57
rank0055_ca6_proteinbinders_3455_A,AF-Q921C3-2-F1-model_v6,0.212,365,0.919,0.162,1.1e-17,600,Q921C3-2
rank0055_ca6_proteinbinders_3455_A,AF-Q9Y6I7-2-F1-model_v6,0.343,227,0.684,0.818,5.006e-15,599,Q9Y6I7-2
rank0055_ca6_proteinbinders_3455_A,AF-Q9R1A8-F1-model_v6,0.193,328,0.961,0.447,1.531e-15,599,Q9R1A8
rank0055_ca6_proteinbinders_3455_A,AF-Q6NS57-2-F1-model_v6,0.19,387,0.985,0.256,1.745e-16,599,Q6NS57-2
rank0055_ca6_proteinbinders_3455_A,AF-Q24338-F1-model_v6,0.177,356,0.916,0.838,4.921e-16,598,Q24338
rank0055_ca6_proteinbinders_3455_A,AF-Q2TAY7-2-F1-model_v6,0.246,308,0.913,0.875,1.084e-15,597,Q2TAY7-2
rank0055_ca6_proteinbinders_3455_A,AF-Q9VLN1-F1-model_v6,0.208,318,0.958,0.946,1.196e-15,596,Q9VLN1
rank0055_ca6_proteinbinders_3455_A,AF-Q61Y48-F1-model_v6,0.231,364,0.916,0.875,7.303e-16,595,Q61Y48
rank0055_ca6_proteinbinders_3455_A,AF-Q9LJR3-F1-model_v6,0.227,308,0.895,0.364,2.163e-15,595,Q9LJR3
rank0055_ca6_proteinbinders_3455_A,AF-Q640J6-F1-model_v6,0.207,305,0.919,0.939,6.407e-15,594,Q640J6
rank0055_ca6_proteinbinders_3455_A,AF-Q8TAF3-3-F1-model_v6,0.206,317,0.955,0.464,4.458e-16,594,Q8TAF3-3
rank0055_ca6_proteinbinders_3455_A,AF-Q9VCN9-F1-model_v6,0.22,352,0.901,0.474,9.821e-16,594,Q9VCN9
rank0055_ca6_proteinbinders_3455_A,AF-P0CS38-2-F1-model_v6,0.216,375,0.997,0.453,5.431e-16,594,P0CS38-2
rank0055_ca6_proteinbinders_3455_A,AF-O42611-F1-model_v6,0.22,356,0.958,0.347,5.706e-16,594,O42611
rank0055_ca6_proteinbinders_3455_A,AF-Q6RI45-5-F1-model_v6,0.227,367,0.916,0.265,1.927e-16,593,Q6RI45-5
rank0055_ca6_proteinbinders_3455_A,AF-Q58E77-F1-model_v6,0.201,305,0.919,0.939,8.616e-15,592,Q58E77
rank0055_ca6_proteinbinders_3455_A,AF-O16023-F1-model_v6,0.181,356,0.916,0.832,9.348e-16,592,O16023
rank0055_ca6_proteinbinders_3455_A,AF-Q76B40-F1-model_v6,0.246,308,0.913,0.6,1.458e-15,592,Q76B40
rank0055_ca6_proteinbinders_3455_A,AF-Q55FJ2-F1-model_v6,0.216,317,0.955,0.405,1.609e-15,592,Q55FJ2
rank0055_ca6_proteinbinders_3455_A,AF-Q5R8K2-F1-model_v6,0.203,337,0.958,0.782,1.609e-15,591,Q5R8K2
rank0055_ca6_proteinbinders_3455_A,AF-Q6ZD63-F1-model_v6,0.196,367,0.958,0.727,2.859e-16,591,Q6ZD63
rank0055_ca6_proteinbinders_3455_A,AF-Q803V5-F1-model_v6,0.216,305,0.886,0.936,2.163e-15,590,Q803V5
rank0055_ca6_proteinbinders_3455_A,AF-Q5RCG7-F1-model_v6,0.195,344,0.919,0.793,7.542e-17,590,Q5RCG7
rank0055_ca6_proteinbinders_3455_A,AF-Q2TBS9-F1-model_v6,0.249,308,0.913,0.6,1.321e-15,590,Q2TBS9
rank0055_ca6_proteinbinders_3455_A,AF-Q9I9H8-F1-model_v6,0.268,326,0.946,0.259,4.382e-17,590,Q9I9H8
rank0055_ca6_proteinbinders_3455_A,AF-Q8NA23-F1-model_v6,0.24,306,0.913,0.834,9.509e-15,589,Q8NA23
rank0055_ca6_proteinbinders_3455_A,AF-Q3TLR7-2-F1-model_v6,0.192,352,0.955,0.481,8.061e-16,588,Q3TLR7-2
rank0055_ca6_proteinbinders_3455_A,AF-Q8VZY7-F1-model_v6,0.2,345,0.955,0.748,5.431e-16,587,Q8VZY7
rank0055_ca6_proteinbinders_3455_A,AF-O60336-2-F1-model_v6,0.18,387,0.985,0.314,7.303e-16,587,O60336-2
rank0055_ca6_proteinbinders_3455_A,AF-Q9NSI6-F1-model_v6,0.205,365,0.919,0.157,1.119e-16,587,Q9NSI6
rank0055_ca6_proteinbinders_3455_A,AF-Q5RHI5-F1-model_v6,0.212,346,0.955,0.535,1.387e-15,586,Q5RHI5
rank0055_ca6_proteinbinders_3455_A,AF-P43254-F1-model_v6,0.187,319,0.925,0.473,2.909e-15,585,P43254
rank0055_ca6_proteinbinders_3455_A,AF-Q9T014-F1-model_v6,0.217,329,0.925,0.318,2.388e-15,585,Q9T014
rank0055_ca6_proteinbinders_3455_A,AF-Q8VDD9-F1-model_v6,0.204,372,0.928,0.204,2.196e-17,585,Q8VDD9
rank0055_ca6_proteinbinders_3455_A,AF-Q59RH5-F1-model_v6,0.203,336,0.925,0.88,6.407e-15,582,Q59RH5
rank0055_ca6_proteinbinders_3455_A,AF-Q9UM11-3-F1-model_v6,0.312,271,0.816,0.646,3.723e-15,581,Q9UM11-3
rank0055_ca6_proteinbinders_3455_A,AF-P93471-F1-model_v6,0.195,319,0.925,0.475,2.388e-15,581,P93471
rank0055_ca6_proteinbinders_3455_A,AF-Q8SRK1-F1-model_v6,0.232,353,0.922,0.919,1.103e-14,580,Q8SRK1
rank0055_ca6_proteinbinders_3455_A,AF-Q8WWQ0-F1-model_v6,0.205,372,0.928,0.204,1.927e-16,576,Q8WWQ0
rank0055_ca6_proteinbinders_3455_A,AF-O94423-F1-model_v6,0.219,319,0.961,0.701,4.536e-15,574,O94423
rank0055_ca6_proteinbinders_3455_A,AF-F4IIK6-2-F1-model_v6,0.238,294,0.88,0.942,1.411e-14,573,F4IIK6-2
rank0055_ca6_proteinbinders_3455_A,AF-Q6BZX5-F1-model_v6,0.276,289,0.801,0.97,3.109e-14,571,Q6BZX5
rank0055_ca6_proteinbinders_3455_A,AF-B2VZH2-F1-model_v6,0.229,355,0.919,0.772,5.259e-15,570,B2VZH2
rank0055_ca6_proteinbinders_3455_A,AF-Q9SYX2-F1-model_v6,0.206,323,0.919,0.314,2.429e-14,569,Q9SYX2
rank0055_ca6_proteinbinders_3455_A,AF-O75717-F1-model_v6,0.214,319,0.961,0.268,7.673e-16,569,O75717
rank0055_ca6_proteinbinders_3455_A,AF-O13046-F1-model_v6,0.247,319,0.961,0.269,1.139e-15,567,O13046
rank0055_ca6_proteinbinders_3455_A,AF-Q13112-F1-model_v6,0.199,374,0.958,0.669,4.921e-16,566,Q13112
rank0055_ca6_proteinbinders_3455_A,AF-Q74ZN0-F1-model_v6,0.197,407,0.991,0.493,1.321e-15,566,Q74ZN0
rank0055_ca6_proteinbinders_3455_A,AF-P59328-F1-model_v6,0.235,319,0.961,0.271,1.531e-15,566,P59328
rank0055_ca6_proteinbinders_3455_A,AF-Q54ZP5-F1-model_v6,0.135,563,0.901,0.48,1.411e-14,566,Q54ZP5
rank0055_ca6_proteinbinders_3455_A,AF-O96622-F1-model_v6,0.168,359,0.934,0.973,1.411e-14,563,O96622
rank0055_ca6_proteinbinders_3455_A,AF-Q5R1S9-F1-model_v6,0.201,381,0.958,0.673,2.859e-16,562,Q5R1S9
rank0055_ca6_proteinbinders_3455_A,AF-Q3TLR7-F1-model_v6,0.19,352,0.955,0.483,4.317e-15,562,Q3TLR7
rank0055_ca6_proteinbinders_3455_A,AF-F4IIK6-F1-model_v6,0.242,297,0.886,0.949,1.898e-14,561,F4IIK6
rank0055_ca6_proteinbinders_3455_A,AF-Q8AVS9-F1-model_v6,0.183,397,0.925,0.869,2.769e-15,561,Q8AVS9
rank0055_ca6_proteinbinders_3455_A,AF-Q9SXY1-2-F1-model_v6,0.217,368,0.949,0.927,9.348e-16,560,Q9SXY1-2
rank0055_ca6_proteinbinders_3455_A,AF-Q94BM7-F1-model_v6,0.202,308,0.895,0.388,1.343e-14,560,Q94BM7
rank0055_ca6_proteinbinders_3455_A,AF-Q91V09-F1-model_v6,0.215,317,0.919,0.654,2.552e-14,559,Q91V09
rank0055_ca6_proteinbinders_3455_A,AF-A5DXE2-F1-model_v6,0.258,293,0.801,0.964,5.906e-14,557,A5DXE2
rank0055_ca6_proteinbinders_3455_A,AF-Q6DKP5-F1-model_v6,0.21,312,0.907,0.643,1.279e-14,556,Q6DKP5
rank0055_ca6_proteinbinders_3455_A,AF-Q9SXY1-F1-model_v6,0.226,356,0.898,0.731,5.805e-15,556,Q9SXY1
rank0055_ca6_proteinbinders_3455_A,AF-Q86HX1-F1-model_v6,0.218,329,0.771,0.295,4.684e-16,555,Q86HX1
rank0055_ca6_proteinbinders_3455_A,AF-Q8TEB1-3-F1-model_v6,0.198,353,0.919,0.791,4.109e-15,553,Q8TEB1-3
rank0055_ca6_proteinbinders_3455_A,AF-P25635-F1-model_v6,0.265,300,0.904,0.309,4.382e-17,553,P25635
rank0055_ca6_proteinbinders_3455_A,AF-O14727-5-F1-model_v6,0.26,341,0.928,0.291,3.715e-18,552,O14727-5
rank0055_ca6_proteinbinders_3455_A,AF-Q9H1Z4-F1-model_v6,0.214,312,0.907,0.643,2.095e-14,551,Q9H1Z4
rank0055_ca6_proteinbinders_3455_A,AF-Q5RF24-F1-model_v6,0.211,312,0.907,0.643,2.312e-14,551,Q5RF24
rank0055_ca6_proteinbinders_3455_A,AF-Q8TAF3-4-F1-model_v6,0.234,251,0.756,0.415,1.279e-14,551,Q8TAF3-4
rank0055_ca6_proteinbinders_3455_A,AF-Q09731-F1-model_v6,0.225,322,0.922,0.335,2.095e-14,550,Q09731
rank0055_ca6_proteinbinders_3455_A,AF-Q9NSI6-3-F1-model_v6,0.206,365,0.919,0.166,3.056e-15,549,Q9NSI6-3
rank0055_ca6_proteinbinders_3455_A,AF-Q6BIR1-F1-model_v6,0.271,290,0.804,0.976,1.931e-13,548,Q6BIR1
rank0055_ca6_proteinbinders_3455_A,AF-Q40153-F1-model_v6,0.183,351,0.916,0.742,1.103e-14,544,Q40153
rank0055_ca6_proteinbinders_3455_A,AF-Q54PP7-F1-model_v6,0.17,304,0.916,0.259,5.906e-14,544,Q54PP7
rank0055_ca6_proteinbinders_3455_A,AF-Q5AEF2-F1-model_v6,0.255,289,0.801,0.97,2.727e-13,542,Q5AEF2
rank0055_ca6_proteinbinders_3455_A,AF-O80856-F1-model_v6,0.176,364,0.913,0.963,4.18e-14,542,O80856
rank0055_ca6_proteinbinders_3455_A,AF-Q9SJW6-F1-model_v6,0.166,364,0.913,0.963,7.559e-14,542,Q9SJW6
rank0055_ca6_proteinbinders_3455_A,AF-Q9Y5J1-F1-model_v6,0.199,313,0.922,0.563,2.635e-15,541,Q9Y5J1
rank0055_ca6_proteinbinders_3455_A,AF-Q9NSI6-2-F1-model_v6,0.202,363,0.91,0.16,1.865e-15,539,Q9NSI6-2
rank0055_ca6_proteinbinders_3455_A,AF-Q8TEB1-F1-model_v6,0.202,353,0.919,0.647,8.616e-15,538,Q8TEB1
rank0055_ca6_proteinbinders_3455_A,AF-Q5R654-F1-model_v6,0.224,370,0.916,0.869,6.204e-14,537,Q5R654
rank0055_ca6_proteinbinders_3455_A,AF-Q91VU6-2-F1-model_v6,0.196,353,0.919,0.699,1.637e-14,535,Q91VU6-2
rank0055_ca6_proteinbinders_3455_A,AF-Q9D180-F1-model_v6,0.145,316,0.952,0.252,7.072e-15,534,Q9D180
rank0055_ca6_proteinbinders_3455_A,AF-O24456-2-F1-model_v6,0.25,318,0.958,0.986,1.69e-15,531,O24456-2
rank0055_ca6_proteinbinders_3455_A,AF-Q9BRP4-F1-model_v6,0.221,301,0.907,0.763,1.238e-13,530,Q9BRP4
rank0055_ca6_proteinbinders_3455_A,AF-Q2HJ56-F1-model_v6,0.217,310,0.861,0.62,4.392e-14,529,Q2HJ56
rank0055_ca6_proteinbinders_3455_A,AF-Q5M9G8-F1-model_v6,0.19,347,0.961,0.632,1.279e-14,526,Q5M9G8
rank0055_ca6_proteinbinders_3455_A,AF-P0CS40-F1-model_v6,0.163,305,0.919,0.845,1.964e-12,525,P0CS40
rank0055_ca6_proteinbinders_3455_A,AF-O60336-3-F1-model_v6,0.173,446,0.931,0.321,2.273e-15,525,O60336-3
rank0055_ca6_proteinbinders_3455_A,AF-Q13610-F1-model_v6,0.224,310,0.861,0.619,1.749e-13,524,Q13610
rank0055_ca6_proteinbinders_3455_A,AF-Q32KQ2-F1-model_v6,0.191,354,0.955,0.989,7.195e-14,522,Q32KQ2
rank0055_ca6_proteinbinders_3455_A,AF-D4A929-F1-model_v6,0.208,302,0.91,0.154,6.848e-14,522,D4A929
rank0055_ca6_proteinbinders_3455_A,AF-O24467-F1-model_v6,0.191,356,0.919,0.749,3.431e-14,521,O24467
rank0055_ca6_proteinbinders_3455_A,AF-Q5QP82-2-F1-model_v6,0.204,361,0.925,0.692,2.201e-14,520,Q5QP82-2
rank0055_ca6_proteinbinders_3455_A,AF-Q5E9I8-F1-model_v6,0.2,347,0.961,0.636,2.681e-14,520,Q5E9I8
rank0055_ca6_proteinbinders_3455_A,AF-O00628-2-F1-model_v6,0.254,242,0.711,0.864,7.319e-13,519,O00628-2
rank0055_ca6_proteinbinders_3455_A,AF-Q99LL5-F1-model_v6,0.217,319,0.892,0.637,1.665e-13,518,Q99LL5
rank0055_ca6_proteinbinders_3455_A,AF-Q4X1Y0-F1-model_v6,0.227,319,0.961,0.588,3.97e-17,518,Q4X1Y0
rank0055_ca6_proteinbinders_3455_A,AF-Q9BRP4-2-F1-model_v6,0.217,316,0.952,0.813,1.585e-13,517,Q9BRP4-2
rank0055_ca6_proteinbinders_3455_A,AF-P38328-F1-model_v6,0.138,371,0.919,0.966,6.967e-13,509,P38328
rank0055_ca6_proteinbinders_3455_A,AF-I7MM07-F1-model_v6,0.157,315,0.946,0.292,8.765e-14,509,I7MM07
rank0055_ca6_proteinbinders_3455_A,AF-O14727-3-F1-model_v6,0.259,341,0.928,0.286,4.837e-17,507,O14727-3
rank0055_ca6_proteinbinders_3455_A,AF-Q5NVM2-3-F1-model_v6,0.197,348,0.943,0.546,8.343e-14,505,Q5NVM2-3
rank0055_ca6_proteinbinders_3455_A,AF-A6QX61-F1-model_v6,0.184,359,0.916,0.456,1.016e-13,505,A6QX61
rank0055_ca6_proteinbinders_3455_A,AF-Q5FW06-F1-model_v6,0.186,392,0.913,0.858,5.35e-14,503,Q5FW06
rank0055_ca6_proteinbinders_3455_A,AF-Q4WTC4-F1-model_v6,0.212,365,0.88,0.35,2.028e-13,503,Q4WTC4
rank0055_ca6_proteinbinders_3455_A,AF-Q54DS8-F1-model_v6,0.264,293,0.813,0.973,2.063e-12,502,Q54DS8
rank0055_ca6_proteinbinders_3455_A,AF-Q99J09-F1-model_v6,0.218,303,0.913,0.886,8.765e-14,502,Q99J09
rank0055_ca6_proteinbinders_3455_A,AF-Q5RBZ2-F1-model_v6,0.223,299,0.901,0.874,1.016e-13,500,Q5RBZ2
rank0055_ca6_proteinbinders_3455_A,AF-Q9V7P1-F1-model_v6,0.166,320,0.964,0.617,1.179e-13,500,Q9V7P1
rank0055_ca6_proteinbinders_3455_A,AF-O88487-F1-model_v6,0.197,349,0.943,0.57,1.665e-13,500,O88487
rank0055_ca6_proteinbinders_3455_A,AF-P42000-F1-model_v6,0.183,308,0.913,0.718,2.239e-13,498,P42000
rank0055_ca6_proteinbinders_3455_A,AF-Q09309-F1-model_v6,0.156,305,0.913,0.672,2.596e-13,496,Q09309
rank0055_ca6_proteinbinders_3455_A,AF-E7F6H7-F1-model_v6,0.192,349,0.943,0.558,2.727e-13,496,E7F6H7
rank0055_ca6_proteinbinders_3455_A,AF-Q24246-6-F1-model_v6,0.203,327,0.922,0.509,6.967e-13,495,Q24246-6
rank0055_ca6_proteinbinders_3455_A,AF-A8JAN3-F1-model_v6,0.178,321,0.94,0.154,2.596e-13,495,A8JAN3
rank0055_ca6_proteinbinders_3455_A,AF-Q9H808-2-F1-model_v6,0.159,299,0.901,0.633,6.312e-13,494,Q9H808-2
rank0055_ca6_proteinbinders_3455_A,AF-Q5E915-F1-model_v6,0.177,349,0.916,0.638,6.848e-14,494,Q5E915
rank0055_ca6_proteinbinders_3455_A,AF-Q13409-7-F1-model_v6,0.199,349,0.943,0.554,4.694e-13,494,Q13409-7
rank0055_ca6_proteinbinders_3455_A,AF-Q5NVM2-2-F1-model_v6,0.197,349,0.943,0.552,1.749e-13,494,Q5NVM2-2
rank0055_ca6_proteinbinders_3455_A,AF-Q5ND34-F1-model_v6,0.207,299,0.901,0.152,3.491e-13,494,Q5ND34
rank0055_ca6_proteinbinders_3455_A,AF-Q18964-F1-model_v6,0.142,399,0.964,0.961,1.585e-13,493,Q18964
rank0055_ca6_proteinbinders_3455_A,AF-Q13409-2-F1-model_v6,0.197,349,0.943,0.552,1.838e-13,493,Q13409-2
rank0055_ca6_proteinbinders_3455_A,AF-Q3MV14-F1-model_v6,0.21,367,0.916,0.951,7.941e-14,492,Q3MV14
rank0055_ca6_proteinbinders_3455_A,AF-Q13409-5-F1-model_v6,0.197,348,0.943,0.546,1.931e-13,492,Q13409-5
rank0055_ca6_proteinbinders_3455_A,AF-Q54ED4-F1-model_v6,0.177,384,0.913,0.797,1.612e-12,491,Q54ED4
rank0055_ca6_proteinbinders_3455_A,AF-Q24246-F1-model_v6,0.192,346,0.943,0.522,4.468e-13,491,Q24246
rank0055_ca6_proteinbinders_3455_A,AF-A8PWQ8-F1-model_v6,0.245,323,0.907,0.907,2.059e-15,490,A8PWQ8
rank0055_ca6_proteinbinders_3455_A,AF-Q0III3-F1-model_v6,0.196,349,0.943,0.57,2.239e-13,490,Q0III3
rank0055_ca6_proteinbinders_3455_A,AF-Q7Z5U6-F1-model_v6,0.178,354,0.955,0.989,1.39e-12,488,Q7Z5U6
rank0055_ca6_proteinbinders_3455_A,AF-Q8BUB4-F1-model_v6,0.159,381,0.931,0.952,5.718e-13,488,Q8BUB4
rank0055_ca6_proteinbinders_3455_A,AF-O14301-F1-model_v6,0.177,366,0.958,0.615,8.201e-15,488,O14301
rank0055_ca6_proteinbinders_3455_A,AF-Q13409-6-F1-model_v6,0.201,348,0.943,0.57,1.585e-13,488,Q13409-6
rank0055_ca6_proteinbinders_3455_A,AF-Q24246-10-F1-model_v6,0.206,327,0.922,0.522,8.078e-13,488,Q24246-10
rank0055_ca6_proteinbinders_3455_A,AF-Q24246-12-F1-model_v6,0.206,327,0.922,0.501,1.034e-12,488,Q24246-12
rank0055_ca6_proteinbinders_3455_A,AF-Q24246-2-F1-model_v6,0.203,327,0.922,0.516,1.323e-12,487,Q24246-2
rank0055_ca6_proteinbinders_3455_A,AF-U4PCM1-2-F1-model_v6,0.254,232,0.699,0.358,3.551e-12,484,U4PCM1-2
rank0055_ca6_proteinbinders_3455_A,AF-Q9BQ67-F1-model_v6,0.18,390,0.919,0.874,9.842e-13,483,Q9BQ67
rank0055_ca6_proteinbinders_3455_A,AF-P91341-F1-model_v6,0.221,352,0.955,0.387,3.723e-15,482,P91341
rank0055_ca6_proteinbinders_3455_A,AF-Q13409-F1-model_v6,0.197,349,0.943,0.547,4.048e-13,481,Q13409
rank0055_ca6_proteinbinders_3455_A,AF-Q9H808-F1-model_v6,0.157,318,0.958,0.516,2.063e-12,480,Q9H808
rank0055_ca6_proteinbinders_3455_A,AF-A8NZM5-F1-model_v6,0.17,311,0.937,0.75,1.22e-11,479,A8NZM5
rank0055_ca6_proteinbinders_3455_A,AF-Q5NVM2-F1-model_v6,0.194,349,0.943,0.547,5.181e-13,478,Q5NVM2
rank0055_ca6_proteinbinders_3455_A,AF-Q62871-F1-model_v6,0.197,349,0.943,0.547,5.718e-13,476,Q62871
rank0055_ca6_proteinbinders_3455_A,AF-F1DLK1-F1-model_v6,0.204,358,0.916,0.955,4.253e-13,475,F1DLK1
rank0055_ca6_proteinbinders_3455_A,AF-Q96P53-F1-model_v6,0.157,381,0.931,0.952,1.612e-12,475,Q96P53
rank0055_ca6_proteinbinders_3455_A,AF-Q5AZX0-F1-model_v6,0.23,331,0.997,0.566,1.298e-16,475,Q5AZX0
rank0055_ca6_proteinbinders_3455_A,AF-Q13409-3-F1-model_v6,0.196,349,0.943,0.57,4.048e-13,475,Q13409-3
rank0055_ca6_proteinbinders_3455_A,AF-Q62871-2-F1-model_v6,0.197,349,0.943,0.552,6.631e-13,475,Q62871-2
rank0055_ca6_proteinbinders_3455_A,AF-Q24246-7-F1-model_v6,0.192,346,0.943,0.532,1.199e-12,475,Q24246-7
rank0055_ca6_proteinbinders_3455_A,AF-P0CS41-F1-model_v6,0.159,309,0.931,0.826,5.818e-12,474,P0CS41
rank0055_ca6_proteinbinders_3455_A,AF-Q5XI13-F1-model_v6,0.173,400,0.931,0.899,1.612e-12,474,Q5XI13
rank0055_ca6_proteinbinders_3455_A,AF-Q24246-4-F1-model_v6,0.192,346,0.943,0.553,1.26e-12,473,Q24246-4
rank0055_ca6_proteinbinders_3455_A,AF-Q5ZK69-F1-model_v6,0.198,301,0.907,0.763,3.853e-13,472,Q5ZK69
rank0055_ca6_proteinbinders_3455_A,AF-A1Z8D0-F1-model_v6,0.182,319,0.895,0.695,4.545e-12,472,A1Z8D0
rank0055_ca6_proteinbinders_3455_A,AF-A2AKB9-F1-model_v6,0.181,404,0.958,0.714,1.838e-13,472,A2AKB9
rank0055_ca6_proteinbinders_3455_A,AF-Q148I1-F1-model_v6,0.205,316,0.952,0.778,8.487e-13,471,Q148I1
rank0055_ca6_proteinbinders_3455_A,AF-Q9EQ15-F1-model_v6,0.225,308,0.916,0.945,1.461e-12,470,Q9EQ15
rank0055_ca6_proteinbinders_3455_A,AF-Q62871-3-F1-model_v6,0.197,349,0.943,0.57,1.461e-12,469,Q62871-3
rank0055_ca6_proteinbinders_3455_A,AF-Q24246-8-F1-model_v6,0.189,346,0.943,0.544,2.063e-12,469,Q24246-8
rank0055_ca6_proteinbinders_3455_A,AF-Q9DB94-F1-model_v6,0.18,355,0.958,0.992,2.775e-12,468,Q9DB94
rank0055_ca6_proteinbinders_3455_A,AF-Q8RXU6-F1-model_v6,0.175,407,0.922,0.499,1.779e-12,468,Q8RXU6
rank0055_ca6_proteinbinders_3455_A,AF-A8XXC7-F1-model_v6,0.137,399,0.964,0.957,7.689e-13,466,A8XXC7
rank0055_ca6_proteinbinders_3455_A,AF-Q810D6-F1-model_v6,0.177,390,0.919,0.874,2.915e-12,465,Q810D6
rank0055_ca6_proteinbinders_3455_A,AF-Q24246-3-F1-model_v6,0.192,346,0.943,0.552,2.063e-12,465,Q24246-3
rank0055_ca6_proteinbinders_3455_A,AF-P42935-F1-model_v6,0.185,371,0.973,0.471,3.491e-13,465,P42935
rank0055_ca6_proteinbinders_3455_A,AF-O14727-4-F1-model_v6,0.242,379,0.916,0.315,6.833e-17,465,O14727-4
rank0055_ca6_proteinbinders_3455_A,AF-O22468-F1-model_v6,0.186,366,0.991,0.882,2.239e-13,462,O22468
rank0055_ca6_proteinbinders_3455_A,AF-Q24246-9-F1-model_v6,0.192,346,0.943,0.545,3.38e-12,461,Q24246-9
rank0055_ca6_proteinbinders_3455_A,AF-P78774-F1-model_v6,0.136,376,0.955,0.997,3.063e-12,460,P78774
rank0055_ca6_proteinbinders_3455_A,AF-O14576-4-F1-model_v6,0.202,327,0.922,0.543,2.393e-12,458,O14576-4
rank0055_ca6_proteinbinders_3455_A,AF-O14576-5-F1-model_v6,0.194,348,0.943,0.557,1.535e-12,457,O14576-5
rank0055_ca6_proteinbinders_3455_A,AF-Q24246-5-F1-model_v6,0.188,349,0.943,0.543,3.731e-12,456,Q24246-5
rank0055_ca6_proteinbinders_3455_A,AF-Q6CL75-F1-model_v6,0.208,322,0.913,0.262,1.052e-11,456,Q6CL75
rank0055_ca6_proteinbinders_3455_A,AF-Q9P775-F1-model_v6,0.216,314,0.861,0.609,6.746e-12,455,Q9P775
rank0055_ca6_proteinbinders_3455_A,AF-Q8IWB7-F1-model_v6,0.161,395,0.976,0.963,2.393e-12,454,Q8IWB7
rank0055_ca6_proteinbinders_3455_A,AF-Q2KIY3-F1-model_v6,0.159,382,0.934,0.932,8.634e-12,454,Q2KIY3
rank0055_ca6_proteinbinders_3455_A,AF-Q6NUD0-F1-model_v6,0.203,303,0.913,0.91,5.537e-12,453,Q6NUD0
rank0055_ca6_proteinbinders_3455_A,AF-Q9BYB4-F1-model_v6,0.237,308,0.916,0.942,5.181e-13,452,Q9BYB4
rank0055_ca6_proteinbinders_3455_A,AF-Q27GK7-2-F1-model_v6,0.194,332,0.955,0.292,1.612e-12,452,Q27GK7-2
rank0055_ca6_proteinbinders_3455_A,AF-Q86BY9-F1-model_v6,0.199,306,0.922,0.245,1.87e-12,449,Q86BY9
rank0055_ca6_proteinbinders_3455_A,AF-Q9D0N7-F1-model_v6,0.188,381,0.958,0.666,1.69e-15,446,Q9D0N7
rank0055_ca6_proteinbinders_3455_A,AF-P54703-F1-model_v6,0.185,341,0.919,0.521,1.64e-11,444,P54703
rank0055_ca6_proteinbinders_3455_A,AF-Q04725-3-F1-model_v6,0.223,237,0.714,0.324,1.512e-10,439,Q04725-3
rank0055_ca6_proteinbinders_3455_A,AF-Q8N9V3-2-F1-model_v6,0.268,233,0.702,0.576,2.434e-11,437,Q8N9V3-2
rank0055_ca6_proteinbinders_3455_A,AF-P53851-F1-model_v6,0.174,324,0.949,0.768,7.087e-12,435,P53851
rank0055_ca6_proteinbinders_3455_A,AF-Q63100-3-F1-model_v6,0.193,348,0.943,0.555,5.017e-12,435,Q63100-3
rank0055_ca6_proteinbinders_3455_A,AF-O60336-4-F1-model_v6,0.192,245,0.735,0.241,3.613e-11,426,O60336-4
rank0055_ca6_proteinbinders_3455_A,AF-Q27GK7-F1-model_v6,0.187,347,0.991,0.306,2.393e-12,424,Q27GK7
rank0055_ca6_proteinbinders_3455_A,AF-Q6PAX7-F1-model_v6,0.211,445,0.928,0.733,1.96e-15,422,Q6PAX7
rank0055_ca6_proteinbinders_3455_A,AF-O75083-3-F1-model_v6,0.194,446,0.961,0.957,3.483e-16,420,O75083-3
rank0055_ca6_proteinbinders_3455_A,AF-O74910-F1-model_v6,0.144,384,0.919,0.602,3.063e-12,415,O74910
rank0055_ca6_proteinbinders_3455_A,AF-O88342-F1-model_v6,0.198,442,0.955,0.729,4.765e-15,411,O88342
rank0055_ca6_proteinbinders_3455_A,AF-P50082-F1-model_v6,0.144,339,0.958,0.572,3.116e-11,410,P50082
rank0055_ca6_proteinbinders_3455_A,AF-Q9BRP4-3-F1-model_v6,0.215,261,0.78,0.942,1.37e-10,409,Q9BRP4-3
rank0055_ca6_proteinbinders_3455_A,AF-Q9ZU34-F1-model_v6,0.172,472,0.922,0.773,5.006e-15,407,Q9ZU34
rank0055_ca6_proteinbinders_3455_A,AF-O94533-F1-model_v6,0.156,506,0.952,0.666,1.931e-13,406,O94533
rank0055_ca6_proteinbinders_3455_A,AF-B8NG55-F1-model_v6,0.154,413,0.919,0.963,3.116e-11,404,B8NG55
rank0055_ca6_proteinbinders_3455_A,AF-Q9LV35-F1-model_v6,0.151,502,0.949,0.824,3.911e-15,403,Q9LV35
rank0055_ca6_proteinbinders_3455_A,AF-Q5RKI0-F1-model_v6,0.156,500,0.895,0.825,5.525e-15,402,Q5RKI0
rank0055_ca6_proteinbinders_3455_A,AF-Q9VBU8-F1-model_v6,0.187,308,0.919,0.962,1.588e-10,397,Q9VBU8
rank0055_ca6_proteinbinders_3455_A,AF-P0C1J0-F1-model_v6,0.133,367,0.904,0.583,3.613e-11,396,P0C1J0
rank0055_ca6_proteinbinders_3455_A,AF-Q08924-F1-model_v6,0.141,398,0.952,0.393,5.633e-11,394,Q08924
rank0055_ca6_proteinbinders_3455_A,AF-Q9C1X1-F1-model_v6,0.203,443,0.904,0.519,5.248e-18,389,Q9C1X1
rank0055_ca6_proteinbinders_3455_A,AF-Q8N5D0-2-F1-model_v6,0.185,261,0.675,0.424,3.33e-10,388,Q8N5D0-2
rank0055_ca6_proteinbinders_3455_A,AF-Q96BP3-F1-model_v6,0.145,368,0.913,0.57,2.244e-10,387,Q96BP3
rank0055_ca6_proteinbinders_3455_A,AF-Q2KJH4-F1-model_v6,0.161,531,0.949,0.876,3.911e-15,386,Q2KJH4
rank0055_ca6_proteinbinders_3455_A,AF-P40055-F1-model_v6,0.197,308,0.928,0.545,3.17e-10,385,P40055
rank0055_ca6_proteinbinders_3455_A,AF-O75083-F1-model_v6,0.159,531,0.949,0.876,1.96e-15,384,O75083
rank0055_ca6_proteinbinders_3455_A,AF-Q8VCG3-F1-model_v6,0.156,296,0.873,0.771,4.704e-10,383,Q8VCG3
rank0055_ca6_proteinbinders_3455_A,AF-Q39221-F1-model_v6,0.185,308,0.928,0.763,1.052e-11,382,Q39221
rank0055_ca6_proteinbinders_3455_A,AF-Q6DIF4-F1-model_v6,0.21,445,0.928,0.733,4.18e-14,381,Q6DIF4
rank0055_ca6_proteinbinders_3455_A,AF-P25365-F1-model_v6,0.159,340,0.952,0.319,2.966e-11,381,P25365
rank0055_ca6_proteinbinders_3455_A,AF-Q0IQN5-F1-model_v6,0.185,308,0.895,0.227,3.17e-10,381,Q0IQN5
rank0055_ca6_proteinbinders_3455_A,AF-Q6ZMW3-F1-model_v6,0.234,402,0.97,0.205,5.609e-17,381,Q6ZMW3
rank0055_ca6_proteinbinders_3455_A,AF-Q8CEC6-F1-model_v6,0.141,364,0.904,0.563,3.33e-10,380,Q8CEC6
rank0055_ca6_proteinbinders_3455_A,AF-O14053-F1-model_v6,0.167,396,0.895,0.439,5.443e-13,380,O14053
rank0055_ca6_proteinbinders_3455_A,AF-Q9SV01-F1-model_v6,0.116,341,0.925,0.751,3.675e-10,377,Q9SV01
rank0055_ca6_proteinbinders_3455_A,AF-Q80ZK9-F1-model_v6,0.199,256,0.645,0.378,8.096e-10,375,Q80ZK9
rank0055_ca6_proteinbinders_3455_A,AF-Q8NI36-F1-model_v6,0.157,406,0.937,0.454,2.131e-13,373,Q8NI36
rank0055_ca6_proteinbinders_3455_A,AF-Q29RZ2-F1-model_v6,0.145,364,0.904,0.565,2.602e-10,372,Q29RZ2
rank0055_ca6_proteinbinders_3455_A,AF-Q8N5D0-F1-model_v6,0.191,258,0.651,0.381,1.326e-09,372,Q8N5D0
rank0055_ca6_proteinbinders_3455_A,AF-Q15542-2-F1-model_v6,0.248,292,0.88,0.368,1.612e-12,372,Q15542-2
rank0055_ca6_proteinbinders_3455_A,AF-Q6RFH5-F1-model_v6,0.159,272,0.819,0.706,3.559e-09,366,Q6RFH5
rank0055_ca6_proteinbinders_3455_A,AF-Q05BV3-5-F1-model_v6,0.195,399,0.937,0.202,8.469e-16,366,Q05BV3-5
rank0055_ca6_proteinbinders_3455_A,AF-C7J8E5-F1-model_v6,0.191,309,0.895,0.254,1.036e-09,365,C7J8E5
rank0055_ca6_proteinbinders_3455_A,AF-Q8N5D0-4-F1-model_v6,0.196,256,0.645,0.379,2.398e-09,363,Q8N5D0-4
rank0055_ca6_proteinbinders_3455_A,AF-Q8VC03-F1-model_v6,0.174,399,0.964,0.445,3.491e-13,363,Q8VC03
rank0055_ca6_proteinbinders_3455_A,AF-O08653-F1-model_v6,0.187,506,0.898,0.192,7.303e-16,362,O08653
rank0055_ca6_proteinbinders_3455_A,AF-Q5NVL7-F1-model_v6,0.142,364,0.904,0.563,6.325e-10,360,Q5NVL7
rank0055_ca6_proteinbinders_3455_A,AF-Q8N5D0-3-F1-model_v6,0.209,257,0.645,0.43,5.549e-09,359,Q8N5D0-3
rank0055_ca6_proteinbinders_3455_A,AF-O93277-F1-model_v6,0.171,500,0.895,0.821,7.195e-14,355,O93277
rank0055_ca6_proteinbinders_3455_A,AF-Q10437-F1-model_v6,0.153,383,0.864,0.705,3.017e-10,354,Q10437
rank0055_ca6_proteinbinders_3455_A,AF-Q758M2-F1-model_v6,0.142,366,0.937,0.72,6.645e-10,352,Q758M2
rank0055_ca6_proteinbinders_3455_A,AF-Q6ED65-F1-model_v6,0.2,398,0.934,0.201,2.909e-15,352,Q6ED65
rank0055_ca6_proteinbinders_3455_A,AF-Q58D06-F1-model_v6,0.16,284,0.855,0.719,4.555e-09,349,Q58D06
rank0055_ca6_proteinbinders_3455_A,AF-Q32P44-2-F1-model_v6,0.167,491,0.949,0.535,2.312e-14,348,Q32P44-2
rank0055_ca6_proteinbinders_3455_A,AF-Q8TBZ3-F1-model_v6,0.167,369,0.81,0.649,1.935e-10,345,Q8TBZ3
rank0055_ca6_proteinbinders_3455_A,AF-Q0CKB1-F1-model_v6,0.124,383,0.864,0.651,1.262e-09,345,Q0CKB1
rank0055_ca6_proteinbinders_3455_A,AF-Q32P44-F1-model_v6,0.166,477,0.928,0.532,3.605e-14,345,Q32P44
rank0055_ca6_proteinbinders_3455_A,AF-Q6RI45-4-F1-model_v6,0.231,210,0.614,0.143,7.335e-10,343,Q6RI45-4
rank0055_ca6_proteinbinders_3455_A,AF-A1DMI8-F1-model_v6,0.115,389,0.858,0.645,1.036e-09,340,A1DMI8
rank0055_ca6_proteinbinders_3455_A,AF-Q9P2S5-F1-model_v6,0.163,382,0.925,0.83,6.746e-12,337,Q9P2S5
rank0055_ca6_proteinbinders_3455_A,AF-A2QVV2-F1-model_v6,0.127,388,0.858,0.657,1.464e-09,337,A2QVV2
rank0055_ca6_proteinbinders_3455_A,AF-A7TH93-F1-model_v6,0.179,254,0.714,0.454,9.091e-09,330,A7TH93
rank0055_ca6_proteinbinders_3455_A,AF-I7MKT5-F1-model_v6,0.133,380,0.952,0.303,1.39e-12,327,I7MKT5
rank0055_ca6_proteinbinders_3455_A,AF-O74942-F1-model_v6,0.116,377,0.913,0.618,5.549e-09,326,O74942
rank0055_ca6_proteinbinders_3455_A,AF-B3MRC6-F1-model_v6,0.133,343,0.895,0.843,1.202e-09,325,B3MRC6
rank0055_ca6_proteinbinders_3455_A,AF-B8N4F5-F1-model_v6,0.128,423,0.949,0.74,5.455e-10,324,B8N4F5
rank0055_ca6_proteinbinders_3455_A,AF-B0W8M5-F1-model_v6,0.212,280,0.819,0.698,1.783e-09,321,B0W8M5
rank0055_ca6_proteinbinders_3455_A,AF-Q9D565-3-F1-model_v6,0.145,418,0.958,0.407,1.464e-09,320,Q9D565-3
rank0055_ca6_proteinbinders_3455_A,AF-A1CTE6-F1-model_v6,0.119,387,0.858,0.675,1.783e-09,318,A1CTE6
rank0055_ca6_proteinbinders_3455_A,AF-Q08274-F1-model_v6,0.16,349,0.765,0.525,9.388e-10,317,Q08274
rank0055_ca6_proteinbinders_3455_A,AF-Q09019-F1-model_v6,0.158,354,0.759,0.525,2.519e-09,314,Q09019
rank0055_ca6_proteinbinders_3455_A,AF-O45487-F1-model_v6,0.152,484,0.958,0.543,2.471e-13,311,O45487
rank0055_ca6_proteinbinders_3455_A,AF-Q2UM42-F1-model_v6,0.126,423,0.949,0.74,4.057e-10,309,Q2UM42
rank0055_ca6_proteinbinders_3455_A,AF-Q9P4R5-F1-model_v6,0.132,390,0.858,0.659,2.398e-09,307,Q9P4R5
rank0055_ca6_proteinbinders_3455_A,AF-Q9VUI3-2-F1-model_v6,0.162,436,0.934,0.532,3.163e-13,306,Q9VUI3-2
rank0055_ca6_proteinbinders_3455_A,AF-D9N129-2-F1-model_v6,0.123,363,0.747,0.484,2.104e-08,297,D9N129-2
rank0055_ca6_proteinbinders_3455_A,AF-Q54NA2-F1-model_v6,0.145,339,0.919,0.911,3.069e-09,295,Q54NA2
rank0055_ca6_proteinbinders_3455_A,AF-A2AH22-2-F1-model_v6,0.248,170,0.512,0.13,1.846e-07,294,A2AH22-2
rank0055_ca6_proteinbinders_3455_A,AF-Q9C0C7-F1-model_v6,0.251,170,0.512,0.121,1.939e-07,285,Q9C0C7
rank0055_ca6_proteinbinders_3455_A,AF-Q06078-F1-model_v6,0.158,408,0.901,0.435,8.078e-13,284,Q06078
rank0055_ca6_proteinbinders_3455_A,AF-D9N129-F1-model_v6,0.122,356,0.747,0.464,4.868e-08,281,D9N129
rank0055_ca6_proteinbinders_3455_A,AF-Q9C0C7-2-F1-model_v6,0.251,170,0.512,0.127,2.607e-07,281,Q9C0C7-2
rank0055_ca6_proteinbinders_3455_A,AF-Q9C0C7-4-F1-model_v6,0.248,170,0.512,0.13,2.037e-07,276,Q9C0C7-4
rank0055_ca6_proteinbinders_3455_A,AF-P46680-F1-model_v6,0.142,439,0.928,0.714,5.362e-11,275,P46680
rank0055_ca6_proteinbinders_3455_A,AF-Q9C0C7-3-F1-model_v6,0.25,170,0.512,0.124,2.362e-07,275,Q9C0C7-3
rank0055_ca6_proteinbinders_3455_A,AF-A2AH22-F1-model_v6,0.251,170,0.512,0.121,4.953e-07,274,A2AH22
rank0055_ca6_proteinbinders_3455_A,AF-Q9C0C7-5-F1-model_v6,0.25,170,0.512,0.121,3.683e-07,270,Q9C0C7-5
rank0055_ca6_proteinbinders_3455_A,AF-E7FAG6-3-F1-model_v6,0.242,170,0.512,0.143,5.743e-07,267,E7FAG6-3
rank0055_ca6_proteinbinders_3455_A,AF-E7FAG6-F1-model_v6,0.245,170,0.512,0.119,6.339e-07,265,E7FAG6
rank0055_ca6_proteinbinders_3455_A,AF-Q6DFC6-F1-model_v6,0.157,520,0.916,0.625,1.414e-11,260,Q6DFC6
rank0055_ca6_proteinbinders_3455_A,AF-B1ANS9-2-F1-model_v6,0.157,266,0.78,0.291,3.498e-10,252,B1ANS9-2
rank0055_ca6_proteinbinders_3455_A,AF-B1ANS9-F1-model_v6,0.121,390,0.873,0.361,5.192e-10,228,B1ANS9
rank0055_ca6_proteinbinders_3455_A,AF-O75717-2-F1-model_v6,0.191,225,0.678,0.172,1.757e-07,222,O75717-2
rank0055_ca6_proteinbinders_3455_A,AF-Q8TBZ3-5-F1-model_v6,0.191,308,0.81,0.606,9.248e-08,215,Q8TBZ3-5
rank0055_ca6_proteinbinders_3455_A,AF-Q8TBZ3-6-F1-model_v6,0.188,308,0.81,0.592,1.184e-07,208,Q8TBZ3-6
rank0055_ca6_proteinbinders_3455_A,AF-Q8TBZ3-4-F1-model_v6,0.182,308,0.81,0.617,1.515e-07,200,Q8TBZ3-4
rank0055_ca6_proteinbinders_3455_A,AF-E7FAG6-4-F1-model_v6,0.221,189,0.569,0.176,1.619e-06,197,E7FAG6-4
rank0055_ca6_proteinbinders_3455_A,AF-A2AH22-3-F1-model_v6,0.178,251,0.756,0.196,2.177e-06,175,A2AH22-3
rank0055_ca6_proteinbinders_3455_A,AF-A2AH22-4-F1-model_v6,0.181,253,0.762,0.206,1.787e-06,171,A2AH22-4
rank0056_ca6_proteinbinders_4746_A,AF-Q7ZVQ8-F1-model_v6,0.271,313,0.972,0.433,1.673e-20,827,Q7ZVQ8
rank0056_ca6_proteinbinders_4746_A,AF-Q5RG82-F1-model_v6,0.259,313,0.972,0.431,2.026e-20,819,Q5RG82
rank0056_ca6_proteinbinders_4746_A,AF-Q5R7B8-F1-model_v6,0.319,287,0.891,0.417,1.245e-19,787,Q5R7B8
rank0056_ca6_proteinbinders_4746_A,AF-Q920Q8-F1-model_v6,0.253,315,0.978,0.438,3.114e-20,780,Q920Q8
rank0056_ca6_proteinbinders_4746_A,AF-Q920Q8-4-F1-model_v6,0.26,311,0.966,0.47,3.114e-20,776,Q920Q8-4
rank0056_ca6_proteinbinders_4746_A,AF-Q920Q8-3-F1-model_v6,0.253,317,0.984,0.483,7.719e-20,775,Q920Q8-3
rank0056_ca6_proteinbinders_4746_A,AF-B4MXW3-F1-model_v6,0.31,292,0.907,0.381,5.474e-19,772,B4MXW3
rank0056_ca6_proteinbinders_4746_A,AF-Q9Y6Y0-F1-model_v6,0.256,309,0.96,0.436,8.096000000000001e-20,769,Q9Y6Y0
rank0056_ca6_proteinbinders_4746_A,AF-B4QLQ2-F1-model_v6,0.31,291,0.904,0.414,4.975e-19,767,B4QLQ2
rank0056_ca6_proteinbinders_4746_A,AF-B4PD06-F1-model_v6,0.314,296,0.919,0.43,8.908000000000001e-20,763,B4PD06
rank0056_ca6_proteinbinders_4746_A,AF-Q5ZKD9-F1-model_v6,0.325,284,0.882,0.413,4.743e-19,761,Q5ZKD9
rank0056_ca6_proteinbinders_4746_A,AF-F1MBP6-F1-model_v6,0.321,292,0.907,0.441,4.109e-19,760,F1MBP6
rank0056_ca6_proteinbinders_4746_A,AF-Q6DFU2-F1-model_v6,0.269,310,0.963,0.433,3.735e-19,759,Q6DFU2
rank0056_ca6_proteinbinders_4746_A,AF-B3M9V8-F1-model_v6,0.318,293,0.91,0.411,1.369e-19,757,B3M9V8
rank0056_ca6_proteinbinders_4746_A,AF-Q9Y2M5-F1-model_v6,0.308,296,0.919,0.443,2.941e-19,754,Q9Y2M5
rank0056_ca6_proteinbinders_4746_A,AF-E7F6F9-F1-model_v6,0.299,290,0.901,0.428,7.291e-19,753,E7F6F9
rank0056_ca6_proteinbinders_4746_A,AF-Q9Y2M5-2-F1-model_v6,0.335,284,0.882,0.6,1.369e-19,752,Q9Y2M5-2
rank0056_ca6_proteinbinders_4746_A,AF-D3Z8N4-F1-model_v6,0.325,284,0.882,0.414,4.522e-19,752,D3Z8N4
rank0056_ca6_proteinbinders_4746_A,AF-B4HIK1-F1-model_v6,0.318,291,0.904,0.414,4.975e-19,751,B4HIK1
rank0056_ca6_proteinbinders_4746_A,AF-B4J045-F1-model_v6,0.314,291,0.904,0.413,1.019e-18,751,B4J045
rank0056_ca6_proteinbinders_4746_A,AF-B4GRJ2-F1-model_v6,0.318,287,0.891,0.404,5.742e-19,751,B4GRJ2
rank0056_ca6_proteinbinders_4746_A,AF-Q08DK3-F1-model_v6,0.308,296,0.919,0.443,2.43e-19,750,Q08DK3
rank0056_ca6_proteinbinders_4746_A,AF-B3NDN0-F1-model_v6,0.318,291,0.904,0.414,5.742e-19,749,B3NDN0
rank0056_ca6_proteinbinders_4746_A,AF-Q2M0J9-F1-model_v6,0.318,291,0.904,0.411,6.626e-19,747,Q2M0J9
rank0056_ca6_proteinbinders_4746_A,AF-Q9VUU5-F1-model_v6,0.317,292,0.907,0.416,6.023e-19,746,Q9VUU5
rank0056_ca6_proteinbinders_4746_A,AF-Q7QGL0-F1-model_v6,0.322,290,0.901,0.442,3.735e-19,744,Q7QGL0
rank0056_ca6_proteinbinders_4746_A,AF-Q6DFF6-F1-model_v6,0.326,283,0.879,0.416,8.022e-19,744,Q6DFF6
rank0056_ca6_proteinbinders_4746_A,AF-B0WWP2-F1-model_v6,0.322,290,0.901,0.442,4.522e-19,741,B0WWP2
rank0056_ca6_proteinbinders_4746_A,AF-Q9Y573-2-F1-model_v6,0.297,281,0.873,0.443,2.673e-19,741,Q9Y573-2
rank0056_ca6_proteinbinders_4746_A,AF-B4L0G9-F1-model_v6,0.32,292,0.907,0.42,4.311e-19,740,B4L0G9
rank0056_ca6_proteinbinders_4746_A,AF-G5ED84-F1-model_v6,0.24,295,0.916,0.378,1.493e-18,740,G5ED84
rank0056_ca6_proteinbinders_4746_A,AF-Q9Y573-F1-model_v6,0.289,291,0.904,0.467,5.474e-19,733,Q9Y573
rank0056_ca6_proteinbinders_4746_A,AF-Q9NXS3-F1-model_v6,0.284,291,0.904,0.464,8.415e-19,732,Q9NXS3
rank0056_ca6_proteinbinders_4746_A,AF-B4LIG6-F1-model_v6,0.32,292,0.907,0.415,8.826e-19,728,B4LIG6
rank0056_ca6_proteinbinders_4746_A,AF-Q16RL8-F1-model_v6,0.321,291,0.904,0.438,1.069e-18,727,Q16RL8
rank0056_ca6_proteinbinders_4746_A,AF-Q5R774-F1-model_v6,0.315,285,0.885,0.41,4.271e-18,727,Q5R774
rank0056_ca6_proteinbinders_4746_A,AF-Q8VCK5-F1-model_v6,0.333,283,0.879,0.416,6.626e-19,725,Q8VCK5
rank0056_ca6_proteinbinders_4746_A,AF-Q6TDP4-F1-model_v6,0.311,293,0.91,0.403,4.699e-18,725,Q6TDP4
rank0056_ca6_proteinbinders_4746_A,AF-E0CZ16-F1-model_v6,0.323,292,0.907,0.441,9.258e-19,722,E0CZ16
rank0056_ca6_proteinbinders_4746_A,AF-Q6TDP3-F1-model_v6,0.301,293,0.91,0.405,2.295e-18,722,Q6TDP3
rank0056_ca6_proteinbinders_4746_A,AF-Q53G59-2-F1-model_v6,0.253,296,0.919,0.45,6.259e-18,719,Q53G59-2
rank0056_ca6_proteinbinders_4746_A,AF-Q9Z2X8-F1-model_v6,0.313,284,0.882,0.407,1.165e-17,719,Q9Z2X8
rank0056_ca6_proteinbinders_4746_A,AF-Q8K430-F1-model_v6,0.3,294,0.913,0.406,2.407e-18,719,Q8K430
rank0056_ca6_proteinbinders_4746_A,AF-Q8R2H4-F1-model_v6,0.284,284,0.882,0.449,1.294e-18,716,Q8R2H4
rank0056_ca6_proteinbinders_4746_A,AF-Q6NRH0-F1-model_v6,0.268,284,0.882,0.447,7.224e-18,715,Q6NRH0
rank0056_ca6_proteinbinders_4746_A,AF-P57790-F1-model_v6,0.315,285,0.885,0.41,1.009e-17,714,P57790
rank0056_ca6_proteinbinders_4746_A,AF-Q9C0H6-2-F1-model_v6,0.265,291,0.904,0.365,4.699e-18,714,Q9C0H6-2
rank0056_ca6_proteinbinders_4746_A,AF-Q8BZM0-F1-model_v6,0.26,294,0.913,0.477,4.929e-18,713,Q8BZM0
rank0056_ca6_proteinbinders_4746_A,AF-O94889-F1-model_v6,0.285,281,0.873,0.434,6.887e-18,711,O94889
rank0056_ca6_proteinbinders_4746_A,AF-Q684M4-F1-model_v6,0.3,297,0.922,0.438,9.622e-18,710,Q684M4
rank0056_ca6_proteinbinders_4746_A,AF-Q14145-F1-model_v6,0.313,284,0.882,0.407,1.97e-17,710,Q14145
rank0056_ca6_proteinbinders_4746_A,AF-Q9CR40-F1-model_v6,0.28,292,0.907,0.466,1.988e-18,709,Q9CR40
rank0056_ca6_proteinbinders_4746_A,AF-E1B932-F1-model_v6,0.253,296,0.919,0.481,1.479e-17,704,E1B932
rank0056_ca6_proteinbinders_4746_A,AF-P59280-F1-model_v6,0.274,294,0.913,0.426,6.565e-18,703,P59280
rank0056_ca6_proteinbinders_4746_A,AF-Q9C0H6-F1-model_v6,0.273,293,0.91,0.368,5.17e-18,703,Q9C0H6
rank0056_ca6_proteinbinders_4746_A,AF-Q5U374-F1-model_v6,0.27,297,0.922,0.463,4.48e-18,698,Q5U374
rank0056_ca6_proteinbinders_4746_A,AF-Q96PQ7-5-F1-model_v6,0.299,293,0.91,0.467,1.165e-17,698,Q96PQ7-5
rank0056_ca6_proteinbinders_4746_A,AF-O95198-3-F1-model_v6,0.31,294,0.913,0.531,1.988e-18,697,O95198-3
rank0056_ca6_proteinbinders_4746_A,AF-O95198-F1-model_v6,0.312,292,0.907,0.449,2.778e-18,694,O95198
rank0056_ca6_proteinbinders_4746_A,AF-P28575-F1-model_v6,0.286,291,0.904,0.467,4.699e-18,692,P28575
rank0056_ca6_proteinbinders_4746_A,AF-Q8JZP3-F1-model_v6,0.309,292,0.907,0.449,3.206e-18,692,Q8JZP3
rank0056_ca6_proteinbinders_4746_A,AF-Q9UH77-3-F1-model_v6,0.322,293,0.91,0.515,6.565e-18,691,Q9UH77-3
rank0056_ca6_proteinbinders_4746_A,AF-Q9P2G9-2-F1-model_v6,0.274,294,0.913,0.493,1.222e-17,691,Q9P2G9-2
rank0056_ca6_proteinbinders_4746_A,AF-Q1ECZ2-F1-model_v6,0.281,286,0.888,0.418,1.627e-17,690,Q1ECZ2
rank0056_ca6_proteinbinders_4746_A,AF-O94889-2-F1-model_v6,0.277,293,0.91,0.493,1.479e-17,687,O94889-2
rank0056_ca6_proteinbinders_4746_A,AF-O95198-2-F1-model_v6,0.312,292,0.907,0.446,4.271e-18,687,O95198-2
rank0056_ca6_proteinbinders_4746_A,AF-E9Q4F2-F1-model_v6,0.282,281,0.873,0.434,4.656e-17,681,E9Q4F2
rank0056_ca6_proteinbinders_4746_A,AF-F1LZ52-F1-model_v6,0.325,296,0.919,0.446,1.059e-17,678,F1LZ52
rank0056_ca6_proteinbinders_4746_A,AF-Q9UH77-2-F1-model_v6,0.323,292,0.907,0.467,1.791e-17,676,Q9UH77-2
rank0056_ca6_proteinbinders_4746_A,AF-Q5REP9-F1-model_v6,0.323,292,0.907,0.441,1.791e-17,676,Q5REP9
rank0056_ca6_proteinbinders_4746_A,AF-E0CZ16-2-F1-model_v6,0.323,292,0.907,0.405,1.479e-17,676,E0CZ16-2
rank0056_ca6_proteinbinders_4746_A,AF-Q96PQ7-F1-model_v6,0.297,293,0.91,0.351,7.577e-18,676,Q96PQ7
rank0056_ca6_proteinbinders_4746_A,AF-Q96PQ7-4-F1-model_v6,0.301,293,0.91,0.382,1.479e-17,674,Q96PQ7-4
rank0056_ca6_proteinbinders_4746_A,AF-Q9P2G9-F1-model_v6,0.266,294,0.913,0.432,4.929e-18,673,Q9P2G9
rank0056_ca6_proteinbinders_4746_A,AF-Q9UH77-F1-model_v6,0.322,293,0.91,0.443,2.067e-17,672,Q9UH77
rank0056_ca6_proteinbinders_4746_A,AF-Q53G59-F1-model_v6,0.262,306,0.95,0.489,7.948e-18,671,Q53G59
rank0056_ca6_proteinbinders_4746_A,AF-Q96PQ7-3-F1-model_v6,0.301,289,0.898,0.339,1.282e-17,671,Q96PQ7-3
rank0056_ca6_proteinbinders_4746_A,AF-Q9NR64-F1-model_v6,0.272,283,0.879,0.342,2.385e-17,665,Q9NR64
rank0056_ca6_proteinbinders_4746_A,AF-Q96PQ7-6-F1-model_v6,0.3,293,0.91,0.374,1.11e-17,664,Q96PQ7-6
rank0056_ca6_proteinbinders_4746_A,AF-A0A2R8Q1W5-F1-model_v6,0.292,292,0.907,0.445,3.302e-16,663,A0A2R8Q1W5
rank0056_ca6_proteinbinders_4746_A,AF-Q0D1P4-F1-model_v6,0.172,318,0.988,0.68,5.423e-18,658,Q0D1P4
rank0056_ca6_proteinbinders_4746_A,AF-Q96PQ7-2-F1-model_v6,0.3,293,0.91,0.35,1.552e-17,655,Q96PQ7-2
rank0056_ca6_proteinbinders_4746_A,AF-A0A2R8Q1W5-3-F1-model_v6,0.298,285,0.885,0.432,3.302e-16,647,A0A2R8Q1W5-3
rank0056_ca6_proteinbinders_4746_A,AF-Q6JEL2-F1-model_v6,0.239,278,0.863,0.4,1.612e-16,645,Q6JEL2
rank0056_ca6_proteinbinders_4746_A,AF-Q9D5V2-F1-model_v6,0.239,278,0.863,0.4,1.691e-16,644,Q9D5V2
rank0056_ca6_proteinbinders_4746_A,AF-Q9JI74-F1-model_v6,0.274,283,0.879,0.341,2.502e-17,643,Q9JI74
rank0056_ca6_proteinbinders_4746_A,AF-Q6JEL3-F1-model_v6,0.239,278,0.863,0.4,2.148e-16,640,Q6JEL3
rank0056_ca6_proteinbinders_4746_A,AF-Q9D2D9-F1-model_v6,0.202,346,0.997,0.977,9.258e-19,638,Q9D2D9
rank0056_ca6_proteinbinders_4746_A,AF-Q5XIA9-F1-model_v6,0.2,346,0.997,0.977,9.258e-19,636,Q5XIA9
rank0056_ca6_proteinbinders_4746_A,AF-Q5RCW7-F1-model_v6,0.2,346,0.997,0.977,1.896e-18,627,Q5RCW7
rank0056_ca6_proteinbinders_4746_A,AF-Q5E9V5-F1-model_v6,0.2,346,0.997,0.977,1.566e-18,627,Q5E9V5
rank0056_ca6_proteinbinders_4746_A,AF-F1LZF0-F1-model_v6,0.288,308,0.957,0.455,3.666e-17,623,F1LZF0
rank0056_ca6_proteinbinders_4746_A,AF-Q8IXV7-F1-model_v6,0.2,346,0.997,0.977,3.363e-18,609,Q8IXV7
rank0056_ca6_proteinbinders_4746_A,AF-Q9P2G3-F1-model_v6,0.226,277,0.86,0.409,5.324e-16,607,Q9P2G3
rank0056_ca6_proteinbinders_4746_A,AF-Q6ZPT1-F1-model_v6,0.22,283,0.879,0.425,5.584e-16,605,Q6ZPT1
rank0056_ca6_proteinbinders_4746_A,AF-Q9P2N7-3-F1-model_v6,0.214,284,0.882,0.41,4.839e-16,604,Q9P2N7-3
rank0056_ca6_proteinbinders_4746_A,AF-Q80TF4-2-F1-model_v6,0.208,294,0.913,0.432,4.193e-16,595,Q80TF4-2
rank0056_ca6_proteinbinders_4746_A,AF-Q91XA8-F1-model_v6,0.167,341,0.997,0.974,7.577e-18,594,Q91XA8
rank0056_ca6_proteinbinders_4746_A,AF-Q8IYD2-F1-model_v6,0.173,338,0.988,0.966,6.565e-18,593,Q8IYD2
rank0056_ca6_proteinbinders_4746_A,AF-Q9P2J3-F1-model_v6,0.221,283,0.879,0.425,9.005e-16,590,Q9P2J3
rank0056_ca6_proteinbinders_4746_A,AF-Q80TF4-5-F1-model_v6,0.208,294,0.913,0.464,5.584e-16,589,Q80TF4-5
rank0056_ca6_proteinbinders_4746_A,AF-Q9P2N7-2-F1-model_v6,0.217,283,0.879,0.427,1.143e-15,588,Q9P2N7-2
rank0056_ca6_proteinbinders_4746_A,AF-Q5ZLD3-F1-model_v6,0.205,294,0.913,0.445,6.144e-16,588,Q5ZLD3
rank0056_ca6_proteinbinders_4746_A,AF-Q9H511-F1-model_v6,0.224,284,0.882,0.418,7.802e-16,587,Q9H511
rank0056_ca6_proteinbinders_4746_A,AF-Q5RCQ9-F1-model_v6,0.201,278,0.863,0.439,8.109e-15,584,Q5RCQ9
rank0056_ca6_proteinbinders_4746_A,AF-Q80TF4-3-F1-model_v6,0.21,294,0.913,0.439,6.445e-16,583,Q80TF4-3
rank0056_ca6_proteinbinders_4746_A,AF-Q6GQU2-F1-model_v6,0.197,276,0.857,0.435,8.922e-15,582,Q6GQU2
rank0056_ca6_proteinbinders_4746_A,AF-Q9P2N7-4-F1-model_v6,0.222,283,0.879,0.404,1.09e-15,581,Q9P2N7-4
rank0056_ca6_proteinbinders_4746_A,AF-Q8BRG6-F1-model_v6,0.223,277,0.86,0.393,6.386e-15,580,Q8BRG6
rank0056_ca6_proteinbinders_4746_A,AF-Q2T9Z7-F1-model_v6,0.208,294,0.913,0.454,1.199e-15,580,Q2T9Z7
rank0056_ca6_proteinbinders_4746_A,AF-Q9V410-F1-model_v6,0.16,318,0.988,0.324,2.861e-16,580,Q9V410
rank0056_ca6_proteinbinders_4746_A,AF-Q9H0H3-F1-model_v6,0.203,284,0.882,0.438,1.199e-15,577,Q9H0H3
rank0056_ca6_proteinbinders_4746_A,AF-Q6Q7X9-F1-model_v6,0.214,294,0.913,0.446,1.199e-15,577,Q6Q7X9
rank0056_ca6_proteinbinders_4746_A,AF-A6QQY2-F1-model_v6,0.217,284,0.882,0.4,2.341e-15,573,A6QQY2
rank0056_ca6_proteinbinders_4746_A,AF-Q5F3N5-F1-model_v6,0.231,276,0.857,0.412,2.834e-15,572,Q5F3N5
rank0056_ca6_proteinbinders_4746_A,AF-Q69ZK5-F1-model_v6,0.231,276,0.857,0.406,2.973e-15,571,Q69ZK5
rank0056_ca6_proteinbinders_4746_A,AF-Q80TF4-F1-model_v6,0.21,294,0.913,0.428,1.676e-15,568,Q80TF4
rank0056_ca6_proteinbinders_4746_A,AF-Q8R124-F1-model_v6,0.219,284,0.882,0.431,5.533e-15,565,Q8R124
rank0056_ca6_proteinbinders_4746_A,AF-Q53HC5-F1-model_v6,0.221,286,0.888,0.436,3.775e-15,564,Q53HC5
rank0056_ca6_proteinbinders_4746_A,AF-Q4KLM4-F1-model_v6,0.207,284,0.882,0.438,1.676e-15,563,Q4KLM4
rank0056_ca6_proteinbinders_4746_A,AF-Q8BGY4-F1-model_v6,0.208,286,0.888,0.442,3.431e-15,563,Q8BGY4
rank0056_ca6_proteinbinders_4746_A,AF-Q80TF4-4-F1-model_v6,0.207,294,0.913,0.438,2.341e-15,563,Q80TF4-4
rank0056_ca6_proteinbinders_4746_A,AF-Q8BWA5-F1-model_v6,0.231,279,0.866,0.41,4.794e-15,562,Q8BWA5
rank0056_ca6_proteinbinders_4746_A,AF-A6NCF5-F1-model_v6,0.21,295,0.916,0.531,2.232e-15,560,A6NCF5
rank0056_ca6_proteinbinders_4746_A,AF-Q8BGY4-2-F1-model_v6,0.208,286,0.888,0.469,8.109e-15,557,Q8BGY4-2
rank0056_ca6_proteinbinders_4746_A,AF-Q8BGY4-3-F1-model_v6,0.209,286,0.888,0.51,9.817e-15,556,Q8BGY4-3
rank0056_ca6_proteinbinders_4746_A,AF-Q9P2N7-5-F1-model_v6,0.22,283,0.879,0.398,5.804e-15,555,Q9P2N7-5
rank0056_ca6_proteinbinders_4746_A,AF-Q6PID8-F1-model_v6,0.17,309,0.944,0.699,1.758e-15,554,Q6PID8
rank0056_ca6_proteinbinders_4746_A,AF-Q99JN2-2-F1-model_v6,0.21,283,0.879,0.4,9.359e-15,554,Q99JN2-2
rank0056_ca6_proteinbinders_4746_A,AF-Q66HD2-F1-model_v6,0.222,284,0.882,0.431,1.916e-14,553,Q66HD2
rank0056_ca6_proteinbinders_4746_A,AF-D3ZZC3-F1-model_v6,0.178,279,0.866,0.399,3.741e-14,552,D3ZZC3
rank0056_ca6_proteinbinders_4746_A,AF-Q08CY1-F1-model_v6,0.221,280,0.87,0.401,1.08e-14,551,Q08CY1
rank0056_ca6_proteinbinders_4746_A,AF-Q9P2N7-F1-model_v6,0.21,294,0.913,0.427,3.431e-15,551,Q9P2N7
rank0056_ca6_proteinbinders_4746_A,AF-Q6DFF7-F1-model_v6,0.2,281,0.873,0.435,3.271e-15,550,Q6DFF7
rank0056_ca6_proteinbinders_4746_A,AF-Q0IIC2-F1-model_v6,0.169,308,0.941,0.697,5.858e-16,549,Q0IIC2
rank0056_ca6_proteinbinders_4746_A,AF-Q99JN2-F1-model_v6,0.215,293,0.91,0.429,2.433e-14,549,Q99JN2
rank0056_ca6_proteinbinders_4746_A,AF-Q6TFL4-F1-model_v6,0.198,292,0.907,0.46,1.934e-15,548,Q6TFL4
rank0056_ca6_proteinbinders_4746_A,AF-Q56A24-F1-model_v6,0.201,292,0.907,0.46,2.232e-15,547,Q56A24
rank0056_ca6_proteinbinders_4746_A,AF-O35709-F1-model_v6,0.22,285,0.885,0.44,2.128e-15,546,O35709
rank0056_ca6_proteinbinders_4746_A,AF-Q8R2P1-F1-model_v6,0.21,281,0.873,0.435,5.029e-15,545,Q8R2P1
rank0056_ca6_proteinbinders_4746_A,AF-Q80T74-F1-model_v6,0.179,302,0.938,0.313,1.509e-14,545,Q80T74
rank0056_ca6_proteinbinders_4746_A,AF-Q6PAR0-2-F1-model_v6,0.158,324,0.975,0.79,5.324e-16,544,Q6PAR0-2
rank0056_ca6_proteinbinders_4746_A,AF-Q96CT2-F1-model_v6,0.172,304,0.944,0.313,9.817e-15,544,Q96CT2
rank0056_ca6_proteinbinders_4746_A,AF-Q08BL9-F1-model_v6,0.209,277,0.86,0.394,2.108e-14,542,Q08BL9
rank0056_ca6_proteinbinders_4746_A,AF-Q8N653-F1-model_v6,0.147,368,0.984,0.438,1.09e-15,541,Q8N653
rank0056_ca6_proteinbinders_4746_A,AF-Q09563-F1-model_v6,0.191,275,0.854,0.428,3.924e-14,540,Q09563
rank0056_ca6_proteinbinders_4746_A,AF-Q53GT1-3-F1-model_v6,0.225,291,0.904,0.548,2.433e-14,538,Q53GT1-3
rank0056_ca6_proteinbinders_4746_A,AF-D2HEW7-F1-model_v6,0.215,283,0.879,0.412,2.552e-14,538,D2HEW7
rank0056_ca6_proteinbinders_4746_A,AF-Q9CQ33-F1-model_v6,0.146,371,0.994,0.443,1.598e-15,538,Q9CQ33
rank0056_ca6_proteinbinders_4746_A,AF-Q5U580-F1-model_v6,0.161,308,0.941,0.749,2.834e-15,536,Q5U580
rank0056_ca6_proteinbinders_4746_A,AF-Q973G3-F1-model_v6,0.155,321,0.997,0.408,2.108e-14,535,Q973G3
rank0056_ca6_proteinbinders_4746_A,AF-O14682-2-F1-model_v6,0.208,285,0.885,0.502,6.088e-15,534,O14682-2
rank0056_ca6_proteinbinders_4746_A,AF-Q5U3Y0-F1-model_v6,0.165,325,0.978,0.793,5.584e-16,533,Q5U3Y0
rank0056_ca6_proteinbinders_4746_A,AF-A1ZB86-F1-model_v6,0.173,349,0.978,0.573,4.154e-15,533,A1ZB86
rank0056_ca6_proteinbinders_4746_A,AF-Q0D2A9-F1-model_v6,0.205,282,0.876,0.436,4.571e-15,532,Q0D2A9
rank0056_ca6_proteinbinders_4746_A,AF-Q5RGB8-F1-model_v6,0.212,286,0.888,0.443,3.566e-14,532,Q5RGB8
rank0056_ca6_proteinbinders_4746_A,AF-Q8N4N3-F1-model_v6,0.204,277,0.86,0.42,2.808e-14,532,Q8N4N3
rank0056_ca6_proteinbinders_4746_A,AF-Q3B7M1-F1-model_v6,0.213,277,0.86,0.42,4.116e-14,532,Q3B7M1
rank0056_ca6_proteinbinders_4746_A,AF-Q53GT1-F1-model_v6,0.22,291,0.904,0.424,5.482e-14,526,Q53GT1
rank0056_ca6_proteinbinders_4746_A,AF-Q28DE7-F1-model_v6,0.158,309,0.944,0.752,2.128e-15,523,Q28DE7
rank0056_ca6_proteinbinders_4746_A,AF-Q9SDM9-F1-model_v6,0.179,321,0.997,0.679,1.308e-14,522,Q9SDM9
rank0056_ca6_proteinbinders_4746_A,AF-Q6PAR0-F1-model_v6,0.163,308,0.941,0.702,5.533e-15,521,Q6PAR0
rank0056_ca6_proteinbinders_4746_A,AF-O49326-F1-model_v6,0.181,321,0.997,0.677,1.509e-14,520,O49326
rank0056_ca6_proteinbinders_4746_A,AF-Q6AYI2-F1-model_v6,0.169,333,0.984,0.872,9.817e-15,518,Q6AYI2
rank0056_ca6_proteinbinders_4746_A,AF-Q5BK60-F1-model_v6,0.204,276,0.857,0.422,1.726e-13,518,Q5BK60
rank0056_ca6_proteinbinders_4746_A,AF-Q10579-F1-model_v6,0.211,278,0.863,0.446,1.645e-13,517,Q10579
rank0056_ca6_proteinbinders_4746_A,AF-Q6PF15-F1-model_v6,0.173,277,0.86,0.405,1.899e-13,516,Q6PF15
rank0056_ca6_proteinbinders_4746_A,AF-P34569-F1-model_v6,0.163,284,0.882,0.453,8.84e-14,515,P34569
rank0056_ca6_proteinbinders_4746_A,AF-Q93XW5-F1-model_v6,0.184,317,0.984,0.96,3.241e-14,514,Q93XW5
rank0056_ca6_proteinbinders_4746_A,AF-Q8NBE8-F1-model_v6,0.194,294,0.913,0.482,5.75e-14,514,Q8NBE8
rank0056_ca6_proteinbinders_4746_A,AF-O14682-F1-model_v6,0.211,285,0.885,0.44,1.308e-14,513,O14682
rank0056_ca6_proteinbinders_4746_A,AF-Q9CQ33-2-F1-model_v6,0.147,369,0.988,0.426,6.088e-15,513,Q9CQ33-2
rank0056_ca6_proteinbinders_4746_A,AF-P87061-F1-model_v6,0.14,314,0.975,0.269,5.804e-15,512,P87061
rank0056_ca6_proteinbinders_4746_A,AF-Q8VEM9-F1-model_v6,0.168,333,0.984,0.872,1.827e-14,511,Q8VEM9
rank0056_ca6_proteinbinders_4746_A,AF-Q97Z97-F1-model_v6,0.144,322,1.0,0.397,7.659e-14,511,Q97Z97
rank0056_ca6_proteinbinders_4746_A,AF-Q8N239-F1-model_v6,0.2,269,0.835,0.401,7.026e-15,509,Q8N239
rank0056_ca6_proteinbinders_4746_A,AF-Q3KRE6-F1-model_v6,0.145,317,0.929,0.781,7.659e-14,508,Q3KRE6
rank0056_ca6_proteinbinders_4746_A,AF-Q96NJ5-2-F1-model_v6,0.197,293,0.91,0.498,3.241e-14,508,Q96NJ5-2
rank0056_ca6_proteinbinders_4746_A,AF-Q503R4-F1-model_v6,0.19,281,0.873,0.433,1.235e-13,508,Q503R4
rank0056_ca6_proteinbinders_4746_A,AF-Q5R4Q7-F1-model_v6,0.147,369,0.988,0.439,1.308e-14,508,Q5R4Q7
rank0056_ca6_proteinbinders_4746_A,AF-Q2WGJ6-F1-model_v6,0.188,276,0.857,0.42,6.032e-14,505,Q2WGJ6
rank0056_ca6_proteinbinders_4746_A,AF-Q96NJ5-F1-model_v6,0.195,289,0.898,0.45,6.032e-14,504,Q96NJ5
rank0056_ca6_proteinbinders_4746_A,AF-Q58CV6-2-F1-model_v6,0.16,333,0.984,0.9,4.983e-14,500,Q58CV6-2
rank0056_ca6_proteinbinders_4746_A,AF-Q8BUL5-F1-model_v6,0.238,260,0.807,0.403,5.976e-13,500,Q8BUL5
rank0056_ca6_proteinbinders_4746_A,AF-O49326-2-F1-model_v6,0.181,321,0.997,0.679,3.241e-14,492,O49326-2
rank0056_ca6_proteinbinders_4746_A,AF-O04316-F1-model_v6,0.17,322,1.0,0.517,2.946e-14,492,O04316
rank0056_ca6_proteinbinders_4746_A,AF-Q25390-F1-model_v6,0.198,306,0.95,0.32,2.01e-14,492,Q25390
rank0056_ca6_proteinbinders_4746_A,AF-Q4G5Y1-F1-model_v6,0.148,330,0.96,0.813,8.034e-14,491,Q4G5Y1
rank0056_ca6_proteinbinders_4746_A,AF-Q6DEL7-F1-model_v6,0.214,265,0.823,0.434,9.726e-14,491,Q6DEL7
rank0056_ca6_proteinbinders_4746_A,AF-Q7M3S9-F1-model_v6,0.155,317,0.984,0.334,2.212e-14,488,Q7M3S9
rank0056_ca6_proteinbinders_4746_A,AF-Q19981-2-F1-model_v6,0.189,321,0.991,0.248,3.924e-14,488,Q19981-2
rank0056_ca6_proteinbinders_4746_A,AF-Q9BQ90-F1-model_v6,0.16,333,0.984,0.872,5.75e-14,485,Q9BQ90
rank0056_ca6_proteinbinders_4746_A,AF-Q8CA72-F1-model_v6,0.224,235,0.73,0.353,6.897e-13,485,Q8CA72
rank0056_ca6_proteinbinders_4746_A,AF-B3DIV9-F1-model_v6,0.23,303,0.941,0.449,8.922e-15,485,B3DIV9
rank0056_ca6_proteinbinders_4746_A,AF-Q5XHZ6-F1-model_v6,0.227,260,0.807,0.403,1.554e-12,484,Q5XHZ6
rank0056_ca6_proteinbinders_4746_A,AF-Q8BSF5-F1-model_v6,0.195,276,0.857,0.422,2.653e-13,483,Q8BSF5
rank0056_ca6_proteinbinders_4746_A,AF-Q58CV6-F1-model_v6,0.159,333,0.984,0.872,4.75e-14,480,Q58CV6
rank0056_ca6_proteinbinders_4746_A,AF-Q96NJ5-3-F1-model_v6,0.196,293,0.91,0.528,5.482e-14,480,Q96NJ5-3
rank0056_ca6_proteinbinders_4746_A,AF-Q9CZ49-F1-model_v6,0.176,295,0.916,0.462,6.576e-13,479,Q9CZ49
rank0056_ca6_proteinbinders_4746_A,AF-O04318-F1-model_v6,0.161,321,0.997,0.677,9.272e-14,477,O04318
rank0056_ca6_proteinbinders_4746_A,AF-Q19981-F1-model_v6,0.193,320,0.988,0.241,8.427e-14,477,Q19981
rank0056_ca6_proteinbinders_4746_A,AF-Q9Y2U9-F1-model_v6,0.138,331,0.969,0.815,1.296e-13,476,Q9Y2U9
rank0056_ca6_proteinbinders_4746_A,AF-Q8IXQ5-2-F1-model_v6,0.22,260,0.807,0.418,2.757e-12,476,Q8IXQ5-2
rank0056_ca6_proteinbinders_4746_A,AF-Q5ZI33-F1-model_v6,0.226,260,0.807,0.403,1.554e-12,476,Q5ZI33
rank0056_ca6_proteinbinders_4746_A,AF-P50090-F1-model_v6,0.161,334,0.969,0.379,1.899e-13,476,P50090
rank0056_ca6_proteinbinders_4746_A,AF-Q8RY71-F1-model_v6,0.212,334,0.997,0.979,6.032e-14,473,Q8RY71
rank0056_ca6_proteinbinders_4746_A,AF-Q9ER30-F1-model_v6,0.21,265,0.823,0.411,1.726e-13,472,Q9ER30
rank0056_ca6_proteinbinders_4746_A,AF-Q5E9A7-F1-model_v6,0.144,333,0.969,0.82,2.653e-13,470,Q5E9A7
rank0056_ca6_proteinbinders_4746_A,AF-Q8RWD9-F1-model_v6,0.201,315,0.978,0.48,8.84e-14,469,Q8RWD9
rank0056_ca6_proteinbinders_4746_A,AF-Q9LR78-F1-model_v6,0.143,339,0.991,0.427,1.495e-13,469,Q9LR78
rank0056_ca6_proteinbinders_4746_A,AF-Q80YG3-F1-model_v6,0.152,328,0.95,0.808,1.284e-12,468,Q80YG3
rank0056_ca6_proteinbinders_4746_A,AF-Q5U504-F1-model_v6,0.191,283,0.879,0.461,1.742e-14,468,Q5U504
rank0056_ca6_proteinbinders_4746_A,AF-Q75LJ4-2-F1-model_v6,0.192,318,0.988,0.484,4.116e-14,468,Q75LJ4-2
rank0056_ca6_proteinbinders_4746_A,AF-Q8IXQ5-5-F1-model_v6,0.22,260,0.807,0.439,5.382e-12,467,Q8IXQ5-5
rank0056_ca6_proteinbinders_4746_A,AF-Q6TFL4-2-F1-model_v6,0.208,257,0.798,0.41,3.182e-12,464,Q6TFL4-2
rank0056_ca6_proteinbinders_4746_A,AF-O60662-2-F1-model_v6,0.203,265,0.823,0.418,3.211e-13,464,O60662-2
rank0056_ca6_proteinbinders_4746_A,AF-F1QEG2-F1-model_v6,0.188,266,0.826,0.413,4.277e-13,464,F1QEG2
rank0056_ca6_proteinbinders_4746_A,AF-Q8WZ60-F1-model_v6,0.17,280,0.851,0.451,6.327e-14,463,Q8WZ60
rank0056_ca6_proteinbinders_4746_A,AF-Q9MA55-2-F1-model_v6,0.199,314,0.972,0.469,1.899e-13,463,Q9MA55-2
rank0056_ca6_proteinbinders_4746_A,AF-O28112-F1-model_v6,0.164,319,0.991,0.852,5.178e-13,460,O28112
rank0056_ca6_proteinbinders_4746_A,AF-E9QIN8-F1-model_v6,0.193,295,0.916,0.441,3.062e-13,460,E9QIN8
rank0056_ca6_proteinbinders_4746_A,AF-A2AUC9-F1-model_v6,0.2,265,0.823,0.411,4.078e-13,460,A2AUC9
rank0056_ca6_proteinbinders_4746_A,AF-A5UFV3-F1-model_v6,0.151,349,0.963,0.931,9.726e-14,458,A5UFV3
rank0056_ca6_proteinbinders_4746_A,AF-Q75LJ4-F1-model_v6,0.189,318,0.988,0.483,1.07e-13,457,Q75LJ4
rank0056_ca6_proteinbinders_4746_A,AF-Q6PID8-2-F1-model_v6,0.186,249,0.773,0.829,1.71e-12,454,Q6PID8-2
rank0056_ca6_proteinbinders_4746_A,AF-Q9D783-F1-model_v6,0.208,265,0.823,0.403,2.411e-13,452,Q9D783
rank0056_ca6_proteinbinders_4746_A,AF-O60662-F1-model_v6,0.188,292,0.907,0.437,5.432e-13,451,O60662
rank0056_ca6_proteinbinders_4746_A,AF-Q6PAR0-3-F1-model_v6,0.186,249,0.773,0.829,3.672e-12,450,Q6PAR0-3
rank0056_ca6_proteinbinders_4746_A,AF-Q8N7A1-F1-model_v6,0.152,327,0.947,0.805,1.793e-12,450,Q8N7A1
rank0056_ca6_proteinbinders_4746_A,AF-P44544-F1-model_v6,0.152,359,0.984,0.957,1.235e-13,446,P44544
rank0056_ca6_proteinbinders_4746_A,AF-Q9H2C0-F1-model_v6,0.187,299,0.929,0.464,7.235e-13,446,Q9H2C0
rank0056_ca6_proteinbinders_4746_A,AF-Q2TBA0-F1-model_v6,0.194,283,0.879,0.456,1.07e-13,446,Q2TBA0
rank0056_ca6_proteinbinders_4746_A,AF-Q9MA55-F1-model_v6,0.198,314,0.972,0.47,5.697e-13,446,Q9MA55
rank0056_ca6_proteinbinders_4746_A,AF-Q8W4K1-F1-model_v6,0.158,315,0.978,0.307,5.976e-13,446,Q8W4K1
rank0056_ca6_proteinbinders_4746_A,AF-O14248-F1-model_v6,0.143,357,0.997,0.317,1.425e-13,445,O14248
rank0056_ca6_proteinbinders_4746_A,AF-Q6GQN7-F1-model_v6,0.152,334,0.991,0.952,2.191e-13,444,Q6GQN7
rank0056_ca6_proteinbinders_4746_A,AF-D3ZA50-F1-model_v6,0.181,307,0.907,0.508,1.645e-13,444,D3ZA50
rank0056_ca6_proteinbinders_4746_A,AF-Q66BP2-F1-model_v6,0.114,353,0.963,0.901,1.554e-12,443,Q66BP2
rank0056_ca6_proteinbinders_4746_A,AF-Q10AZ7-F1-model_v6,0.149,322,0.988,0.643,1.06e-12,443,Q10AZ7
rank0056_ca6_proteinbinders_4746_A,AF-Q1LYM6-F1-model_v6,0.181,276,0.857,0.422,1.481e-12,443,Q1LYM6
rank0056_ca6_proteinbinders_4746_A,AF-Q6V595-F1-model_v6,0.171,285,0.866,0.46,1.645e-13,442,Q6V595
rank0056_ca6_proteinbinders_4746_A,AF-Q25386-F1-model_v6,0.195,311,0.966,0.323,4.277e-13,442,Q25386
rank0056_ca6_proteinbinders_4746_A,AF-Q1C8L8-F1-model_v6,0.114,353,0.963,0.901,1.881e-12,441,Q1C8L8
rank0056_ca6_proteinbinders_4746_A,AF-Q5EB39-F1-model_v6,0.194,316,0.981,0.495,5.482e-14,441,Q5EB39
rank0056_ca6_proteinbinders_4746_A,AF-Q1R2K5-F1-model_v6,0.132,345,0.966,0.938,6.269e-13,439,Q1R2K5
rank0056_ca6_proteinbinders_4746_A,AF-O75882-3-F1-model_v6,0.159,318,0.988,0.265,2.411e-13,439,O75882-3
rank0056_ca6_proteinbinders_4746_A,AF-A7ZVK8-F1-model_v6,0.135,345,0.966,0.938,6.576e-13,438,A7ZVK8
rank0056_ca6_proteinbinders_4746_A,AF-Q8CVR2-F1-model_v6,0.137,345,0.966,0.927,7.589e-13,438,Q8CVR2
rank0056_ca6_proteinbinders_4746_A,AF-P38853-F1-model_v6,0.164,334,0.969,0.287,7.96e-13,438,P38853
rank0056_ca6_proteinbinders_4746_A,AF-Q6AXB2-F1-model_v6,0.143,350,0.994,0.956,1.568e-13,437,Q6AXB2
rank0056_ca6_proteinbinders_4746_A,AF-Q10AZ7-2-F1-model_v6,0.151,322,0.988,0.676,1.71e-12,437,Q10AZ7-2
rank0056_ca6_proteinbinders_4746_A,AF-Q8IXQ5-F1-model_v6,0.209,270,0.839,0.459,2.892e-12,437,Q8IXQ5
rank0056_ca6_proteinbinders_4746_A,AF-Q96M94-F1-model_v6,0.184,307,0.907,0.508,2.411e-13,437,Q96M94
rank0056_ca6_proteinbinders_4746_A,AF-Q3YU63-F1-model_v6,0.135,352,0.978,0.957,5.178e-13,436,Q3YU63
rank0056_ca6_proteinbinders_4746_A,AF-P39371-F1-model_v6,0.137,345,0.966,0.938,6.269e-13,435,P39371
rank0056_ca6_proteinbinders_4746_A,AF-Q0T900-F1-model_v6,0.135,345,0.966,0.938,7.589e-13,434,Q0T900
rank0056_ca6_proteinbinders_4746_A,AF-Q4QP39-F1-model_v6,0.153,361,0.991,0.963,6.961e-14,434,Q4QP39
rank0056_ca6_proteinbinders_4746_A,AF-O75882-2-F1-model_v6,0.157,317,0.984,0.249,3.533e-13,434,O75882-2
rank0056_ca6_proteinbinders_4746_A,AF-Q8X554-F1-model_v6,0.14,345,0.966,0.938,7.235e-13,433,Q8X554
rank0056_ca6_proteinbinders_4746_A,AF-A8A834-F1-model_v6,0.137,345,0.966,0.938,8.35e-13,433,A8A834
rank0056_ca6_proteinbinders_4746_A,AF-Q9LK31-F1-model_v6,0.146,329,0.988,0.772,1.412e-12,433,Q9LK31
rank0056_ca6_proteinbinders_4746_A,AF-Q7CI10-F1-model_v6,0.115,356,0.981,0.908,1.346e-12,432,Q7CI10
rank0056_ca6_proteinbinders_4746_A,AF-A7FJ01-F1-model_v6,0.116,353,0.963,0.901,1.973e-12,432,A7FJ01
rank0056_ca6_proteinbinders_4746_A,AF-E9QJ30-F1-model_v6,0.216,312,0.969,0.479,1.568e-13,432,E9QJ30
rank0056_ca6_proteinbinders_4746_A,AF-Q0SXL5-F1-model_v6,0.132,345,0.966,0.938,1.112e-12,431,Q0SXL5
rank0056_ca6_proteinbinders_4746_A,AF-Q31T32-F1-model_v6,0.136,355,0.988,0.965,5.697e-13,430,Q31T32
rank0056_ca6_proteinbinders_4746_A,AF-Q9CKB7-F1-model_v6,0.142,355,0.963,0.934,1.63e-12,430,Q9CKB7
rank0056_ca6_proteinbinders_4746_A,AF-Q86L99-F1-model_v6,0.116,466,0.984,0.306,4.04e-12,430,Q86L99
rank0056_ca6_proteinbinders_4746_A,AF-Q8BZM0-2-F1-model_v6,0.23,267,0.829,0.477,2.552e-14,428,Q8BZM0-2
rank0056_ca6_proteinbinders_4746_A,AF-A1AJH6-F1-model_v6,0.132,352,0.972,0.957,6.576e-13,427,A1AJH6
rank0056_ca6_proteinbinders_4746_A,AF-Q1CHD7-F1-model_v6,0.115,356,0.981,0.908,2.07e-12,427,Q1CHD7
rank0056_ca6_proteinbinders_4746_A,AF-A2AAX3-F1-model_v6,0.182,305,0.901,0.505,4.937e-13,426,A2AAX3
rank0056_ca6_proteinbinders_4746_A,AF-Q99J86-2-F1-model_v6,0.148,318,0.988,0.249,6.897e-13,426,Q99J86-2
rank0056_ca6_proteinbinders_4746_A,AF-A4TK48-F1-model_v6,0.116,353,0.963,0.901,3.501e-12,425,A4TK48
rank0056_ca6_proteinbinders_4746_A,AF-Q5XIA3-F1-model_v6,0.167,338,0.988,0.493,1.412e-12,425,Q5XIA3
rank0056_ca6_proteinbinders_4746_A,AF-Q4V8F4-F1-model_v6,0.127,359,0.988,0.965,4.937e-13,424,Q4V8F4
rank0056_ca6_proteinbinders_4746_A,AF-A5UB03-F1-model_v6,0.15,363,0.997,0.968,1.177e-13,423,A5UB03
rank0056_ca6_proteinbinders_4746_A,AF-Q54C94-F1-model_v6,0.163,319,0.991,0.271,1.412e-12,423,Q54C94
rank0056_ca6_proteinbinders_4746_A,AF-Q8CVG5-F1-model_v6,0.132,342,0.963,0.929,1.011e-12,422,Q8CVG5
rank0056_ca6_proteinbinders_4746_A,AF-Q8L7U5-F1-model_v6,0.144,348,0.988,0.395,9.102e-12,422,Q8L7U5
rank0056_ca6_proteinbinders_4746_A,AF-O75882-F1-model_v6,0.157,317,0.984,0.222,3.533e-13,421,O75882
rank0056_ca6_proteinbinders_4746_A,AF-Q9KR70-F1-model_v6,0.124,353,0.991,0.992,1.881e-12,419,Q9KR70
rank0056_ca6_proteinbinders_4746_A,AF-Q57QM5-F1-model_v6,0.107,350,0.984,0.907,3.672e-12,419,Q57QM5
rank0056_ca6_proteinbinders_4746_A,AF-A9N6P2-F1-model_v6,0.107,350,0.984,0.907,4.891e-12,419,A9N6P2
rank0056_ca6_proteinbinders_4746_A,AF-Q6A051-2-F1-model_v6,0.161,324,0.991,0.296,8.758e-13,419,Q6A051-2
rank0056_ca6_proteinbinders_4746_A,AF-Q83IN1-F1-model_v6,0.135,352,0.972,0.957,9.637e-13,418,Q83IN1
rank0056_ca6_proteinbinders_4746_A,AF-Q8ZQ34-F1-model_v6,0.107,350,0.984,0.907,4.891e-12,418,Q8ZQ34
rank0056_ca6_proteinbinders_4746_A,AF-Q5ZJ37-F1-model_v6,0.137,352,0.991,0.949,2.628e-12,417,Q5ZJ37
rank0056_ca6_proteinbinders_4746_A,AF-Q7MD39-F1-model_v6,0.147,341,0.944,0.888,1.71e-12,416,Q7MD39
rank0056_ca6_proteinbinders_4746_A,AF-Q8Z7N0-F1-model_v6,0.105,348,0.984,0.906,6.834e-12,415,Q8Z7N0
rank0056_ca6_proteinbinders_4746_A,AF-B5R066-F1-model_v6,0.107,348,0.984,0.906,5.645e-12,415,B5R066
rank0056_ca6_proteinbinders_4746_A,AF-B4T2W1-F1-model_v6,0.107,350,0.984,0.907,6.515e-12,415,B4T2W1
rank0056_ca6_proteinbinders_4746_A,AF-Q5Z8K3-F1-model_v6,0.178,326,0.988,0.517,7.519e-12,415,Q5Z8K3
rank0056_ca6_proteinbinders_4746_A,AF-Q6A051-F1-model_v6,0.16,324,0.991,0.235,1.284e-12,415,Q6A051
rank0056_ca6_proteinbinders_4746_A,AF-Q9C9W9-F1-model_v6,0.152,320,0.984,0.517,6.211e-12,414,Q9C9W9
rank0056_ca6_proteinbinders_4746_A,AF-Q8U3M2-F1-model_v6,0.153,319,0.991,0.877,9.637e-13,413,Q8U3M2
rank0056_ca6_proteinbinders_4746_A,AF-Q5EA50-F1-model_v6,0.125,356,0.994,0.957,2.757e-12,413,Q5EA50
rank0056_ca6_proteinbinders_4746_A,AF-Q0D2K2-F1-model_v6,0.166,298,0.925,0.433,8.678e-12,412,Q0D2K2
rank0056_ca6_proteinbinders_4746_A,AF-Q6INL2-F1-model_v6,0.158,277,0.86,0.414,2.604e-11,412,Q6INL2
rank0056_ca6_proteinbinders_4746_A,AF-Q5VV63-F1-model_v6,0.156,324,0.991,0.235,1.71e-12,412,Q5VV63
rank0056_ca6_proteinbinders_4746_A,AF-Q577K1-F1-model_v6,0.141,357,0.966,0.92,5.645e-12,410,Q577K1
rank0056_ca6_proteinbinders_4746_A,AF-A1JMV0-F1-model_v6,0.116,353,0.963,0.901,2.506e-12,410,A1JMV0
rank0056_ca6_proteinbinders_4746_A,AF-Q8VCH5-F1-model_v6,0.117,359,0.988,0.945,3.852e-12,406,Q8VCH5
rank0056_ca6_proteinbinders_4746_A,AF-Q8BFQ9-F1-model_v6,0.236,181,0.543,0.367,5.813e-10,406,Q8BFQ9
rank0056_ca6_proteinbinders_4746_A,AF-Q8H4D4-F1-model_v6,0.149,315,0.978,0.295,1.615e-11,405,Q8H4D4
rank0056_ca6_proteinbinders_4746_A,AF-Q2QM47-F1-model_v6,0.165,364,0.991,0.361,1.777e-11,403,Q2QM47
rank0056_ca6_proteinbinders_4746_A,AF-Q7Z6M1-F1-model_v6,0.12,359,0.988,0.965,4.445e-12,402,Q7Z6M1
rank0056_ca6_proteinbinders_4746_A,AF-Q8YBP3-F1-model_v6,0.141,357,0.966,0.92,1.156e-11,402,Q8YBP3
rank0056_ca6_proteinbinders_4746_A,AF-Q67UX0-F1-model_v6,0.175,326,0.988,0.513,8.678e-12,401,Q67UX0
rank0056_ca6_proteinbinders_4746_A,AF-Q9WU60-F1-model_v6,0.162,317,0.984,0.222,1.554e-12,400,Q9WU60
rank0056_ca6_proteinbinders_4746_A,AF-A5VU94-F1-model_v6,0.141,357,0.966,0.92,1.051e-11,398,A5VU94
rank0056_ca6_proteinbinders_4746_A,AF-Q94BT6-F1-model_v6,0.169,326,0.988,0.535,1.399e-11,398,Q94BT6
rank0056_ca6_proteinbinders_4746_A,AF-Q8W420-2-F1-model_v6,0.16,324,0.988,0.539,1.399e-11,396,Q8W420-2
rank0056_ca6_proteinbinders_4746_A,AF-Q5RB35-F1-model_v6,0.126,376,0.994,0.512,4.445e-12,395,Q5RB35
rank0056_ca6_proteinbinders_4746_A,AF-Q8W420-F1-model_v6,0.163,324,0.988,0.53,2.151e-11,394,Q8W420
rank0056_ca6_proteinbinders_4746_A,AF-Q99PV3-F1-model_v6,0.126,376,0.994,0.512,4.04e-12,394,Q99PV3
rank0056_ca6_proteinbinders_4746_A,AF-A5F7B3-F1-model_v6,0.115,341,0.944,0.888,1.272e-11,393,A5F7B3
rank0056_ca6_proteinbinders_4746_A,AF-Q2YK69-F1-model_v6,0.141,357,0.966,0.92,1.777e-11,392,Q2YK69
rank0056_ca6_proteinbinders_4746_A,AF-Q9SHS7-2-F1-model_v6,0.156,365,0.988,0.516,1.864e-11,392,Q9SHS7-2
rank0056_ca6_proteinbinders_4746_A,AF-B4TSP0-F1-model_v6,0.111,350,0.984,0.907,1.54e-11,391,B4TSP0
rank0056_ca6_proteinbinders_4746_A,AF-O89050-F1-model_v6,0.118,376,0.994,0.512,9.102e-12,391,O89050
rank0056_ca6_proteinbinders_4746_A,AF-A9MH34-F1-model_v6,0.107,357,0.984,0.925,1.777e-11,390,A9MH34
rank0056_ca6_proteinbinders_4746_A,AF-Q8TBB5-F1-model_v6,0.143,414,0.984,0.796,3.852e-12,389,Q8TBB5
rank0056_ca6_proteinbinders_4746_A,AF-Q8C3F7-F1-model_v6,0.179,277,0.86,0.42,1.145e-10,387,Q8C3F7
rank0056_ca6_proteinbinders_4746_A,AF-Q921I2-F1-model_v6,0.142,425,0.994,0.728,2.506e-12,386,Q921I2
rank0056_ca6_proteinbinders_4746_A,AF-O13730-F1-model_v6,0.145,348,0.991,0.497,1.272e-11,381,O13730
rank0056_ca6_proteinbinders_4746_A,AF-Q9UL63-F1-model_v6,0.126,376,0.994,0.512,1.399e-11,379,Q9UL63
rank0056_ca6_proteinbinders_4746_A,AF-Q9KR69-F1-model_v6,0.118,341,0.944,0.888,2.731e-11,377,Q9KR69
rank0056_ca6_proteinbinders_4746_A,AF-A9WYA0-F1-model_v6,0.144,357,0.966,0.92,3.469e-11,374,A9WYA0
rank0056_ca6_proteinbinders_4746_A,AF-Q9UL63-2-F1-model_v6,0.13,376,0.994,0.712,7.519e-12,373,Q9UL63-2
rank0056_ca6_proteinbinders_4746_A,AF-Q5R8W1-F1-model_v6,0.131,415,0.997,0.795,2.628e-12,370,Q5R8W1
rank0056_ca6_proteinbinders_4746_A,AF-Q9CAG8-F1-model_v6,0.151,267,0.829,0.628,4.003e-11,368,Q9CAG8
rank0056_ca6_proteinbinders_4746_A,AF-Q08979-F1-model_v6,0.123,436,0.997,0.67,8.273e-12,365,Q08979
rank0056_ca6_proteinbinders_4746_A,AF-Q08282-F1-model_v6,0.154,321,0.997,0.458,2.604e-11,361,Q08282
rank0056_ca6_proteinbinders_4746_A,AF-Q3UQV5-2-F1-model_v6,0.16,271,0.842,0.489,2.706e-10,360,Q3UQV5-2
rank0056_ca6_proteinbinders_4746_A,AF-Q5RDY3-F1-model_v6,0.185,263,0.807,0.422,4.199e-11,356,Q5RDY3
rank0056_ca6_proteinbinders_4746_A,AF-Q8N4N3-2-F1-model_v6,0.196,265,0.823,0.421,1.092e-10,355,Q8N4N3-2
rank0056_ca6_proteinbinders_4746_A,AF-Q8NFY9-F1-model_v6,0.157,301,0.935,0.458,1.525e-10,355,Q8NFY9
rank0056_ca6_proteinbinders_4746_A,AF-A0A1B8YAB1-F1-model_v6,0.163,271,0.842,0.422,1.092e-10,355,A0A1B8YAB1
rank0056_ca6_proteinbinders_4746_A,AF-A8JAM0-F1-model_v6,0.139,308,0.953,0.266,6.455e-11,355,A8JAM0
rank0056_ca6_proteinbinders_4746_A,AF-Q9UJP4-F1-model_v6,0.21,272,0.826,0.456,7.887e-12,352,Q9UJP4
rank0056_ca6_proteinbinders_4746_A,AF-Q3U410-F1-model_v6,0.214,272,0.826,0.456,1.002e-11,350,Q3U410
rank0056_ca6_proteinbinders_4746_A,AF-B1H285-F1-model_v6,0.158,274,0.851,0.449,5.283e-10,348,B1H285
rank0056_ca6_proteinbinders_4746_A,AF-Q08CL3-F1-model_v6,0.163,271,0.842,0.428,1.937e-10,348,Q08CL3
rank0056_ca6_proteinbinders_4746_A,AF-O60157-F1-model_v6,0.162,320,0.994,0.47,2.256e-11,346,O60157
rank0056_ca6_proteinbinders_4746_A,AF-Q6NYM1-F1-model_v6,0.191,271,0.823,0.442,2.731e-11,345,Q6NYM1
rank0056_ca6_proteinbinders_4746_A,AF-D4A2K4-F1-model_v6,0.201,272,0.826,0.456,2.367e-11,344,D4A2K4
rank0056_ca6_proteinbinders_4746_A,AF-Q3UQV5-F1-model_v6,0.165,262,0.814,0.416,1.031e-09,343,Q3UQV5
rank0056_ca6_proteinbinders_4746_A,AF-Q8NAB2-F1-model_v6,0.136,280,0.87,0.435,1.6e-10,342,Q8NAB2
rank0056_ca6_proteinbinders_4746_A,AF-Q9P2K6-F1-model_v6,0.172,288,0.894,0.545,1.26e-10,338,Q9P2K6
rank0056_ca6_proteinbinders_4746_A,AF-Q86J11-F1-model_v6,0.148,331,0.913,0.496,4.578e-10,338,Q86J11
rank0056_ca6_proteinbinders_4746_A,AF-Q13939-F1-model_v6,0.147,279,0.866,0.446,3.781e-10,337,Q13939
rank0056_ca6_proteinbinders_4746_A,AF-Q08DS0-F1-model_v6,0.195,275,0.854,0.459,2.731e-11,336,Q08DS0
rank0056_ca6_proteinbinders_4746_A,AF-Q28068-F1-model_v6,0.155,290,0.901,0.444,1.031e-09,331,Q28068
rank0056_ca6_proteinbinders_4746_A,AF-Q8IY47-F1-model_v6,0.176,281,0.842,0.451,1.041e-10,331,Q8IY47
rank0056_ca6_proteinbinders_4746_A,AF-Q5U575-F1-model_v6,0.184,272,0.826,0.442,5.593e-11,329,Q5U575
rank0056_ca6_proteinbinders_4746_A,AF-Q9N010-F1-model_v6,0.165,279,0.866,0.477,2.013e-09,326,Q9N010
rank0056_ca6_proteinbinders_4746_A,AF-Q5R663-F1-model_v6,0.144,280,0.87,0.435,7.742e-10,326,Q5R663
rank0056_ca6_proteinbinders_4746_A,AF-Q3ZCT8-F1-model_v6,0.162,312,0.91,0.501,3.605e-10,325,Q3ZCT8
rank0056_ca6_proteinbinders_4746_A,AF-Q3ZB90-F1-model_v6,0.151,304,0.944,0.47,4.16e-10,325,Q3ZB90
rank0056_ca6_proteinbinders_4746_A,AF-Q5XI58-F1-model_v6,0.157,302,0.938,0.461,4.364e-10,322,Q5XI58
rank0056_ca6_proteinbinders_4746_A,AF-Q9D618-F1-model_v6,0.163,288,0.866,0.461,2.032e-10,321,Q9D618
rank0056_ca6_proteinbinders_4746_A,AF-Q5A931-F1-model_v6,0.138,319,0.988,0.463,4.578e-10,321,Q5A931
rank0056_ca6_proteinbinders_4746_A,AF-Q96G42-F1-model_v6,0.189,273,0.848,0.411,1.31e-09,317,Q96G42
rank0056_ca6_proteinbinders_4746_A,AF-Q9FZJ3-F1-model_v6,0.167,290,0.901,0.824,7.45e-11,316,Q9FZJ3
rank0056_ca6_proteinbinders_4746_A,AF-C9JR72-F1-model_v6,0.184,262,0.814,0.539,2.95e-09,313,C9JR72
rank0056_ca6_proteinbinders_4746_A,AF-Q8CDE2-F1-model_v6,0.149,302,0.938,0.461,1.31e-09,311,Q8CDE2
rank0056_ca6_proteinbinders_4746_A,AF-G3X9X1-F1-model_v6,0.173,282,0.845,0.453,8.519e-10,304,G3X9X1
rank0056_ca6_proteinbinders_4746_A,AF-C6L7U1-F1-model_v6,0.096,320,0.994,0.197,5.542e-10,304,C6L7U1
rank0056_ca6_proteinbinders_4746_A,AF-D1FP53-F1-model_v6,0.107,320,0.994,0.197,1.847e-10,304,D1FP53
rank0056_ca6_proteinbinders_4746_A,AF-Q5VTJ3-F1-model_v6,0.153,285,0.885,0.328,3.746e-09,303,Q5VTJ3
rank0056_ca6_proteinbinders_4746_A,AF-Q9UJP4-2-F1-model_v6,0.215,236,0.686,0.438,2.95e-09,302,Q9UJP4-2
rank0056_ca6_proteinbinders_4746_A,AF-Q9LMR5-F1-model_v6,0.147,273,0.848,0.677,1.585e-09,298,Q9LMR5
rank0056_ca6_proteinbinders_4746_A,AF-Q8L736-F1-model_v6,0.151,280,0.87,0.557,2.323e-09,298,Q8L736
rank0056_ca6_proteinbinders_4746_A,AF-Q9NVX7-F1-model_v6,0.171,276,0.857,0.455,2.657e-08,298,Q9NVX7
rank0056_ca6_proteinbinders_4746_A,AF-Q7Z6M1-2-F1-model_v6,0.128,296,0.792,0.922,2.415e-08,297,Q7Z6M1-2
rank0056_ca6_proteinbinders_4746_A,AF-D1FP57-F1-model_v6,0.093,320,0.994,0.197,3.781e-10,295,D1FP57
rank0056_ca6_proteinbinders_4746_A,AF-Q9FKJ0-F1-model_v6,0.133,283,0.879,0.644,3.746e-09,292,Q9FKJ0
rank0056_ca6_proteinbinders_4746_A,AF-Q55BF8-F1-model_v6,0.153,280,0.87,0.234,1.022e-08,292,Q55BF8
rank0056_ca6_proteinbinders_4746_A,AF-Q3USL1-F1-model_v6,0.133,336,0.997,0.96,2.813e-09,291,Q3USL1
rank0056_ca6_proteinbinders_4746_A,AF-Q0WW40-F1-model_v6,0.171,279,0.866,0.723,9.832e-10,290,Q0WW40
rank0056_ca6_proteinbinders_4746_A,AF-Q5R866-F1-model_v6,0.149,284,0.882,0.331,8.44e-09,290,Q5R866
rank0056_ca6_proteinbinders_4746_A,AF-Q5ZJU2-F1-model_v6,0.186,212,0.658,0.424,6.908e-08,287,Q5ZJU2
rank0056_ca6_proteinbinders_4746_A,AF-Q8BHI4-F1-model_v6,0.135,280,0.87,0.438,5.759e-09,287,Q8BHI4
rank0056_ca6_proteinbinders_4746_A,AF-A2APT9-F1-model_v6,0.149,284,0.882,0.326,6.337e-09,287,A2APT9
rank0056_ca6_proteinbinders_4746_A,AF-Q9M1W7-F1-model_v6,0.188,279,0.866,0.693,5.759e-09,285,Q9M1W7
rank0056_ca6_proteinbinders_4746_A,AF-Q8BNW9-F1-model_v6,0.226,291,0.904,0.442,1.082e-09,285,Q8BNW9
rank0056_ca6_proteinbinders_4746_A,AF-Q8C828-F1-model_v6,0.179,262,0.814,0.539,9.741e-09,282,Q8C828
rank0056_ca6_proteinbinders_4746_A,AF-Q9C6Z0-F1-model_v6,0.144,297,0.922,0.701,2.215e-09,280,Q9C6Z0
rank0056_ca6_proteinbinders_4746_A,AF-O94819-F1-model_v6,0.234,290,0.901,0.445,2.95e-09,277,O94819
rank0056_ca6_proteinbinders_4746_A,AF-Q9M8L2-F1-model_v6,0.157,265,0.823,0.669,1.022e-08,274,Q9M8L2
rank0056_ca6_proteinbinders_4746_A,AF-Q84M94-F1-model_v6,0.137,279,0.866,0.618,2.195e-08,273,Q84M94
rank0056_ca6_proteinbinders_4746_A,AF-Q6NPN5-F1-model_v6,0.149,279,0.866,0.651,9.741e-09,272,Q6NPN5
rank0056_ca6_proteinbinders_4746_A,AF-Q9CA63-F1-model_v6,0.147,280,0.87,0.59,1.428e-08,269,Q9CA63
rank0056_ca6_proteinbinders_4746_A,AF-Q9NVX7-3-F1-model_v6,0.171,293,0.91,0.516,2.787e-08,268,Q9NVX7-3
rank0056_ca6_proteinbinders_4746_A,AF-Q9M1W7-2-F1-model_v6,0.201,279,0.866,0.707,1.428e-08,265,Q9M1W7-2
rank0056_ca6_proteinbinders_4746_A,AF-Q5R4S6-F1-model_v6,0.159,305,0.947,0.544,1.237e-08,265,Q5R4S6
rank0056_ca6_proteinbinders_4746_A,AF-Q6FXA5-F1-model_v6,0.134,319,0.991,0.461,3.123e-10,265,Q6FXA5
rank0056_ca6_proteinbinders_4746_A,AF-Q86V97-F1-model_v6,0.131,267,0.829,0.326,1.012e-07,264,Q86V97
rank0056_ca6_proteinbinders_4746_A,AF-Q55A09-F1-model_v6,0.163,328,0.938,0.246,1.728e-08,264,Q55A09
rank0056_ca6_proteinbinders_4746_A,AF-Q8WVZ9-F1-model_v6,0.142,268,0.832,0.323,1.976e-07,260,Q8WVZ9
rank0056_ca6_proteinbinders_4746_A,AF-Q9SJ04-F1-model_v6,0.195,223,0.693,0.565,1.632e-07,257,Q9SJ04
rank0056_ca6_proteinbinders_4746_A,AF-Q9LI89-F1-model_v6,0.157,282,0.876,0.611,1.813e-08,257,Q9LI89
rank0056_ca6_proteinbinders_4746_A,AF-Q9NVX7-1-F1-model_v6,0.174,266,0.826,0.471,1.484e-07,255,Q9NVX7-1
rank0056_ca6_proteinbinders_4746_A,AF-Q93W93-F1-model_v6,0.137,285,0.885,0.629,2.787e-08,253,Q93W93
rank0056_ca6_proteinbinders_4746_A,AF-Q8R179-F1-model_v6,0.159,298,0.925,0.534,1.286e-07,250,Q8R179
rank0056_ca6_proteinbinders_4746_A,AF-Q4WVD1-F1-model_v6,0.121,339,0.994,0.324,9.651e-08,249,Q4WVD1
rank0056_ca6_proteinbinders_4746_A,AF-Q91830-F1-model_v6,0.154,349,0.994,0.671,1.124e-08,247,Q91830
rank0056_ca6_proteinbinders_4746_A,AF-Q8TBB5-2-F1-model_v6,0.19,347,0.935,0.749,1.19e-09,246,Q8TBB5-2
rank0056_ca6_proteinbinders_4746_A,AF-P25022-F1-model_v6,0.15,347,0.991,0.657,5.759e-09,244,P25022
rank0056_ca6_proteinbinders_4746_A,AF-Q9M2C9-F1-model_v6,0.133,274,0.851,0.673,1.168e-07,243,Q9M2C9
rank0056_ca6_proteinbinders_4746_A,AF-I1S2N3-F1-model_v6,0.125,382,0.963,0.562,1.237e-08,242,I1S2N3
rank0056_ca6_proteinbinders_4746_A,AF-P55895-F1-model_v6,0.133,346,0.988,0.657,3.405e-09,238,P55895
rank0056_ca6_proteinbinders_4746_A,AF-P0CS93-F1-model_v6,0.126,382,0.963,0.562,2.092e-08,236,P0CS93
rank0056_ca6_proteinbinders_4746_A,AF-Q6ZJX0-F1-model_v6,0.103,346,0.991,0.92,5.706e-08,233,Q6ZJX0
rank0056_ca6_proteinbinders_4746_A,AF-O13034-F1-model_v6,0.13,348,0.994,0.657,4.714e-08,233,O13034
rank0056_ca6_proteinbinders_4746_A,AF-Q9NVR0-F1-model_v6,0.123,299,0.823,0.422,3.712e-08,233,Q9NVR0
rank0056_ca6_proteinbinders_4746_A,AF-A6ZQL5-F1-model_v6,0.113,326,0.978,0.457,4.324e-09,231,A6ZQL5
rank0056_ca6_proteinbinders_4746_A,AF-Q8R179-2-F1-model_v6,0.16,273,0.848,0.485,4.452e-07,229,Q8R179-2
rank0056_ca6_proteinbinders_4746_A,AF-Q8LAW2-F1-model_v6,0.141,294,0.913,0.731,2.509e-07,227,Q8LAW2
rank0056_ca6_proteinbinders_4746_A,AF-O82376-F1-model_v6,0.152,280,0.87,0.611,3.038e-07,227,O82376
rank0056_ca6_proteinbinders_4746_A,AF-Q9SVA0-F1-model_v6,0.17,274,0.851,0.659,1.796e-07,226,Q9SVA0
rank0056_ca6_proteinbinders_4746_A,AF-O82373-F1-model_v6,0.153,276,0.857,0.653,2.392e-07,226,O82373
rank0056_ca6_proteinbinders_4746_A,AF-Q9SVJ9-F1-model_v6,0.136,274,0.851,0.684,2.174e-07,225,Q9SVJ9
rank0056_ca6_proteinbinders_4746_A,AF-Q9SUR8-F1-model_v6,0.149,273,0.848,0.671,1.484e-07,225,Q9SUR8
rank0056_ca6_proteinbinders_4746_A,AF-Q8CE33-F1-model_v6,0.124,299,0.823,0.422,7.601e-08,225,Q8CE33
rank0056_ca6_proteinbinders_4746_A,AF-P34089-F1-model_v6,0.127,346,0.988,0.657,1.124e-08,224,P34089
rank0056_ca6_proteinbinders_4746_A,AF-O82374-F1-model_v6,0.169,280,0.87,0.642,5.654e-07,222,O82374
rank0056_ca6_proteinbinders_4746_A,AF-Q9FII2-F1-model_v6,0.107,358,0.916,0.636,9.563e-07,219,Q9FII2
rank0056_ca6_proteinbinders_4746_A,AF-Q8CE33-2-F1-model_v6,0.132,299,0.823,0.525,7.972e-08,219,Q8CE33-2
rank0056_ca6_proteinbinders_4746_A,AF-Q566T0-F1-model_v6,0.099,362,0.997,0.817,5.44e-08,218,Q566T0
rank0056_ca6_proteinbinders_4746_A,AF-Q0V7S6-F1-model_v6,0.113,298,0.851,0.674,3.858e-07,217,Q0V7S6
rank0056_ca6_proteinbinders_4746_A,AF-O82375-F1-model_v6,0.14,266,0.826,0.642,4.67e-07,215,O82375
rank0056_ca6_proteinbinders_4746_A,AF-Q9FNZ1-2-F1-model_v6,0.102,320,0.994,0.666,6.908e-08,215,Q9FNZ1-2
rank0056_ca6_proteinbinders_4746_A,AF-Q8N145-2-F1-model_v6,0.126,324,0.994,0.618,9.651e-08,215,Q8N145-2
rank0056_ca6_proteinbinders_4746_A,AF-Q1EGL0-F1-model_v6,0.131,324,0.994,0.591,1.012e-07,214,Q1EGL0
rank0056_ca6_proteinbinders_4746_A,AF-B0D442-F1-model_v6,0.129,312,0.969,0.749,1.003e-06,213,B0D442
rank0056_ca6_proteinbinders_4746_A,AF-Q9ZW38-F1-model_v6,0.159,279,0.866,0.607,5.138e-07,213,Q9ZW38
rank0056_ca6_proteinbinders_4746_A,AF-Q6AZS2-F1-model_v6,0.102,362,0.997,0.826,1.062e-07,213,Q6AZS2
rank0056_ca6_proteinbinders_4746_A,AF-Q5ZKH3-F1-model_v6,0.094,362,0.997,0.812,9.651e-08,213,Q5ZKH3
rank0056_ca6_proteinbinders_4746_A,AF-Q8K4Z0-2-F1-model_v6,0.09,323,0.997,0.596,1.286e-07,213,Q8K4Z0-2
rank0056_ca6_proteinbinders_4746_A,AF-O48847-2-F1-model_v6,0.126,317,0.984,0.359,2.787e-08,213,O48847-2
rank0056_ca6_proteinbinders_4746_A,AF-Q3SZ25-F1-model_v6,0.092,362,0.997,0.821,9.651e-08,212,Q3SZ25
rank0056_ca6_proteinbinders_4746_A,AF-Q9T031-F1-model_v6,0.163,279,0.866,0.651,2.509e-07,211,Q9T031
rank0056_ca6_proteinbinders_4746_A,AF-Q1EGL1-F1-model_v6,0.106,326,0.994,0.598,2.761e-07,211,Q1EGL1
rank0056_ca6_proteinbinders_4746_A,AF-Q8C6G8-F1-model_v6,0.132,315,0.978,0.463,4.899e-07,211,Q8C6G8
rank0056_ca6_proteinbinders_4746_A,AF-Q1PE10-F1-model_v6,0.132,275,0.854,0.644,4.047e-07,210,Q1PE10
rank0056_ca6_proteinbinders_4746_A,AF-O48847-3-F1-model_v6,0.135,317,0.984,0.368,2.787e-08,210,O48847-3
rank0056_ca6_proteinbinders_4746_A,AF-P21784-F1-model_v6,0.125,346,0.988,0.657,3.712e-08,209,P21784
rank0056_ca6_proteinbinders_4746_A,AF-Q8N0V4-F1-model_v6,0.101,326,0.994,0.598,2.281e-07,209,Q8N0V4
rank0056_ca6_proteinbinders_4746_A,AF-Q01772-F1-model_v6,0.128,358,0.957,0.64,1.336e-06,209,Q01772
rank0056_ca6_proteinbinders_4746_A,AF-Q28DT7-F1-model_v6,0.099,362,0.997,0.826,1.556e-07,208,Q28DT7
rank0056_ca6_proteinbinders_4746_A,AF-Q921E6-F1-model_v6,0.092,362,0.997,0.821,1.484e-07,208,Q921E6
rank0056_ca6_proteinbinders_4746_A,AF-O75530-F1-model_v6,0.09,362,0.997,0.821,1.484e-07,208,O75530
rank0056_ca6_proteinbinders_4746_A,AF-Q3ED93-F1-model_v6,0.155,277,0.86,0.608,1.274e-06,207,Q3ED93
rank0056_ca6_proteinbinders_4746_A,AF-Q9M1Y1-F1-model_v6,0.136,285,0.845,0.682,4.245e-07,207,Q9M1Y1
rank0056_ca6_proteinbinders_4746_A,AF-Q921E6-3-F1-model_v6,0.092,362,0.997,0.848,1.712e-07,207,Q921E6-3
rank0056_ca6_proteinbinders_4746_A,AF-Q4R4H3-F1-model_v6,0.125,324,0.994,0.591,2.073e-07,207,Q4R4H3
rank0056_ca6_proteinbinders_4746_A,AF-Q8K4Z0-F1-model_v6,0.096,323,0.997,0.587,2.896e-07,207,Q8K4Z0
rank0056_ca6_proteinbinders_4746_A,AF-O48847-F1-model_v6,0.119,317,0.984,0.367,1.648e-08,207,O48847
rank0056_ca6_proteinbinders_4746_A,AF-C6DCH7-F1-model_v6,0.123,319,0.857,0.961,1.884e-07,206,C6DCH7
rank0056_ca6_proteinbinders_4746_A,AF-A0R316-F1-model_v6,0.12,316,0.981,0.81,7.531e-07,206,A0R316
rank0056_ca6_proteinbinders_4746_A,AF-Q9FNZ2-F1-model_v6,0.113,320,0.994,0.677,3.187e-07,205,Q9FNZ2
rank0056_ca6_proteinbinders_4746_A,AF-O75530-2-F1-model_v6,0.089,387,0.997,0.83,1.556e-07,205,O75530-2
rank0056_ca6_proteinbinders_4746_A,AF-Q921E6-2-F1-model_v6,0.092,362,0.997,0.724,2.073e-07,205,Q921E6-2
rank0056_ca6_proteinbinders_4746_A,AF-Q9LM55-F1-model_v6,0.177,253,0.786,0.518,2.761e-07,203,Q9LM55
rank0056_ca6_proteinbinders_4746_A,AF-Q08886-F1-model_v6,0.084,598,0.944,0.667,2.486e-06,203,Q08886
rank0056_ca6_proteinbinders_4746_A,AF-Q99973-2-F1-model_v6,0.112,320,0.994,0.111,5.93e-07,203,Q99973-2
rank0056_ca6_proteinbinders_4746_A,AF-Q9SIJ3-F1-model_v6,0.152,286,0.863,0.667,1.401e-06,202,Q9SIJ3
rank0056_ca6_proteinbinders_4746_A,AF-Q9FNZ1-F1-model_v6,0.103,320,0.994,0.67,3.038e-07,202,Q9FNZ1
rank0056_ca6_proteinbinders_4746_A,AF-Q9W1L5-F1-model_v6,0.151,320,0.994,0.764,1.867e-06,200,Q9W1L5
rank0056_ca6_proteinbinders_4746_A,AF-Q67XN8-F1-model_v6,0.17,198,0.615,0.665,1.389e-05,199,Q67XN8
rank0056_ca6_proteinbinders_4746_A,AF-Q8N145-F1-model_v6,0.12,325,0.991,0.593,2.174e-07,199,Q8N145
rank0056_ca6_proteinbinders_4746_A,AF-Q9H7D7-2-F1-model_v6,0.133,315,0.978,0.46,1.274e-06,199,Q9H7D7-2
rank0056_ca6_proteinbinders_4746_A,AF-Q0DYP5-F1-model_v6,0.1,320,0.994,0.669,7.531e-07,197,Q0DYP5
rank0056_ca6_proteinbinders_4746_A,AF-A8AJ27-F1-model_v6,0.121,327,0.87,0.988,2.281e-07,196,A8AJ27
rank0056_ca6_proteinbinders_4746_A,AF-Q9FI70-F1-model_v6,0.135,280,0.87,0.677,8.286e-07,195,Q9FI70
rank0056_ca6_proteinbinders_4746_A,AF-Q8K406-F1-model_v6,0.131,325,0.991,0.593,1.796e-07,195,Q8K406
rank0056_ca6_proteinbinders_4746_A,AF-O49618-F1-model_v6,0.166,228,0.708,0.54,7.461e-06,194,O49618
rank0056_ca6_proteinbinders_4746_A,AF-A6T6J6-F1-model_v6,0.118,327,0.87,0.988,2.896e-07,193,A6T6J6
rank0056_ca6_proteinbinders_4746_A,AF-Q8GXX4-F1-model_v6,0.143,279,0.866,0.656,1.78e-06,193,Q8GXX4
rank0056_ca6_proteinbinders_4746_A,AF-O14011-F1-model_v6,0.106,316,0.981,0.59,5.138e-07,193,O14011
rank0056_ca6_proteinbinders_4746_A,AF-O42860-F1-model_v6,0.117,320,0.994,0.962,1.401e-06,192,O42860
rank0056_ca6_proteinbinders_4746_A,AF-A9MTJ8-F1-model_v6,0.124,327,0.87,0.988,2.632e-07,192,A9MTJ8
rank0056_ca6_proteinbinders_4746_A,AF-Q5RHH4-F1-model_v6,0.096,317,0.984,0.179,1.556e-07,192,Q5RHH4
rank0056_ca6_proteinbinders_4746_A,AF-O82378-F1-model_v6,0.163,280,0.87,0.638,4.009e-06,190,O82378
rank0056_ca6_proteinbinders_4746_A,AF-O80582-F1-model_v6,0.144,265,0.823,0.623,7.826e-06,190,O80582
rank0056_ca6_proteinbinders_4746_A,AF-P39717-F1-model_v6,0.079,597,0.953,0.678,1.456e-05,190,P39717
rank0056_ca6_proteinbinders_4746_A,AF-Q9SVA3-F1-model_v6,0.137,280,0.87,0.684,3.474e-06,188,Q9SVA3
rank0056_ca6_proteinbinders_4746_A,AF-Q6D7C2-F1-model_v6,0.123,319,0.857,0.961,5.138e-07,187,Q6D7C2
rank0056_ca6_proteinbinders_4746_A,AF-Q1PE27-F1-model_v6,0.133,276,0.857,0.689,4.205e-06,187,Q1PE27
rank0056_ca6_proteinbinders_4746_A,AF-Q9FKR9-F1-model_v6,0.123,316,0.981,0.612,1.274e-06,187,Q9FKR9
rank0056_ca6_proteinbinders_4746_A,AF-Q83LP7-F1-model_v6,0.125,327,0.87,0.988,4.452e-07,186,Q83LP7
rank0056_ca6_proteinbinders_4746_A,AF-Q8FJR2-F1-model_v6,0.122,327,0.87,0.988,4.67e-07,186,Q8FJR2
rank0056_ca6_proteinbinders_4746_A,AF-B5BC39-F1-model_v6,0.127,327,0.87,0.988,5.39e-07,186,B5BC39
rank0056_ca6_proteinbinders_4746_A,AF-B1IXL9-F1-model_v6,0.117,327,0.87,0.988,6.844e-07,186,B1IXL9
rank0056_ca6_proteinbinders_4746_A,AF-B7ULP0-F1-model_v6,0.117,327,0.87,0.988,7.179e-07,185,B7ULP0
rank0056_ca6_proteinbinders_4746_A,AF-B4SZI8-F1-model_v6,0.124,327,0.87,0.988,5.93e-07,185,B4SZI8
rank0056_ca6_proteinbinders_4746_A,AF-A7ZJE2-F1-model_v6,0.117,327,0.87,0.988,7.531e-07,185,A7ZJE2
rank0056_ca6_proteinbinders_4746_A,AF-P52697-F1-model_v6,0.12,327,0.87,0.988,7.531e-07,185,P52697
rank0056_ca6_proteinbinders_4746_A,AF-B5FP52-F1-model_v6,0.124,327,0.87,0.988,6.525e-07,184,B5FP52
rank0056_ca6_proteinbinders_4746_A,AF-Q87QT9-F1-model_v6,0.123,272,0.845,0.54,1.401e-06,184,Q87QT9
rank0056_ca6_proteinbinders_4746_A,AF-Q9UT85-F1-model_v6,0.108,315,0.978,0.584,3.822e-06,184,Q9UT85
rank0056_ca6_proteinbinders_4746_A,AF-Q57RH2-F1-model_v6,0.124,327,0.87,0.988,6.844e-07,183,Q57RH2
rank0056_ca6_proteinbinders_4746_A,AF-O82379-F1-model_v6,0.148,299,0.91,0.773,5.654e-07,183,O82379
rank0056_ca6_proteinbinders_4746_A,AF-Q9SZZ9-F1-model_v6,0.168,278,0.863,0.651,1.697e-06,183,Q9SZZ9
rank0056_ca6_proteinbinders_4746_A,AF-B7LB75-F1-model_v6,0.12,327,0.87,0.988,9.563e-07,182,B7LB75
rank0056_ca6_proteinbinders_4746_A,AF-A7ZY23-F1-model_v6,0.122,327,0.87,0.988,7.179e-07,182,A7ZY23
rank0056_ca6_proteinbinders_4746_A,AF-P0C2F7-F1-model_v6,0.125,280,0.87,0.617,9.938e-06,182,P0C2F7
rank0056_ca6_proteinbinders_4746_A,AF-Q8DAM3-F1-model_v6,0.12,272,0.845,0.541,1.617e-06,182,Q8DAM3
rank0056_ca6_proteinbinders_4746_A,AF-B6EGK3-F1-model_v6,0.114,272,0.845,0.54,1.958e-06,182,B6EGK3
rank0056_ca6_proteinbinders_4746_A,AF-Q32EZ9-F1-model_v6,0.12,327,0.87,0.988,1.104e-06,181,Q32EZ9
rank0056_ca6_proteinbinders_4746_A,AF-B6I7S1-F1-model_v6,0.122,327,0.87,0.988,7.899e-07,181,B6I7S1
rank0056_ca6_proteinbinders_4746_A,AF-B1X797-F1-model_v6,0.12,327,0.87,0.988,1.104e-06,181,B1X797
rank0056_ca6_proteinbinders_4746_A,AF-B5YRG5-F1-model_v6,0.115,327,0.87,0.988,1.158e-06,181,B5YRG5
rank0056_ca6_proteinbinders_4746_A,AF-A4TNQ8-F1-model_v6,0.107,316,0.854,0.946,1.867e-06,181,A4TNQ8
rank0056_ca6_proteinbinders_4746_A,AF-Q9LK86-F1-model_v6,0.164,280,0.87,0.667,1.958e-06,181,Q9LK86
rank0056_ca6_proteinbinders_4746_A,AF-Q8ZQR4-F1-model_v6,0.124,327,0.87,0.988,1.052e-06,180,Q8ZQR4
rank0056_ca6_proteinbinders_4746_A,AF-Q8X926-F1-model_v6,0.115,327,0.87,0.988,1.274e-06,180,Q8X926
rank0056_ca6_proteinbinders_4746_A,AF-B1LM58-F1-model_v6,0.12,327,0.87,0.988,1.214e-06,180,B1LM58
rank0056_ca6_proteinbinders_4746_A,AF-B5QX56-F1-model_v6,0.124,327,0.87,0.988,1.003e-06,180,B5QX56
rank0056_ca6_proteinbinders_4746_A,AF-B7M6D0-F1-model_v6,0.117,327,0.87,0.988,1.158e-06,180,B7M6D0
rank0056_ca6_proteinbinders_4746_A,AF-Q5E9A4-F1-model_v6,0.111,326,0.981,0.886,2.736e-06,180,Q5E9A4
rank0056_ca6_proteinbinders_4746_A,AF-Q9ZVC1-F1-model_v6,0.155,276,0.857,0.665,6.781e-06,180,Q9ZVC1
rank0056_ca6_proteinbinders_4746_A,AF-P53197-F1-model_v6,0.089,316,0.981,0.512,5.34e-06,180,P53197
rank0056_ca6_proteinbinders_4746_A,AF-P43606-F1-model_v6,0.085,379,0.988,0.559,6.525e-07,180,P43606
rank0056_ca6_proteinbinders_4746_A,AF-A1A909-F1-model_v6,0.117,327,0.87,0.988,1.336e-06,179,A1A909
rank0056_ca6_proteinbinders_4746_A,AF-C4ZXT8-F1-model_v6,0.117,327,0.87,0.988,1.47e-06,179,C4ZXT8
rank0056_ca6_proteinbinders_4746_A,AF-Q0TJT3-F1-model_v6,0.117,327,0.87,0.988,1.401e-06,179,Q0TJT3
rank0056_ca6_proteinbinders_4746_A,AF-C0PWX3-F1-model_v6,0.126,327,0.87,0.988,7.899e-07,179,C0PWX3
rank0056_ca6_proteinbinders_4746_A,AF-Q9T035-F1-model_v6,0.146,293,0.91,0.704,3.157e-06,179,Q9T035
rank0056_ca6_proteinbinders_4746_A,AF-Q9M0E6-F1-model_v6,0.148,220,0.683,0.537,3.61e-05,179,Q9M0E6
rank0056_ca6_proteinbinders_4746_A,AF-B2TVG3-F1-model_v6,0.117,327,0.87,0.988,8.691e-07,178,B2TVG3
rank0056_ca6_proteinbinders_4746_A,AF-B7MGM4-F1-model_v6,0.122,327,0.87,0.988,1.104e-06,178,B7MGM4
rank0056_ca6_proteinbinders_4746_A,AF-Q8C570-F1-model_v6,0.109,326,0.981,0.886,4.009e-06,178,Q8C570
rank0056_ca6_proteinbinders_4746_A,AF-Q9SI02-F1-model_v6,0.137,285,0.885,0.689,2.71e-05,178,Q9SI02
rank0056_ca6_proteinbinders_4746_A,AF-Q9FUY2-F1-model_v6,0.14,317,0.984,0.314,1.104e-06,178,Q9FUY2
rank0056_ca6_proteinbinders_4746_A,AF-B7MPQ2-F1-model_v6,0.12,327,0.87,0.988,1.697e-06,177,B7MPQ2
rank0056_ca6_proteinbinders_4746_A,AF-Q3Z422-F1-model_v6,0.109,327,0.87,0.988,1.336e-06,177,Q3Z422
rank0056_ca6_proteinbinders_4746_A,AF-Q0T6J2-F1-model_v6,0.125,327,0.87,0.988,1.158e-06,177,Q0T6J2
rank0056_ca6_proteinbinders_4746_A,AF-P91268-F1-model_v6,0.114,313,0.972,0.849,8.611e-06,177,P91268
rank0056_ca6_proteinbinders_4746_A,AF-A5GFN6-F1-model_v6,0.111,326,0.981,0.886,3.822e-06,177,A5GFN6
rank0056_ca6_proteinbinders_4746_A,AF-B4LCX4-F1-model_v6,0.1,256,0.795,0.366,1.603e-05,177,B4LCX4
rank0056_ca6_proteinbinders_4746_A,AF-Q6PDZ2-F1-model_v6,0.098,361,0.953,0.432,2.073e-07,177,Q6PDZ2
rank0056_ca6_proteinbinders_4746_A,AF-Q9Y2U9-2-F1-model_v6,0.161,261,0.811,0.904,2.174e-07,176,Q9Y2U9-2
rank0056_ca6_proteinbinders_4746_A,AF-Q324C4-F1-model_v6,0.114,327,0.87,0.988,1.052e-06,176,Q324C4
rank0056_ca6_proteinbinders_4746_A,AF-A8GBC1-F1-model_v6,0.117,326,0.91,0.985,1.542e-06,176,A8GBC1
rank0056_ca6_proteinbinders_4746_A,AF-Q9SVA1-F1-model_v6,0.131,281,0.873,0.673,7.461e-06,176,Q9SVA1
rank0056_ca6_proteinbinders_4746_A,AF-Q0BHY7-F1-model_v6,0.129,264,0.82,0.508,4.854e-06,176,Q0BHY7
rank0056_ca6_proteinbinders_4746_A,AF-Q7N6R1-F1-model_v6,0.114,326,0.913,0.994,1.003e-06,175,Q7N6R1
rank0056_ca6_proteinbinders_4746_A,AF-B7NA10-F1-model_v6,0.117,327,0.87,0.988,2.486e-06,174,B7NA10
rank0056_ca6_proteinbinders_4746_A,AF-A1JS71-F1-model_v6,0.101,326,0.91,0.979,2.87e-06,174,A1JS71
rank0056_ca6_proteinbinders_4746_A,AF-A4JBU1-F1-model_v6,0.128,264,0.82,0.508,6.465e-06,174,A4JBU1
rank0056_ca6_proteinbinders_4746_A,AF-B1YTW7-F1-model_v6,0.129,264,0.82,0.508,5.602e-06,174,B1YTW7
rank0056_ca6_proteinbinders_4746_A,AF-Q3SWS8-F1-model_v6,0.1,323,0.963,0.878,3.157e-06,173,Q3SWS8
rank0056_ca6_proteinbinders_4746_A,AF-Q8ZGZ1-F1-model_v6,0.121,295,0.916,0.605,5.34e-06,173,Q8ZGZ1
rank0056_ca6_proteinbinders_4746_A,AF-Q7MJ87-F1-model_v6,0.12,272,0.845,0.541,4.205e-06,173,Q7MJ87
rank0056_ca6_proteinbinders_4746_A,AF-Q15RP1-F1-model_v6,0.115,272,0.845,0.539,2.154e-06,173,Q15RP1
rank0056_ca6_proteinbinders_4746_A,AF-Q3IJ16-F1-model_v6,0.122,272,0.845,0.542,3.312e-06,173,Q3IJ16
rank0056_ca6_proteinbinders_4746_A,AF-P53015-F1-model_v6,0.108,319,0.991,0.279,3.312e-06,172,P53015
rank0056_ca6_proteinbinders_4746_A,AF-Q492W9-F1-model_v6,0.116,272,0.845,0.543,6.465e-06,171,Q492W9
rank0056_ca6_proteinbinders_4746_A,AF-P98163-F1-model_v6,0.11,297,0.922,0.13,1.147e-05,171,P98163
rank0056_ca6_proteinbinders_4746_A,AF-B7NNI9-F1-model_v6,0.121,327,0.87,0.988,2.37e-06,170,B7NNI9
rank0056_ca6_proteinbinders_4746_A,AF-Q1REG3-F1-model_v6,0.117,327,0.87,0.988,3.474e-06,170,Q1REG3
rank0056_ca6_proteinbinders_4746_A,AF-Q1C949-F1-model_v6,0.109,326,0.947,0.976,3.01e-06,170,Q1C949
rank0056_ca6_proteinbinders_4746_A,AF-Q609K4-F1-model_v6,0.126,293,0.91,0.604,3.157e-06,170,Q609K4
rank0056_ca6_proteinbinders_4746_A,AF-Q1BYS6-F1-model_v6,0.129,264,0.82,0.508,8.611e-06,170,Q1BYS6
rank0056_ca6_proteinbinders_4746_A,AF-A0K4X6-F1-model_v6,0.125,263,0.817,0.506,7.113e-06,170,A0K4X6
rank0056_ca6_proteinbinders_4746_A,AF-Q726K4-F1-model_v6,0.132,286,0.888,0.586,8.209e-06,170,Q726K4
rank0056_ca6_proteinbinders_4746_A,AF-O43684-F1-model_v6,0.124,322,1.0,0.96,7.113e-06,169,O43684
rank0056_ca6_proteinbinders_4746_A,AF-A2QEV8-F1-model_v6,0.113,318,0.988,0.938,2.736e-06,169,A2QEV8
rank0056_ca6_proteinbinders_4746_A,AF-Q9M2B5-F1-model_v6,0.123,283,0.879,0.672,2.463e-05,169,Q9M2B5
rank0056_ca6_proteinbinders_4746_A,AF-Q1QWF3-F1-model_v6,0.111,293,0.91,0.605,3.822e-06,169,Q1QWF3
rank0056_ca6_proteinbinders_4746_A,AF-B4EDC0-F1-model_v6,0.128,274,0.851,0.531,1.203e-05,169,B4EDC0
rank0056_ca6_proteinbinders_4746_A,AF-G5EFW7-F1-model_v6,0.114,320,0.994,0.259,2.035e-05,169,G5EFW7
rank0056_ca6_proteinbinders_4746_A,AF-O80502-F1-model_v6,0.104,307,0.953,0.796,3.01e-06,168,O80502
rank0056_ca6_proteinbinders_4746_A,AF-Q39J78-F1-model_v6,0.118,274,0.851,0.531,1.456e-05,168,Q39J78
rank0056_ca6_proteinbinders_4746_A,AF-Q2SYT0-F1-model_v6,0.125,262,0.814,0.501,1.203e-05,168,Q2SYT0
rank0056_ca6_proteinbinders_4746_A,AF-Q1CFM9-F1-model_v6,0.121,295,0.916,0.605,9.475e-06,167,Q1CFM9
rank0056_ca6_proteinbinders_4746_A,AF-Q8TBB5-3-F1-model_v6,0.185,367,0.944,0.751,2.681e-09,167,Q8TBB5-3
rank0056_ca6_proteinbinders_4746_A,AF-Q8N3Y1-F1-model_v6,0.098,360,0.984,0.602,2.736e-06,167,Q8N3Y1
rank0056_ca6_proteinbinders_4746_A,AF-Q8GX29-F1-model_v6,0.123,305,0.677,0.772,3.157e-06,166,Q8GX29
rank0056_ca6_proteinbinders_4746_A,AF-Q6NL02-F1-model_v6,0.154,280,0.87,0.682,1.849e-05,166,Q6NL02
rank0056_ca6_proteinbinders_4746_A,AF-B1JWH3-F1-model_v6,0.123,274,0.851,0.531,1.147e-05,166,B1JWH3
rank0056_ca6_proteinbinders_4746_A,AF-Q484P6-F1-model_v6,0.103,295,0.916,0.579,8.611e-06,166,Q484P6
rank0056_ca6_proteinbinders_4746_A,AF-Q9T0E4-F1-model_v6,0.141,276,0.848,0.697,3.474e-06,165,Q9T0E4
rank0056_ca6_proteinbinders_4746_A,AF-A1AWG2-F1-model_v6,0.092,293,0.91,0.604,6.781e-06,165,A1AWG2
rank0056_ca6_proteinbinders_4746_A,AF-Q1PF20-F1-model_v6,0.16,236,0.733,0.66,2.349e-05,164,Q1PF20
rank0056_ca6_proteinbinders_4746_A,AF-O22698-F1-model_v6,0.119,284,0.882,0.682,1.203e-05,164,O22698
rank0056_ca6_proteinbinders_4746_A,AF-Q1CAF2-F1-model_v6,0.121,295,0.916,0.605,1.324e-05,164,Q1CAF2
rank0056_ca6_proteinbinders_4746_A,AF-A8FUE5-F1-model_v6,0.129,293,0.91,0.584,9.475e-06,164,A8FUE5
rank0056_ca6_proteinbinders_4746_A,AF-O13955-F1-model_v6,0.102,320,0.994,0.335,1.958e-06,164,O13955
rank0056_ca6_proteinbinders_4746_A,AF-Q3ED92-F1-model_v6,0.14,233,0.699,0.677,9.563e-07,163,Q3ED92
rank0056_ca6_proteinbinders_4746_A,AF-A7FKQ3-F1-model_v6,0.121,295,0.916,0.605,1.456e-05,163,A7FKQ3
rank0056_ca6_proteinbinders_4746_A,AF-Q1Q0T4-F1-model_v6,0.13,343,0.963,0.889,1.262e-05,162,Q1Q0T4
rank0056_ca6_proteinbinders_4746_A,AF-Q1PE09-F1-model_v6,0.141,279,0.866,0.649,1.003e-06,162,Q1PE09
rank0056_ca6_proteinbinders_4746_A,AF-Q8BIA4-F1-model_v6,0.07,304,0.944,0.492,2.896e-07,162,Q8BIA4
rank0056_ca6_proteinbinders_4746_A,AF-O65704-F1-model_v6,0.122,280,0.87,0.663,1.697e-06,161,O65704
rank0056_ca6_proteinbinders_4746_A,AF-A6VXD7-F1-model_v6,0.119,293,0.91,0.6,9.475e-06,161,A6VXD7
rank0056_ca6_proteinbinders_4746_A,AF-A8H5P7-F1-model_v6,0.116,293,0.91,0.586,1.456e-05,161,A8H5P7
rank0056_ca6_proteinbinders_4746_A,AF-B1KIF6-F1-model_v6,0.137,293,0.91,0.584,1.324e-05,161,B1KIF6
rank0056_ca6_proteinbinders_4746_A,AF-Q1GWC1-F1-model_v6,0.117,265,0.823,0.48,2.584e-05,161,Q1GWC1
rank0056_ca6_proteinbinders_4746_A,AF-Q934G6-F1-model_v6,0.105,295,0.916,0.607,1.763e-05,160,Q934G6
rank0056_ca6_proteinbinders_4746_A,AF-Q8N3Y1-2-F1-model_v6,0.105,360,0.984,0.677,4.009e-06,160,Q8N3Y1-2
rank0056_ca6_proteinbinders_4746_A,AF-Q66D69-F1-model_v6,0.109,326,0.947,0.976,5.091e-06,159,Q66D69
rank0056_ca6_proteinbinders_4746_A,AF-Q9FFV4-F1-model_v6,0.124,294,0.913,0.77,1.456e-05,159,Q9FFV4
rank0056_ca6_proteinbinders_4746_A,AF-Q9FHK8-F1-model_v6,0.142,295,0.916,0.679,4.627e-06,159,Q9FHK8
rank0056_ca6_proteinbinders_4746_A,AF-Q324H2-F1-model_v6,0.125,256,0.795,0.591,5.602e-06,159,Q324H2
rank0056_ca6_proteinbinders_4746_A,AF-Q8D2E2-F1-model_v6,0.091,264,0.82,0.499,3.972e-05,159,Q8D2E2
rank0056_ca6_proteinbinders_4746_A,AF-Q3APB5-F1-model_v6,0.128,264,0.82,0.495,3.128e-05,159,Q3APB5
rank0056_ca6_proteinbinders_4746_A,AF-Q6P773-F1-model_v6,0.084,364,0.969,0.432,2.054e-06,159,Q6P773
rank0056_ca6_proteinbinders_4746_A,AF-Q10426-F1-model_v6,0.1,289,0.898,0.249,1.324e-05,159,Q10426
rank0056_ca6_proteinbinders_4746_A,AF-Q0UPL5-F1-model_v6,0.086,316,0.981,0.271,2.349e-05,159,Q0UPL5
rank0056_ca6_proteinbinders_4746_A,AF-B5YRE4-F1-model_v6,0.125,256,0.795,0.591,6.163e-06,158,B5YRE4
rank0056_ca6_proteinbinders_4746_A,AF-B1JG47-F1-model_v6,0.121,295,0.916,0.605,2.463e-05,158,B1JG47
rank0056_ca6_proteinbinders_4746_A,AF-Q5QYU0-F1-model_v6,0.125,272,0.845,0.541,1.203e-05,158,Q5QYU0
rank0056_ca6_proteinbinders_4746_A,AF-O43684-2-F1-model_v6,0.114,322,1.0,0.966,4.627e-06,157,O43684-2
rank0056_ca6_proteinbinders_4746_A,AF-Q5RB58-F1-model_v6,0.116,322,1.0,0.96,4.009e-06,157,Q5RB58
rank0056_ca6_proteinbinders_4746_A,AF-Q84RE1-F1-model_v6,0.129,283,0.879,0.671,5.044e-05,157,Q84RE1
rank0056_ca6_proteinbinders_4746_A,AF-O65663-F1-model_v6,0.128,274,0.851,0.669,2.054e-06,157,O65663
rank0056_ca6_proteinbinders_4746_A,AF-Q9WVA3-F1-model_v6,0.116,322,1.0,0.966,4.009e-06,156,Q9WVA3
rank0056_ca6_proteinbinders_4746_A,AF-Q4R6D2-F1-model_v6,0.115,323,0.963,0.878,1.617e-06,156,Q4R6D2
rank0056_ca6_proteinbinders_4746_A,AF-Q2SCL8-F1-model_v6,0.119,293,0.91,0.602,3.61e-05,156,Q2SCL8
rank0056_ca6_proteinbinders_4746_A,AF-A4TNS8-F1-model_v6,0.126,256,0.795,0.591,9.032e-06,156,A4TNS8
rank0056_ca6_proteinbinders_4746_A,AF-Q63RA8-F1-model_v6,0.124,264,0.82,0.506,2.982e-05,156,Q63RA8
rank0056_ca6_proteinbinders_4746_A,AF-B2SET5-F1-model_v6,0.111,279,0.866,0.614,1.147e-05,156,B2SET5
rank0056_ca6_proteinbinders_4746_A,AF-B0TPX8-F1-model_v6,0.128,272,0.845,0.552,2.135e-05,156,B0TPX8
rank0056_ca6_proteinbinders_4746_A,AF-P14543-2-F1-model_v6,0.105,317,0.984,0.241,2.035e-05,156,P14543-2
rank0056_ca6_proteinbinders_4746_A,AF-P14543-F1-model_v6,0.1,313,0.972,0.212,1.603e-05,156,P14543
rank0056_ca6_proteinbinders_4746_A,AF-A5CWT2-F1-model_v6,0.094,293,0.91,0.613,7.461e-06,155,A5CWT2
rank0056_ca6_proteinbinders_4746_A,AF-Q93VB2-F1-model_v6,0.141,297,0.922,0.6,1.681e-05,155,Q93VB2
rank0056_ca6_proteinbinders_4746_A,AF-Q478F2-F1-model_v6,0.097,263,0.817,0.502,7.048e-05,155,Q478F2
rank0056_ca6_proteinbinders_4746_A,AF-B2K8G1-F1-model_v6,0.126,256,0.795,0.591,1.093e-05,155,B2K8G1
rank0056_ca6_proteinbinders_4746_A,AF-A9AFQ0-F1-model_v6,0.136,264,0.82,0.508,3.281e-05,155,A9AFQ0
rank0056_ca6_proteinbinders_4746_A,AF-Q2LRP7-F1-model_v6,0.131,262,0.814,0.473,4.167e-05,155,Q2LRP7
rank0056_ca6_proteinbinders_4746_A,AF-Q09392-F1-model_v6,0.093,386,0.984,0.708,7.826e-06,155,Q09392
rank0056_ca6_proteinbinders_4746_A,AF-C6DCE7-F1-model_v6,0.121,256,0.795,0.591,7.826e-06,154,C6DCE7
rank0056_ca6_proteinbinders_4746_A,AF-A1JRK8-F1-model_v6,0.126,256,0.795,0.591,1.203e-05,154,A1JRK8
rank0056_ca6_proteinbinders_4746_A,AF-B2STJ5-F1-model_v6,0.154,293,0.91,0.595,9.938e-06,154,B2STJ5
rank0056_ca6_proteinbinders_4746_A,AF-A0KP93-F1-model_v6,0.112,272,0.845,0.551,2.349e-05,154,A0KP93
rank0056_ca6_proteinbinders_4746_A,AF-Q21HP0-F1-model_v6,0.122,272,0.845,0.551,2.982e-05,154,Q21HP0
rank0056_ca6_proteinbinders_4746_A,AF-P50082-F1-model_v6,0.099,343,0.984,0.578,1.94e-05,154,P50082
rank0056_ca6_proteinbinders_4746_A,AF-Q1JQB2-F1-model_v6,0.111,322,1.0,0.966,7.113e-06,153,Q1JQB2
rank0056_ca6_proteinbinders_4746_A,AF-P0A855-F1-model_v6,0.125,255,0.792,0.588,1.093e-05,153,P0A855
rank0056_ca6_proteinbinders_4746_A,AF-Q7N6T6-F1-model_v6,0.122,257,0.798,0.593,1.324e-05,153,Q7N6T6
rank0056_ca6_proteinbinders_4746_A,AF-Q66D90-F1-model_v6,0.126,256,0.795,0.591,1.389e-05,153,Q66D90
rank0056_ca6_proteinbinders_4746_A,AF-Q3JER8-F1-model_v6,0.15,293,0.91,0.599,1.763e-05,153,Q3JER8
rank0056_ca6_proteinbinders_4746_A,AF-Q1LJX8-F1-model_v6,0.092,294,0.913,0.565,1.262e-05,153,Q1LJX8
rank0056_ca6_proteinbinders_4746_A,AF-Q05040-F1-model_v6,0.081,339,0.947,0.648,1.286e-07,153,Q05040
rank0056_ca6_proteinbinders_4746_A,AF-Q5WWJ9-F1-model_v6,0.14,289,0.898,0.578,6.719e-05,152,Q5WWJ9
rank0056_ca6_proteinbinders_4746_A,AF-A9R2G2-F1-model_v6,0.126,256,0.795,0.591,1.456e-05,152,A9R2G2
rank0056_ca6_proteinbinders_4746_A,AF-Q0VRJ2-F1-model_v6,0.137,293,0.91,0.597,2.843e-05,152,Q0VRJ2
rank0056_ca6_proteinbinders_4746_A,AF-Q9LJN8-F1-model_v6,0.103,311,0.966,0.915,4.411e-06,151,Q9LJN8
rank0056_ca6_proteinbinders_4746_A,AF-O81414-F1-model_v6,0.125,294,0.913,0.817,1.681e-05,151,O81414
rank0056_ca6_proteinbinders_4746_A,AF-Q6D7F2-F1-model_v6,0.124,256,0.795,0.591,9.475e-06,151,Q6D7F2
rank0056_ca6_proteinbinders_4746_A,AF-Q145B2-F1-model_v6,0.126,265,0.823,0.509,8.134e-05,151,Q145B2
rank0056_ca6_proteinbinders_4746_A,AF-Q3K7W5-F1-model_v6,0.1,258,0.795,0.596,7.826e-06,151,Q3K7W5
rank0056_ca6_proteinbinders_4746_A,AF-A4SJ35-F1-model_v6,0.112,272,0.845,0.551,2.71e-05,151,A4SJ35
rank0056_ca6_proteinbinders_4746_A,AF-F4I241-F1-model_v6,0.114,319,0.991,0.99,1.042e-05,150,F4I241
rank0056_ca6_proteinbinders_4746_A,AF-Q5P4Z6-F1-model_v6,0.093,295,0.916,0.603,3.972e-05,150,Q5P4Z6
rank0056_ca6_proteinbinders_4746_A,AF-A4W889-F1-model_v6,0.114,256,0.795,0.591,1.389e-05,150,A4W889
rank0056_ca6_proteinbinders_4746_A,AF-Q3BQG0-F1-model_v6,0.155,293,0.91,0.595,1.528e-05,150,Q3BQG0
rank0056_ca6_proteinbinders_4746_A,AF-Q2P570-F1-model_v6,0.154,293,0.91,0.595,1.603e-05,150,Q2P570
rank0056_ca6_proteinbinders_4746_A,AF-B0U2E8-F1-model_v6,0.134,293,0.91,0.595,1.94e-05,150,B0U2E8
rank0056_ca6_proteinbinders_4746_A,AF-A4Y5U9-F1-model_v6,0.128,265,0.823,0.491,7.048e-05,150,A4Y5U9
rank0056_ca6_proteinbinders_4746_A,AF-Q15572-2-F1-model_v6,0.085,364,0.953,0.47,3.644e-06,150,Q15572-2
rank0056_ca6_proteinbinders_4746_A,AF-Q8GXF6-F1-model_v6,0.12,276,0.857,0.668,1.262e-05,149,Q8GXF6
rank0056_ca6_proteinbinders_4746_A,AF-Q9EQ15-F1-model_v6,0.114,312,0.969,0.948,9.475e-06,148,Q9EQ15
rank0056_ca6_proteinbinders_4746_A,AF-Q7ZWF0-F1-model_v6,0.101,326,0.981,0.886,2.486e-06,148,Q7ZWF0
rank0056_ca6_proteinbinders_4746_A,AF-A5DNM7-F1-model_v6,0.099,368,0.919,0.876,2.463e-05,148,A5DNM7
rank0056_ca6_proteinbinders_4746_A,AF-Q8Z8C0-F1-model_v6,0.112,253,0.786,0.584,1.603e-05,148,Q8Z8C0
rank0056_ca6_proteinbinders_4746_A,AF-B7LAE7-F1-model_v6,0.125,255,0.792,0.588,1.94e-05,148,B7LAE7
rank0056_ca6_proteinbinders_4746_A,AF-B7LKL8-F1-model_v6,0.115,255,0.792,0.588,1.528e-05,148,B7LKL8
rank0056_ca6_proteinbinders_4746_A,AF-B7N9Y9-F1-model_v6,0.125,255,0.792,0.588,1.94e-05,148,B7N9Y9
rank0056_ca6_proteinbinders_4746_A,AF-Q9PC84-F1-model_v6,0.132,293,0.91,0.595,2.843e-05,148,Q9PC84
rank0056_ca6_proteinbinders_4746_A,AF-B8EAK3-F1-model_v6,0.118,265,0.823,0.491,8.134e-05,148,B8EAK3
rank0056_ca6_proteinbinders_4746_A,AF-Q474K8-F1-model_v6,0.092,294,0.913,0.562,2.71e-05,148,Q474K8
rank0056_ca6_proteinbinders_4746_A,AF-P0DL28-F1-model_v6,0.097,297,0.922,0.49,1.958e-06,148,P0DL28
rank0056_ca6_proteinbinders_4746_A,AF-O86271-F1-model_v6,0.134,293,0.839,0.859,6.781e-06,147,O86271
rank0056_ca6_proteinbinders_4746_A,AF-B7MFZ3-F1-model_v6,0.125,255,0.792,0.588,2.135e-05,147,B7MFZ3
rank0056_ca6_proteinbinders_4746_A,AF-B7NMV9-F1-model_v6,0.125,255,0.792,0.588,2.135e-05,147,B7NMV9
rank0056_ca6_proteinbinders_4746_A,AF-B5R699-F1-model_v6,0.111,256,0.795,0.591,1.94e-05,147,B5R699
rank0056_ca6_proteinbinders_4746_A,AF-B7ULM0-F1-model_v6,0.125,255,0.792,0.588,2.239e-05,147,B7ULM0
rank0056_ca6_proteinbinders_4746_A,AF-P0A857-F1-model_v6,0.125,255,0.792,0.588,2.135e-05,147,P0A857
rank0056_ca6_proteinbinders_4746_A,AF-B7M6B0-F1-model_v6,0.125,255,0.792,0.588,2.135e-05,147,B7M6B0
rank0056_ca6_proteinbinders_4746_A,AF-P0A856-F1-model_v6,0.122,255,0.792,0.588,2.135e-05,147,P0A856
rank0056_ca6_proteinbinders_4746_A,AF-Q3Z464-F1-model_v6,0.125,255,0.792,0.588,2.239e-05,147,Q3Z464
rank0056_ca6_proteinbinders_4746_A,AF-B2TUC6-F1-model_v6,0.125,255,0.792,0.588,2.135e-05,147,B2TUC6
rank0056_ca6_proteinbinders_4746_A,AF-B8GUI9-F1-model_v6,0.112,293,0.91,0.598,4.371e-05,147,B8GUI9
rank0056_ca6_proteinbinders_4746_A,AF-Q8PHV7-F1-model_v6,0.138,293,0.91,0.595,3.61e-05,147,Q8PHV7
rank0056_ca6_proteinbinders_4746_A,AF-A3QD46-F1-model_v6,0.119,293,0.91,0.585,5.291e-05,147,A3QD46
rank0056_ca6_proteinbinders_4746_A,AF-A3D3E2-F1-model_v6,0.112,272,0.845,0.55,5.822e-05,147,A3D3E2
rank0056_ca6_proteinbinders_4746_A,AF-B7VMJ2-F1-model_v6,0.106,345,0.91,0.767,1.542e-06,147,B7VMJ2
rank0056_ca6_proteinbinders_4746_A,AF-Q5FVA9-F1-model_v6,0.108,326,0.981,0.886,3.474e-06,146,Q5FVA9
rank0056_ca6_proteinbinders_4746_A,AF-B1IXY9-F1-model_v6,0.125,255,0.792,0.588,2.463e-05,146,B1IXY9
rank0056_ca6_proteinbinders_4746_A,AF-C4ZWL5-F1-model_v6,0.125,255,0.792,0.588,2.463e-05,146,C4ZWL5
rank0056_ca6_proteinbinders_4746_A,AF-B5QX24-F1-model_v6,0.116,253,0.786,0.584,2.349e-05,146,B5QX24
rank0056_ca6_proteinbinders_4746_A,AF-Q8ZQT5-F1-model_v6,0.114,256,0.795,0.591,2.349e-05,146,Q8ZQT5
rank0056_ca6_proteinbinders_4746_A,AF-Q0T6X7-F1-model_v6,0.125,255,0.792,0.588,2.463e-05,146,Q0T6X7
rank0056_ca6_proteinbinders_4746_A,AF-Q0TJV4-F1-model_v6,0.125,255,0.792,0.588,2.463e-05,146,Q0TJV4
rank0056_ca6_proteinbinders_4746_A,AF-Q1REI5-F1-model_v6,0.125,255,0.792,0.588,2.463e-05,146,Q1REI5
rank0056_ca6_proteinbinders_4746_A,AF-B1X6S1-F1-model_v6,0.125,255,0.792,0.588,2.463e-05,146,B1X6S1
rank0056_ca6_proteinbinders_4746_A,AF-P0A174-F1-model_v6,0.102,261,0.798,0.603,1.147e-05,146,P0A174
rank0056_ca6_proteinbinders_4746_A,AF-Q87Y40-F1-model_v6,0.093,258,0.795,0.596,1.203e-05,146,Q87Y40
rank0056_ca6_proteinbinders_4746_A,AF-Q2UKH7-F1-model_v6,0.126,309,0.904,0.627,1.262e-05,146,Q2UKH7
rank0056_ca6_proteinbinders_4746_A,AF-O94411-F1-model_v6,0.095,314,0.944,0.617,1.681e-05,146,O94411
rank0056_ca6_proteinbinders_4746_A,AF-P78406-F1-model_v6,0.106,327,0.984,0.889,8.611e-06,145,P78406
rank0056_ca6_proteinbinders_4746_A,AF-Q83MM7-F1-model_v6,0.125,255,0.792,0.588,2.584e-05,145,Q83MM7
rank0056_ca6_proteinbinders_4746_A,AF-A7ZJC2-F1-model_v6,0.122,255,0.792,0.588,2.463e-05,145,A7ZJC2
rank0056_ca6_proteinbinders_4746_A,AF-A0Q4U6-F1-model_v6,0.115,279,0.866,0.614,2.584e-05,145,A0Q4U6
rank0056_ca6_proteinbinders_4746_A,AF-Q5H299-F1-model_v6,0.154,293,0.91,0.595,2.584e-05,145,Q5H299
rank0056_ca6_proteinbinders_4746_A,AF-Q9VU68-F1-model_v6,0.101,395,0.876,0.65,1.867e-06,145,Q9VU68
rank0056_ca6_proteinbinders_4746_A,AF-A1K2H9-F1-model_v6,0.117,265,0.823,0.508,9.847e-05,144,A1K2H9
rank0056_ca6_proteinbinders_4746_A,AF-B7MPN1-F1-model_v6,0.125,255,0.792,0.588,3.128e-05,144,B7MPN1
rank0056_ca6_proteinbinders_4746_A,AF-A8GB93-F1-model_v6,0.114,256,0.795,0.591,2.584e-05,144,A8GB93
rank0056_ca6_proteinbinders_4746_A,AF-Q32II1-F1-model_v6,0.125,255,0.792,0.588,2.982e-05,144,Q32II1
rank0056_ca6_proteinbinders_4746_A,AF-Q65UN0-F1-model_v6,0.122,263,0.817,0.48,7.754e-05,144,Q65UN0
rank0056_ca6_proteinbinders_4746_A,AF-B8CLE4-F1-model_v6,0.129,293,0.91,0.584,8.532e-05,144,B8CLE4
rank0056_ca6_proteinbinders_4746_A,AF-Q15572-6-F1-model_v6,0.113,304,0.944,0.352,5.34e-06,144,Q15572-6
rank0056_ca6_proteinbinders_4746_A,AF-Q9CM71-F1-model_v6,0.109,256,0.795,0.576,3.972e-05,143,Q9CM71
rank0056_ca6_proteinbinders_4746_A,AF-B4IXJ2-F1-model_v6,0.103,272,0.845,0.436,8.532e-05,143,B4IXJ2
rank0056_ca6_proteinbinders_4746_A,AF-B3NBB6-F1-model_v6,0.086,256,0.795,0.359,8.532e-05,143,B3NBB6
rank0056_ca6_proteinbinders_4746_A,AF-B6Q4Z5-F1-model_v6,0.078,324,0.991,0.491,3.61e-05,143,B6Q4Z5
rank0056_ca6_proteinbinders_4746_A,AF-Q84WV9-F1-model_v6,0.117,320,0.994,0.719,3.61e-05,142,Q84WV9
rank0056_ca6_proteinbinders_4746_A,AF-Q5RF99-F1-model_v6,0.106,327,0.984,0.889,1.147e-05,142,Q5RF99
rank0056_ca6_proteinbinders_4746_A,AF-P0C2F9-F1-model_v6,0.137,274,0.851,0.663,2.239e-05,142,P0C2F9
rank0056_ca6_proteinbinders_4746_A,AF-B2T077-F1-model_v6,0.108,279,0.866,0.591,5.55e-05,142,B2T077
rank0056_ca6_proteinbinders_4746_A,AF-B2VBQ7-F1-model_v6,0.118,256,0.795,0.591,3.442e-05,142,B2VBQ7
rank0056_ca6_proteinbinders_4746_A,AF-B2JGA0-F1-model_v6,0.105,279,0.866,0.591,3.787e-05,142,B2JGA0
rank0056_ca6_proteinbinders_4746_A,AF-Q31H79-F1-model_v6,0.098,293,0.91,0.597,5.291e-05,142,Q31H79
rank0056_ca6_proteinbinders_4746_A,AF-Q1GYT1-F1-model_v6,0.107,293,0.91,0.589,4.371e-05,142,Q1GYT1
rank0056_ca6_proteinbinders_4746_A,AF-P0A173-F1-model_v6,0.098,261,0.798,0.603,1.324e-05,142,P0A173
rank0056_ca6_proteinbinders_4746_A,AF-Q1I6F4-F1-model_v6,0.099,258,0.795,0.596,1.528e-05,142,Q1I6F4
rank0056_ca6_proteinbinders_4746_A,AF-B0UVJ6-F1-model_v6,0.11,295,0.916,0.585,4.809e-05,142,B0UVJ6
rank0056_ca6_proteinbinders_4746_A,AF-B0RPZ2-F1-model_v6,0.133,293,0.91,0.595,7.754e-05,142,B0RPZ2
rank0056_ca6_proteinbinders_4746_A,AF-Q14HZ9-F1-model_v6,0.115,279,0.866,0.608,4.371e-05,142,Q14HZ9
rank0056_ca6_proteinbinders_4746_A,AF-Q084K1-F1-model_v6,0.122,293,0.91,0.584,7.048e-05,142,Q084K1
rank0056_ca6_proteinbinders_4746_A,AF-Q9LU49-F1-model_v6,0.129,272,0.845,0.688,3.787e-05,141,Q9LU49
rank0056_ca6_proteinbinders_4746_A,AF-Q8P6F2-F1-model_v6,0.133,293,0.91,0.595,7.754e-05,141,Q8P6F2
rank0056_ca6_proteinbinders_4746_A,AF-Q5E689-F1-model_v6,0.102,340,0.913,0.756,4.009e-06,141,Q5E689
rank0056_ca6_proteinbinders_4746_A,AF-Q5A7S5-F1-model_v6,0.097,320,0.994,0.263,1.203e-05,141,Q5A7S5
rank0056_ca6_proteinbinders_4746_A,AF-Q0WPK3-F1-model_v6,0.109,300,0.932,0.662,1.94e-05,140,Q0WPK3
rank0056_ca6_proteinbinders_4746_A,AF-Q8GYD7-F1-model_v6,0.106,297,0.922,0.651,2.463e-05,140,Q8GYD7
rank0056_ca6_proteinbinders_4746_A,AF-Q48FD0-F1-model_v6,0.089,258,0.795,0.596,2.135e-05,140,Q48FD0
rank0056_ca6_proteinbinders_4746_A,AF-Q0BNJ4-F1-model_v6,0.111,279,0.866,0.614,5.822e-05,139,Q0BNJ4
rank0056_ca6_proteinbinders_4746_A,AF-C3LND9-F1-model_v6,0.105,345,0.91,0.767,2.608e-06,139,C3LND9
rank0056_ca6_proteinbinders_4746_A,AF-A5F753-F1-model_v6,0.105,345,0.91,0.767,3.01e-06,139,A5F753
rank0056_ca6_proteinbinders_4746_A,AF-Q95ND4-F1-model_v6,0.084,274,0.851,0.205,7.392e-05,139,Q95ND4
rank0056_ca6_proteinbinders_4746_A,AF-Q6F985-F1-model_v6,0.137,238,0.724,0.56,1.94e-05,138,Q6F985
rank0056_ca6_proteinbinders_4746_A,AF-Q2INP9-F1-model_v6,0.135,264,0.82,0.502,9.847e-05,138,Q2INP9
rank0056_ca6_proteinbinders_4746_A,AF-Q2A580-F1-model_v6,0.115,279,0.866,0.614,6.719e-05,138,Q2A580
rank0056_ca6_proteinbinders_4746_A,AF-Q5NGJ7-F1-model_v6,0.111,279,0.866,0.608,7.754e-05,138,Q5NGJ7
rank0056_ca6_proteinbinders_4746_A,AF-Q6LP47-F1-model_v6,0.107,344,0.91,0.766,2.608e-06,138,Q6LP47
rank0056_ca6_proteinbinders_4746_A,AF-A6VQ96-F1-model_v6,0.095,295,0.916,0.588,9.387e-05,137,A6VQ96
rank0056_ca6_proteinbinders_4746_A,AF-Q83F59-F1-model_v6,0.115,294,0.913,0.584,5.822e-05,137,Q83F59
rank0056_ca6_proteinbinders_4746_A,AF-Q12PE6-F1-model_v6,0.125,237,0.724,0.536,3.281e-05,137,Q12PE6
rank0056_ca6_proteinbinders_4746_A,AF-Q09786-F1-model_v6,0.101,316,0.981,0.589,4.809e-05,137,Q09786
rank0056_ca6_proteinbinders_4746_A,AF-A3MZ21-F1-model_v6,0.112,293,0.91,0.592,7.048e-05,136,A3MZ21
rank0056_ca6_proteinbinders_4746_A,AF-Q0I1N1-F1-model_v6,0.104,295,0.916,0.585,9.387e-05,136,Q0I1N1
rank0056_ca6_proteinbinders_4746_A,AF-Q9KR11-F1-model_v6,0.105,345,0.91,0.767,4.009e-06,136,Q9KR11
rank0056_ca6_proteinbinders_4746_A,AF-B5FD05-F1-model_v6,0.107,340,0.913,0.756,7.461e-06,136,B5FD05
rank0056_ca6_proteinbinders_4746_A,AF-P01133-2-F1-model_v6,0.098,281,0.873,0.221,2.982e-05,136,P01133-2
rank0056_ca6_proteinbinders_4746_A,AF-Q9C701-F1-model_v6,0.116,309,0.96,0.903,6.781e-06,135,Q9C701
rank0056_ca6_proteinbinders_4746_A,AF-Q54NA2-F1-model_v6,0.109,288,0.894,0.632,9.387e-05,135,Q54NA2
rank0056_ca6_proteinbinders_4746_A,AF-C5BEL8-F1-model_v6,0.114,256,0.795,0.591,6.719e-05,135,C5BEL8
rank0056_ca6_proteinbinders_4746_A,AF-Q87CZ5-F1-model_v6,0.124,293,0.91,0.595,9.847e-05,135,Q87CZ5
rank0056_ca6_proteinbinders_4746_A,AF-A0KY89-F1-model_v6,0.109,254,0.789,0.57,2.843e-05,135,A0KY89
rank0056_ca6_proteinbinders_4746_A,AF-Q15572-F1-model_v6,0.092,393,0.969,0.452,4.167e-05,134,Q15572
rank0056_ca6_proteinbinders_4746_A,AF-Q9C627-F1-model_v6,0.119,280,0.87,0.67,3.61e-05,133,Q9C627
rank0056_ca6_proteinbinders_4746_A,AF-P0C2G5-F1-model_v6,0.118,247,0.767,0.599,5.822e-05,133,P0C2G5
rank0056_ca6_proteinbinders_4746_A,AF-Q4ZWK6-F1-model_v6,0.081,258,0.795,0.596,1.147e-05,133,Q4ZWK6
rank0056_ca6_proteinbinders_4746_A,AF-Q9W2E7-F1-model_v6,0.074,320,0.963,0.925,1.849e-05,132,Q9W2E7
rank0056_ca6_proteinbinders_4746_A,AF-Q7P1V3-F1-model_v6,0.117,255,0.792,0.584,1.389e-05,132,Q7P1V3
rank0056_ca6_proteinbinders_4746_A,AF-Q8EDJ8-F1-model_v6,0.119,254,0.789,0.57,2.239e-05,132,Q8EDJ8
rank0056_ca6_proteinbinders_4746_A,AF-Q4K7E4-F1-model_v6,0.088,258,0.795,0.596,1.528e-05,131,Q4K7E4
rank0056_ca6_proteinbinders_4746_A,AF-A1S7D5-F1-model_v6,0.122,237,0.724,0.537,6.107e-05,131,A1S7D5
rank0056_ca6_proteinbinders_4746_A,AF-Q96KV7-F1-model_v6,0.109,447,0.991,0.256,3.644e-06,131,Q96KV7
rank0056_ca6_proteinbinders_4746_A,AF-A1RKP4-F1-model_v6,0.117,237,0.724,0.536,3.972e-05,130,A1RKP4
rank0056_ca6_proteinbinders_4746_A,AF-Q0HTY0-F1-model_v6,0.108,254,0.789,0.57,5.822e-05,130,Q0HTY0
rank0056_ca6_proteinbinders_4746_A,AF-Q9MAG5-F1-model_v6,0.143,277,0.86,0.681,2.71e-05,129,Q9MAG5
rank0056_ca6_proteinbinders_4746_A,AF-C3JYS2-F1-model_v6,0.092,258,0.795,0.596,2.463e-05,129,C3JYS2
rank0056_ca6_proteinbinders_4746_A,AF-A5UGQ1-F1-model_v6,0.118,256,0.795,0.578,4.585e-05,128,A5UGQ1
rank0056_ca6_proteinbinders_4746_A,AF-A1VNY1-F1-model_v6,0.138,254,0.789,0.578,5.291e-05,128,A1VNY1
rank0056_ca6_proteinbinders_4746_A,AF-A6WM46-F1-model_v6,0.114,237,0.724,0.536,5.822e-05,127,A6WM46
rank0056_ca6_proteinbinders_4746_A,AF-Q9FI70-2-F1-model_v6,0.125,256,0.795,0.744,5.291e-05,126,Q9FI70-2
rank0056_ca6_proteinbinders_4746_A,AF-P44677-F1-model_v6,0.118,256,0.795,0.578,7.754e-05,125,P44677
rank0056_ca6_proteinbinders_4746_A,AF-Q8Y1F5-F1-model_v6,0.091,341,0.925,0.789,4.809e-05,125,Q8Y1F5
rank0056_ca6_proteinbinders_4746_A,AF-Q6MRB2-F1-model_v6,0.129,319,0.913,0.692,1.456e-05,125,Q6MRB2
rank0056_ca6_proteinbinders_4746_A,AF-E9PSL7-3-F1-model_v6,0.082,319,0.978,0.154,2.843e-05,125,E9PSL7-3
rank0056_ca6_proteinbinders_4746_A,AF-A9KY50-F1-model_v6,0.11,237,0.724,0.536,8.949e-05,123,A9KY50
rank0056_ca6_proteinbinders_4746_A,AF-Q4WJR4-F1-model_v6,0.136,337,0.919,0.671,6.719e-05,123,Q4WJR4
rank0056_ca6_proteinbinders_4746_A,AF-P90587-F1-model_v6,0.112,474,0.96,0.789,7.899e-07,122,P90587
rank0056_ca6_proteinbinders_4746_A,AF-P96086-F1-model_v6,0.141,296,0.829,0.276,4.167e-05,121,P96086
rank0056_ca6_proteinbinders_4746_A,AF-Q0AC40-F1-model_v6,0.12,307,0.891,0.717,8.134e-05,120,Q0AC40
rank0056_ca6_proteinbinders_4746_A,AF-Q3SP21-F1-model_v6,0.1,301,0.873,0.669,8.949e-05,120,Q3SP21
rank0056_ca6_proteinbinders_4746_A,AF-P71003-F1-model_v6,0.118,314,0.91,0.696,1.94e-05,120,P71003
rank0056_ca6_proteinbinders_4746_A,AF-Q6ZPG2-2-F1-model_v6,0.116,444,0.941,0.581,6.781e-06,120,Q6ZPG2-2
rank0056_ca6_proteinbinders_4746_A,AF-O75530-3-F1-model_v6,0.118,289,0.898,0.72,8.532e-05,118,O75530-3
rank0056_ca6_proteinbinders_4746_A,AF-B0XNT4-F1-model_v6,0.136,337,0.919,0.671,8.532e-05,116,B0XNT4
rank0056_ca6_proteinbinders_4746_A,AF-O14578-4-F1-model_v6,0.081,316,0.975,0.153,5.291e-05,116,O14578-4
rank0056_ca6_proteinbinders_4746_A,AF-Q9VU68-2-F1-model_v6,0.101,436,0.972,0.722,6.525e-07,115,Q9VU68-2
rank0056_ca6_proteinbinders_4746_A,AF-Q9I9H8-F1-model_v6,0.106,348,0.876,0.276,3.61e-05,115,Q9I9H8
rank0056_ca6_proteinbinders_4746_A,AF-Q8VI56-F1-model_v6,0.105,371,0.91,0.195,2.982e-05,115,Q8VI56
rank0056_ca6_proteinbinders_4746_A,AF-Q580P9-F1-model_v6,0.108,373,0.916,0.255,4.67e-07,114,Q580P9
rank0056_ca6_proteinbinders_4746_A,AF-Q22830-F1-model_v6,0.096,413,0.932,0.238,1.214e-06,104,Q22830
rank0056_ca6_proteinbinders_4746_A,AF-Q9QYP1-F1-model_v6,0.086,437,0.932,0.229,2.035e-05,104,Q9QYP1
rank0056_ca6_proteinbinders_4746_A,AF-P13368-F1-model_v6,0.09,287,0.826,0.112,4.809e-05,102,P13368
rank0056_ca6_proteinbinders_4746_A,AF-Q6ZMW3-2-F1-model_v6,0.1,386,0.932,0.206,6.465e-06,101,Q6ZMW3-2
rank0056_ca6_proteinbinders_4746_A,AF-Q9HBG6-9-F1-model_v6,0.078,349,0.929,0.312,1.203e-05,89,Q9HBG6-9
rank0056_ca6_proteinbinders_4746_A,AF-Q9HBG6-4-F1-model_v6,0.087,354,0.969,0.313,1.849e-05,87,Q9HBG6-4
rank0058_ca6_proteinbinders_1875_A,AF-Q48436-F1-model_v6,0.197,179,0.871,0.699,3.605e-05,118,Q48436
rank0058_ca6_proteinbinders_1875_A,AF-Q04520-F1-model_v6,0.154,211,0.995,0.876,4.048e-05,117,Q04520
rank0061_ca6_proteinbinders_0879_A,AF-B1XD51-F1-model_v6,0.146,192,0.995,0.503,7.171e-05,95,B1XD51
rank0061_ca6_proteinbinders_0879_A,AF-A7ZWC8-F1-model_v6,0.146,192,0.995,0.503,9.594e-05,93,A7ZWC8
rank0061_ca6_proteinbinders_0879_A,AF-Q2NRM0-F1-model_v6,0.146,191,0.989,0.5,8.54e-05,91,Q2NRM0
rank0061_ca6_proteinbinders_0879_A,AF-P10441-F1-model_v6,0.138,192,0.995,0.503,7.171e-05,81,P10441
rank0061_ca6_proteinbinders_0879_A,AF-B7UJ83-F1-model_v6,0.138,192,0.995,0.503,7.601e-05,80,B7UJ83
rank0061_ca6_proteinbinders_0879_A,AF-B7M1Y5-F1-model_v6,0.138,192,0.995,0.503,9.052e-05,80,B7M1Y5
rank0061_ca6_proteinbinders_0879_A,AF-B7LGP4-F1-model_v6,0.138,192,0.995,0.503,8.54e-05,80,B7LGP4
rank0062_ca6_proteinbinders_0385_A,AF-Q40677-F1-model_v6,0.107,309,0.928,0.735,4.672e-05,102,Q40677
rank0062_ca6_proteinbinders_0385_A,AF-Q944G9-F1-model_v6,0.119,303,0.91,0.704,7.943e-05,99,Q944G9
rank0064_ca6_proteinbinders_2771_A,AF-B9DJG9-F1-model_v6,0.109,234,0.955,0.971,2.864e-06,140,B9DJG9
rank0064_ca6_proteinbinders_2771_A,AF-Q5HQR7-F1-model_v6,0.123,234,0.967,0.979,3.414e-06,139,Q5HQR7
rank0064_ca6_proteinbinders_2771_A,AF-Q8CPX1-F1-model_v6,0.114,238,0.983,0.996,6.901e-06,133,Q8CPX1
rank0064_ca6_proteinbinders_2771_A,AF-P77960-F1-model_v6,0.2,244,0.971,0.924,2.265e-06,131,P77960
rank0064_ca6_proteinbinders_2771_A,AF-Q57700-F1-model_v6,0.157,233,0.963,0.962,1.24e-05,129,Q57700
rank0064_ca6_proteinbinders_2771_A,AF-Q6AK99-F1-model_v6,0.141,290,0.979,0.668,3.414e-06,127,Q6AK99
rank0064_ca6_proteinbinders_2771_A,AF-Q92NH8-F1-model_v6,0.152,254,0.975,0.996,1.395e-05,125,Q92NH8
rank0064_ca6_proteinbinders_2771_A,AF-Q2JZQ2-F1-model_v6,0.156,251,0.967,0.94,1.568e-05,124,Q2JZQ2
rank0064_ca6_proteinbinders_2771_A,AF-Q8X8D5-F1-model_v6,0.107,270,0.963,0.925,1.315e-05,124,Q8X8D5
rank0064_ca6_proteinbinders_2771_A,AF-Q4A8R0-F1-model_v6,0.095,239,0.946,0.988,4.071e-06,123,Q4A8R0
rank0064_ca6_proteinbinders_2771_A,AF-P50919-F1-model_v6,0.091,242,0.963,0.996,8.725e-06,123,P50919
rank0064_ca6_proteinbinders_2771_A,AF-P48779-F1-model_v6,0.116,239,0.946,0.988,1.315e-05,121,P48779
rank0064_ca6_proteinbinders_2771_A,AF-A9HJ86-F1-model_v6,0.126,245,0.967,0.992,2.364e-05,120,A9HJ86
rank0064_ca6_proteinbinders_2771_A,AF-Q9WYH8-F1-model_v6,0.167,231,0.938,0.683,2.265e-06,119,Q9WYH8
rank0064_ca6_proteinbinders_2771_A,AF-Q8Z2T5-F1-model_v6,0.117,249,0.946,0.853,3.17e-05,118,Q8Z2T5
rank0064_ca6_proteinbinders_2771_A,AF-P19584-F1-model_v6,0.078,415,0.988,0.753,1.663e-05,117,P19584
rank0064_ca6_proteinbinders_2771_A,AF-P32141-F1-model_v6,0.102,270,0.963,0.925,3.361e-05,116,P32141
rank0064_ca6_proteinbinders_2771_A,AF-Q9L7R9-F1-model_v6,0.117,249,0.946,0.853,4.249e-05,116,Q9L7R9
rank0064_ca6_proteinbinders_2771_A,AF-P48570-F1-model_v6,0.165,228,0.942,0.491,3.17e-05,116,P48570
rank0064_ca6_proteinbinders_2771_A,AF-Q9JYT0-F1-model_v6,0.133,239,0.963,0.941,4.506e-05,115,Q9JYT0
rank0064_ca6_proteinbinders_2771_A,AF-A1KUQ1-F1-model_v6,0.128,239,0.988,0.933,7.638e-05,115,A1KUQ1
rank0064_ca6_proteinbinders_2771_A,AF-Q12122-F1-model_v6,0.173,228,0.942,0.477,3.17e-05,115,Q12122
rank0064_ca6_proteinbinders_2771_A,AF-P77832-F1-model_v6,0.124,272,0.975,0.607,2.658e-05,115,P77832
rank0064_ca6_proteinbinders_2771_A,AF-Q83PF0-F1-model_v6,0.103,270,0.963,0.925,1.983e-05,114,Q83PF0
rank0064_ca6_proteinbinders_2771_A,AF-Q11M76-F1-model_v6,0.175,210,0.868,0.565,2.507e-05,113,Q11M76
rank0064_ca6_proteinbinders_2771_A,AF-Q68FT5-F1-model_v6,0.129,284,0.963,0.782,6.406e-05,112,Q68FT5
rank0064_ca6_proteinbinders_2771_A,AF-Q4AAM8-F1-model_v6,0.108,241,0.963,0.996,1.479e-05,111,Q4AAM8
rank0064_ca6_proteinbinders_2771_A,AF-Q8XYY7-F1-model_v6,0.138,203,0.839,0.584,3.361e-05,111,Q8XYY7
rank0064_ca6_proteinbinders_2771_A,AF-Q55B10-F1-model_v6,0.114,259,0.975,0.673,7.203e-05,111,Q55B10
rank0064_ca6_proteinbinders_2771_A,AF-Q9Y823-F1-model_v6,0.159,229,0.946,0.502,5.067e-05,111,Q9Y823
rank0064_ca6_proteinbinders_2771_A,AF-B7LXU3-F1-model_v6,0.146,237,0.979,0.815,3.779e-05,110,B7LXU3
rank0064_ca6_proteinbinders_2771_A,AF-P0C0J5-F1-model_v6,0.108,241,0.963,0.996,2.103e-05,109,P0C0J5
rank0064_ca6_proteinbinders_2771_A,AF-P0C0J6-F1-model_v6,0.105,241,0.963,0.996,2.103e-05,109,P0C0J6
rank0064_ca6_proteinbinders_2771_A,AF-B1XFJ1-F1-model_v6,0.14,237,0.979,0.815,4.249e-05,109,B1XFJ1
rank0064_ca6_proteinbinders_2771_A,AF-B4TGZ9-F1-model_v6,0.14,237,0.979,0.815,4.778e-05,109,B4TGZ9
rank0064_ca6_proteinbinders_2771_A,AF-Q46EW5-F1-model_v6,0.125,296,0.988,0.692,5.067e-05,109,Q46EW5
rank0064_ca6_proteinbinders_2771_A,AF-Q8U7G6-F1-model_v6,0.1,272,0.975,0.624,8.099e-05,109,Q8U7G6
rank0064_ca6_proteinbinders_2771_A,AF-A8G9H6-F1-model_v6,0.15,242,1.0,0.826,7.638e-05,108,A8G9H6
rank0064_ca6_proteinbinders_2771_A,AF-Q83P02-F1-model_v6,0.14,237,0.979,0.815,4.778e-05,108,Q83P02
rank0064_ca6_proteinbinders_2771_A,AF-Q0SX30-F1-model_v6,0.146,237,0.979,0.815,4.506e-05,108,Q0SX30
rank0064_ca6_proteinbinders_2771_A,AF-Q8P632-F1-model_v6,0.131,235,0.971,0.852,5.697e-05,108,Q8P632
rank0064_ca6_proteinbinders_2771_A,AF-B8GEI1-F1-model_v6,0.134,231,0.955,0.418,4.778e-05,108,B8GEI1
rank0064_ca6_proteinbinders_2771_A,AF-Q9RUL6-F1-model_v6,0.118,212,0.876,0.866,4.506e-05,107,Q9RUL6
rank0064_ca6_proteinbinders_2771_A,AF-B1LEI6-F1-model_v6,0.14,237,0.979,0.815,5.697e-05,107,B1LEI6
rank0064_ca6_proteinbinders_2771_A,AF-B5FTC5-F1-model_v6,0.14,237,0.979,0.815,6.793e-05,107,B5FTC5
rank0064_ca6_proteinbinders_2771_A,AF-A1TZG0-F1-model_v6,0.127,202,0.818,0.594,7.638e-05,107,A1TZG0
rank0064_ca6_proteinbinders_2771_A,AF-O94225-F1-model_v6,0.168,226,0.934,0.439,9.657e-05,107,O94225
rank0064_ca6_proteinbinders_2771_A,AF-Q0T8T2-F1-model_v6,0.14,237,0.979,0.815,7.203e-05,106,Q0T8T2
rank0064_ca6_proteinbinders_2771_A,AF-Q8Z0U3-F1-model_v6,0.14,237,0.979,0.815,6.406e-05,106,Q8Z0U3
rank0064_ca6_proteinbinders_2771_A,AF-Q8ZIQ4-F1-model_v6,0.16,236,0.975,0.792,9.107e-05,106,Q8ZIQ4
rank0064_ca6_proteinbinders_2771_A,AF-A0PYP2-F1-model_v6,0.12,247,0.946,0.988,6.793e-05,105,A0PYP2
rank0064_ca6_proteinbinders_2771_A,AF-B5Z928-F1-model_v6,0.167,251,0.884,0.89,3.17e-05,105,B5Z928
rank0064_ca6_proteinbinders_2771_A,AF-A4QFS3-F1-model_v6,0.151,202,0.835,0.54,7.638e-05,105,A4QFS3
rank0064_ca6_proteinbinders_2771_A,AF-Q4L4R1-F1-model_v6,0.104,235,0.959,0.975,7.203e-05,103,Q4L4R1
rank0064_ca6_proteinbinders_2771_A,AF-Q9K864-F1-model_v6,0.131,295,0.963,0.797,9.252e-06,103,Q9K864
rank0064_ca6_proteinbinders_2771_A,AF-B2UVE8-F1-model_v6,0.141,251,0.884,0.89,4.778e-05,102,B2UVE8
rank0064_ca6_proteinbinders_2771_A,AF-Q89B13-F1-model_v6,0.127,270,0.946,0.915,1.763e-05,102,Q89B13
rank0064_ca6_proteinbinders_2771_A,AF-Q8TQQ1-F1-model_v6,0.16,275,0.942,0.716,5.067e-05,102,Q8TQQ1
rank0064_ca6_proteinbinders_2771_A,AF-Q4JWE0-F1-model_v6,0.133,221,0.913,0.593,8.588e-05,100,Q4JWE0
rank0064_ca6_proteinbinders_2771_A,AF-A3PD39-F1-model_v6,0.13,239,0.959,0.992,9.107e-05,99,A3PD39
rank0064_ca6_proteinbinders_2771_A,AF-Q1CRM5-F1-model_v6,0.158,251,0.884,0.89,6.406e-05,99,Q1CRM5
rank0064_ca6_proteinbinders_2771_A,AF-B6JNP9-F1-model_v6,0.161,251,0.884,0.89,5.067e-05,99,B6JNP9
rank0064_ca6_proteinbinders_2771_A,AF-O25956-F1-model_v6,0.151,251,0.884,0.89,5.697e-05,99,O25956
rank0064_ca6_proteinbinders_2771_A,AF-Q9ZJK8-F1-model_v6,0.155,251,0.884,0.89,7.638e-05,99,Q9ZJK8
rank0064_ca6_proteinbinders_2771_A,AF-Q2GLB4-F1-model_v6,0.134,244,0.963,0.758,5.067e-05,99,Q2GLB4
rank0064_ca6_proteinbinders_2771_A,AF-Q87NA1-F1-model_v6,0.106,329,0.988,0.433,9.657e-05,99,Q87NA1
rank0064_ca6_proteinbinders_2771_A,AF-Q17VA0-F1-model_v6,0.162,251,0.884,0.89,6.793e-05,98,Q17VA0
rank0064_ca6_proteinbinders_2771_A,AF-B2K4C9-F1-model_v6,0.136,228,0.893,0.438,9.657e-05,98,B2K4C9
rank0064_ca6_proteinbinders_2771_A,AF-Q2A2V9-F1-model_v6,0.116,247,0.963,0.789,6.793e-05,97,Q2A2V9
rank0064_ca6_proteinbinders_2771_A,AF-Q9XAP2-F1-model_v6,0.133,284,0.942,0.712,6.041e-05,94,Q9XAP2
rank0064_ca6_proteinbinders_2771_A,AF-Q6AVA8-2-F1-model_v6,0.125,341,0.971,0.387,9.657e-05,91,Q6AVA8-2
rank0064_ca6_proteinbinders_2771_A,AF-Q59754-F1-model_v6,0.148,284,0.917,0.316,4.506e-05,84,Q59754
rank0065_ca6_proteinbinders_4107_A,AF-A9CHH2-F1-model_v6,0.165,226,0.966,0.418,7.475e-06,124,A9CHH2
rank0065_ca6_proteinbinders_4107_A,AF-Q726P7-F1-model_v6,0.177,230,0.983,0.408,2.413e-05,116,Q726P7
rank0065_ca6_proteinbinders_4107_A,AF-Q1RKK5-F1-model_v6,0.132,223,0.953,0.663,6.532e-05,111,Q1RKK5
rank0065_ca6_proteinbinders_4107_A,AF-Q8CWX8-F1-model_v6,0.143,229,0.979,0.408,8.754e-05,111,Q8CWX8
rank0065_ca6_proteinbinders_4107_A,AF-P75362-F1-model_v6,0.139,224,0.957,0.578,6.926e-05,110,P75362
rank0066_ca6_proteinbinders_4369_A,AF-Q8TUZ9-F1-model_v6,0.165,268,0.957,0.996,2.934e-06,131,Q8TUZ9
rank0066_ca6_proteinbinders_4369_A,AF-Q65CX5-F1-model_v6,0.115,322,0.939,0.759,4.085e-05,117,Q65CX5
rank0066_ca6_proteinbinders_4369_A,AF-Q8VS16-F1-model_v6,0.155,246,0.879,0.754,2.354e-05,116,Q8VS16
rank0066_ca6_proteinbinders_4369_A,AF-B4SI67-F1-model_v6,0.142,252,0.9,0.443,1.357e-05,114,B4SI67
rank0066_ca6_proteinbinders_4369_A,AF-B2FT78-F1-model_v6,0.146,252,0.9,0.443,3.008e-05,111,B2FT78
rank0066_ca6_proteinbinders_4369_A,AF-Q0T478-F1-model_v6,0.162,244,0.871,0.849,9.057e-05,109,Q0T478
rank0066_ca6_proteinbinders_4369_A,AF-B7NTU3-F1-model_v6,0.15,244,0.871,0.849,6.668e-05,109,B7NTU3
rank0066_ca6_proteinbinders_4369_A,AF-Q4L4R1-F1-model_v6,0.106,260,0.929,0.971,8.519e-05,106,Q4L4R1
rank0066_ca6_proteinbinders_4369_A,AF-Q1RBA3-F1-model_v6,0.153,244,0.871,0.849,9.629e-05,106,Q1RBA3
rank0066_ca6_proteinbinders_4369_A,AF-Q8X5X7-F1-model_v6,0.167,244,0.871,0.849,8.519e-05,106,Q8X5X7
rank0066_ca6_proteinbinders_4369_A,AF-P05194-F1-model_v6,0.152,244,0.871,0.849,8.519e-05,106,P05194
rank0066_ca6_proteinbinders_4369_A,AF-B3PF24-F1-model_v6,0.137,253,0.904,0.57,2.354e-05,106,B3PF24
rank0066_ca6_proteinbinders_4369_A,AF-B1IQ63-F1-model_v6,0.163,244,0.871,0.849,9.057e-05,105,B1IQ63
rank0066_ca6_proteinbinders_4369_A,AF-B7N529-F1-model_v6,0.139,258,0.921,0.921,9.057e-05,103,B7N529
rank0066_ca6_proteinbinders_4369_A,AF-B1X7I7-F1-model_v6,0.116,275,0.982,0.894,7.537e-05,101,B1X7I7
rank0066_ca6_proteinbinders_4369_A,AF-Q3J877-F1-model_v6,0.159,258,0.921,0.477,7.089e-05,101,Q3J877
rank0066_ca6_proteinbinders_4369_A,AF-P58901-F1-model_v6,0.16,252,0.9,0.44,5.549e-05,100,P58901
rank0066_ca6_proteinbinders_4369_A,AF-Q5H4C6-F1-model_v6,0.167,252,0.9,0.44,8.013e-05,99,Q5H4C6
rank0066_ca6_proteinbinders_4369_A,AF-Q3BPJ9-F1-model_v6,0.163,252,0.9,0.44,6.668e-05,99,Q3BPJ9
rank0066_ca6_proteinbinders_4369_A,AF-B0RP28-F1-model_v6,0.16,252,0.9,0.44,8.013e-05,98,B0RP28
rank0066_ca6_proteinbinders_4369_A,AF-B2SNG9-F1-model_v6,0.163,252,0.9,0.44,8.013e-05,98,B2SNG9
rank0066_ca6_proteinbinders_4369_A,AF-Q2P761-F1-model_v6,0.163,252,0.9,0.44,9.057e-05,97,Q2P761
rank0066_ca6_proteinbinders_4369_A,AF-Q4UYG1-F1-model_v6,0.16,252,0.9,0.44,9.629e-05,97,Q4UYG1
rank0066_ca6_proteinbinders_4369_A,AF-P0CZ59-F1-model_v6,0.116,273,0.975,0.901,5.219e-05,94,P0CZ59
rank0066_ca6_proteinbinders_4369_A,AF-P68906-F1-model_v6,0.116,273,0.975,0.901,6.272e-05,93,P68906
rank0066_ca6_proteinbinders_4369_A,AF-B8DM91-F1-model_v6,0.162,260,0.864,0.506,9.057e-05,92,B8DM91
rank0067_ca6_proteinbinders_0561_A,AF-Q8SSM8-F1-model_v6,0.126,305,0.971,0.902,1.064e-05,109,Q8SSM8
rank0067_ca6_proteinbinders_0561_A,AF-Q83PF0-F1-model_v6,0.125,278,0.993,0.928,8.902e-06,106,Q83PF0
rank0067_ca6_proteinbinders_0561_A,AF-Q9L7R9-F1-model_v6,0.15,237,0.846,0.712,1.71e-05,106,Q9L7R9
rank0067_ca6_proteinbinders_0561_A,AF-Q8X8D5-F1-model_v6,0.124,278,0.993,0.928,4.917e-06,105,Q8X8D5
rank0067_ca6_proteinbinders_0561_A,AF-P32141-F1-model_v6,0.121,278,0.993,0.928,8.389e-06,105,P32141
rank0067_ca6_proteinbinders_0561_A,AF-P53447-F1-model_v6,0.106,309,0.975,0.849,1.002e-05,104,P53447
rank0067_ca6_proteinbinders_0561_A,AF-Q5NVR5-F1-model_v6,0.106,309,0.975,0.849,2.75e-05,94,Q5NVR5
rank0067_ca6_proteinbinders_0561_A,AF-Q5RFG2-F1-model_v6,0.156,295,0.975,0.727,9.017e-05,93,Q5RFG2
rank0067_ca6_proteinbinders_0561_A,AF-Q9LF98-F1-model_v6,0.107,284,0.936,0.793,8.497e-05,86,Q9LF98
rank0067_ca6_proteinbinders_0561_A,AF-P11155-2-F1-model_v6,0.103,339,0.964,0.384,7.546e-05,71,P11155-2
rank0067_ca6_proteinbinders_0561_A,AF-P11155-F1-model_v6,0.101,339,0.964,0.358,9.017e-05,71,P11155
rank0069_ca6_proteinbinders_2543_A,AF-C1DMX5-F1-model_v6,0.201,170,0.793,0.664,9.075e-05,140,C1DMX5
rank0069_ca6_proteinbinders_2543_A,AF-Q9ZNN8-F1-model_v6,0.171,214,0.975,0.829,6.365e-05,126,Q9ZNN8
rank0069_ca6_proteinbinders_2543_A,AF-A0A1U8QWA2-F1-model_v6,0.163,219,0.96,0.172,9.627e-05,102,A0A1U8QWA2
rank0070_ca6_proteinbinders_1283_A,AF-A4SEP8-F1-model_v6,0.136,246,0.965,0.952,3.595e-06,121,A4SEP8
rank0070_ca6_proteinbinders_1283_A,AF-P37586-F1-model_v6,0.165,260,0.882,0.212,2.359e-06,120,P37586
rank0070_ca6_proteinbinders_1283_A,AF-Q8TYM1-F1-model_v6,0.171,226,0.886,0.44,6.562e-06,118,Q8TYM1
rank0070_ca6_proteinbinders_1283_A,AF-A6GW77-F1-model_v6,0.142,274,0.929,0.757,2.059e-05,106,A6GW77
rank0070_ca6_proteinbinders_1283_A,AF-A5FLT1-F1-model_v6,0.154,242,0.945,0.667,3.54e-05,104,A5FLT1
rank0070_ca6_proteinbinders_1283_A,AF-O29305-F1-model_v6,0.124,223,0.875,0.456,1.524e-05,104,O29305
rank0070_ca6_proteinbinders_1283_A,AF-Q9A823-F1-model_v6,0.148,233,0.886,0.445,2.187e-05,103,Q9A823
rank0070_ca6_proteinbinders_1283_A,AF-B2I596-F1-model_v6,0.121,232,0.882,0.447,3.993e-05,101,B2I596
rank0070_ca6_proteinbinders_1283_A,AF-Q4JA78-F1-model_v6,0.127,225,0.878,0.583,4.783e-05,100,Q4JA78
rank0070_ca6_proteinbinders_1283_A,AF-O27525-F1-model_v6,0.142,210,0.824,0.4,2.059e-05,98,O27525
rank0070_ca6_proteinbinders_1283_A,AF-Q5H4C6-F1-model_v6,0.125,231,0.878,0.444,6.462e-05,98,Q5H4C6
rank0070_ca6_proteinbinders_1283_A,AF-O67862-F1-model_v6,0.146,232,0.882,0.446,3.993e-05,98,O67862
rank0070_ca6_proteinbinders_1283_A,AF-Q07WG9-F1-model_v6,0.102,230,0.875,0.441,3.333e-05,98,Q07WG9
rank0070_ca6_proteinbinders_1283_A,AF-Q3B4B1-F1-model_v6,0.159,249,0.976,0.967,4.504e-05,97,Q3B4B1
rank0070_ca6_proteinbinders_1283_A,AF-Q87CL8-F1-model_v6,0.117,232,0.882,0.447,5.395e-05,97,Q87CL8
rank0070_ca6_proteinbinders_1283_A,AF-Q2P761-F1-model_v6,0.122,231,0.878,0.444,6.085e-05,97,Q2P761
rank0070_ca6_proteinbinders_1283_A,AF-B2SNG9-F1-model_v6,0.122,231,0.878,0.444,5.395e-05,97,B2SNG9
rank0070_ca6_proteinbinders_1283_A,AF-Q3BPJ9-F1-model_v6,0.122,231,0.878,0.444,5.729e-05,97,Q3BPJ9
rank0070_ca6_proteinbinders_1283_A,AF-A4FA49-F1-model_v6,0.192,219,0.859,0.666,4.783e-05,96,A4FA49
rank0070_ca6_proteinbinders_1283_A,AF-B2IEZ6-F1-model_v6,0.155,233,0.886,0.728,9.849e-05,96,B2IEZ6
rank0070_ca6_proteinbinders_1283_A,AF-Q8TW28-F1-model_v6,0.169,259,0.976,0.652,6.462e-05,96,Q8TW28
rank0070_ca6_proteinbinders_1283_A,AF-B9IUZ0-F1-model_v6,0.146,231,0.878,0.457,2.782e-05,96,B9IUZ0
rank0070_ca6_proteinbinders_1283_A,AF-Q73BA0-F1-model_v6,0.146,231,0.878,0.457,2.782e-05,96,Q73BA0
rank0070_ca6_proteinbinders_1283_A,AF-Q9PCG3-F1-model_v6,0.117,232,0.882,0.447,6.462e-05,96,Q9PCG3
rank0070_ca6_proteinbinders_1283_A,AF-Q8YWS8-F1-model_v6,0.16,219,0.859,0.759,4.783e-05,95,Q8YWS8
rank0070_ca6_proteinbinders_1283_A,AF-Q8U2A2-F1-model_v6,0.151,278,0.992,0.557,6.863e-05,95,Q8U2A2
rank0070_ca6_proteinbinders_1283_A,AF-B8I1T7-F1-model_v6,0.137,232,0.882,0.457,7.741e-05,95,B8I1T7
rank0070_ca6_proteinbinders_1283_A,AF-Q1LPX2-F1-model_v6,0.128,214,0.835,0.417,7.289e-05,95,Q1LPX2
rank0070_ca6_proteinbinders_1283_A,AF-P58901-F1-model_v6,0.122,231,0.878,0.444,8.222e-05,95,P58901
rank0070_ca6_proteinbinders_1283_A,AF-Q4UYG1-F1-model_v6,0.122,231,0.878,0.444,7.289e-05,95,Q4UYG1
rank0070_ca6_proteinbinders_1283_A,AF-Q3M672-F1-model_v6,0.167,219,0.859,0.759,3.993e-05,94,Q3M672
rank0070_ca6_proteinbinders_1283_A,AF-A7GMU1-F1-model_v6,0.142,231,0.878,0.457,1.939e-05,94,A7GMU1
rank0070_ca6_proteinbinders_1283_A,AF-B0RP28-F1-model_v6,0.122,231,0.878,0.444,8.732e-05,94,B0RP28
rank0070_ca6_proteinbinders_1283_A,AF-A3QIP0-F1-model_v6,0.113,230,0.875,0.44,4.24e-05,94,A3QIP0
rank0070_ca6_proteinbinders_1283_A,AF-Q2JRI4-F1-model_v6,0.155,230,0.878,0.742,8.222e-05,93,Q2JRI4
rank0070_ca6_proteinbinders_1283_A,AF-O26819-F1-model_v6,0.145,224,0.878,0.446,5.729e-05,93,O26819
rank0070_ca6_proteinbinders_1283_A,AF-A9VLG7-F1-model_v6,0.142,231,0.878,0.457,4.24e-05,93,A9VLG7
rank0070_ca6_proteinbinders_1283_A,AF-Q81T68-F1-model_v6,0.147,231,0.878,0.457,5.395e-05,93,Q81T68
rank0070_ca6_proteinbinders_1283_A,AF-Q6HLF3-F1-model_v6,0.146,231,0.878,0.457,3.993e-05,93,Q6HLF3
rank0070_ca6_proteinbinders_1283_A,AF-B1KKZ4-F1-model_v6,0.11,230,0.875,0.44,7.289e-05,93,B1KKZ4
rank0070_ca6_proteinbinders_1283_A,AF-B7JVF9-F1-model_v6,0.15,217,0.851,0.755,4.783e-05,92,B7JVF9
rank0070_ca6_proteinbinders_1283_A,AF-Q39V51-F1-model_v6,0.155,220,0.863,0.734,9.849e-05,92,Q39V51
rank0070_ca6_proteinbinders_1283_A,AF-A1REY0-F1-model_v6,0.109,230,0.875,0.441,6.462e-05,92,A1REY0
rank0070_ca6_proteinbinders_1283_A,AF-A8H9A1-F1-model_v6,0.106,230,0.875,0.44,9.273e-05,92,A8H9A1
rank0070_ca6_proteinbinders_1283_A,AF-A7Z7B8-F1-model_v6,0.125,231,0.878,0.446,5.729e-05,91,A7Z7B8
rank0070_ca6_proteinbinders_1283_A,AF-Q89GB0-F1-model_v6,0.127,231,0.878,0.444,8.732e-05,91,Q89GB0
rank0070_ca6_proteinbinders_1283_A,AF-A9KY13-F1-model_v6,0.112,230,0.875,0.441,6.085e-05,91,A9KY13
rank0070_ca6_proteinbinders_1283_A,AF-A4Y2M0-F1-model_v6,0.113,230,0.875,0.441,7.289e-05,91,A4Y2M0
rank0070_ca6_proteinbinders_1283_A,AF-A0M7A9-F1-model_v6,0.151,249,0.851,0.686,7.289e-05,90,A0M7A9
rank0070_ca6_proteinbinders_1283_A,AF-Q8E9N2-F1-model_v6,0.116,230,0.875,0.441,7.289e-05,89,Q8E9N2
rank0070_ca6_proteinbinders_1283_A,AF-B6ELK0-F1-model_v6,0.119,230,0.875,0.447,9.849e-05,88,B6ELK0
rank0070_ca6_proteinbinders_1283_A,AF-Q02K83-F1-model_v6,0.188,217,0.851,0.685,9.273e-05,87,Q02K83
rank0070_ca6_proteinbinders_1283_A,AF-Q01181-F1-model_v6,0.189,267,0.992,0.683,5.729e-05,87,Q01181
rank0071_ca6_proteinbinders_0350_A,AF-Q7Z5J1-F1-model_v6,0.186,179,0.821,0.568,7.199e-05,123,Q7Z5J1
rank0071_ca6_proteinbinders_0350_A,AF-Q6Q7D2-F1-model_v6,0.173,210,0.926,0.732,9.118e-05,114,Q6Q7D2
rank0073_ca6_proteinbinders_4437_A,AF-Q57894-F1-model_v6,0.128,190,0.984,0.993,7.031e-05,160,Q57894
rank0074_ca6_proteinbinders_0628_A,AF-B5IEU6-F1-model_v6,0.166,256,0.988,0.959,1.125e-05,146,B5IEU6
rank0074_ca6_proteinbinders_0628_A,AF-Q5FLZ2-F1-model_v6,0.14,255,0.985,0.924,1.883e-05,136,Q5FLZ2
rank0074_ca6_proteinbinders_0628_A,AF-Q74IA4-F1-model_v6,0.162,255,0.985,0.924,2.367e-05,133,Q74IA4
rank0074_ca6_proteinbinders_0628_A,AF-Q73QJ5-F1-model_v6,0.148,227,0.876,0.981,8.34e-05,129,Q73QJ5
rank0074_ca6_proteinbinders_0628_A,AF-Q89ZF2-F1-model_v6,0.159,255,0.985,0.92,6.264e-05,126,Q89ZF2
rank0074_ca6_proteinbinders_0628_A,AF-Q7MP37-F1-model_v6,0.136,228,0.88,0.963,8.831e-05,124,Q7MP37
rank0074_ca6_proteinbinders_0628_A,AF-B3PF24-F1-model_v6,0.14,245,0.861,0.57,3.963e-05,123,B3PF24
rank0074_ca6_proteinbinders_0628_A,AF-Q46DZ7-F1-model_v6,0.154,256,0.988,0.95,5.587e-05,118,Q46DZ7
rank0074_ca6_proteinbinders_0628_A,AF-B7LMU4-F1-model_v6,0.122,262,0.965,0.916,2.111e-05,116,B7LMU4
rank0074_ca6_proteinbinders_0628_A,AF-A7ZAH2-F1-model_v6,0.118,273,0.992,0.941,1.336e-05,113,A7ZAH2
rank0074_ca6_proteinbinders_0628_A,AF-B7NCC6-F1-model_v6,0.135,262,0.961,0.923,6.264e-05,112,B7NCC6
rank0074_ca6_proteinbinders_0628_A,AF-Q5PL86-F1-model_v6,0.142,258,0.988,0.908,7.535e-06,112,Q5PL86
rank0074_ca6_proteinbinders_0628_A,AF-Q0TCW8-F1-model_v6,0.118,266,0.981,0.93,1.679e-05,112,Q0TCW8
rank0074_ca6_proteinbinders_0628_A,AF-Q8XGZ9-F1-model_v6,0.144,258,0.988,0.908,6.72e-06,111,Q8XGZ9
rank0074_ca6_proteinbinders_0628_A,AF-Q49W41-F1-model_v6,0.111,242,0.934,0.992,1.586e-05,110,Q49W41
rank0074_ca6_proteinbinders_0628_A,AF-Q4JWG3-F1-model_v6,0.128,277,0.915,0.776,5.587e-05,110,Q4JWG3
rank0074_ca6_proteinbinders_0628_A,AF-A7ZNR5-F1-model_v6,0.127,262,0.981,0.923,1.586e-05,109,A7ZNR5
rank0074_ca6_proteinbinders_0628_A,AF-Q5ZXH9-F1-model_v6,0.141,264,0.965,0.742,1.994e-05,109,Q5ZXH9
rank0074_ca6_proteinbinders_0628_A,AF-O50580-F1-model_v6,0.135,288,0.973,0.993,6.633e-05,108,O50580
rank0074_ca6_proteinbinders_0628_A,AF-Q8ZYF6-F1-model_v6,0.158,261,0.965,0.741,9.351e-05,108,Q8ZYF6
rank0074_ca6_proteinbinders_0628_A,AF-P0CZ59-F1-model_v6,0.129,267,0.988,0.911,4.251e-06,107,P0CZ59
rank0074_ca6_proteinbinders_0628_A,AF-B5BGG5-F1-model_v6,0.144,256,0.988,0.894,1.586e-05,106,B5BGG5
rank0074_ca6_proteinbinders_0628_A,AF-P0A507-F1-model_v6,0.135,271,0.903,0.777,9.351e-05,106,P0A507
rank0074_ca6_proteinbinders_0628_A,AF-P0CZ58-F1-model_v6,0.129,267,0.988,0.911,7.116e-06,104,P0CZ58
rank0074_ca6_proteinbinders_0628_A,AF-Q5V216-F1-model_v6,0.113,259,0.954,0.935,9.351e-05,102,Q5V216
rank0074_ca6_proteinbinders_0628_A,AF-P68905-F1-model_v6,0.133,267,0.988,0.911,1.003e-05,102,P68905
rank0074_ca6_proteinbinders_0628_A,AF-Q72RG8-F1-model_v6,0.129,267,0.931,0.761,7.876e-05,100,Q72RG8
rank0074_ca6_proteinbinders_0628_A,AF-Q5XA12-F1-model_v6,0.129,267,0.988,0.911,1.191e-05,98,Q5XA12
rank0074_ca6_proteinbinders_0628_A,AF-A9FD62-F1-model_v6,0.155,260,0.919,0.699,9.902e-05,88,A9FD62
rank0075_ca6_proteinbinders_4408_A,AF-P39333-F1-model_v6,0.146,230,0.898,0.97,5.276e-08,221,P39333
rank0075_ca6_proteinbinders_4408_A,AF-A0AAT9JA24-F1-model_v6,0.23,220,0.937,0.775,8.573e-08,204,A0AAT9JA24
rank0075_ca6_proteinbinders_4408_A,AF-P0DOV5-F1-model_v6,0.188,225,0.937,0.865,3.462e-07,193,P0DOV5
rank0075_ca6_proteinbinders_4408_A,AF-P0A5Y7-F1-model_v6,0.157,243,0.971,0.903,2.264e-07,189,P0A5Y7
rank0075_ca6_proteinbinders_4408_A,AF-P9WGR1-F1-model_v6,0.16,239,0.951,0.888,2.264e-07,189,P9WGR1
rank0075_ca6_proteinbinders_4408_A,AF-P9WGR0-F1-model_v6,0.16,239,0.951,0.888,2.556e-07,186,P9WGR0
rank0075_ca6_proteinbinders_4408_A,AF-P16543-F1-model_v6,0.169,227,0.995,0.912,1.097e-06,183,P16543
rank0075_ca6_proteinbinders_4408_A,AF-E9EHG1-F1-model_v6,0.174,240,0.981,0.899,3.258e-07,183,E9EHG1
rank0075_ca6_proteinbinders_4408_A,AF-A0A0B4FP77-F1-model_v6,0.182,240,0.981,0.899,2.406e-07,181,A0A0B4FP77
rank0075_ca6_proteinbinders_4408_A,AF-A0A0B4HVU2-F1-model_v6,0.182,240,0.981,0.899,3.462e-07,179,A0A0B4HVU2
rank0075_ca6_proteinbinders_4408_A,AF-P40580-F1-model_v6,0.152,238,0.961,0.905,2.138e-06,175,P40580
rank0075_ca6_proteinbinders_4408_A,AF-A4W9Z4-F1-model_v6,0.143,221,1.0,0.921,2.896e-06,174,A4W9Z4
rank0075_ca6_proteinbinders_4408_A,AF-O07400-F1-model_v6,0.151,261,0.995,0.974,1.238e-06,174,O07400
rank0075_ca6_proteinbinders_4408_A,AF-A0A0B4GT47-F1-model_v6,0.189,240,0.981,0.899,6.75e-07,171,A0A0B4GT47
rank0075_ca6_proteinbinders_4408_A,AF-Q29529-F1-model_v6,0.163,231,0.879,0.947,8.636e-06,169,Q29529
rank0075_ca6_proteinbinders_4408_A,AF-P14697-F1-model_v6,0.182,222,0.951,0.902,4.154e-07,169,P14697
rank0075_ca6_proteinbinders_4408_A,AF-Q05528-F1-model_v6,0.182,228,0.981,0.901,1.316e-06,169,Q05528
rank0075_ca6_proteinbinders_4408_A,AF-P42829-F1-model_v6,0.143,262,0.995,0.974,2.138e-06,169,P42829
rank0075_ca6_proteinbinders_4408_A,AF-P0AEK2-F1-model_v6,0.203,224,0.976,0.918,2.138e-06,168,P0AEK2
rank0075_ca6_proteinbinders_4408_A,AF-P0A2D0-F1-model_v6,0.191,222,0.966,0.91,2.272e-06,167,P0A2D0
rank0075_ca6_proteinbinders_4408_A,AF-P0A2C9-F1-model_v6,0.191,222,0.966,0.91,2.272e-06,167,P0A2C9
rank0075_ca6_proteinbinders_4408_A,AF-Q54LJ8-F1-model_v6,0.147,266,0.985,0.881,7.172e-07,167,Q54LJ8
rank0075_ca6_proteinbinders_4408_A,AF-Q1RKB7-F1-model_v6,0.181,211,0.937,0.876,8.604e-07,166,Q1RKB7
rank0075_ca6_proteinbinders_4408_A,AF-P0AEK3-F1-model_v6,0.182,224,0.976,0.918,3.923e-06,165,P0AEK3
rank0075_ca6_proteinbinders_4408_A,AF-P37769-F1-model_v6,0.19,228,0.981,0.901,2.726e-06,165,P37769
rank0075_ca6_proteinbinders_4408_A,AF-F9XMW6-F1-model_v6,0.162,240,0.966,0.899,9.715e-07,165,F9XMW6
rank0075_ca6_proteinbinders_4408_A,AF-A0A1C9CX56-F1-model_v6,0.164,174,0.748,0.447,2.28e-05,165,A0A1C9CX56
rank0075_ca6_proteinbinders_4408_A,AF-Q53217-F1-model_v6,0.207,217,0.947,0.396,2.272e-06,164,Q53217
rank0075_ca6_proteinbinders_4408_A,AF-Q8FHB1-F1-model_v6,0.136,219,0.99,0.913,8.636e-06,163,Q8FHB1
rank0075_ca6_proteinbinders_4408_A,AF-Q5AV81-F1-model_v6,0.137,250,0.99,0.98,1.894e-06,163,Q5AV81
rank0075_ca6_proteinbinders_4408_A,AF-A6T8N3-F1-model_v6,0.156,220,0.995,0.917,8.636e-06,162,A6T8N3
rank0075_ca6_proteinbinders_4408_A,AF-B1LET0-F1-model_v6,0.14,219,0.99,0.913,9.176e-06,162,B1LET0
rank0075_ca6_proteinbinders_4408_A,AF-A7ZM66-F1-model_v6,0.131,219,0.99,0.913,2.02e-05,161,A7ZM66
rank0075_ca6_proteinbinders_4408_A,AF-P0AFS3-F1-model_v6,0.136,219,0.99,0.913,6e-06,160,P0AFS3
rank0075_ca6_proteinbinders_4408_A,AF-K7WDL7-F1-model_v6,0.158,173,0.748,0.446,3.488e-05,159,K7WDL7
rank0075_ca6_proteinbinders_4408_A,AF-Q32G72-F1-model_v6,0.136,219,0.99,0.913,1.491e-05,158,Q32G72
rank0075_ca6_proteinbinders_4408_A,AF-B1IQY4-F1-model_v6,0.131,219,0.99,0.913,9.75e-06,158,B1IQY4
rank0075_ca6_proteinbinders_4408_A,AF-Q0THM2-F1-model_v6,0.136,219,0.99,0.913,1.101e-05,156,Q0THM2
rank0075_ca6_proteinbinders_4408_A,AF-P50204-F1-model_v6,0.174,221,0.966,0.913,7.649e-06,155,P50204
rank0075_ca6_proteinbinders_4408_A,AF-Q4UK62-F1-model_v6,0.17,220,0.981,0.913,5.314e-06,154,Q4UK62
rank0075_ca6_proteinbinders_4408_A,AF-P43713-F1-model_v6,0.195,236,0.888,0.975,5.314e-06,154,P43713
rank0075_ca6_proteinbinders_4408_A,AF-Q8RJB2-F1-model_v6,0.128,235,0.981,0.944,5.314e-06,154,Q8RJB2
rank0075_ca6_proteinbinders_4408_A,AF-O52384-F1-model_v6,0.193,179,0.743,0.691,7.225e-05,154,O52384
rank0075_ca6_proteinbinders_4408_A,AF-Q0T4H1-F1-model_v6,0.131,219,0.99,0.913,1.321e-05,153,Q0T4H1
rank0075_ca6_proteinbinders_4408_A,AF-A8A0E8-F1-model_v6,0.136,219,0.99,0.913,2.423e-05,153,A8A0E8
rank0075_ca6_proteinbinders_4408_A,AF-A8AGY5-F1-model_v6,0.136,219,0.99,0.913,2.575e-05,153,A8AGY5
rank0075_ca6_proteinbinders_4408_A,AF-A1ABF1-F1-model_v6,0.131,219,0.99,0.913,1.684e-05,153,A1ABF1
rank0075_ca6_proteinbinders_4408_A,AF-Q320W2-F1-model_v6,0.136,219,0.99,0.913,1.584e-05,151,Q320W2
rank0075_ca6_proteinbinders_4408_A,AF-Q3Z1V9-F1-model_v6,0.136,219,0.99,0.913,1.584e-05,151,Q3Z1V9
rank0075_ca6_proteinbinders_4408_A,AF-P50205-F1-model_v6,0.21,217,0.937,0.9,6.774e-06,151,P50205
rank0075_ca6_proteinbinders_4408_A,AF-P0AFS4-F1-model_v6,0.131,219,0.99,0.913,1.901e-05,150,P0AFS4
rank0075_ca6_proteinbinders_4408_A,AF-O32099-F1-model_v6,0.139,229,0.985,0.942,9.75e-06,149,O32099
rank0075_ca6_proteinbinders_4408_A,AF-Q83RC9-F1-model_v6,0.131,219,0.99,0.913,2.423e-05,148,Q83RC9
rank0075_ca6_proteinbinders_4408_A,AF-Q1RBJ2-F1-model_v6,0.136,219,0.99,0.913,2.575e-05,147,Q1RBJ2
rank0075_ca6_proteinbinders_4408_A,AF-Q8K9J5-F1-model_v6,0.154,225,0.99,0.922,1.901e-05,146,Q8K9J5
rank0075_ca6_proteinbinders_4408_A,AF-P0AFP5-F1-model_v6,0.162,245,1.0,0.911,1.403e-05,145,P0AFP5
rank0075_ca6_proteinbinders_4408_A,AF-Q8U8I2-F1-model_v6,0.151,233,0.883,0.936,3.706e-05,144,Q8U8I2
rank0075_ca6_proteinbinders_4408_A,AF-I1S3L0-F1-model_v6,0.129,248,0.961,0.958,1.491e-05,142,I1S3L0
rank0075_ca6_proteinbinders_4408_A,AF-Q12068-F1-model_v6,0.133,207,0.777,0.605,1.789e-05,142,Q12068
rank0075_ca6_proteinbinders_4408_A,AF-P0AFP4-F1-model_v6,0.161,245,1.0,0.911,1.17e-05,141,P0AFP4
rank0075_ca6_proteinbinders_4408_A,AF-Q5P5I4-F1-model_v6,0.164,227,0.981,0.912,5.001e-06,140,Q5P5I4
rank0075_ca6_proteinbinders_4408_A,AF-P45200-F1-model_v6,0.127,238,0.903,0.944,6.799e-05,140,P45200
rank0075_ca6_proteinbinders_4408_A,AF-Q99MZ7-F1-model_v6,0.161,284,0.981,0.937,2.575e-05,140,Q99MZ7
rank0075_ca6_proteinbinders_4408_A,AF-G9N4A9-F1-model_v6,0.121,280,0.985,0.976,1.321e-05,138,G9N4A9
rank0075_ca6_proteinbinders_4408_A,AF-Q7SHI2-F1-model_v6,0.16,285,1.0,0.983,1.17e-05,138,Q7SHI2
rank0075_ca6_proteinbinders_4408_A,AF-Q9KWN1-F1-model_v6,0.161,233,0.883,0.936,6.022e-05,137,Q9KWN1
rank0075_ca6_proteinbinders_4408_A,AF-B6HLP6-F1-model_v6,0.115,249,0.985,0.965,3.282e-05,136,B6HLP6
rank0075_ca6_proteinbinders_4408_A,AF-P23238-F1-model_v6,0.192,221,0.966,0.917,2.02e-05,134,P23238
rank0075_ca6_proteinbinders_4408_A,AF-Q7TS56-F1-model_v6,0.152,232,0.893,0.983,7.677e-05,131,Q7TS56
rank0075_ca6_proteinbinders_4408_A,AF-Q09851-F1-model_v6,0.151,214,0.84,0.723,4.724e-05,131,Q09851
rank0075_ca6_proteinbinders_4408_A,AF-Q2NRV7-F1-model_v6,0.13,177,0.743,0.268,5.334e-05,131,Q2NRV7
rank0075_ca6_proteinbinders_4408_A,AF-O86034-F1-model_v6,0.151,242,0.981,0.938,7.225e-05,129,O86034
rank0075_ca6_proteinbinders_4408_A,AF-P53111-F1-model_v6,0.111,254,0.976,0.732,9.21e-05,127,P53111
rank0075_ca6_proteinbinders_4408_A,AF-A0A017SE81-F1-model_v6,0.135,228,0.99,0.797,6.799e-05,125,A0A017SE81
rank0075_ca6_proteinbinders_4408_A,AF-P53878-F1-model_v6,0.121,324,0.985,0.796,6.399e-05,125,P53878
rank0075_ca6_proteinbinders_4408_A,AF-A2T7G9-F1-model_v6,0.117,218,0.947,0.901,8.157e-05,123,A2T7G9
rank0075_ca6_proteinbinders_4408_A,AF-A0A3R5XUE6-F1-model_v6,0.135,281,0.985,0.993,6.399e-05,117,A0A3R5XUE6
rank0075_ca6_proteinbinders_4408_A,AF-P93143-F1-model_v6,0.162,237,0.976,0.76,7.677e-05,111,P93143
rank0076_ca6_proteinbinders_3701_A,AF-Q6BQK1-F1-model_v6,0.127,208,0.912,0.628,5.639e-06,146,Q6BQK1
rank0076_ca6_proteinbinders_3701_A,AF-Q9STY8-F1-model_v6,0.155,223,0.965,0.724,2.559e-05,136,Q9STY8
rank0076_ca6_proteinbinders_3701_A,AF-Q9XT00-F1-model_v6,0.176,189,0.829,0.718,2.889e-05,134,Q9XT00
rank0076_ca6_proteinbinders_3701_A,AF-Q6P7J1-F1-model_v6,0.151,216,0.947,0.739,4.687e-05,132,Q6P7J1
rank0076_ca6_proteinbinders_3701_A,AF-P0DKC7-F1-model_v6,0.133,223,0.978,0.736,3.26e-05,132,P0DKC7
rank0076_ca6_proteinbinders_3701_A,AF-Q9T0G0-F1-model_v6,0.126,233,0.969,0.599,3.069e-05,131,Q9T0G0
rank0076_ca6_proteinbinders_3701_A,AF-Q7SYS6-F1-model_v6,0.157,216,0.947,0.739,4.687e-05,129,Q7SYS6
rank0076_ca6_proteinbinders_3701_A,AF-Q64105-F1-model_v6,0.162,241,0.982,0.923,8.107e-06,127,Q64105
rank0076_ca6_proteinbinders_3701_A,AF-P0DKC6-F1-model_v6,0.133,198,0.868,0.521,9.688e-05,126,P0DKC6
rank0076_ca6_proteinbinders_3701_A,AF-Q17QK8-F1-model_v6,0.159,235,0.974,0.88,7.183e-06,125,Q17QK8
rank0076_ca6_proteinbinders_3701_A,AF-P43066-F1-model_v6,0.154,244,0.961,0.868,9.119e-05,125,P43066
rank0076_ca6_proteinbinders_3701_A,AF-P50167-F1-model_v6,0.139,247,0.974,0.888,8.584e-05,124,P50167
rank0076_ca6_proteinbinders_3701_A,AF-P50166-F1-model_v6,0.178,197,0.864,0.688,5.971e-05,124,P50166
rank0076_ca6_proteinbinders_3701_A,AF-Q5RJY4-2-F1-model_v6,0.152,230,0.943,0.728,4.687e-05,124,Q5RJY4-2
rank0076_ca6_proteinbinders_3701_A,AF-Q8LKV5-F1-model_v6,0.123,229,0.969,0.633,6.343e-05,123,Q8LKV5
rank0076_ca6_proteinbinders_3701_A,AF-Q9LUF2-F1-model_v6,0.143,223,0.978,0.736,4.979e-05,122,Q9LUF2
rank0076_ca6_proteinbinders_3701_A,AF-Q8R536-F1-model_v6,0.136,241,0.982,0.92,5.99e-06,120,Q8R536
rank0076_ca6_proteinbinders_3701_A,AF-Q5RJY4-F1-model_v6,0.157,230,0.943,0.708,4.412e-05,119,Q5RJY4
rank0076_ca6_proteinbinders_3701_A,AF-Q09851-F1-model_v6,0.123,196,0.86,0.584,8.08e-05,111,Q09851
rank0076_ca6_proteinbinders_3701_A,AF-A0A017SE81-F1-model_v6,0.125,231,1.0,0.808,2.409e-05,107,A0A017SE81
rank0080_ca6_proteinbinders_1302_A,AF-O33259-F1-model_v6,0.137,314,0.957,0.245,6.944e-05,122,O33259
rank0081_ca6_proteinbinders_3575_A,AF-Q8PWF3-F1-model_v6,0.18,162,0.822,0.427,3.528e-05,134,Q8PWF3
rank0081_ca6_proteinbinders_3575_A,AF-Q1MEZ8-F1-model_v6,0.15,158,0.784,0.392,9.271e-05,120,Q1MEZ8
rank0082_ca6_proteinbinders_3830_A,AF-A6USK6-F1-model_v6,0.209,272,0.951,0.992,1.608e-06,169,A6USK6
rank0082_ca6_proteinbinders_3830_A,AF-P45208-F1-model_v6,0.127,273,0.941,0.935,4.734e-07,167,P45208
rank0082_ca6_proteinbinders_3830_A,AF-Q8FVH2-F1-model_v6,0.136,278,0.972,0.996,2.509e-06,164,Q8FVH2
rank0082_ca6_proteinbinders_3830_A,AF-Q89B13-F1-model_v6,0.123,276,0.965,0.919,6.251e-07,163,Q89B13
rank0082_ca6_proteinbinders_3830_A,AF-Q9JZQ3-F1-model_v6,0.131,271,0.934,0.928,1.152e-06,158,Q9JZQ3
rank0082_ca6_proteinbinders_3830_A,AF-A5WHC3-F1-model_v6,0.159,278,0.972,0.765,5.463e-06,156,A5WHC3
rank0082_ca6_proteinbinders_3830_A,AF-Q2YIQ6-F1-model_v6,0.139,278,0.972,0.996,4.624e-06,153,Q2YIQ6
rank0082_ca6_proteinbinders_3830_A,AF-O54235-F1-model_v6,0.14,278,0.969,0.906,1.439e-06,152,O54235
rank0082_ca6_proteinbinders_3830_A,AF-O26232-F1-model_v6,0.139,273,0.955,0.925,8.062e-06,150,O26232
rank0082_ca6_proteinbinders_3830_A,AF-Q8YCV3-F1-model_v6,0.136,278,0.972,0.996,7.214e-06,149,Q8YCV3
rank0082_ca6_proteinbinders_3830_A,AF-P0C119-F1-model_v6,0.139,278,0.972,0.996,5.776e-06,147,P0C119
rank0082_ca6_proteinbinders_3830_A,AF-A4XJU0-F1-model_v6,0.14,279,0.976,0.783,1.33e-05,146,A4XJU0
rank0082_ca6_proteinbinders_3830_A,AF-O67422-F1-model_v6,0.119,281,0.962,0.949,2.804e-06,146,O67422
rank0082_ca6_proteinbinders_3830_A,AF-Q2NHA5-F1-model_v6,0.127,271,0.948,0.968,3.616e-05,141,Q2NHA5
rank0082_ca6_proteinbinders_3830_A,AF-Q6LZC1-F1-model_v6,0.19,265,0.927,0.992,1.608e-06,141,Q6LZC1
rank0082_ca6_proteinbinders_3830_A,AF-Q5JDB0-F1-model_v6,0.179,269,0.941,1.0,6.824e-06,140,Q5JDB0
rank0082_ca6_proteinbinders_3830_A,AF-Q9X1Z5-F1-model_v6,0.141,333,0.965,0.75,6.106e-06,140,Q9X1Z5
rank0082_ca6_proteinbinders_3830_A,AF-Q58499-F1-model_v6,0.171,275,0.962,0.987,1.856e-05,139,Q58499
rank0082_ca6_proteinbinders_3830_A,AF-Q8KA62-F1-model_v6,0.139,269,0.934,0.921,9.01e-06,139,Q8KA62
rank0082_ca6_proteinbinders_3830_A,AF-P71319-F1-model_v6,0.137,272,0.937,0.913,4.624e-06,139,P71319
rank0082_ca6_proteinbinders_3830_A,AF-B1LB08-F1-model_v6,0.141,333,0.965,0.75,7.214e-06,139,B1LB08
rank0082_ca6_proteinbinders_3830_A,AF-A5ILR5-F1-model_v6,0.139,333,0.965,0.75,8.062e-06,137,A5ILR5
rank0082_ca6_proteinbinders_3830_A,AF-P0AEZ1-F1-model_v6,0.144,271,0.948,0.912,1.007e-05,136,P0AEZ1
rank0082_ca6_proteinbinders_3830_A,AF-P0AEZ2-F1-model_v6,0.144,271,0.948,0.912,1.064e-05,136,P0AEZ2
rank0082_ca6_proteinbinders_3830_A,AF-Q88GW8-F1-model_v6,0.172,277,0.969,0.762,4.775e-05,135,Q88GW8
rank0082_ca6_proteinbinders_3830_A,AF-A5EQF2-F1-model_v6,0.148,270,0.944,0.738,2.739e-05,135,A5EQF2
rank0082_ca6_proteinbinders_3830_A,AF-Q5KYS6-F1-model_v6,0.121,334,0.972,0.751,5.776e-06,135,Q5KYS6
rank0082_ca6_proteinbinders_3830_A,AF-A1W4S3-F1-model_v6,0.151,276,0.965,0.785,2.739e-05,133,A1W4S3
rank0082_ca6_proteinbinders_3830_A,AF-Q4ZW75-F1-model_v6,0.14,282,0.986,0.805,1.571e-05,132,Q4ZW75
rank0082_ca6_proteinbinders_3830_A,AF-Q9X0C6-F1-model_v6,0.172,284,0.993,0.957,1.571e-05,131,Q9X0C6
rank0082_ca6_proteinbinders_3830_A,AF-P57154-F1-model_v6,0.127,271,0.948,0.925,1.258e-05,131,P57154
rank0082_ca6_proteinbinders_3830_A,AF-Q03HN1-F1-model_v6,0.127,297,0.934,0.664,2.074e-05,131,Q03HN1
rank0082_ca6_proteinbinders_3830_A,AF-B9MER6-F1-model_v6,0.151,276,0.965,0.785,4.041e-05,130,B9MER6
rank0082_ca6_proteinbinders_3830_A,AF-A1TQC1-F1-model_v6,0.162,278,0.972,0.766,7.448e-05,130,A1TQC1
rank0082_ca6_proteinbinders_3830_A,AF-Q1IA73-F1-model_v6,0.173,277,0.969,0.757,7.046e-05,129,Q1IA73
rank0082_ca6_proteinbinders_3830_A,AF-Q48LD5-F1-model_v6,0.138,282,0.986,0.805,2.45e-05,128,Q48LD5
rank0082_ca6_proteinbinders_3830_A,AF-Q32BB4-F1-model_v6,0.174,279,0.976,0.815,4.888e-06,128,Q32BB4
rank0082_ca6_proteinbinders_3830_A,AF-B1L873-F1-model_v6,0.171,284,0.993,0.957,2.318e-05,127,B1L873
rank0082_ca6_proteinbinders_3830_A,AF-B1LGJ0-F1-model_v6,0.174,279,0.976,0.815,5.463e-06,127,B1LGJ0
rank0082_ca6_proteinbinders_3830_A,AF-Q3KI36-F1-model_v6,0.167,278,0.972,0.766,7.448e-05,127,Q3KI36
rank0082_ca6_proteinbinders_3830_A,AF-B0KPL8-F1-model_v6,0.168,277,0.969,0.762,7.874e-05,127,B0KPL8
rank0082_ca6_proteinbinders_3830_A,AF-Q8FD58-F1-model_v6,0.177,279,0.976,0.815,5.168e-06,126,Q8FD58
rank0082_ca6_proteinbinders_3830_A,AF-O67520-F1-model_v6,0.152,274,0.958,0.991,1.571e-05,125,O67520
rank0082_ca6_proteinbinders_3830_A,AF-O33774-F1-model_v6,0.128,284,0.993,0.968,1.661e-05,125,O33774
rank0082_ca6_proteinbinders_3830_A,AF-C0Z6P4-F1-model_v6,0.117,284,0.993,0.968,7.874e-05,125,C0Z6P4
rank0082_ca6_proteinbinders_3830_A,AF-Q65EG3-F1-model_v6,0.12,284,0.993,0.972,7.448e-05,124,Q65EG3
rank0082_ca6_proteinbinders_3830_A,AF-P11003-F1-model_v6,0.129,271,0.948,0.912,1.406e-05,124,P11003
rank0082_ca6_proteinbinders_3830_A,AF-A8A535-F1-model_v6,0.171,279,0.976,0.815,5.463e-06,124,A8A535
rank0082_ca6_proteinbinders_3830_A,AF-A7ZSB8-F1-model_v6,0.171,279,0.976,0.815,5.168e-06,124,A7ZSB8
rank0082_ca6_proteinbinders_3830_A,AF-B7LHT3-F1-model_v6,0.171,279,0.976,0.815,5.463e-06,124,B7LHT3
rank0082_ca6_proteinbinders_3830_A,AF-B7M0T7-F1-model_v6,0.171,279,0.976,0.815,6.106e-06,123,B7M0T7
rank0082_ca6_proteinbinders_3830_A,AF-B7UJV8-F1-model_v6,0.171,279,0.976,0.815,6.455e-06,123,B7UJV8
rank0082_ca6_proteinbinders_3830_A,AF-B1IQQ4-F1-model_v6,0.171,279,0.976,0.815,6.455e-06,123,B1IQQ4
rank0082_ca6_proteinbinders_3830_A,AF-P0A6L4-F1-model_v6,0.171,279,0.976,0.815,6.455e-06,123,P0A6L4
rank0082_ca6_proteinbinders_3830_A,AF-B7NKT6-F1-model_v6,0.171,279,0.976,0.815,6.455e-06,123,B7NKT6
rank0082_ca6_proteinbinders_3830_A,AF-B7LRJ3-F1-model_v6,0.171,279,0.976,0.815,6.455e-06,123,B7LRJ3
rank0082_ca6_proteinbinders_3830_A,AF-Q0TCP1-F1-model_v6,0.171,279,0.976,0.815,6.455e-06,123,Q0TCP1
rank0082_ca6_proteinbinders_3830_A,AF-Q1R6B5-F1-model_v6,0.171,279,0.976,0.815,6.455e-06,123,Q1R6B5
rank0082_ca6_proteinbinders_3830_A,AF-A4WF38-F1-model_v6,0.163,279,0.976,0.815,6.824e-06,122,A4WF38
rank0082_ca6_proteinbinders_3830_A,AF-B6I1U3-F1-model_v6,0.17,279,0.976,0.815,6.455e-06,122,B6I1U3
rank0082_ca6_proteinbinders_3830_A,AF-Q0T065-F1-model_v6,0.171,279,0.976,0.815,6.824e-06,122,Q0T065
rank0082_ca6_proteinbinders_3830_A,AF-Q3YX23-F1-model_v6,0.171,279,0.976,0.815,8.062e-06,121,Q3YX23
rank0082_ca6_proteinbinders_3830_A,AF-P0A6L6-F1-model_v6,0.171,279,0.976,0.815,8.062e-06,121,P0A6L6
rank0082_ca6_proteinbinders_3830_A,AF-A1AGB9-F1-model_v6,0.171,279,0.976,0.815,9.01e-06,120,A1AGB9
rank0082_ca6_proteinbinders_3830_A,AF-P0A6L5-F1-model_v6,0.173,279,0.976,0.815,6.824e-06,120,P0A6L5
rank0082_ca6_proteinbinders_3830_A,AF-Q8RBI5-F1-model_v6,0.149,289,0.99,0.973,2.193e-05,120,Q8RBI5
rank0082_ca6_proteinbinders_3830_A,AF-B1XHJ8-F1-model_v6,0.171,279,0.976,0.815,9.525e-06,120,B1XHJ8
rank0082_ca6_proteinbinders_3830_A,AF-B7MBY7-F1-model_v6,0.171,279,0.976,0.815,1.007e-05,120,B7MBY7
rank0082_ca6_proteinbinders_3830_A,AF-B2U1V9-F1-model_v6,0.171,279,0.976,0.815,9.01e-06,120,B2U1V9
rank0082_ca6_proteinbinders_3830_A,AF-A9BJZ9-F1-model_v6,0.15,284,0.993,0.968,4.272e-05,119,A9BJZ9
rank0082_ca6_proteinbinders_3830_A,AF-Q31W94-F1-model_v6,0.174,279,0.976,0.815,1.19e-05,119,Q31W94
rank0082_ca6_proteinbinders_3830_A,AF-P46151-F1-model_v6,0.105,305,0.983,0.464,4.516e-05,119,P46151
rank0082_ca6_proteinbinders_3830_A,AF-B8DKC9-F1-model_v6,0.162,274,0.958,0.992,5.047e-05,118,B8DKC9
rank0082_ca6_proteinbinders_3830_A,AF-Q5PLE9-F1-model_v6,0.161,279,0.976,0.815,1.19e-05,117,Q5PLE9
rank0082_ca6_proteinbinders_3830_A,AF-B3WED1-F1-model_v6,0.136,281,0.983,0.984,5.963e-05,116,B3WED1
rank0082_ca6_proteinbinders_3830_A,AF-Q03VY0-F1-model_v6,0.125,284,0.993,0.965,4.272e-05,116,Q03VY0
rank0082_ca6_proteinbinders_3830_A,AF-Q8L868-F1-model_v6,0.111,272,0.934,0.638,8.062e-06,116,Q8L868
rank0082_ca6_proteinbinders_3830_A,AF-Q039B5-F1-model_v6,0.138,281,0.983,0.984,8.324e-05,114,Q039B5
rank0082_ca6_proteinbinders_3830_A,AF-Q4JW52-F1-model_v6,0.11,286,1.0,0.973,7.874e-05,114,Q4JW52
rank0082_ca6_proteinbinders_3830_A,AF-Q8ZLQ6-F1-model_v6,0.156,279,0.976,0.815,2.193e-05,114,Q8ZLQ6
rank0082_ca6_proteinbinders_3830_A,AF-B5R0L2-F1-model_v6,0.156,279,0.976,0.815,2.193e-05,114,B5R0L2
rank0082_ca6_proteinbinders_3830_A,AF-Q8I8I2-F1-model_v6,0.129,310,0.941,0.854,7.046e-05,114,Q8I8I2
rank0082_ca6_proteinbinders_3830_A,AF-Q57JC9-F1-model_v6,0.161,279,0.976,0.815,2.074e-05,113,Q57JC9
rank0082_ca6_proteinbinders_3830_A,AF-Q49W64-F1-model_v6,0.158,274,0.958,0.722,1.33e-05,113,Q49W64
rank0082_ca6_proteinbinders_3830_A,AF-P58800-F1-model_v6,0.133,284,0.993,0.964,6.665e-05,112,P58800
rank0082_ca6_proteinbinders_3830_A,AF-B1HVQ1-F1-model_v6,0.151,284,0.993,0.972,8.324e-05,112,B1HVQ1
rank0082_ca6_proteinbinders_3830_A,AF-B6YWA9-F1-model_v6,0.157,284,0.993,0.96,5.047e-05,111,B6YWA9
rank0082_ca6_proteinbinders_3830_A,AF-B5F7J9-F1-model_v6,0.161,279,0.976,0.815,2.739e-05,111,B5F7J9
rank0082_ca6_proteinbinders_3830_A,AF-A9N833-F1-model_v6,0.164,279,0.976,0.815,1.856e-05,111,A9N833
rank0082_ca6_proteinbinders_3830_A,AF-B9DIX8-F1-model_v6,0.15,272,0.951,0.732,2.895e-05,111,B9DIX8
rank0082_ca6_proteinbinders_3830_A,AF-B4TJR3-F1-model_v6,0.164,279,0.976,0.815,2.193e-05,110,B4TJR3
rank0082_ca6_proteinbinders_3830_A,AF-B5FIR8-F1-model_v6,0.164,279,0.976,0.815,2.193e-05,110,B5FIR8
rank0082_ca6_proteinbinders_3830_A,AF-B5BGP5-F1-model_v6,0.164,279,0.976,0.815,2.193e-05,110,B5BGP5
rank0082_ca6_proteinbinders_3830_A,AF-C3LCA6-F1-model_v6,0.159,268,0.937,0.725,3.236e-05,110,C3LCA6
rank0082_ca6_proteinbinders_3830_A,AF-Q02YX1-F1-model_v6,0.152,283,0.99,0.958,3.061e-05,109,Q02YX1
rank0082_ca6_proteinbinders_3830_A,AF-C0PZN4-F1-model_v6,0.164,279,0.976,0.815,2.591e-05,109,C0PZN4
rank0082_ca6_proteinbinders_3830_A,AF-A2RKR7-F1-model_v6,0.138,283,0.99,0.958,3.823e-05,108,A2RKR7
rank0082_ca6_proteinbinders_3830_A,AF-B4TWJ0-F1-model_v6,0.164,279,0.976,0.815,3.236e-05,108,B4TWJ0
rank0082_ca6_proteinbinders_3830_A,AF-Q5JFU8-F1-model_v6,0.146,284,0.993,0.96,3.236e-05,106,Q5JFU8
rank0082_ca6_proteinbinders_3830_A,AF-Q9RNY7-F1-model_v6,0.144,268,0.937,0.681,2.318e-05,106,Q9RNY7
rank0082_ca6_proteinbinders_3830_A,AF-P36401-F1-model_v6,0.1,268,0.937,0.758,6.665e-05,104,P36401
rank0082_ca6_proteinbinders_3830_A,AF-P23432-F1-model_v6,0.115,276,0.965,0.746,8.324e-05,104,P23432
rank0082_ca6_proteinbinders_3830_A,AF-C5A7A2-F1-model_v6,0.15,284,0.993,0.96,5.047e-05,103,C5A7A2
rank0082_ca6_proteinbinders_3830_A,AF-B4U7M4-F1-model_v6,0.128,285,0.997,0.984,9.835e-05,103,B4U7M4
rank0082_ca6_proteinbinders_3830_A,AF-A7GUG3-F1-model_v6,0.159,268,0.937,0.725,5.336e-05,103,A7GUG3
rank0082_ca6_proteinbinders_3830_A,AF-Q6GB01-F1-model_v6,0.143,271,0.948,0.728,7.046e-05,102,Q6GB01
rank0082_ca6_proteinbinders_3830_A,AF-Q3ZY29-F1-model_v6,0.158,285,0.997,0.976,7.448e-05,101,Q3ZY29
rank0082_ca6_proteinbinders_3830_A,AF-A5WDZ3-F1-model_v6,0.11,288,0.976,0.837,2.739e-05,101,A5WDZ3
rank0082_ca6_proteinbinders_3830_A,AF-A0A1M6T2I7-F1-model_v6,0.135,244,0.853,0.487,7.046e-05,99,A0A1M6T2I7
rank0082_ca6_proteinbinders_3830_A,AF-A9A5X0-F1-model_v6,0.118,269,0.941,0.955,9.835e-05,97,A9A5X0
rank0082_ca6_proteinbinders_3830_A,AF-Q4FS74-F1-model_v6,0.087,287,0.972,0.834,9.303e-05,92,Q4FS74
rank0082_ca6_proteinbinders_3830_A,AF-B1VHG8-F1-model_v6,0.177,275,0.962,0.7,4.775e-05,91,B1VHG8
rank0082_ca6_proteinbinders_3830_A,AF-D3DJ41-F1-model_v6,0.133,283,0.99,0.429,3.061e-05,89,D3DJ41
rank0084_ca6_proteinbinders_9213_A,AF-Q00808-F1-model_v6,0.49,310,0.984,0.218,8.942e-30,1335,Q00808
rank0084_ca6_proteinbinders_9213_A,AF-Q8YV57-F1-model_v6,0.442,307,0.975,0.172,4.118e-27,1202,Q8YV57
rank0084_ca6_proteinbinders_9213_A,AF-Q8YTC2-F1-model_v6,0.439,297,0.943,0.225,2.921e-27,1200,Q8YTC2
rank0084_ca6_proteinbinders_9213_A,AF-P61965-F1-model_v6,0.411,311,0.987,0.904,4.1050000000000005e-28,1184,P61965
rank0084_ca6_proteinbinders_9213_A,AF-Q9V3J8-F1-model_v6,0.42,311,0.987,0.837,4.1050000000000005e-28,1181,Q9V3J8
rank0084_ca6_proteinbinders_9213_A,AF-Q2KIG2-F1-model_v6,0.411,311,0.987,0.904,6.078000000000001e-28,1177,Q2KIG2
rank0084_ca6_proteinbinders_9213_A,AF-Q498M4-F1-model_v6,0.411,311,0.987,0.904,7.7670000000000005e-28,1176,Q498M4
rank0084_ca6_proteinbinders_9213_A,AF-P61964-F1-model_v6,0.411,311,0.987,0.904,9.926e-28,1172,P61964
rank0084_ca6_proteinbinders_9213_A,AF-Q5M786-F1-model_v6,0.411,311,0.987,0.904,1.043e-27,1168,Q5M786
rank0084_ca6_proteinbinders_9213_A,AF-P49695-F1-model_v6,0.45,311,0.987,0.389,6.726e-27,1157,P49695
rank0084_ca6_proteinbinders_9213_A,AF-Q86VZ2-F1-model_v6,0.395,311,0.987,0.915,3.222e-27,1155,Q86VZ2
rank0084_ca6_proteinbinders_9213_A,AF-Q5RE95-F1-model_v6,0.395,311,0.987,0.915,3.733e-27,1152,Q5RE95
rank0084_ca6_proteinbinders_9213_A,AF-Q291L9-F1-model_v6,0.359,312,0.971,0.759,2.648e-27,1140,Q291L9
rank0084_ca6_proteinbinders_9213_A,AF-Q7T394-F1-model_v6,0.374,311,0.971,0.759,1.878e-27,1138,Q7T394
rank0084_ca6_proteinbinders_9213_A,AF-B4JWA1-F1-model_v6,0.363,312,0.971,0.759,4.118e-27,1132,B4JWA1
rank0084_ca6_proteinbinders_9213_A,AF-Q9PTR5-F1-model_v6,0.361,311,0.971,0.759,5.263e-27,1128,Q9PTR5
rank0084_ca6_proteinbinders_9213_A,AF-B4P6P9-F1-model_v6,0.366,312,0.971,0.759,5.527e-27,1128,B4P6P9
rank0084_ca6_proteinbinders_9213_A,AF-Q17N69-F1-model_v6,0.362,312,0.971,0.763,1.1540000000000001e-26,1120,Q17N69
rank0084_ca6_proteinbinders_9213_A,AF-Q4RJN5-F1-model_v6,0.365,311,0.971,0.759,7.064e-27,1117,Q4RJN5
rank0084_ca6_proteinbinders_9213_A,AF-Q803D2-F1-model_v6,0.368,311,0.971,0.759,8.594999999999999e-27,1116,Q803D2
rank0084_ca6_proteinbinders_9213_A,AF-P43033-F1-model_v6,0.365,311,0.971,0.759,1.0460000000000001e-26,1116,P43033
rank0084_ca6_proteinbinders_9213_A,AF-Q9GL51-F1-model_v6,0.361,311,0.971,0.759,1.0980000000000001e-26,1116,Q9GL51
rank0084_ca6_proteinbinders_9213_A,AF-Q17963-F1-model_v6,0.372,310,0.984,0.801,2.6560000000000004e-26,1114,Q17963
rank0084_ca6_proteinbinders_9213_A,AF-Q90ZL4-F1-model_v6,0.361,311,0.971,0.759,8.594999999999999e-27,1114,Q90ZL4
rank0084_ca6_proteinbinders_9213_A,AF-B5X3C4-F1-model_v6,0.352,311,0.971,0.759,1.273e-26,1111,B5X3C4
rank0084_ca6_proteinbinders_9213_A,AF-B3MEY6-F1-model_v6,0.359,312,0.971,0.759,2.2930000000000003e-26,1108,B3MEY6
rank0084_ca6_proteinbinders_9213_A,AF-P43034-F1-model_v6,0.365,311,0.971,0.759,1.6260000000000002e-26,1107,P43034
rank0084_ca6_proteinbinders_9213_A,AF-Q6NZH4-F1-model_v6,0.358,311,0.971,0.759,1.337e-26,1106,Q6NZH4
rank0084_ca6_proteinbinders_9213_A,AF-Q5IS43-F1-model_v6,0.361,311,0.971,0.759,1.549e-26,1106,Q5IS43
rank0084_ca6_proteinbinders_9213_A,AF-B0LSW3-F1-model_v6,0.365,311,0.971,0.759,1.8840000000000002e-26,1105,B0LSW3
rank0084_ca6_proteinbinders_9213_A,AF-P63005-F1-model_v6,0.365,311,0.971,0.759,1.7940000000000002e-26,1105,P63005
rank0084_ca6_proteinbinders_9213_A,AF-B7PS00-F1-model_v6,0.364,314,0.971,0.764,2.79e-26,1102,B7PS00
rank0084_ca6_proteinbinders_9213_A,AF-Q5REG7-F1-model_v6,0.358,311,0.971,0.759,1.9790000000000003e-26,1101,Q5REG7
rank0084_ca6_proteinbinders_9213_A,AF-Q8HXX0-F1-model_v6,0.365,311,0.971,0.759,2.9300000000000003e-26,1099,Q8HXX0
rank0084_ca6_proteinbinders_9213_A,AF-C4Q0P6-F1-model_v6,0.369,305,0.968,0.727,2.0790000000000003e-26,1098,C4Q0P6
rank0084_ca6_proteinbinders_9213_A,AF-Q8I0F4-F1-model_v6,0.349,321,0.968,0.766,2.79e-26,1090,Q8I0F4
rank0084_ca6_proteinbinders_9213_A,AF-A7S338-F1-model_v6,0.353,312,0.971,0.763,6.747e-26,1081,A7S338
rank0084_ca6_proteinbinders_9213_A,AF-C3XVT5-F1-model_v6,0.381,309,0.971,0.761,5.545e-26,1079,C3XVT5
rank0084_ca6_proteinbinders_9213_A,AF-O76734-F1-model_v6,0.38,311,0.987,0.535,8.210000000000001e-26,1076,O76734
rank0084_ca6_proteinbinders_9213_A,AF-D3BUN1-F1-model_v6,0.358,321,0.968,0.77,6.116e-26,1075,D3BUN1
rank0084_ca6_proteinbinders_9213_A,AF-Q5RD06-F1-model_v6,0.358,309,0.981,0.647,8.650000000000001e-25,1073,Q5RD06
rank0084_ca6_proteinbinders_9213_A,AF-A9V790-F1-model_v6,0.31,313,0.971,0.763,9.056000000000001e-26,1070,A9V790
rank0084_ca6_proteinbinders_9213_A,AF-Q8NBT0-F1-model_v6,0.385,307,0.975,0.717,3.417e-24,1062,Q8NBT0
rank0084_ca6_proteinbinders_9213_A,AF-Q8YRI1-F1-model_v6,0.475,300,0.952,0.187,6.404e-27,1060,Q8YRI1
rank0084_ca6_proteinbinders_9213_A,AF-A0CH87-F1-model_v6,0.327,308,0.975,0.764,1.714e-25,1059,A0CH87
rank0084_ca6_proteinbinders_9213_A,AF-P74442-F1-model_v6,0.338,310,0.984,0.243,2.949e-24,1053,P74442
rank0084_ca6_proteinbinders_9213_A,AF-F6ZT52-F1-model_v6,0.376,306,0.971,0.619,7.49e-24,1048,F6ZT52
rank0084_ca6_proteinbinders_9213_A,AF-Q23256-F1-model_v6,0.333,307,0.975,0.595,5.043e-25,1047,Q23256
rank0084_ca6_proteinbinders_9213_A,AF-F6ZT52-2-F1-model_v6,0.374,306,0.971,0.768,7.131e-24,1045,F6ZT52-2
rank0084_ca6_proteinbinders_9213_A,AF-P93107-F1-model_v6,0.326,306,0.971,0.48,5.861e-24,1045,P93107
rank0084_ca6_proteinbinders_9213_A,AF-Q28I85-F1-model_v6,0.368,306,0.971,0.66,1.417e-23,1036,Q28I85
rank0084_ca6_proteinbinders_9213_A,AF-A0DB19-F1-model_v6,0.33,308,0.975,0.764,5.562e-25,1033,A0DB19
rank0084_ca6_proteinbinders_9213_A,AF-A2CEH0-F1-model_v6,0.373,307,0.975,0.596,1.2849999999999999e-23,1033,A2CEH0
rank0084_ca6_proteinbinders_9213_A,AF-G8SD34-F1-model_v6,0.406,299,0.937,0.415,1.109e-23,1033,G8SD34
rank0084_ca6_proteinbinders_9213_A,AF-Q8JZX3-F1-model_v6,0.379,310,0.984,0.728,1.349e-23,1028,Q8JZX3
rank0084_ca6_proteinbinders_9213_A,AF-Q5NVD0-F1-model_v6,0.313,307,0.975,0.578,3.958e-24,1026,Q5NVD0
rank0084_ca6_proteinbinders_9213_A,AF-Q09715-F1-model_v6,0.323,309,0.981,0.502,3.588e-24,1026,Q09715
rank0084_ca6_proteinbinders_9213_A,AF-Q8JZX3-2-F1-model_v6,0.386,306,0.971,0.815,3.107e-23,1025,Q8JZX3-2
rank0084_ca6_proteinbinders_9213_A,AF-Q7T0P4-F1-model_v6,0.36,307,0.975,0.662,3.263e-23,1025,Q7T0P4
rank0084_ca6_proteinbinders_9213_A,AF-Q9UUG8-F1-model_v6,0.353,309,0.981,0.515,5.043e-25,1025,Q9UUG8
rank0084_ca6_proteinbinders_9213_A,AF-Q8BHD1-F1-model_v6,0.352,308,0.978,0.611,1.725e-23,1020,Q8BHD1
rank0084_ca6_proteinbinders_9213_A,AF-Q8TC44-F1-model_v6,0.355,311,0.987,0.615,1.563e-23,1020,Q8TC44
rank0084_ca6_proteinbinders_9213_A,AF-Q7ZVF0-F1-model_v6,0.351,306,0.971,0.7,2.958e-23,1019,Q7ZVF0
rank0084_ca6_proteinbinders_9213_A,AF-Q8W1K8-F1-model_v6,0.332,342,0.997,0.924,9.542e-25,1018,Q8W1K8
rank0084_ca6_proteinbinders_9213_A,AF-Q8JZX3-3-F1-model_v6,0.384,306,0.971,0.817,5.33e-23,1015,Q8JZX3-3
rank0084_ca6_proteinbinders_9213_A,AF-O22212-F1-model_v6,0.329,308,0.978,0.531,3.263e-23,1014,O22212
rank0084_ca6_proteinbinders_9213_A,AF-Q9DAW6-F1-model_v6,0.313,307,0.975,0.578,8.678e-24,1012,Q9DAW6
rank0084_ca6_proteinbinders_9213_A,AF-B8P4B0-F1-model_v6,0.338,339,0.968,0.774,2.673e-24,1009,B8P4B0
rank0084_ca6_proteinbinders_9213_A,AF-C4YFX2-F1-model_v6,0.334,321,0.981,0.628,1.2229999999999999e-23,1008,C4YFX2
rank0084_ca6_proteinbinders_9213_A,AF-Q8NBT0-2-F1-model_v6,0.386,306,0.971,0.811,9.143e-23,1006,Q8NBT0-2
rank0084_ca6_proteinbinders_9213_A,AF-Q2TBP4-F1-model_v6,0.373,312,0.99,0.73,5.879e-23,1006,Q2TBP4
rank0084_ca6_proteinbinders_9213_A,AF-Q3MHE2-F1-model_v6,0.313,307,0.975,0.578,1.998e-23,999,Q3MHE2
rank0084_ca6_proteinbinders_9213_A,AF-P0CY34-F1-model_v6,0.334,321,0.981,0.627,2.958e-23,998,P0CY34
rank0084_ca6_proteinbinders_9213_A,AF-B6GZD3-F1-model_v6,0.297,350,0.965,0.754,5.861e-24,996,B6GZD3
rank0084_ca6_proteinbinders_9213_A,AF-Q9D994-F1-model_v6,0.38,297,0.943,0.937,1.165e-23,992,Q9D994
rank0084_ca6_proteinbinders_9213_A,AF-Q4P9P9-F1-model_v6,0.343,340,0.968,0.751,1.992e-24,991,Q4P9P9
rank0084_ca6_proteinbinders_9213_A,AF-O43172-2-F1-model_v6,0.306,307,0.975,0.578,2.2039999999999998e-23,990,O43172-2
rank0084_ca6_proteinbinders_9213_A,AF-P56094-F1-model_v6,0.308,359,0.99,0.526,5.313e-24,986,P56094
rank0084_ca6_proteinbinders_9213_A,AF-O43172-F1-model_v6,0.31,307,0.975,0.577,2.553e-23,985,O43172
rank0084_ca6_proteinbinders_9213_A,AF-P78706-F1-model_v6,0.345,317,0.984,0.525,1.005e-23,983,P78706
rank0084_ca6_proteinbinders_9213_A,AF-D3ZW91-F1-model_v6,0.343,309,0.981,0.618,5.879e-23,980,D3ZW91
rank0084_ca6_proteinbinders_9213_A,AF-B8N9H4-F1-model_v6,0.306,349,0.968,0.767,1.2849999999999999e-23,978,B8N9H4
rank0084_ca6_proteinbinders_9213_A,AF-B7FNU7-F1-model_v6,0.312,322,0.981,0.733,3.263e-23,976,B7FNU7
rank0084_ca6_proteinbinders_9213_A,AF-A8XZJ9-F1-model_v6,0.326,305,0.968,0.749,9.114e-24,970,A8XZJ9
rank0084_ca6_proteinbinders_9213_A,AF-Q2UGU1-F1-model_v6,0.308,349,0.968,0.767,1.417e-23,969,Q2UGU1
rank0084_ca6_proteinbinders_9213_A,AF-A8NEG8-F1-model_v6,0.354,335,0.968,0.772,6.155e-24,968,A8NEG8
rank0084_ca6_proteinbinders_9213_A,AF-Q9SZQ5-F1-model_v6,0.31,318,0.975,0.991,2.315e-23,966,Q9SZQ5
rank0084_ca6_proteinbinders_9213_A,AF-Q6L4F8-F1-model_v6,0.314,325,0.984,0.967,2.315e-23,966,Q6L4F8
rank0084_ca6_proteinbinders_9213_A,AF-Q8K450-4-F1-model_v6,0.308,305,0.968,0.932,1.908e-22,963,Q8K450-4
rank0084_ca6_proteinbinders_9213_A,AF-Q6ZMY6-F1-model_v6,0.286,306,0.971,0.629,1.0089999999999999e-22,958,Q6ZMY6
rank0084_ca6_proteinbinders_9213_A,AF-Q10281-F1-model_v6,0.317,312,0.987,0.994,3.971e-23,954,Q10281
rank0084_ca6_proteinbinders_9213_A,AF-Q5FWQ6-F1-model_v6,0.317,335,0.975,0.807,1.281e-24,954,Q5FWQ6
rank0084_ca6_proteinbinders_9213_A,AF-C7Z6H2-F1-model_v6,0.306,356,0.978,0.795,3.7809999999999996e-23,953,C7Z6H2
rank0084_ca6_proteinbinders_9213_A,AF-P74598-F1-model_v6,0.309,301,0.956,0.825,9.143e-23,952,P74598
rank0084_ca6_proteinbinders_9213_A,AF-Q5JTN6-F1-model_v6,0.37,298,0.946,0.908,1.113e-22,951,Q5JTN6
rank0084_ca6_proteinbinders_9213_A,AF-Q6P2Y2-F1-model_v6,0.314,335,0.975,0.807,2.092e-24,947,Q6P2Y2
rank0084_ca6_proteinbinders_9213_A,AF-Q9VU65-F1-model_v6,0.327,306,0.971,0.744,1.172e-21,946,Q9VU65
rank0084_ca6_proteinbinders_9213_A,AF-Q0P593-F1-model_v6,0.314,335,0.975,0.807,2.197e-24,946,Q0P593
rank0084_ca6_proteinbinders_9213_A,AF-Q7RY30-F1-model_v6,0.321,348,0.968,0.768,6.174999999999999e-23,946,Q7RY30
rank0084_ca6_proteinbinders_9213_A,AF-Q3Y8L7-F1-model_v6,0.302,339,0.987,0.76,3.769e-24,942,Q3Y8L7
rank0084_ca6_proteinbinders_9213_A,AF-Q229Z6-F1-model_v6,0.295,306,0.971,0.483,2.211e-22,941,Q229Z6
rank0084_ca6_proteinbinders_9213_A,AF-Q5ZJH5-F1-model_v6,0.336,312,0.99,0.99,1.73e-22,938,Q5ZJH5
rank0084_ca6_proteinbinders_9213_A,AF-Q4ICM0-F1-model_v6,0.301,355,0.968,0.772,8.288e-23,936,Q4ICM0
rank0084_ca6_proteinbinders_9213_A,AF-Q5ZL33-F1-model_v6,0.307,312,0.99,0.837,3.4269999999999997e-23,933,Q5ZL33
rank0084_ca6_proteinbinders_9213_A,AF-Q2HJH6-F1-model_v6,0.311,300,0.952,0.821,1.73e-22,933,Q2HJH6
rank0084_ca6_proteinbinders_9213_A,AF-P63005-2-F1-model_v6,0.367,291,0.905,0.744,8.288e-23,933,P63005-2
rank0084_ca6_proteinbinders_9213_A,AF-C6HTE8-F1-model_v6,0.318,352,0.978,0.772,1.908e-22,933,C6HTE8
rank0084_ca6_proteinbinders_9213_A,AF-Q5RF51-F1-model_v6,0.308,300,0.952,0.824,1.908e-22,931,Q5RF51
rank0084_ca6_proteinbinders_9213_A,AF-A0AUS0-F1-model_v6,0.327,309,0.975,0.634,4.1839999999999996e-22,930,A0AUS0
rank0084_ca6_proteinbinders_9213_A,AF-Q8K450-F1-model_v6,0.308,305,0.968,0.452,1.293e-21,928,Q8K450
rank0084_ca6_proteinbinders_9213_A,AF-Q8N0X2-F1-model_v6,0.297,306,0.971,0.46,1.573e-21,924,Q8N0X2
rank0084_ca6_proteinbinders_9213_A,AF-Q6PE01-F1-model_v6,0.319,300,0.952,0.821,2.105e-22,920,Q6PE01
rank0084_ca6_proteinbinders_9213_A,AF-Q9Z1Z2-F1-model_v6,0.293,307,0.975,0.829,1.2889999999999998e-22,919,Q9Z1Z2
rank0084_ca6_proteinbinders_9213_A,AF-Q4R7Y4-F1-model_v6,0.32,312,0.987,0.984,9.603e-23,918,Q4R7Y4
rank0084_ca6_proteinbinders_9213_A,AF-C0NRC6-F1-model_v6,0.318,352,0.978,0.772,5.091e-22,916,C0NRC6
rank0084_ca6_proteinbinders_9213_A,AF-Q1LV15-F1-model_v6,0.303,334,0.971,0.805,7.131e-24,912,Q1LV15
rank0084_ca6_proteinbinders_9213_A,AF-Q5E959-F1-model_v6,0.29,307,0.975,0.829,2.322e-22,910,Q5E959
rank0084_ca6_proteinbinders_9213_A,AF-Q6PBD6-F1-model_v6,0.348,307,0.975,0.98,2.8259999999999997e-22,909,Q6PBD6
rank0084_ca6_proteinbinders_9213_A,AF-P63243-F1-model_v6,0.32,312,0.987,0.984,5.33e-23,909,P63243
rank0084_ca6_proteinbinders_9213_A,AF-P63244-F1-model_v6,0.32,312,0.987,0.984,5.879e-23,907,P63244
rank0084_ca6_proteinbinders_9213_A,AF-Q5ZMC3-F1-model_v6,0.304,317,0.994,0.666,7.916999999999999e-22,907,Q5ZMC3
rank0084_ca6_proteinbinders_9213_A,AF-O42249-F1-model_v6,0.307,312,0.987,0.984,6.486e-23,906,O42249
rank0084_ca6_proteinbinders_9213_A,AF-Q8N136-F1-model_v6,0.372,302,0.959,0.694,1.0089999999999999e-22,906,Q8N136
rank0084_ca6_proteinbinders_9213_A,AF-Q5I0B9-2-F1-model_v6,0.254,305,0.968,0.546,1.573e-21,906,Q5I0B9-2
rank0084_ca6_proteinbinders_9213_A,AF-Q5RAC9-F1-model_v6,0.254,305,0.968,0.483,2.33e-21,906,Q5RAC9
rank0084_ca6_proteinbinders_9213_A,AF-P63247-F1-model_v6,0.32,312,0.987,0.984,2.211e-22,905,P63247
rank0084_ca6_proteinbinders_9213_A,AF-P68040-F1-model_v6,0.32,312,0.987,0.984,6.486e-23,904,P68040
rank0084_ca6_proteinbinders_9213_A,AF-P49027-F1-model_v6,0.299,323,0.984,0.967,5.615999999999999e-22,904,P49027
rank0084_ca6_proteinbinders_9213_A,AF-Q9Y3F4-F1-model_v6,0.29,307,0.975,0.829,4.394e-22,903,Q9Y3F4
rank0084_ca6_proteinbinders_9213_A,AF-D5GBI7-F1-model_v6,0.317,341,0.965,0.754,6.506e-22,903,D5GBI7
rank0084_ca6_proteinbinders_9213_A,AF-P63245-F1-model_v6,0.32,312,0.987,0.984,7.514e-23,902,P63245
rank0084_ca6_proteinbinders_9213_A,AF-P63246-F1-model_v6,0.32,312,0.987,0.984,2.6899999999999996e-22,902,P63246
rank0084_ca6_proteinbinders_9213_A,AF-Q5BK30-F1-model_v6,0.303,335,0.975,0.807,2.2039999999999998e-23,902,Q5BK30
rank0084_ca6_proteinbinders_9213_A,AF-Q9USN3-F1-model_v6,0.338,301,0.952,0.387,1.908e-22,900,Q9USN3
rank0084_ca6_proteinbinders_9213_A,AF-O42248-F1-model_v6,0.312,312,0.987,0.984,2.0039999999999999e-22,899,O42248
rank0084_ca6_proteinbinders_9213_A,AF-A0A223GEB2-F1-model_v6,0.295,312,0.987,0.99,4.615e-22,898,A0A223GEB2
rank0084_ca6_proteinbinders_9213_A,AF-B0XAF3-F1-model_v6,0.322,335,0.987,0.991,1.426e-21,898,B0XAF3
rank0084_ca6_proteinbinders_9213_A,AF-Q0U1B1-F1-model_v6,0.315,356,0.968,0.771,5.347e-22,898,Q0U1B1
rank0084_ca6_proteinbinders_9213_A,AF-Q6P5M2-F1-model_v6,0.33,307,0.975,0.98,8.733e-22,897,Q6P5M2
rank0084_ca6_proteinbinders_9213_A,AF-D3Z7A5-F1-model_v6,0.305,335,0.975,0.807,1.6419999999999998e-23,897,D3Z7A5
rank0084_ca6_proteinbinders_9213_A,AF-B2VWG7-F1-model_v6,0.318,355,0.968,0.77,8.733e-22,897,B2VWG7
rank0084_ca6_proteinbinders_9213_A,AF-Q6GMD2-F1-model_v6,0.344,307,0.975,0.98,4.846999999999999e-22,896,Q6GMD2
rank0084_ca6_proteinbinders_9213_A,AF-Q5RFF8-F1-model_v6,0.3,382,0.975,0.788,3.958e-24,896,Q5RFF8
rank0084_ca6_proteinbinders_9213_A,AF-P0CS48-F1-model_v6,0.263,312,0.99,0.645,6.832999999999999e-22,894,P0CS48
rank0084_ca6_proteinbinders_9213_A,AF-O18640-F1-model_v6,0.306,313,0.987,0.984,5.615999999999999e-22,893,O18640
rank0084_ca6_proteinbinders_9213_A,AF-P46800-F1-model_v6,0.299,320,0.987,0.973,1.358e-21,893,P46800
rank0084_ca6_proteinbinders_9213_A,AF-Q5XIG8-F1-model_v6,0.29,307,0.975,0.829,5.615999999999999e-22,893,Q5XIG8
rank0084_ca6_proteinbinders_9213_A,AF-D4DG66-F1-model_v6,0.3,357,0.978,0.774,5.897999999999999e-22,892,D4DG66
rank0084_ca6_proteinbinders_9213_A,AF-Q7ZXK9-F1-model_v6,0.309,382,0.975,0.803,3.417e-24,892,Q7ZXK9
rank0084_ca6_proteinbinders_9213_A,AF-Q4R8E7-F1-model_v6,0.311,335,0.975,0.807,3.107e-23,891,Q4R8E7
rank0084_ca6_proteinbinders_9213_A,AF-A1CF18-F1-model_v6,0.308,355,0.965,0.816,1.915e-21,891,A1CF18
rank0084_ca6_proteinbinders_9213_A,AF-C4JZS6-F1-model_v6,0.321,340,0.962,0.762,8.315e-22,891,C4JZS6
rank0084_ca6_proteinbinders_9213_A,AF-Q32LN7-F1-model_v6,0.311,312,0.99,0.99,1.573e-21,890,Q32LN7
rank0084_ca6_proteinbinders_9213_A,AF-P25382-F1-model_v6,0.302,385,0.981,0.748,1.725e-23,889,P25382
rank0084_ca6_proteinbinders_9213_A,AF-Q00664-F1-model_v6,0.307,340,0.968,0.766,7.916999999999999e-22,888,Q00664
rank0084_ca6_proteinbinders_9213_A,AF-C1GB49-F1-model_v6,0.304,372,0.968,0.778,1.736e-21,888,C1GB49
rank0084_ca6_proteinbinders_9213_A,AF-G4MQX3-F1-model_v6,0.293,312,0.987,0.987,3.127e-21,887,G4MQX3
rank0084_ca6_proteinbinders_9213_A,AF-P62880-F1-model_v6,0.287,307,0.975,0.874,6.214e-21,886,P62880
rank0084_ca6_proteinbinders_9213_A,AF-P11017-F1-model_v6,0.287,307,0.975,0.874,6.214e-21,885,P11017
rank0084_ca6_proteinbinders_9213_A,AF-Q676U5-5-F1-model_v6,0.254,305,0.968,0.66,5.364e-21,884,Q676U5-5
rank0084_ca6_proteinbinders_9213_A,AF-B6HP56-F1-model_v6,0.298,352,0.968,0.769,1.573e-21,884,B6HP56
rank0084_ca6_proteinbinders_9213_A,AF-P54313-F1-model_v6,0.287,307,0.975,0.874,7.2e-21,883,P54313
rank0084_ca6_proteinbinders_9213_A,AF-C4JPW9-F1-model_v6,0.296,358,0.968,0.78,3.2840000000000002e-21,883,C4JPW9
rank0084_ca6_proteinbinders_9213_A,AF-C0S902-F1-model_v6,0.302,372,0.968,0.778,2.218e-21,882,C0S902
rank0084_ca6_proteinbinders_9213_A,AF-B4JW81-F1-model_v6,0.301,331,0.99,1.0,3.805e-21,881,B4JW81
rank0084_ca6_proteinbinders_9213_A,AF-Q8VEJ4-F1-model_v6,0.305,382,0.975,0.788,1.725e-23,881,Q8VEJ4
rank0084_ca6_proteinbinders_9213_A,AF-P25387-F1-model_v6,0.314,316,0.994,0.994,1.498e-21,880,P25387
rank0084_ca6_proteinbinders_9213_A,AF-P0CS49-F1-model_v6,0.263,312,0.99,0.645,1.736e-21,879,P0CS49
rank0084_ca6_proteinbinders_9213_A,AF-Q5FVN8-F1-model_v6,0.322,317,0.994,0.666,2.112e-21,879,Q5FVN8
rank0084_ca6_proteinbinders_9213_A,AF-Q5BE22-F1-model_v6,0.267,315,1.0,0.677,1.358e-21,878,Q5BE22
rank0084_ca6_proteinbinders_9213_A,AF-Q2GT28-F1-model_v6,0.322,347,0.968,0.766,1.823e-21,878,Q2GT28
rank0084_ca6_proteinbinders_9213_A,AF-B6QC56-F1-model_v6,0.3,351,0.965,0.765,4.408e-21,878,B6QC56
rank0084_ca6_proteinbinders_9213_A,AF-B4QFZ8-F1-model_v6,0.303,334,0.987,0.997,3.449e-21,877,B4QFZ8
rank0084_ca6_proteinbinders_9213_A,AF-B4HRQ6-F1-model_v6,0.296,334,0.987,0.997,2.112e-21,877,B4HRQ6
rank0084_ca6_proteinbinders_9213_A,AF-Q4WT34-F1-model_v6,0.27,308,0.978,0.66,2.447e-21,877,Q4WT34
rank0084_ca6_proteinbinders_9213_A,AF-Q8C0J2-F1-model_v6,0.257,305,0.968,0.483,9.201000000000001e-21,877,Q8C0J2
rank0084_ca6_proteinbinders_9213_A,AF-Q5U2W5-F1-model_v6,0.284,304,0.952,0.38,1.652e-21,877,Q5U2W5
rank0084_ca6_proteinbinders_9213_A,AF-Q58D20-F1-model_v6,0.308,382,0.975,0.786,2.553e-23,876,Q58D20
rank0084_ca6_proteinbinders_9213_A,AF-B7QKS1-F1-model_v6,0.329,312,0.975,0.99,1.235e-20,875,B7QKS1
rank0084_ca6_proteinbinders_9213_A,AF-B8M0Q1-F1-model_v6,0.304,351,0.965,0.765,6.214e-21,875,B8M0Q1
rank0084_ca6_proteinbinders_9213_A,AF-A4R3M4-F1-model_v6,0.302,354,0.968,0.768,3.805e-21,872,A4R3M4
rank0084_ca6_proteinbinders_9213_A,AF-G0SC29-F1-model_v6,0.317,379,0.965,0.733,3.6e-23,872,G0SC29
rank0084_ca6_proteinbinders_9213_A,AF-Q6DH44-F1-model_v6,0.258,307,0.975,0.924,2.835e-21,871,Q6DH44
rank0084_ca6_proteinbinders_9213_A,AF-Q17GR9-F1-model_v6,0.304,334,0.99,0.991,3.2840000000000002e-21,871,Q17GR9
rank0084_ca6_proteinbinders_9213_A,AF-B4KTK4-F1-model_v6,0.302,331,0.99,1.0,4.6300000000000004e-21,870,B4KTK4
rank0084_ca6_proteinbinders_9213_A,AF-Q9NVX2-F1-model_v6,0.305,382,0.975,0.788,3.263e-23,869,Q9NVX2
rank0084_ca6_proteinbinders_9213_A,AF-Q9C1X0-F1-model_v6,0.225,307,0.975,0.99,2.33e-21,868,Q9C1X0
rank0084_ca6_proteinbinders_9213_A,AF-C5FWH1-F1-model_v6,0.294,357,0.978,0.774,6.527e-21,867,C5FWH1
rank0084_ca6_proteinbinders_9213_A,AF-O48847-2-F1-model_v6,0.301,307,0.975,0.359,4.197e-21,867,O48847-2
rank0084_ca6_proteinbinders_9213_A,AF-Q9LFE2-F1-model_v6,0.292,300,0.952,0.342,1.0120000000000001e-21,867,Q9LFE2
rank0084_ca6_proteinbinders_9213_A,AF-Q54LT8-F1-model_v6,0.247,305,0.968,0.993,1.573e-21,866,Q54LT8
rank0084_ca6_proteinbinders_9213_A,AF-Q55DA2-F1-model_v6,0.253,321,0.981,0.964,1.362e-20,866,Q55DA2
rank0084_ca6_proteinbinders_9213_A,AF-O88879-2-F1-model_v6,0.322,304,0.965,0.246,2.57e-21,866,O88879-2
rank0084_ca6_proteinbinders_9213_A,AF-Q4V7A0-F1-model_v6,0.306,312,0.99,0.99,5.917e-21,865,Q4V7A0
rank0084_ca6_proteinbinders_9213_A,AF-O14727-F1-model_v6,0.304,304,0.965,0.244,5.364e-21,865,O14727
rank0084_ca6_proteinbinders_9213_A,AF-Q9C4Z6-F1-model_v6,0.284,323,0.987,0.991,3.449e-21,864,Q9C4Z6
rank0084_ca6_proteinbinders_9213_A,AF-Q96DI7-F1-model_v6,0.311,300,0.952,0.824,4.197e-21,864,Q96DI7
rank0084_ca6_proteinbinders_9213_A,AF-O74855-F1-model_v6,0.287,379,0.975,0.755,8.705e-23,864,O74855
rank0084_ca6_proteinbinders_9213_A,AF-O48847-F1-model_v6,0.301,307,0.975,0.367,3.996e-21,864,O48847
rank0084_ca6_proteinbinders_9213_A,AF-P62879-F1-model_v6,0.284,307,0.975,0.874,2.5780000000000004e-20,863,P62879
rank0084_ca6_proteinbinders_9213_A,AF-O80990-F1-model_v6,0.285,343,0.987,0.974,1.829e-20,863,O80990
rank0084_ca6_proteinbinders_9213_A,AF-B6QC06-F1-model_v6,0.281,337,0.968,0.746,3.805e-21,862,B6QC06
rank0084_ca6_proteinbinders_9213_A,AF-Q9NFZ1-F1-model_v6,0.277,306,0.971,0.861,3.1370000000000004e-20,861,Q9NFZ1
rank0084_ca6_proteinbinders_9213_A,AF-A8IZG4-F1-model_v6,0.285,348,0.981,0.989,1.829e-20,861,A8IZG4
rank0084_ca6_proteinbinders_9213_A,AF-Q12788-F1-model_v6,0.296,302,0.946,0.374,4.408e-21,860,Q12788
rank0084_ca6_proteinbinders_9213_A,AF-Q6PH57-F1-model_v6,0.287,307,0.975,0.874,2.844e-20,859,Q6PH57
rank0084_ca6_proteinbinders_9213_A,AF-B4LJT7-F1-model_v6,0.3,330,0.987,0.997,9.201000000000001e-21,858,B4LJT7
rank0084_ca6_proteinbinders_9213_A,AF-B3NQR5-F1-model_v6,0.306,334,0.987,0.997,7.2e-21,858,B3NQR5
rank0084_ca6_proteinbinders_9213_A,AF-Q9EPV5-F1-model_v6,0.316,304,0.965,0.243,4.197e-21,858,Q9EPV5
rank0084_ca6_proteinbinders_9213_A,AF-Q6C709-F1-model_v6,0.267,315,1.0,0.692,8.341e-21,857,Q6C709
rank0084_ca6_proteinbinders_9213_A,AF-P62872-F1-model_v6,0.293,307,0.975,0.874,3.817e-20,855,P62872
rank0084_ca6_proteinbinders_9213_A,AF-Q9ERF3-F1-model_v6,0.309,307,0.975,0.98,7.2e-21,853,Q9ERF3
rank0084_ca6_proteinbinders_9213_A,AF-Q39836-F1-model_v6,0.296,323,0.99,0.994,6.527e-21,853,Q39836
rank0084_ca6_proteinbinders_9213_A,AF-B4GDM7-F1-model_v6,0.293,334,0.987,0.997,8.761e-21,853,B4GDM7
rank0084_ca6_proteinbinders_9213_A,AF-P62871-F1-model_v6,0.293,307,0.975,0.874,4.878e-20,852,P62871
rank0084_ca6_proteinbinders_9213_A,AF-O43017-F1-model_v6,0.272,322,0.971,0.847,3.9839999999999997e-22,852,O43017
rank0084_ca6_proteinbinders_9213_A,AF-Q292E8-F1-model_v6,0.293,334,0.987,0.997,1.0150000000000001e-20,851,Q292E8
rank0084_ca6_proteinbinders_9213_A,AF-Q40507-F1-model_v6,0.276,321,0.987,0.856,2.0170000000000002e-20,851,Q40507
rank0084_ca6_proteinbinders_9213_A,AF-P49026-F1-model_v6,0.286,320,0.981,0.982,8.761e-21,850,P49026
rank0084_ca6_proteinbinders_9213_A,AF-B4P7Q3-F1-model_v6,0.293,334,0.987,0.997,1.431e-20,849,B4P7Q3
rank0084_ca6_proteinbinders_9213_A,AF-B0XM00-F1-model_v6,0.308,361,0.968,0.773,8.761e-21,848,B0XM00
rank0084_ca6_proteinbinders_9213_A,AF-Q9FNN2-F1-model_v6,0.31,305,0.968,0.503,6.832999999999999e-22,848,Q9FNN2
rank0084_ca6_proteinbinders_9213_A,AF-P62873-F1-model_v6,0.293,307,0.975,0.874,6.234000000000001e-20,847,P62873
rank0084_ca6_proteinbinders_9213_A,AF-P49177-F1-model_v6,0.287,315,0.971,0.836,2.7080000000000002e-20,847,P49177
rank0084_ca6_proteinbinders_9213_A,AF-Q12220-F1-model_v6,0.286,300,0.952,0.317,1.652e-21,847,Q12220
rank0084_ca6_proteinbinders_9213_A,AF-Q9GZS3-F1-model_v6,0.311,312,0.99,0.99,3.2950000000000005e-20,846,Q9GZS3
rank0084_ca6_proteinbinders_9213_A,AF-O35353-F1-model_v6,0.292,307,0.975,0.874,6.548000000000001e-20,846,O35353
rank0084_ca6_proteinbinders_9213_A,AF-B8AP31-F1-model_v6,0.28,320,0.981,0.842,2.225e-20,846,B8AP31
rank0084_ca6_proteinbinders_9213_A,AF-A1CUD6-F1-model_v6,0.311,361,0.968,0.773,1.5780000000000003e-20,846,A1CUD6
rank0084_ca6_proteinbinders_9213_A,AF-F4HTH8-2-F1-model_v6,0.285,305,0.968,0.245,1.293e-21,846,F4HTH8-2
rank0084_ca6_proteinbinders_9213_A,AF-Q0CXH9-F1-model_v6,0.227,317,0.968,0.943,1.362e-20,844,Q0CXH9
rank0084_ca6_proteinbinders_9213_A,AF-P54311-F1-model_v6,0.297,307,0.975,0.874,7.586000000000001e-20,844,P54311
rank0084_ca6_proteinbinders_9213_A,AF-Q0D0X6-F1-model_v6,0.311,341,0.968,0.765,1.5780000000000003e-20,844,Q0D0X6
rank0084_ca6_proteinbinders_9213_A,AF-D1ZEM6-F1-model_v6,0.293,369,0.968,0.759,7.942e-21,844,D1ZEM6
rank0084_ca6_proteinbinders_9213_A,AF-Q7ZUV2-F1-model_v6,0.316,305,0.968,0.416,2.33e-21,844,Q7ZUV2
rank0084_ca6_proteinbinders_9213_A,AF-Q2KJJ5-F1-model_v6,0.302,302,0.946,0.377,1.1200000000000002e-20,844,Q2KJJ5
rank0084_ca6_proteinbinders_9213_A,AF-P69103-F1-model_v6,0.282,317,0.994,0.997,6.214e-21,843,P69103
rank0084_ca6_proteinbinders_9213_A,AF-P20053-F1-model_v6,0.26,306,0.971,0.647,8.368000000000001e-20,843,P20053
rank0084_ca6_proteinbinders_9213_A,AF-Q3KQ62-F1-model_v6,0.263,308,0.978,0.93,1.1200000000000002e-20,842,Q3KQ62
rank0084_ca6_proteinbinders_9213_A,AF-Q9HAV0-F1-model_v6,0.297,307,0.975,0.874,6.548000000000001e-20,842,Q9HAV0
rank0084_ca6_proteinbinders_9213_A,AF-P93563-F1-model_v6,0.269,318,0.981,0.844,3.4600000000000005e-20,842,P93563
rank0084_ca6_proteinbinders_9213_A,AF-P49178-F1-model_v6,0.28,320,0.981,0.842,2.987e-20,842,P49178
rank0084_ca6_proteinbinders_9213_A,AF-Q4WLM7-F1-model_v6,0.311,361,0.968,0.773,1.362e-20,842,Q4WLM7
rank0084_ca6_proteinbinders_9213_A,AF-Q9FUY2-F1-model_v6,0.308,307,0.975,0.314,1.0150000000000001e-20,842,Q9FUY2
rank0084_ca6_proteinbinders_9213_A,AF-O88879-F1-model_v6,0.322,304,0.965,0.243,7.942e-21,842,O88879
rank0084_ca6_proteinbinders_9213_A,AF-P93340-F1-model_v6,0.284,320,0.981,0.982,1.2970000000000001e-20,841,P93340
rank0084_ca6_proteinbinders_9213_A,AF-B3MC74-F1-model_v6,0.294,334,0.987,0.997,2.5780000000000004e-20,841,B3MC74
rank0084_ca6_proteinbinders_9213_A,AF-Q96DI7-2-F1-model_v6,0.308,292,0.927,0.702,1.2970000000000001e-20,841,Q96DI7-2
rank0084_ca6_proteinbinders_9213_A,AF-Q8C0J2-5-F1-model_v6,0.256,310,0.968,0.512,4.408e-21,841,Q8C0J2-5
rank0084_ca6_proteinbinders_9213_A,AF-Q8C4J7-F1-model_v6,0.287,304,0.952,0.38,1.0150000000000001e-20,841,Q8C4J7
rank0084_ca6_proteinbinders_9213_A,AF-F4HTH8-3-F1-model_v6,0.282,305,0.968,0.268,1.736e-21,841,F4HTH8-3
rank0084_ca6_proteinbinders_9213_A,AF-Q7K1Y4-F1-model_v6,0.303,334,0.987,0.997,5.3810000000000004e-20,840,Q7K1Y4
rank0084_ca6_proteinbinders_9213_A,AF-Q9UT85-F1-model_v6,0.289,305,0.968,0.584,9.664000000000001e-21,840,Q9UT85
rank0084_ca6_proteinbinders_9213_A,AF-Q54S79-F1-model_v6,0.252,303,0.962,0.316,6.855e-21,840,Q54S79
rank0084_ca6_proteinbinders_9213_A,AF-O14727-2-F1-model_v6,0.304,304,0.965,0.246,1.5030000000000002e-20,840,O14727-2
rank0084_ca6_proteinbinders_9213_A,AF-P40217-F1-model_v6,0.223,319,0.962,0.919,1.1200000000000002e-20,839,P40217
rank0084_ca6_proteinbinders_9213_A,AF-P83774-F1-model_v6,0.307,314,0.997,0.987,5.634e-21,838,P83774
rank0084_ca6_proteinbinders_9213_A,AF-Q39336-F1-model_v6,0.304,324,0.987,0.991,1.362e-20,837,Q39336
rank0084_ca6_proteinbinders_9213_A,AF-O45040-F1-model_v6,0.268,307,0.975,0.874,1.583e-19,837,O45040
rank0084_ca6_proteinbinders_9213_A,AF-Q4WX90-F1-model_v6,0.23,321,0.968,0.944,1.829e-20,837,Q4WX90
rank0084_ca6_proteinbinders_9213_A,AF-Q8TC44-2-F1-model_v6,0.392,260,0.825,0.567,7.223e-20,837,Q8TC44-2
rank0084_ca6_proteinbinders_9213_A,AF-Q9WUC8-F1-model_v6,0.276,315,1.0,0.595,2.225e-20,837,Q9WUC8
rank0084_ca6_proteinbinders_9213_A,AF-P29387-F1-model_v6,0.29,307,0.975,0.874,1.301e-19,836,P29387
rank0084_ca6_proteinbinders_9213_A,AF-Q5DFU0-F1-model_v6,0.254,351,0.994,0.997,9.664000000000001e-21,836,Q5DFU0
rank0084_ca6_proteinbinders_9213_A,AF-O13615-F1-model_v6,0.275,309,0.981,0.634,2.7080000000000002e-20,836,O13615
rank0084_ca6_proteinbinders_9213_A,AF-A6RUL1-F1-model_v6,0.232,314,0.962,0.937,2.119e-20,835,A6RUL1
rank0084_ca6_proteinbinders_9213_A,AF-Q9AUR8-F1-model_v6,0.28,311,0.946,0.255,3.817e-20,835,Q9AUR8
rank0084_ca6_proteinbinders_9213_A,AF-Q9FLX9-F1-model_v6,0.311,375,0.975,0.793,1.2889999999999998e-22,834,Q9FLX9
rank0084_ca6_proteinbinders_9213_A,AF-O48847-3-F1-model_v6,0.301,307,0.975,0.368,2.987e-20,834,O48847-3
rank0084_ca6_proteinbinders_9213_A,AF-Q2UQ34-F1-model_v6,0.227,316,0.968,0.943,2.225e-20,832,Q2UQ34
rank0084_ca6_proteinbinders_9213_A,AF-B4MY77-F1-model_v6,0.296,334,0.987,0.997,3.2950000000000005e-20,832,B4MY77
rank0084_ca6_proteinbinders_9213_A,AF-F4HTH8-F1-model_v6,0.285,305,0.968,0.245,4.408e-21,832,F4HTH8
rank0084_ca6_proteinbinders_9213_A,AF-Q9DAJ4-F1-model_v6,0.254,311,0.987,0.937,1.9210000000000002e-20,831,Q9DAJ4
rank0084_ca6_proteinbinders_9213_A,AF-Q9FKT5-F1-model_v6,0.301,301,0.956,0.943,2.119e-20,831,Q9FKT5
rank0084_ca6_proteinbinders_9213_A,AF-P69104-F1-model_v6,0.282,317,0.994,0.997,8.341e-21,831,P69104
rank0084_ca6_proteinbinders_9213_A,AF-P38011-F1-model_v6,0.275,313,0.987,0.981,1.1760000000000001e-20,831,P38011
rank0084_ca6_proteinbinders_9213_A,AF-P26308-F1-model_v6,0.249,307,0.975,0.874,1.663e-19,831,P26308
rank0084_ca6_proteinbinders_9213_A,AF-O61585-F1-model_v6,0.324,307,0.975,0.422,3.2840000000000002e-21,831,O61585
rank0084_ca6_proteinbinders_9213_A,AF-Q5AI86-F1-model_v6,0.226,324,0.962,0.926,1.235e-20,830,Q5AI86
rank0084_ca6_proteinbinders_9213_A,AF-Q6PBY0-F1-model_v6,0.271,306,0.971,0.762,6.877e-20,830,Q6PBY0
rank0084_ca6_proteinbinders_9213_A,AF-Q9LV28-F1-model_v6,0.296,323,0.987,0.991,2.225e-20,829,Q9LV28
rank0084_ca6_proteinbinders_9213_A,AF-O43660-2-F1-model_v6,0.276,315,1.0,0.606,2.3370000000000003e-20,829,O43660-2
rank0084_ca6_proteinbinders_9213_A,AF-Q2KID6-F1-model_v6,0.28,315,1.0,0.596,2.5780000000000004e-20,828,Q2KID6
rank0084_ca6_proteinbinders_9213_A,AF-Q94A40-F1-model_v6,0.272,313,0.952,0.257,6.234000000000001e-20,828,Q94A40
rank0084_ca6_proteinbinders_9213_A,AF-Q10282-F1-model_v6,0.245,310,0.984,0.97,1.583e-19,827,Q10282
rank0084_ca6_proteinbinders_9213_A,AF-E3LB80-F1-model_v6,0.211,315,0.968,0.938,2.7080000000000002e-20,826,E3LB80
rank0084_ca6_proteinbinders_9213_A,AF-P93397-F1-model_v6,0.281,315,0.971,0.836,1.239e-19,826,P93397
rank0084_ca6_proteinbinders_9213_A,AF-Q8H0T9-F1-model_v6,0.271,305,0.968,0.345,7.942e-21,826,Q8H0T9
rank0084_ca6_proteinbinders_9213_A,AF-Q922V4-F1-model_v6,0.273,315,1.0,0.596,3.1370000000000004e-20,825,Q922V4
rank0084_ca6_proteinbinders_9213_A,AF-Q96WV5-F1-model_v6,0.252,324,0.975,0.268,1.123e-19,825,Q96WV5
rank0084_ca6_proteinbinders_9213_A,AF-F4KB17-F1-model_v6,0.274,305,0.968,0.344,9.664000000000001e-21,824,F4KB17
rank0084_ca6_proteinbinders_9213_A,AF-Q0J3D9-F1-model_v6,0.283,311,0.946,0.255,6.234000000000001e-20,824,Q0J3D9
rank0084_ca6_proteinbinders_9213_A,AF-Q28DW0-F1-model_v6,0.312,328,0.984,0.985,9.695e-20,823,Q28DW0
rank0084_ca6_proteinbinders_9213_A,AF-Q61ZF6-F1-model_v6,0.261,307,0.975,0.874,2.853e-19,823,Q61ZF6
rank0084_ca6_proteinbinders_9213_A,AF-Q9BZK7-F1-model_v6,0.299,295,0.937,0.556,5.107e-21,823,Q9BZK7
rank0084_ca6_proteinbinders_9213_A,AF-Q5BLX8-F1-model_v6,0.258,311,0.987,0.937,3.4600000000000005e-20,822,Q5BLX8
rank0084_ca6_proteinbinders_9213_A,AF-P36408-F1-model_v6,0.276,305,0.968,0.85,2.344e-19,822,P36408
rank0084_ca6_proteinbinders_9213_A,AF-Q7S7L4-F1-model_v6,0.293,370,0.968,0.761,2.987e-20,822,Q7S7L4
rank0084_ca6_proteinbinders_9213_A,AF-Q6NNP0-F1-model_v6,0.266,305,0.968,0.578,1.367e-19,822,Q6NNP0
rank0084_ca6_proteinbinders_9213_A,AF-Q61011-F1-model_v6,0.277,307,0.975,0.874,2.462e-19,821,Q61011
rank0084_ca6_proteinbinders_9213_A,AF-A1CJY4-F1-model_v6,0.233,321,0.968,0.944,5.936e-20,821,A1CJY4
rank0084_ca6_proteinbinders_9213_A,AF-O43660-F1-model_v6,0.276,315,1.0,0.595,7.967000000000001e-20,821,O43660
rank0084_ca6_proteinbinders_9213_A,AF-Q54H44-F1-model_v6,0.215,323,0.984,0.994,7.562e-21,820,Q54H44
rank0084_ca6_proteinbinders_9213_A,AF-P79083-F1-model_v6,0.227,314,0.962,0.957,1.2970000000000001e-20,819,P79083
rank0084_ca6_proteinbinders_9213_A,AF-Q5B8Y3-F1-model_v6,0.218,317,0.968,0.943,5.652000000000001e-20,819,Q5B8Y3
rank0084_ca6_proteinbinders_9213_A,AF-P16520-F1-model_v6,0.277,307,0.975,0.874,2.996e-19,819,P16520
rank0084_ca6_proteinbinders_9213_A,AF-Q6KAU8-F1-model_v6,0.258,306,0.971,0.474,1.663e-19,819,Q6KAU8
rank0084_ca6_proteinbinders_9213_A,AF-A6ZMK5-F1-model_v6,0.223,319,0.962,0.919,3.4600000000000005e-20,818,A6ZMK5
rank0084_ca6_proteinbinders_9213_A,AF-Q42384-F1-model_v6,0.236,315,1.0,0.632,1.829e-20,818,Q42384
rank0084_ca6_proteinbinders_9213_A,AF-Q6NVM2-F1-model_v6,0.31,305,0.968,0.441,9.664000000000001e-21,818,Q6NVM2
rank0084_ca6_proteinbinders_9213_A,AF-Q6KAU8-3-F1-model_v6,0.258,303,0.962,0.483,2.462e-19,816,Q6KAU8-3
rank0084_ca6_proteinbinders_9213_A,AF-Q5XGI5-F1-model_v6,0.273,308,0.978,0.93,4.4220000000000003e-20,815,Q5XGI5
rank0084_ca6_proteinbinders_9213_A,AF-Q5R7R2-F1-model_v6,0.208,311,0.962,0.957,4.009e-20,815,Q5R7R2
rank0084_ca6_proteinbinders_9213_A,AF-C5GVJ9-F1-model_v6,0.297,367,0.968,0.776,8.789000000000001e-20,815,C5GVJ9
rank0084_ca6_proteinbinders_9213_A,AF-Q9UTC7-F1-model_v6,0.291,306,0.971,0.649,3.305e-19,814,Q9UTC7
rank0084_ca6_proteinbinders_9213_A,AF-C5JD40-F1-model_v6,0.297,367,0.968,0.776,8.789000000000001e-20,814,C5JD40
rank0084_ca6_proteinbinders_9213_A,AF-Q9SJT9-F1-model_v6,0.264,311,0.946,0.255,1.663e-19,814,Q9SJT9
rank0084_ca6_proteinbinders_9213_A,AF-Q8CIE6-F1-model_v6,0.263,312,0.946,0.255,2.125e-19,814,Q8CIE6
rank0084_ca6_proteinbinders_9213_A,AF-B5X212-F1-model_v6,0.303,327,0.981,0.982,1.747e-19,813,B5X212
rank0084_ca6_proteinbinders_9213_A,AF-A4RDD7-F1-model_v6,0.23,314,0.962,0.921,7.586000000000001e-20,813,A4RDD7
rank0084_ca6_proteinbinders_9213_A,AF-P53621-2-F1-model_v6,0.263,312,0.946,0.253,1.018e-19,813,P53621-2
rank0084_ca6_proteinbinders_9213_A,AF-P17343-F1-model_v6,0.265,307,0.975,0.874,5.398e-19,812,P17343
rank0084_ca6_proteinbinders_9213_A,AF-Q5F201-F1-model_v6,0.218,303,0.962,0.469,2.586e-19,811,Q5F201
rank0084_ca6_proteinbinders_9213_A,AF-Q9UNX4-F1-model_v6,0.298,306,0.971,0.318,1.235e-20,811,Q9UNX4
rank0084_ca6_proteinbinders_9213_A,AF-A5DVY3-F1-model_v6,0.213,324,0.962,0.926,2.844e-20,810,A5DVY3
rank0084_ca6_proteinbinders_9213_A,AF-O35242-F1-model_v6,0.25,309,0.981,0.324,2.7080000000000002e-20,810,O35242
rank0084_ca6_proteinbinders_9213_A,AF-Q1DPU4-F1-model_v6,0.224,321,0.968,0.944,5.652000000000001e-20,809,Q1DPU4
rank0084_ca6_proteinbinders_9213_A,AF-O94620-F1-model_v6,0.269,306,0.971,0.865,1.069e-19,809,O94620
rank0084_ca6_proteinbinders_9213_A,AF-Q5GIS3-F1-model_v6,0.252,307,0.975,0.871,6.569e-19,809,Q5GIS3
rank0084_ca6_proteinbinders_9213_A,AF-A7EF03-F1-model_v6,0.227,316,0.968,0.943,7.223e-20,808,A7EF03
rank0084_ca6_proteinbinders_9213_A,AF-Q5XGE2-F1-model_v6,0.237,309,0.981,0.557,7.223e-20,806,Q5XGE2
rank0084_ca6_proteinbinders_9213_A,AF-P79147-F1-model_v6,0.274,307,0.975,0.874,5.398e-19,804,P79147
rank0084_ca6_proteinbinders_9213_A,AF-Q9XW12-F1-model_v6,0.239,334,0.975,0.991,1.508e-19,803,Q9XW12
rank0084_ca6_proteinbinders_9213_A,AF-A3LX18-F1-model_v6,0.219,324,0.962,0.926,6.234000000000001e-20,803,A3LX18
rank0084_ca6_proteinbinders_9213_A,AF-Q8NBT0-3-F1-model_v6,0.379,277,0.879,0.71,4.659e-19,803,Q8NBT0-3
rank0084_ca6_proteinbinders_9213_A,AF-Q12417-F1-model_v6,0.257,315,1.0,0.683,1.123e-19,802,Q12417
rank0084_ca6_proteinbinders_9213_A,AF-A1D7I5-F1-model_v6,0.227,321,0.968,0.944,1.834e-19,799,A1D7I5
rank0084_ca6_proteinbinders_9213_A,AF-B4P7H8-F1-model_v6,0.257,297,0.943,0.432,2.119e-20,799,B4P7H8
rank0084_ca6_proteinbinders_9213_A,AF-Q9AUR7-F1-model_v6,0.275,313,0.952,0.257,2.232e-19,799,Q9AUR7
rank0084_ca6_proteinbinders_9213_A,AF-B0XYC8-F1-model_v6,0.23,321,0.968,0.944,1.747e-19,798,B0XYC8
rank0084_ca6_proteinbinders_9213_A,AF-Q6BSL7-F1-model_v6,0.205,323,0.962,0.926,7.967000000000001e-20,798,Q6BSL7
rank0084_ca6_proteinbinders_9213_A,AF-Q5RDY7-F1-model_v6,0.252,306,0.971,0.853,8.368000000000001e-20,798,Q5RDY7
rank0084_ca6_proteinbinders_9213_A,AF-Q7ZXZ2-F1-model_v6,0.241,309,0.981,0.557,1.301e-19,798,Q7ZXZ2
rank0084_ca6_proteinbinders_9213_A,AF-P87177-F1-model_v6,0.246,300,0.952,0.32,3.6340000000000004e-20,798,P87177
rank0084_ca6_proteinbinders_9213_A,AF-Q8BHB4-F1-model_v6,0.301,306,0.971,0.318,2.225e-20,798,Q8BHB4
rank0084_ca6_proteinbinders_9213_A,AF-Q7RXH4-F1-model_v6,0.217,314,0.962,0.908,1.834e-19,797,Q7RXH4
rank0084_ca6_proteinbinders_9213_A,AF-B3MET8-F1-model_v6,0.257,297,0.943,0.441,4.009e-20,797,B3MET8
rank0084_ca6_proteinbinders_9213_A,AF-P23232-F1-model_v6,0.255,307,0.975,0.871,1.44e-18,796,P23232
rank0084_ca6_proteinbinders_9213_A,AF-Q8H0T9-2-F1-model_v6,0.271,305,0.968,0.346,5.652000000000001e-20,796,Q8H0T9-2
rank0084_ca6_proteinbinders_9213_A,AF-Q27954-F1-model_v6,0.26,312,0.946,0.255,2.996e-19,796,Q27954
rank0084_ca6_proteinbinders_9213_A,AF-B0BNA7-F1-model_v6,0.206,311,0.962,0.957,5.3810000000000004e-20,795,B0BNA7
rank0084_ca6_proteinbinders_9213_A,AF-Q08706-F1-model_v6,0.258,307,0.975,0.871,1.127e-18,795,Q08706
rank0084_ca6_proteinbinders_9213_A,AF-A1L271-F1-model_v6,0.261,306,0.971,0.848,4.022e-19,795,A1L271
rank0084_ca6_proteinbinders_9213_A,AF-A0A1P8AW69-F1-model_v6,0.274,305,0.968,0.284,5.652000000000001e-20,795,A0A1P8AW69
rank0084_ca6_proteinbinders_9213_A,AF-A8QBF3-F1-model_v6,0.201,315,0.968,0.963,2.716e-19,794,A8QBF3
rank0084_ca6_proteinbinders_9213_A,AF-Q5IH81-F1-model_v6,0.19,313,0.968,0.94,5.3810000000000004e-20,794,Q5IH81
rank0084_ca6_proteinbinders_9213_A,AF-A2QP30-F1-model_v6,0.294,340,0.968,0.767,5.936e-20,794,A2QP30
rank0084_ca6_proteinbinders_9213_A,AF-B6K1G6-F1-model_v6,0.268,333,0.994,0.544,2.996e-19,794,B6K1G6
rank0084_ca6_proteinbinders_9213_A,AF-Q4V7Y7-F1-model_v6,0.307,305,0.968,0.441,4.645e-20,794,Q4V7Y7
rank0084_ca6_proteinbinders_9213_A,AF-Q28YY2-F1-model_v6,0.259,297,0.943,0.432,2.7080000000000002e-20,794,Q28YY2
rank0084_ca6_proteinbinders_9213_A,AF-Q6P0D9-F1-model_v6,0.303,327,0.987,0.991,5.67e-19,792,Q6P0D9
rank0084_ca6_proteinbinders_9213_A,AF-Q80ZD0-F1-model_v6,0.252,306,0.971,0.853,1.239e-19,792,Q80ZD0
rank0084_ca6_proteinbinders_9213_A,AF-Q40687-F1-model_v6,0.28,319,0.978,0.839,5.955e-19,792,Q40687
rank0084_ca6_proteinbinders_9213_A,AF-O14775-F1-model_v6,0.255,306,0.971,0.762,1.018e-19,792,O14775
rank0084_ca6_proteinbinders_9213_A,AF-Q08E38-F1-model_v6,0.248,306,0.971,0.589,2.853e-19,792,Q08E38
rank0084_ca6_proteinbinders_9213_A,AF-Q9BQ87-F1-model_v6,0.302,295,0.937,0.548,3.2950000000000005e-20,792,Q9BQ87
rank0084_ca6_proteinbinders_9213_A,AF-Q9BRX9-F1-model_v6,0.249,311,0.987,0.937,1.834e-19,791,Q9BRX9
rank0084_ca6_proteinbinders_9213_A,AF-E1BKF9-F1-model_v6,0.231,303,0.962,0.467,7.993e-19,791,E1BKF9
rank0084_ca6_proteinbinders_9213_A,AF-B4KRQ4-F1-model_v6,0.257,297,0.943,0.433,7.223e-20,790,B4KRQ4
rank0084_ca6_proteinbinders_9213_A,AF-P53621-F1-model_v6,0.259,314,0.952,0.257,6.254e-19,790,P53621
rank0084_ca6_proteinbinders_9213_A,AF-Q54S59-F1-model_v6,0.224,307,0.975,0.99,7.993e-19,789,Q54S59
rank0084_ca6_proteinbinders_9213_A,AF-B5FZ19-F1-model_v6,0.218,311,0.962,0.957,6.548000000000001e-20,789,B5FZ19
rank0084_ca6_proteinbinders_9213_A,AF-B0XFT7-F1-model_v6,0.204,315,0.962,0.96,6.877e-20,789,B0XFT7
rank0084_ca6_proteinbinders_9213_A,AF-Q6PNB6-F1-model_v6,0.252,306,0.971,0.853,1.663e-19,788,Q6PNB6
rank0084_ca6_proteinbinders_9213_A,AF-Q8N1V2-3-F1-model_v6,0.218,302,0.959,0.525,1.183e-18,788,Q8N1V2-3
rank0084_ca6_proteinbinders_9213_A,AF-Q8NAA4-F1-model_v6,0.261,307,0.975,0.478,8.817e-19,788,Q8NAA4
rank0084_ca6_proteinbinders_9213_A,AF-Q55FR9-F1-model_v6,0.241,310,0.952,0.254,2.586e-19,788,Q55FR9
rank0084_ca6_proteinbinders_9213_A,AF-Q99KN2-F1-model_v6,0.301,333,0.987,0.982,4.659e-19,787,Q99KN2
rank0084_ca6_proteinbinders_9213_A,AF-P52287-F1-model_v6,0.277,307,0.975,0.874,1.44e-18,787,P52287
rank0084_ca6_proteinbinders_9213_A,AF-B4GIJ0-F1-model_v6,0.259,297,0.943,0.432,6.877e-20,787,B4GIJ0
rank0084_ca6_proteinbinders_9213_A,AF-B4JB43-F1-model_v6,0.196,313,0.962,0.96,1.927e-19,786,B4JB43
rank0084_ca6_proteinbinders_9213_A,AF-B3N4C7-F1-model_v6,0.19,313,0.962,0.96,1.927e-19,785,B3N4C7
rank0084_ca6_proteinbinders_9213_A,AF-P62881-2-F1-model_v6,0.25,306,0.971,0.853,6.254e-19,785,P62881-2
rank0084_ca6_proteinbinders_9213_A,AF-B4MFM2-F1-model_v6,0.257,297,0.943,0.441,9.231000000000001e-20,785,B4MFM2
rank0084_ca6_proteinbinders_9213_A,AF-B4QB64-F1-model_v6,0.257,297,0.943,0.44,9.695e-20,785,B4QB64
rank0084_ca6_proteinbinders_9213_A,AF-B3NSK1-F1-model_v6,0.257,297,0.943,0.432,8.789000000000001e-20,785,B3NSK1
rank0084_ca6_proteinbinders_9213_A,AF-Q5M7T1-F1-model_v6,0.3,333,0.987,0.982,7.993e-19,784,Q5M7T1
rank0084_ca6_proteinbinders_9213_A,AF-F1SS88-F1-model_v6,0.231,303,0.962,0.469,1.127e-18,784,F1SS88
rank0084_ca6_proteinbinders_9213_A,AF-Q9QZD9-F1-model_v6,0.203,311,0.962,0.957,1.18e-19,783,Q9QZD9
rank0084_ca6_proteinbinders_9213_A,AF-B5X9P2-F1-model_v6,0.296,324,0.981,0.982,1.84e-18,783,B5X9P2
rank0084_ca6_proteinbinders_9213_A,AF-A7TH19-F1-model_v6,0.21,320,0.968,0.922,3.147e-19,782,A7TH19
rank0084_ca6_proteinbinders_9213_A,AF-O14775-2-F1-model_v6,0.252,306,0.971,0.853,2.344e-19,782,O14775-2
rank0084_ca6_proteinbinders_9213_A,AF-Q8CBE3-F1-model_v6,0.242,348,0.997,0.702,7.246e-19,782,Q8CBE3
rank0084_ca6_proteinbinders_9213_A,AF-B4J8H6-F1-model_v6,0.262,297,0.943,0.441,9.231000000000001e-20,782,B4J8H6
rank0084_ca6_proteinbinders_9213_A,AF-Q1LZ08-F1-model_v6,0.258,297,0.943,0.44,7.223e-20,782,Q1LZ08
rank0084_ca6_proteinbinders_9213_A,AF-Q13347-F1-model_v6,0.2,311,0.962,0.957,1.301e-19,781,Q13347
rank0084_ca6_proteinbinders_9213_A,AF-P62881-F1-model_v6,0.258,306,0.971,0.762,2.024e-19,781,P62881
rank0084_ca6_proteinbinders_9213_A,AF-B4HND9-F1-model_v6,0.257,297,0.943,0.432,1.18e-19,781,B4HND9
rank0084_ca6_proteinbinders_9213_A,AF-Q54YD8-F1-model_v6,0.253,311,0.987,0.297,4.022e-19,781,Q54YD8
rank0084_ca6_proteinbinders_9213_A,AF-O02195-F1-model_v6,0.195,309,0.949,0.948,2.344e-19,780,O02195
rank0084_ca6_proteinbinders_9213_A,AF-P62883-F1-model_v6,0.274,306,0.968,0.981,5.398e-19,779,P62883
rank0084_ca6_proteinbinders_9213_A,AF-Q6BU94-F1-model_v6,0.248,308,0.978,0.739,3.646e-19,779,Q6BU94
rank0084_ca6_proteinbinders_9213_A,AF-P0DPA1-F1-model_v6,0.244,344,0.987,0.585,2.0170000000000002e-20,779,P0DPA1
rank0084_ca6_proteinbinders_9213_A,AF-O76071-F1-model_v6,0.297,333,0.987,0.982,1.305e-18,778,O76071
rank0084_ca6_proteinbinders_9213_A,AF-Q25306-F1-model_v6,0.268,306,0.968,0.981,9.26e-19,777,Q25306
rank0084_ca6_proteinbinders_9213_A,AF-Q7ZV55-F1-model_v6,0.218,311,0.962,0.957,6.877e-20,777,Q7ZV55
rank0084_ca6_proteinbinders_9213_A,AF-P0CS47-F1-model_v6,0.246,308,0.978,0.418,1.371e-18,777,P0CS47
rank0084_ca6_proteinbinders_9213_A,AF-Q99KP6-2-F1-model_v6,0.251,306,0.971,0.568,7.61e-19,776,Q99KP6-2
rank0084_ca6_proteinbinders_9213_A,AF-A7RM20-F1-model_v6,0.204,309,0.968,0.963,4.224e-19,775,A7RM20
rank0084_ca6_proteinbinders_9213_A,AF-Q29L19-F1-model_v6,0.203,313,0.962,0.96,2.996e-19,775,Q29L19
rank0084_ca6_proteinbinders_9213_A,AF-A4IIX9-F1-model_v6,0.247,345,0.99,0.698,8.817e-19,775,A4IIX9
rank0084_ca6_proteinbinders_9213_A,AF-Q75BY3-F1-model_v6,0.256,309,0.981,0.711,7.246e-19,773,Q75BY3
rank0084_ca6_proteinbinders_9213_A,AF-B4Q354-F1-model_v6,0.196,313,0.962,0.96,4.659e-19,772,B4Q354
rank0084_ca6_proteinbinders_9213_A,AF-Q9DC48-F1-model_v6,0.266,305,0.968,0.52,1.927e-19,772,Q9DC48
rank0084_ca6_proteinbinders_9213_A,AF-Q9BVA0-F1-model_v6,0.301,305,0.968,0.441,1.018e-19,772,Q9BVA0
rank0084_ca6_proteinbinders_9213_A,AF-P0CS46-F1-model_v6,0.244,310,0.984,0.421,1.127e-18,772,P0CS46
rank0084_ca6_proteinbinders_9213_A,AF-B4I195-F1-model_v6,0.195,310,0.952,0.951,4.894e-19,771,B4I195
rank0084_ca6_proteinbinders_9213_A,AF-Q6CKE8-F1-model_v6,0.254,315,1.0,0.707,6.254e-19,771,Q6CKE8
rank0084_ca6_proteinbinders_9213_A,AF-Q9UMS4-F1-model_v6,0.248,306,0.971,0.589,7.246e-19,771,Q9UMS4
rank0084_ca6_proteinbinders_9213_A,AF-Q5E966-F1-model_v6,0.203,311,0.962,0.957,2.586e-19,770,Q5E966
rank0084_ca6_proteinbinders_9213_A,AF-P35605-F1-model_v6,0.25,312,0.99,0.329,8.817e-19,770,P35605
rank0084_ca6_proteinbinders_9213_A,AF-Q66J51-F1-model_v6,0.206,311,0.962,0.957,2.462e-19,769,Q66J51
rank0084_ca6_proteinbinders_9213_A,AF-Q5EBE8-F1-model_v6,0.203,311,0.962,0.957,1.834e-19,769,Q5EBE8
rank0084_ca6_proteinbinders_9213_A,AF-A7RWD2-F1-model_v6,0.313,326,0.971,0.997,1.243e-18,769,A7RWD2
rank0084_ca6_proteinbinders_9213_A,AF-Q6CBI8-F1-model_v6,0.289,330,0.968,0.994,1.243e-18,768,Q6CBI8
rank0084_ca6_proteinbinders_9213_A,AF-P35606-F1-model_v6,0.25,312,0.99,0.329,1.371e-18,767,P35606
rank0084_ca6_proteinbinders_9213_A,AF-Q2GTM8-F1-model_v6,0.22,314,0.962,0.921,1.127e-18,766,Q2GTM8
rank0084_ca6_proteinbinders_9213_A,AF-Q6DDF0-F1-model_v6,0.253,346,0.99,0.699,1.305e-18,766,Q6DDF0
rank0084_ca6_proteinbinders_9213_A,AF-Q9UT57-F1-model_v6,0.251,330,0.981,0.543,3.157e-18,765,Q9UT57
rank0084_ca6_proteinbinders_9213_A,AF-Q6RI45-5-F1-model_v6,0.227,372,0.971,0.268,1.1200000000000002e-20,765,Q6RI45-5
rank0084_ca6_proteinbinders_9213_A,AF-A7EKM8-F1-model_v6,0.338,305,0.908,0.666,7.246e-19,764,A7EKM8
rank0084_ca6_proteinbinders_9213_A,AF-Q9JMJ4-F1-model_v6,0.251,306,0.971,0.589,1.512e-18,764,Q9JMJ4
rank0084_ca6_proteinbinders_9213_A,AF-Q5VQ78-F1-model_v6,0.247,311,0.987,0.327,2.725e-18,764,Q5VQ78
rank0084_ca6_proteinbinders_9213_A,AF-Q16K15-F1-model_v6,0.2,313,0.962,0.96,5.67e-19,763,Q16K15
rank0084_ca6_proteinbinders_9213_A,AF-Q9Y2I8-2-F1-model_v6,0.245,340,0.971,0.687,3.316e-18,763,Q9Y2I8-2
rank0084_ca6_proteinbinders_9213_A,AF-O43071-F1-model_v6,0.271,305,0.968,0.541,1.435e-19,763,O43071
rank0084_ca6_proteinbinders_9213_A,AF-Q8BG40-F1-model_v6,0.301,305,0.968,0.439,1.663e-19,763,Q8BG40
rank0084_ca6_proteinbinders_9213_A,AF-O55029-F1-model_v6,0.25,312,0.99,0.329,1.371e-18,763,O55029
rank0084_ca6_proteinbinders_9213_A,AF-Q39190-F1-model_v6,0.22,315,1.0,0.639,2.232e-19,762,Q39190
rank0084_ca6_proteinbinders_9213_A,AF-Q54MT0-F1-model_v6,0.198,309,0.962,0.934,1.588e-18,761,Q54MT0
rank0084_ca6_proteinbinders_9213_A,AF-Q5F3D7-F1-model_v6,0.237,309,0.981,0.552,1.183e-18,761,Q5F3D7
rank0084_ca6_proteinbinders_9213_A,AF-Q8L828-2-F1-model_v6,0.247,311,0.987,0.324,2.352e-18,761,Q8L828-2
rank0084_ca6_proteinbinders_9213_A,AF-B4N0L0-F1-model_v6,0.203,308,0.946,0.957,5.955e-19,760,B4N0L0
rank0084_ca6_proteinbinders_9213_A,AF-Q9JHB4-2-F1-model_v6,0.27,292,0.927,0.787,1.84e-18,760,Q9JHB4-2
rank0084_ca6_proteinbinders_9213_A,AF-Q9Y2I8-F1-model_v6,0.242,339,0.971,0.686,2.03e-18,760,Q9Y2I8
rank0084_ca6_proteinbinders_9213_A,AF-Q9C827-F1-model_v6,0.248,311,0.987,0.321,1.752e-18,760,Q9C827
rank0084_ca6_proteinbinders_9213_A,AF-B3MVL6-F1-model_v6,0.2,308,0.946,0.957,7.993e-19,759,B3MVL6
rank0084_ca6_proteinbinders_9213_A,AF-Q1HPW4-F1-model_v6,0.207,312,0.962,0.948,5.67e-19,759,Q1HPW4
rank0084_ca6_proteinbinders_9213_A,AF-P62873-2-F1-model_v6,0.295,295,0.937,0.861,4.237e-18,759,P62873-2
rank0084_ca6_proteinbinders_9213_A,AF-Q10051-F1-model_v6,0.267,306,0.971,0.6,3.482e-18,759,Q10051
rank0084_ca6_proteinbinders_9213_A,AF-P41811-F1-model_v6,0.27,309,0.981,0.335,1.512e-18,758,P41811
rank0084_ca6_proteinbinders_9213_A,AF-Q8L828-F1-model_v6,0.248,311,0.987,0.327,2.594e-18,758,Q8L828
rank0084_ca6_proteinbinders_9213_A,AF-Q99973-2-F1-model_v6,0.233,307,0.975,0.112,4.894e-19,758,Q99973-2
rank0084_ca6_proteinbinders_9213_A,AF-A5DGL8-F1-model_v6,0.205,324,0.968,0.931,1.588e-18,757,A5DGL8
rank0084_ca6_proteinbinders_9213_A,AF-Q5R650-F1-model_v6,0.243,343,0.981,0.693,5.156e-18,757,Q5R650
rank0084_ca6_proteinbinders_9213_A,AF-Q6CKX3-F1-model_v6,0.199,319,0.968,0.919,2.47e-18,756,Q6CKX3
rank0084_ca6_proteinbinders_9213_A,AF-Q99KP6-F1-model_v6,0.251,306,0.971,0.589,2.594e-18,756,Q99KP6
rank0084_ca6_proteinbinders_9213_A,AF-Q965S8-F1-model_v6,0.213,315,0.968,0.963,1.752e-18,755,Q965S8
rank0084_ca6_proteinbinders_9213_A,AF-Q5ZIU8-F1-model_v6,0.297,305,0.968,0.44,4.436e-19,755,Q5ZIU8
rank0084_ca6_proteinbinders_9213_A,AF-Q38884-F1-model_v6,0.237,318,0.968,0.97,4.035e-18,754,Q38884
rank0084_ca6_proteinbinders_9213_A,AF-Q7ZW33-F1-model_v6,0.231,309,0.981,0.551,1.933e-18,754,Q7ZW33
rank0084_ca6_proteinbinders_9213_A,AF-Q16MY0-F1-model_v6,0.232,303,0.962,0.455,3.471e-19,754,Q16MY0
rank0084_ca6_proteinbinders_9213_A,AF-Q6H8D5-F1-model_v6,0.244,311,0.987,0.326,3.006e-18,754,Q6H8D5
rank0084_ca6_proteinbinders_9213_A,AF-O02482-F1-model_v6,0.221,310,0.984,0.492,4.909e-18,753,O02482
rank0084_ca6_proteinbinders_9213_A,AF-Q6H8D6-F1-model_v6,0.245,311,0.987,0.326,3.006e-18,753,Q6H8D6
rank0084_ca6_proteinbinders_9213_A,AF-Q20168-F1-model_v6,0.253,311,0.987,0.297,2.594e-18,753,Q20168
rank0084_ca6_proteinbinders_9213_A,AF-Q8NA23-2-F1-model_v6,0.256,313,0.971,0.855,6.254e-19,752,Q8NA23-2
rank0084_ca6_proteinbinders_9213_A,AF-A8WVX8-F1-model_v6,0.212,312,0.959,0.954,1.588e-18,751,A8WVX8
rank0084_ca6_proteinbinders_9213_A,AF-Q8C7V3-F1-model_v6,0.251,309,0.981,0.544,9.26e-19,750,Q8C7V3
rank0084_ca6_proteinbinders_9213_A,AF-Q95RJ9-F1-model_v6,0.302,302,0.959,0.427,6.877e-20,750,Q95RJ9
rank0084_ca6_proteinbinders_9213_A,AF-O42937-F1-model_v6,0.227,311,0.987,0.373,2.03e-18,750,O42937
rank0084_ca6_proteinbinders_9213_A,AF-P62882-F1-model_v6,0.253,306,0.971,0.853,2.132e-18,749,P62882
rank0084_ca6_proteinbinders_9213_A,AF-Q04726-4-F1-model_v6,0.219,307,0.975,0.381,3.316e-18,749,Q04726-4
rank0084_ca6_proteinbinders_9213_A,AF-O35142-F1-model_v6,0.247,312,0.99,0.329,4.035e-18,749,O35142
rank0084_ca6_proteinbinders_9213_A,AF-Q54Y96-F1-model_v6,0.234,310,0.978,0.585,4.2110000000000006e-20,748,Q54Y96
rank0084_ca6_proteinbinders_9213_A,AF-Q4R4I8-F1-model_v6,0.247,312,0.99,0.329,4.674e-18,748,Q4R4I8
rank0084_ca6_proteinbinders_9213_A,AF-Q759L2-F1-model_v6,0.201,317,0.962,0.916,2.47e-18,747,Q759L2
rank0084_ca6_proteinbinders_9213_A,AF-Q5EBE8-2-F1-model_v6,0.203,311,0.962,0.942,4.894e-19,746,Q5EBE8-2
rank0084_ca6_proteinbinders_9213_A,AF-B0X2V9-F1-model_v6,0.243,297,0.943,0.44,9.726e-19,746,B0X2V9
rank0084_ca6_proteinbinders_9213_A,AF-Q29RH4-F1-model_v6,0.251,301,0.956,0.846,2.239e-18,744,Q29RH4
rank0084_ca6_proteinbinders_9213_A,AF-O94365-F1-model_v6,0.224,308,0.978,0.581,2.725e-18,744,O94365
rank0084_ca6_proteinbinders_9213_A,AF-Q921C3-2-F1-model_v6,0.221,369,0.971,0.163,2.225e-20,744,Q921C3-2
rank0084_ca6_proteinbinders_9213_A,AF-B4LUA5-F1-model_v6,0.2,308,0.946,0.957,2.352e-18,742,B4LUA5
rank0084_ca6_proteinbinders_9213_A,AF-Q6CI08-F1-model_v6,0.243,318,0.968,0.944,2.594e-18,742,Q6CI08
rank0084_ca6_proteinbinders_9213_A,AF-Q6FJZ9-F1-model_v6,0.236,315,1.0,0.721,2.862e-18,742,Q6FJZ9
rank0084_ca6_proteinbinders_9213_A,AF-A5D7H2-F1-model_v6,0.222,328,0.971,0.412,1.021e-18,742,A5D7H2
rank0084_ca6_proteinbinders_9213_A,AF-Q5R664-F1-model_v6,0.251,311,0.987,0.328,5.415e-18,742,Q5R664
rank0084_ca6_proteinbinders_9213_A,AF-Q19124-F1-model_v6,0.245,305,0.968,0.562,2.594e-18,741,Q19124
rank0084_ca6_proteinbinders_9213_A,AF-Q9C1X1-F1-model_v6,0.244,364,0.952,0.426,9.26e-19,741,Q9C1X1
rank0084_ca6_proteinbinders_9213_A,AF-O62471-F1-model_v6,0.213,304,0.965,0.184,1.752e-18,741,O62471
rank0084_ca6_proteinbinders_9213_A,AF-Q6NLV4-F1-model_v6,0.246,310,0.984,0.461,1.187e-17,740,Q6NLV4
rank0084_ca6_proteinbinders_9213_A,AF-P70483-F1-model_v6,0.218,328,0.971,0.421,2.47e-18,740,P70483
rank0084_ca6_proteinbinders_9213_A,AF-Q75AV4-F1-model_v6,0.245,309,0.981,0.675,2.862e-18,737,Q75AV4
rank0084_ca6_proteinbinders_9213_A,AF-Q5ZMA2-F1-model_v6,0.246,309,0.981,0.582,2.352e-18,737,Q5ZMA2
rank0084_ca6_proteinbinders_9213_A,AF-Q54D08-F1-model_v6,0.248,295,0.908,0.97,2.594e-18,736,Q54D08
rank0084_ca6_proteinbinders_9213_A,AF-Q32PG3-F1-model_v6,0.243,295,0.937,0.436,1.305e-18,736,Q32PG3
rank0084_ca6_proteinbinders_9213_A,AF-Q07141-F1-model_v6,0.216,307,0.975,0.393,7.269e-18,736,Q07141
rank0084_ca6_proteinbinders_9213_A,AF-Q04726-F1-model_v6,0.216,307,0.975,0.381,8.845e-18,736,Q04726
rank0084_ca6_proteinbinders_9213_A,AF-Q9C0J8-F1-model_v6,0.233,308,0.978,0.223,5.688e-18,736,Q9C0J8
rank0084_ca6_proteinbinders_9213_A,AF-Q9JHB4-F1-model_v6,0.273,292,0.927,0.785,6.59e-18,735,Q9JHB4
rank0084_ca6_proteinbinders_9213_A,AF-A2RRU3-F1-model_v6,0.246,309,0.981,0.544,1.512e-18,735,A2RRU3
rank0084_ca6_proteinbinders_9213_A,AF-Q92636-F1-model_v6,0.253,309,0.981,0.325,2.862e-18,735,Q92636
rank0084_ca6_proteinbinders_9213_A,AF-Q921C3-F1-model_v6,0.223,369,0.971,0.16,2.987e-20,734,Q921C3
rank0084_ca6_proteinbinders_9213_A,AF-Q6FJS0-F1-model_v6,0.238,309,0.981,0.659,7.269e-18,733,Q6FJS0
rank0084_ca6_proteinbinders_9213_A,AF-P16371-2-F1-model_v6,0.216,307,0.975,0.409,8.845e-18,733,P16371-2
rank0084_ca6_proteinbinders_9213_A,AF-P58405-2-F1-model_v6,0.221,328,0.971,0.452,2.47e-18,733,P58405-2
rank0084_ca6_proteinbinders_9213_A,AF-Q9CAA0-F1-model_v6,0.245,311,0.987,0.323,7.269e-18,733,Q9CAA0
rank0084_ca6_proteinbinders_9213_A,AF-Q99973-F1-model_v6,0.236,307,0.975,0.112,1.371e-18,733,Q99973
rank0084_ca6_proteinbinders_9213_A,AF-A2QEV8-F1-model_v6,0.21,318,0.968,0.944,1.127e-18,732,A2QEV8
rank0084_ca6_proteinbinders_9213_A,AF-Q5A7Q3-F1-model_v6,0.222,317,0.984,0.815,6.274e-18,731,Q5A7Q3
rank0084_ca6_proteinbinders_9213_A,AF-Q9H7D7-2-F1-model_v6,0.28,305,0.968,0.46,1.183e-18,731,Q9H7D7-2
rank0084_ca6_proteinbinders_9213_A,AF-Q8VYZ5-2-F1-model_v6,0.244,365,0.952,0.424,6.254e-19,731,Q8VYZ5-2
rank0084_ca6_proteinbinders_9213_A,AF-O60907-F1-model_v6,0.262,351,0.965,0.608,2.024e-19,730,O60907
rank0084_ca6_proteinbinders_9213_A,AF-Q6S7B0-F1-model_v6,0.298,301,0.873,0.45,2.725e-18,730,Q6S7B0
rank0084_ca6_proteinbinders_9213_A,AF-Q04726-3-F1-model_v6,0.219,307,0.975,0.385,1.31e-17,730,Q04726-3
rank0084_ca6_proteinbinders_9213_A,AF-Q8BU03-F1-model_v6,0.236,361,0.952,0.393,5.688e-18,730,Q8BU03
rank0084_ca6_proteinbinders_9213_A,AF-Q9LV27-F1-model_v6,0.272,297,0.908,0.974,8.845e-18,729,Q9LV27
rank0084_ca6_proteinbinders_9213_A,AF-Q7T2F6-F1-model_v6,0.279,369,0.984,0.872,1.073e-18,729,Q7T2F6
rank0084_ca6_proteinbinders_9213_A,AF-Q05B17-F1-model_v6,0.24,295,0.937,0.435,2.03e-18,729,Q05B17
rank0084_ca6_proteinbinders_9213_A,AF-Q04726-6-F1-model_v6,0.213,307,0.975,0.383,1.076e-17,729,Q04726-6
rank0084_ca6_proteinbinders_9213_A,AF-Q04727-3-F1-model_v6,0.216,307,0.975,0.365,1.13e-17,729,Q04727-3
rank0084_ca6_proteinbinders_9213_A,AF-O62471-3-F1-model_v6,0.208,309,0.978,0.233,4.894e-19,729,O62471-3
rank0084_ca6_proteinbinders_9213_A,AF-Q6BVZ3-F1-model_v6,0.22,316,0.981,0.627,8.845e-18,728,Q6BVZ3
rank0084_ca6_proteinbinders_9213_A,AF-Q6PFM9-F1-model_v6,0.24,295,0.937,0.436,2.03e-18,728,Q6PFM9
rank0084_ca6_proteinbinders_9213_A,AF-Q5RAW8-F1-model_v6,0.243,295,0.937,0.436,2.352e-18,727,Q5RAW8
rank0084_ca6_proteinbinders_9213_A,AF-Q04727-2-F1-model_v6,0.219,307,0.975,0.418,1.594e-17,727,Q04727-2
rank0084_ca6_proteinbinders_9213_A,AF-O42478-F1-model_v6,0.216,307,0.975,0.381,1.517e-17,727,O42478
rank0084_ca6_proteinbinders_9213_A,AF-Q8NA23-F1-model_v6,0.251,306,0.971,0.834,1.588e-18,726,Q8NA23
rank0084_ca6_proteinbinders_9213_A,AF-Q0V8J1-F1-model_v6,0.258,361,0.99,0.889,8.421e-18,726,Q0V8J1
rank0084_ca6_proteinbinders_9213_A,AF-P38129-F1-model_v6,0.292,327,0.892,0.41,3.006e-18,726,P38129
rank0084_ca6_proteinbinders_9213_A,AF-Q9I9H8-F1-model_v6,0.269,304,0.965,0.241,2.478e-17,726,Q9I9H8
rank0084_ca6_proteinbinders_9213_A,AF-Q9AYE4-F1-model_v6,0.278,278,0.883,0.873,1.025e-17,725,Q9AYE4
rank0084_ca6_proteinbinders_9213_A,AF-Q13033-F1-model_v6,0.225,328,0.971,0.412,3.841e-18,724,Q13033
rank0084_ca6_proteinbinders_9213_A,AF-Q7SZM9-F1-model_v6,0.272,350,0.978,0.674,4.878e-20,723,Q7SZM9
rank0084_ca6_proteinbinders_9213_A,AF-Q08122-4-F1-model_v6,0.216,307,0.975,0.376,1.594e-17,723,Q08122-4
rank0084_ca6_proteinbinders_9213_A,AF-P38123-F1-model_v6,0.274,313,0.975,0.994,1.021e-18,722,P38123
rank0084_ca6_proteinbinders_9213_A,AF-Q9FND4-F1-model_v6,0.279,311,0.987,0.585,9.726e-19,721,Q9FND4
rank0084_ca6_proteinbinders_9213_A,AF-Q8TAF3-F1-model_v6,0.235,295,0.937,0.436,2.132e-18,721,Q8TAF3
rank0084_ca6_proteinbinders_9213_A,AF-Q9NRL3-F1-model_v6,0.224,326,0.971,0.433,5.974e-18,721,Q9NRL3
rank0084_ca6_proteinbinders_9213_A,AF-Q96J01-F1-model_v6,0.246,309,0.981,0.852,1.84e-18,720,Q96J01
rank0084_ca6_proteinbinders_9213_A,AF-Q8TED0-F1-model_v6,0.248,309,0.981,0.554,4.237e-18,720,Q8TED0
rank0084_ca6_proteinbinders_9213_A,AF-A7MB12-F1-model_v6,0.251,314,0.997,0.563,1.668e-18,720,A7MB12
rank0084_ca6_proteinbinders_9213_A,AF-Q8BH57-2-F1-model_v6,0.236,309,0.978,0.467,1.073e-18,720,Q8BH57-2
rank0084_ca6_proteinbinders_9213_A,AF-P16371-F1-model_v6,0.219,307,0.975,0.403,1.846e-17,720,P16371
rank0084_ca6_proteinbinders_9213_A,AF-A2AHJ4-F1-model_v6,0.232,372,0.971,0.207,8.368000000000001e-20,720,A2AHJ4
rank0084_ca6_proteinbinders_9213_A,AF-Q5ZME8-F1-model_v6,0.252,309,0.968,0.602,1.183e-18,719,Q5ZME8
rank0084_ca6_proteinbinders_9213_A,AF-Q5REE0-F1-model_v6,0.245,309,0.981,0.554,4.035e-18,719,Q5REE0
rank0084_ca6_proteinbinders_9213_A,AF-Q5F3K4-F1-model_v6,0.24,295,0.937,0.435,3.657e-18,719,Q5F3K4
rank0084_ca6_proteinbinders_9213_A,AF-O13166-F1-model_v6,0.216,307,0.975,0.386,2.871e-17,719,O13166
rank0084_ca6_proteinbinders_9213_A,AF-Q3UKJ7-F1-model_v6,0.246,309,0.968,0.602,1.44e-18,718,Q3UKJ7
rank0084_ca6_proteinbinders_9213_A,AF-O74184-F1-model_v6,0.264,272,0.863,0.85,2.871e-17,717,O74184
rank0084_ca6_proteinbinders_9213_A,AF-Q8VYZ5-F1-model_v6,0.242,365,0.952,0.406,9.26e-19,717,Q8VYZ5
rank0084_ca6_proteinbinders_9213_A,AF-Q6GL39-F1-model_v6,0.232,312,0.99,0.962,1.588e-18,716,Q6GL39
rank0084_ca6_proteinbinders_9213_A,AF-P40968-F1-model_v6,0.21,304,0.965,0.664,7.634e-18,716,P40968
rank0084_ca6_proteinbinders_9213_A,AF-G5EEG7-F1-model_v6,0.217,306,0.968,0.6,4.45e-18,716,G5EEG7
rank0084_ca6_proteinbinders_9213_A,AF-Q8BH57-3-F1-model_v6,0.246,295,0.937,0.512,4.45e-18,716,Q8BH57-3
rank0084_ca6_proteinbinders_9213_A,AF-Q93794-F1-model_v6,0.324,308,0.978,0.482,3.147e-19,716,Q93794
rank0084_ca6_proteinbinders_9213_A,AF-Q8BH57-F1-model_v6,0.246,295,0.937,0.436,4.674e-18,716,Q8BH57
rank0084_ca6_proteinbinders_9213_A,AF-Q04727-4-F1-model_v6,0.219,307,0.975,0.393,3.015e-17,716,Q04727-4
rank0084_ca6_proteinbinders_9213_A,AF-O62621-F1-model_v6,0.24,312,0.99,0.326,1.939e-17,716,O62621
rank0084_ca6_proteinbinders_9213_A,AF-Q04726-2-F1-model_v6,0.216,307,0.975,0.387,2.734e-17,715,Q04726-2
rank0084_ca6_proteinbinders_9213_A,AF-Q04726-5-F1-model_v6,0.216,307,0.975,0.382,2.603e-17,715,Q04726-5
rank0084_ca6_proteinbinders_9213_A,AF-Q93794-2-F1-model_v6,0.325,297,0.943,0.467,2.996e-19,714,Q93794-2
rank0084_ca6_proteinbinders_9213_A,AF-Q62440-2-F1-model_v6,0.21,307,0.975,0.422,3.326e-17,714,Q62440-2
rank0084_ca6_proteinbinders_9213_A,AF-Q08122-2-F1-model_v6,0.216,307,0.975,0.382,3.015e-17,714,Q08122-2
rank0084_ca6_proteinbinders_9213_A,AF-Q8N136-2-F1-model_v6,0.335,258,0.819,0.664,8.845e-18,713,Q8N136-2
rank0084_ca6_proteinbinders_9213_A,AF-Q5ZLK1-F1-model_v6,0.217,304,0.965,0.665,1.187e-17,713,Q5ZLK1
rank0084_ca6_proteinbinders_9213_A,AF-Q9WVB2-F1-model_v6,0.194,307,0.975,0.383,3.493e-17,712,Q9WVB2
rank0084_ca6_proteinbinders_9213_A,AF-O60907-2-F1-model_v6,0.275,351,0.965,0.667,1.069e-19,711,O60907-2
rank0084_ca6_proteinbinders_9213_A,AF-Q62440-F1-model_v6,0.216,307,0.975,0.382,4.047e-17,711,Q62440
rank0084_ca6_proteinbinders_9213_A,AF-Q7ZVA0-F1-model_v6,0.244,309,0.968,0.602,1.588e-18,710,Q7ZVA0
rank0084_ca6_proteinbinders_9213_A,AF-Q08122-F1-model_v6,0.213,307,0.975,0.381,2.603e-17,710,Q08122
rank0084_ca6_proteinbinders_9213_A,AF-Q2TAY7-F1-model_v6,0.249,309,0.968,0.602,1.933e-18,709,Q2TAY7
rank0084_ca6_proteinbinders_9213_A,AF-Q6PAC3-F1-model_v6,0.217,304,0.965,0.665,1.758e-17,708,Q6PAC3
rank0084_ca6_proteinbinders_9213_A,AF-C4R6H3-F1-model_v6,0.241,375,0.968,0.75,3.841e-18,708,C4R6H3
rank0084_ca6_proteinbinders_9213_A,AF-Q6GPC6-F1-model_v6,0.277,350,0.978,0.67,4.4220000000000003e-20,708,Q6GPC6
rank0084_ca6_proteinbinders_9213_A,AF-O75529-F1-model_v6,0.279,304,0.873,0.516,1.076e-17,708,O75529
rank0084_ca6_proteinbinders_9213_A,AF-O13982-F1-model_v6,0.224,344,0.965,0.862,3.646e-19,707,O13982
rank0084_ca6_proteinbinders_9213_A,AF-Q6NRT3-F1-model_v6,0.24,309,0.968,0.602,5.415e-18,707,Q6NRT3
rank0084_ca6_proteinbinders_9213_A,AF-Q6P4J8-F1-model_v6,0.243,309,0.968,0.602,3.316e-18,707,Q6P4J8
rank0084_ca6_proteinbinders_9213_A,AF-Q76B40-F1-model_v6,0.246,309,0.968,0.602,2.725e-18,707,Q76B40
rank0084_ca6_proteinbinders_9213_A,AF-Q61FW2-F1-model_v6,0.294,305,0.968,0.504,7.967000000000001e-20,707,Q61FW2
rank0084_ca6_proteinbinders_9213_A,AF-Q7RY68-F1-model_v6,0.215,324,0.978,0.491,2.037e-17,707,Q7RY68
rank0084_ca6_proteinbinders_9213_A,AF-O43815-F1-model_v6,0.221,328,0.971,0.421,2.246e-17,707,O43815
rank0084_ca6_proteinbinders_9213_A,AF-Q4R2Z6-F1-model_v6,0.221,312,0.981,0.502,1.752e-18,705,Q4R2Z6
rank0084_ca6_proteinbinders_9213_A,AF-Q5R4T8-F1-model_v6,0.217,304,0.965,0.665,2.734e-17,704,Q5R4T8
rank0084_ca6_proteinbinders_9213_A,AF-O43379-F1-model_v6,0.196,341,0.943,0.225,5.156e-18,704,O43379
rank0084_ca6_proteinbinders_9213_A,AF-B9WHJ2-F1-model_v6,0.234,379,0.975,0.997,3.669e-17,703,B9WHJ2
rank0084_ca6_proteinbinders_9213_A,AF-O54929-F1-model_v6,0.257,361,0.997,0.894,5.688e-18,703,O54929
rank0084_ca6_proteinbinders_9213_A,AF-Q08122-1-F1-model_v6,0.212,308,0.978,0.383,5.433e-17,703,Q08122-1
rank0084_ca6_proteinbinders_9213_A,AF-Q652L2-F1-model_v6,0.255,364,0.975,0.373,2.352e-18,703,Q652L2
rank0084_ca6_proteinbinders_9213_A,AF-Q62440-5-F1-model_v6,0.213,307,0.975,0.397,5.993e-17,702,Q62440-5
rank0084_ca6_proteinbinders_9213_A,AF-Q8BFQ4-F1-model_v6,0.242,312,0.99,0.962,3.482e-18,701,Q8BFQ4
rank0084_ca6_proteinbinders_9213_A,AF-Q6NV31-F1-model_v6,0.251,312,0.99,0.962,3.482e-18,701,Q6NV31
rank0084_ca6_proteinbinders_9213_A,AF-Q9NV06-F1-model_v6,0.217,304,0.965,0.665,3.326e-17,701,Q9NV06
rank0084_ca6_proteinbinders_9213_A,AF-Q9VLN1-F1-model_v6,0.266,311,0.987,0.956,6.921e-18,700,Q9VLN1
rank0084_ca6_proteinbinders_9213_A,AF-Q5RCG7-F1-model_v6,0.231,352,0.984,0.811,2.125e-19,700,Q5RCG7
rank0084_ca6_proteinbinders_9213_A,AF-Q04727-F1-model_v6,0.213,307,0.975,0.38,4.925e-17,700,Q04727
rank0084_ca6_proteinbinders_9213_A,AF-Q8L4J2-2-F1-model_v6,0.214,318,0.987,0.944,9.29e-18,699,Q8L4J2-2
rank0084_ca6_proteinbinders_9213_A,AF-Q9NYS7-F1-model_v6,0.261,357,0.994,0.884,7.269e-18,699,Q9NYS7
rank0084_ca6_proteinbinders_9213_A,AF-Q5BJQ6-F1-model_v6,0.215,327,0.971,0.759,9.757e-18,699,Q5BJQ6
rank0084_ca6_proteinbinders_9213_A,AF-Q86TI4-1-F1-model_v6,0.279,283,0.898,0.558,7.61e-19,698,Q86TI4-1
rank0084_ca6_proteinbinders_9213_A,AF-Q99M63-F1-model_v6,0.246,309,0.968,0.602,6.274e-18,698,Q99M63
rank0084_ca6_proteinbinders_9213_A,AF-Q91WQ5-F1-model_v6,0.277,310,0.892,0.526,1.594e-17,698,Q91WQ5
rank0084_ca6_proteinbinders_9213_A,AF-Q5R8K2-F1-model_v6,0.211,327,0.971,0.759,6.921e-18,697,Q5R8K2
rank0084_ca6_proteinbinders_9213_A,AF-Q7ZYQ6-F1-model_v6,0.207,304,0.965,0.665,3.493e-17,697,Q7ZYQ6
rank0084_ca6_proteinbinders_9213_A,AF-Q59WJ4-F1-model_v6,0.218,324,0.981,0.597,4.689e-17,697,Q59WJ4
rank0084_ca6_proteinbinders_9213_A,AF-Q04725-2-F1-model_v6,0.2,307,0.975,0.473,8.448e-17,697,Q04725-2
rank0084_ca6_proteinbinders_9213_A,AF-Q62440-3-F1-model_v6,0.213,307,0.975,0.452,9.788e-17,697,Q62440-3
rank0084_ca6_proteinbinders_9213_A,AF-Q2TAY7-2-F1-model_v6,0.249,309,0.968,0.878,6.274e-18,696,Q2TAY7-2
rank0084_ca6_proteinbinders_9213_A,AF-O94967-2-F1-model_v6,0.259,323,0.981,0.363,3.657e-18,696,O94967-2
rank0084_ca6_proteinbinders_9213_A,AF-O43379-4-F1-model_v6,0.198,341,0.943,0.224,3.841e-18,696,O43379-4
rank0084_ca6_proteinbinders_9213_A,AF-Q6UXN9-F1-model_v6,0.239,312,0.99,0.962,7.634e-18,695,Q6UXN9
rank0084_ca6_proteinbinders_9213_A,AF-Q3U3T8-3-F1-model_v6,0.204,341,0.943,0.228,1.594e-17,695,Q3U3T8-3
rank0084_ca6_proteinbinders_9213_A,AF-Q6RI45-F1-model_v6,0.234,372,0.971,0.206,4.894e-19,695,Q6RI45
rank0084_ca6_proteinbinders_9213_A,AF-Q5AG86-F1-model_v6,0.244,382,0.975,0.997,3.493e-17,694,Q5AG86
rank0084_ca6_proteinbinders_9213_A,AF-Q6NVS5-F1-model_v6,0.203,304,0.965,0.665,3.669e-17,694,Q6NVS5
rank0084_ca6_proteinbinders_9213_A,AF-O22785-F1-model_v6,0.264,306,0.971,0.571,5.706e-17,694,O22785
rank0084_ca6_proteinbinders_9213_A,AF-Q64LD2-F1-model_v6,0.243,307,0.965,0.564,3.006e-18,694,Q64LD2
rank0084_ca6_proteinbinders_9213_A,AF-Q04725-F1-model_v6,0.21,307,0.975,0.396,9.788e-17,693,Q04725
rank0084_ca6_proteinbinders_9213_A,AF-Q8VE80-F1-model_v6,0.245,314,0.997,0.863,8.421e-18,692,Q8VE80
rank0084_ca6_proteinbinders_9213_A,AF-Q05048-F1-model_v6,0.212,327,0.971,0.759,1.025e-17,692,Q05048
rank0084_ca6_proteinbinders_9213_A,AF-O74340-F1-model_v6,0.256,304,0.965,0.665,2.043e-16,692,O74340
rank0084_ca6_proteinbinders_9213_A,AF-Q2UBU2-F1-model_v6,0.209,370,0.968,0.35,5.706e-17,692,Q2UBU2
rank0084_ca6_proteinbinders_9213_A,AF-Q6BIR9-F1-model_v6,0.219,393,0.975,0.997,5.993e-17,691,Q6BIR9
rank0084_ca6_proteinbinders_9213_A,AF-Q6NS57-2-F1-model_v6,0.231,347,0.952,0.23,1.758e-17,691,Q6NS57-2
rank0084_ca6_proteinbinders_9213_A,AF-Q8W117-F1-model_v6,0.25,308,0.968,0.603,2.734e-17,690,Q8W117
rank0084_ca6_proteinbinders_9213_A,AF-Q05946-F1-model_v6,0.298,313,0.952,0.383,8.018e-18,690,Q05946
rank0084_ca6_proteinbinders_9213_A,AF-Q0CCS0-F1-model_v6,0.216,416,0.981,0.986,3.493e-17,689,Q0CCS0
rank0084_ca6_proteinbinders_9213_A,AF-E9Q349-F1-model_v6,0.244,307,0.965,0.574,5.156e-18,689,E9Q349
rank0084_ca6_proteinbinders_9213_A,AF-Q8SQS4-F1-model_v6,0.255,296,0.892,0.532,1.939e-17,689,Q8SQS4
rank0084_ca6_proteinbinders_9213_A,AF-P33750-F1-model_v6,0.214,319,0.965,0.652,4.047e-17,688,P33750
rank0084_ca6_proteinbinders_9213_A,AF-Q4IBR4-F1-model_v6,0.238,367,0.962,0.351,2.246e-17,688,Q4IBR4
rank0084_ca6_proteinbinders_9213_A,AF-Q9W5Z5-F1-model_v6,0.261,371,1.0,0.869,4.237e-18,687,Q9W5Z5
rank0084_ca6_proteinbinders_9213_A,AF-Q4I7X1-F1-model_v6,0.222,322,0.978,0.526,8.873e-17,687,Q4I7X1
rank0084_ca6_proteinbinders_9213_A,AF-P42841-F1-model_v6,0.231,309,0.981,0.645,7.659e-17,686,P42841
rank0084_ca6_proteinbinders_9213_A,AF-Q5BDU4-F1-model_v6,0.221,361,0.959,0.35,4.925e-17,686,Q5BDU4
rank0084_ca6_proteinbinders_9213_A,AF-Q5ZMV7-F1-model_v6,0.246,312,0.99,0.962,1.375e-17,685,Q5ZMV7
rank0084_ca6_proteinbinders_9213_A,AF-Q9NYS7-2-F1-model_v6,0.255,356,0.99,0.846,9.29e-18,685,Q9NYS7-2
rank0084_ca6_proteinbinders_9213_A,AF-O94967-4-F1-model_v6,0.262,323,0.981,0.348,9.757e-18,685,O94967-4
rank0084_ca6_proteinbinders_9213_A,AF-Q58E77-F1-model_v6,0.249,312,0.99,0.962,1.375e-17,683,Q58E77
rank0084_ca6_proteinbinders_9213_A,AF-Q13685-F1-model_v6,0.21,350,0.978,0.806,7.993e-19,683,Q13685
rank0084_ca6_proteinbinders_9213_A,AF-Q6CP71-F1-model_v6,0.233,304,0.965,0.657,1.449e-16,683,Q6CP71
rank0084_ca6_proteinbinders_9213_A,AF-P18851-F1-model_v6,0.23,338,0.971,0.799,9.757e-18,682,P18851
rank0084_ca6_proteinbinders_9213_A,AF-P0CS30-F1-model_v6,0.218,436,0.981,0.991,1.134e-16,682,P0CS30
rank0084_ca6_proteinbinders_9213_A,AF-Q803X4-F1-model_v6,0.201,304,0.965,0.665,1.314e-16,682,Q803X4
rank0084_ca6_proteinbinders_9213_A,AF-Q2GSJ9-F1-model_v6,0.21,370,0.962,0.343,1.08e-16,682,Q2GSJ9
rank0084_ca6_proteinbinders_9213_A,AF-Q5BDJ5-F1-model_v6,0.194,433,0.987,0.971,1.445e-17,681,Q5BDJ5
rank0084_ca6_proteinbinders_9213_A,AF-Q6P1V3-F1-model_v6,0.258,366,1.0,0.867,7.634e-18,680,Q6P1V3
rank0084_ca6_proteinbinders_9213_A,AF-O94967-F1-model_v6,0.262,323,0.981,0.351,1.247e-17,680,O94967
rank0084_ca6_proteinbinders_9213_A,AF-Q9UTN4-F1-model_v6,0.247,321,0.978,0.631,3.025e-16,679,Q9UTN4
rank0084_ca6_proteinbinders_9213_A,AF-Q640J6-F1-model_v6,0.236,312,0.99,0.962,1.939e-17,678,Q640J6
rank0084_ca6_proteinbinders_9213_A,AF-O80990-2-F1-model_v6,0.268,326,0.965,0.967,7.659e-17,676,O80990-2
rank0084_ca6_proteinbinders_9213_A,AF-Q94BR4-F1-model_v6,0.255,306,0.971,0.576,1.38e-16,676,Q94BR4
rank0084_ca6_proteinbinders_9213_A,AF-Q4P5F5-F1-model_v6,0.232,426,0.984,0.936,6.943e-17,675,Q4P5F5
rank0084_ca6_proteinbinders_9213_A,AF-Q2TBS9-F1-model_v6,0.242,309,0.968,0.602,1.076e-17,675,Q2TBS9
rank0084_ca6_proteinbinders_9213_A,AF-Q6CGP9-F1-model_v6,0.216,331,0.978,0.622,1.314e-16,674,Q6CGP9
rank0084_ca6_proteinbinders_9213_A,AF-A2QPW4-F1-model_v6,0.222,399,0.984,0.968,1.08e-16,673,A2QPW4
rank0084_ca6_proteinbinders_9213_A,AF-Q7RZI0-F1-model_v6,0.225,370,0.956,0.357,5.993e-17,673,Q7RZI0
rank0084_ca6_proteinbinders_9213_A,AF-Q8L4J2-F1-model_v6,0.215,318,0.987,0.741,9.788e-17,672,Q8L4J2
rank0084_ca6_proteinbinders_9213_A,AF-Q86HX1-F1-model_v6,0.235,336,0.956,0.302,4.465e-17,672,Q86HX1
rank0084_ca6_proteinbinders_9213_A,AF-O75717-F1-model_v6,0.229,306,0.971,0.265,1.594e-17,672,O75717
rank0084_ca6_proteinbinders_9213_A,AF-P97499-F1-model_v6,0.232,303,0.962,0.11,1.251e-16,672,P97499
rank0084_ca6_proteinbinders_9213_A,AF-F4IIK6-2-F1-model_v6,0.259,269,0.854,0.846,1.763e-16,671,F4IIK6-2
rank0084_ca6_proteinbinders_9213_A,AF-Q15542-F1-model_v6,0.273,319,0.883,0.399,1.38e-16,671,Q15542
rank0084_ca6_proteinbinders_9213_A,AF-Q3U3T8-F1-model_v6,0.204,341,0.943,0.224,4.689e-17,671,Q3U3T8
rank0084_ca6_proteinbinders_9213_A,AF-Q7YR70-F1-model_v6,0.222,352,0.984,0.809,7.246e-19,670,Q7YR70
rank0084_ca6_proteinbinders_9213_A,AF-O13046-F1-model_v6,0.239,306,0.971,0.265,2.603e-17,670,O13046
rank0084_ca6_proteinbinders_9213_A,AF-Q54PP7-F1-model_v6,0.178,306,0.971,0.263,2.603e-17,670,Q54PP7
rank0084_ca6_proteinbinders_9213_A,AF-O60336-6-F1-model_v6,0.229,347,0.952,0.23,3.015e-17,669,O60336-6
rank0084_ca6_proteinbinders_9213_A,AF-B8MWR8-F1-model_v6,0.212,430,0.981,0.982,8.044e-17,668,B8MWR8
rank0084_ca6_proteinbinders_9213_A,AF-A5DHD2-F1-model_v6,0.238,381,0.968,0.997,1.945e-16,667,A5DHD2
rank0084_ca6_proteinbinders_9213_A,AF-Q55FJ2-F1-model_v6,0.213,312,0.987,0.407,1.594e-17,667,Q55FJ2
rank0084_ca6_proteinbinders_9213_A,AF-Q8CGF6-F1-model_v6,0.271,323,0.981,0.351,2.478e-17,667,Q8CGF6
rank0084_ca6_proteinbinders_9213_A,AF-Q6RI45-2-F1-model_v6,0.234,367,0.956,0.225,1.752e-18,667,Q6RI45-2
rank0084_ca6_proteinbinders_9213_A,AF-F4JF14-F1-model_v6,0.265,312,0.99,0.321,1.187e-17,666,F4JF14
rank0084_ca6_proteinbinders_9213_A,AF-P0CS31-F1-model_v6,0.215,436,0.981,0.991,1.251e-16,665,P0CS31
rank0084_ca6_proteinbinders_9213_A,AF-Q32SG6-F1-model_v6,0.228,364,0.975,0.378,1.763e-16,664,Q32SG6
rank0084_ca6_proteinbinders_9213_A,AF-Q8N0X2-2-F1-model_v6,0.281,256,0.813,0.549,6.314e-16,663,Q8N0X2-2
rank0084_ca6_proteinbinders_9213_A,AF-Q8HXL3-F1-model_v6,0.207,341,0.943,0.221,9.319e-17,663,Q8HXL3
rank0084_ca6_proteinbinders_9213_A,AF-Q91WM3-F1-model_v6,0.23,334,0.978,0.703,4.251e-17,662,Q91WM3
rank0084_ca6_proteinbinders_9213_A,AF-Q1DHE1-F1-model_v6,0.213,372,0.956,0.351,2.742e-16,662,Q1DHE1
rank0084_ca6_proteinbinders_9213_A,AF-Q9NSI6-F1-model_v6,0.235,369,0.971,0.159,3.157e-18,662,Q9NSI6
rank0084_ca6_proteinbinders_9213_A,AF-O74319-F1-model_v6,0.28,285,0.883,0.444,1.38e-16,661,O74319
rank0084_ca6_proteinbinders_9213_A,AF-Q09150-F1-model_v6,0.25,311,0.987,0.987,1.08e-16,659,Q09150
rank0084_ca6_proteinbinders_9213_A,AF-Q7K0L4-F1-model_v6,0.262,311,0.987,0.484,3.015e-17,658,Q7K0L4
rank0084_ca6_proteinbinders_9213_A,AF-Q3SZK1-F1-model_v6,0.222,352,0.984,0.811,1.305e-18,655,Q3SZK1
rank0084_ca6_proteinbinders_9213_A,AF-P59328-3-F1-model_v6,0.222,312,0.99,0.282,3.167e-17,655,P59328-3
rank0084_ca6_proteinbinders_9213_A,AF-Q9NSI6-3-F1-model_v6,0.218,369,0.971,0.168,5.415e-18,654,Q9NSI6-3
rank0084_ca6_proteinbinders_9213_A,AF-A1D3I2-F1-model_v6,0.2,454,0.981,0.983,4.264e-16,650,A1D3I2
rank0084_ca6_proteinbinders_9213_A,AF-Q9AV81-F1-model_v6,0.259,306,0.971,0.577,8.069e-16,650,Q9AV81
rank0084_ca6_proteinbinders_9213_A,AF-Q2UPI0-F1-model_v6,0.213,430,0.981,0.982,3.177e-16,649,Q2UPI0
rank0084_ca6_proteinbinders_9213_A,AF-P59328-F1-model_v6,0.223,306,0.971,0.268,3.854e-17,649,P59328
rank0084_ca6_proteinbinders_9213_A,AF-O13282-F1-model_v6,0.262,308,0.873,0.479,2.611e-16,645,O13282
rank0084_ca6_proteinbinders_9213_A,AF-Q9LXN4-F1-model_v6,0.25,360,0.968,0.352,3.669e-17,645,Q9LXN4
rank0084_ca6_proteinbinders_9213_A,AF-F4IIK6-F1-model_v6,0.257,271,0.86,0.853,8.069e-16,644,F4IIK6
rank0084_ca6_proteinbinders_9213_A,AF-Q2TZG4-F1-model_v6,0.224,328,0.981,0.538,1.604e-15,644,Q2TZG4
rank0084_ca6_proteinbinders_9213_A,AF-P0CS38-F1-model_v6,0.241,349,0.968,0.396,1.028e-16,644,P0CS38
rank0084_ca6_proteinbinders_9213_A,AF-Q6FVD3-F1-model_v6,0.199,366,0.971,0.436,8.845e-18,642,Q6FVD3
rank0084_ca6_proteinbinders_9213_A,AF-P32479-F1-model_v6,0.208,383,0.981,0.456,6.943e-17,642,P32479
rank0084_ca6_proteinbinders_9213_A,AF-P49846-F1-model_v6,0.328,245,0.749,0.348,1.191e-16,641,P49846
rank0084_ca6_proteinbinders_9213_A,AF-A8Q2R5-F1-model_v6,0.226,306,0.937,0.464,3.866e-16,640,A8Q2R5
rank0084_ca6_proteinbinders_9213_A,AF-Q6CXX3-F1-model_v6,0.22,368,0.968,0.427,3.337e-16,640,Q6CXX3
rank0084_ca6_proteinbinders_9213_A,AF-P0CS39-2-F1-model_v6,0.239,349,0.968,0.422,1.522e-16,639,P0CS39-2
rank0084_ca6_proteinbinders_9213_A,AF-Q9Y6I7-F1-model_v6,0.257,365,0.997,0.867,1.599e-16,638,Q9Y6I7
rank0084_ca6_proteinbinders_9213_A,AF-Q61666-2-F1-model_v6,0.237,354,0.956,0.629,3.337e-16,637,Q61666-2
rank0084_ca6_proteinbinders_9213_A,AF-Q4WTL0-F1-model_v6,0.202,450,0.981,0.978,1.083e-15,636,Q4WTL0
rank0084_ca6_proteinbinders_9213_A,AF-P0CS38-2-F1-model_v6,0.238,349,0.968,0.422,1.134e-16,636,P0CS38-2
rank0084_ca6_proteinbinders_9213_A,AF-O17468-3-F1-model_v6,0.239,351,0.956,0.803,3.025e-16,635,O17468-3
rank0084_ca6_proteinbinders_9213_A,AF-Q8C092-F1-model_v6,0.295,275,0.816,0.343,1.083e-15,633,Q8C092
rank0084_ca6_proteinbinders_9213_A,AF-Q0USG2-F1-model_v6,0.199,431,0.997,0.973,8.901e-16,632,Q0USG2
rank0084_ca6_proteinbinders_9213_A,AF-A1CQL6-F1-model_v6,0.194,447,0.987,0.987,1.083e-15,632,A1CQL6
rank0084_ca6_proteinbinders_9213_A,AF-O94967-3-F1-model_v6,0.259,323,0.981,0.351,2.254e-16,632,O94967-3
rank0084_ca6_proteinbinders_9213_A,AF-O60336-2-F1-model_v6,0.236,347,0.952,0.282,3.337e-16,632,O60336-2
rank0084_ca6_proteinbinders_9213_A,AF-O17468-F1-model_v6,0.239,351,0.956,0.335,4.941e-16,631,O17468
rank0084_ca6_proteinbinders_9213_A,AF-B0XQ15-F1-model_v6,0.2,450,0.981,0.978,1.684e-15,629,B0XQ15
rank0084_ca6_proteinbinders_9213_A,AF-B6H7A3-F1-model_v6,0.197,451,0.987,0.991,4.704e-16,627,B6H7A3
rank0084_ca6_proteinbinders_9213_A,AF-O43818-F1-model_v6,0.23,333,0.978,0.701,2.742e-16,623,O43818
rank0084_ca6_proteinbinders_9213_A,AF-P79987-F1-model_v6,0.239,354,0.956,0.347,4.704e-16,623,P79987
rank0084_ca6_proteinbinders_9213_A,AF-O60336-3-F1-model_v6,0.233,323,0.908,0.233,1.38e-16,623,O60336-3
rank0084_ca6_proteinbinders_9213_A,AF-P0CS39-F1-model_v6,0.236,349,0.968,0.396,3.025e-16,621,P0CS39
rank0084_ca6_proteinbinders_9213_A,AF-P91341-F1-model_v6,0.194,362,0.952,0.398,1.318e-15,621,P91341
rank0084_ca6_proteinbinders_9213_A,AF-A3LVM1-F1-model_v6,0.239,360,0.975,0.997,2.889e-15,620,A3LVM1
rank0084_ca6_proteinbinders_9213_A,AF-P87314-F1-model_v6,0.22,347,0.968,0.372,6.632e-16,620,P87314
rank0084_ca6_proteinbinders_9213_A,AF-Q61666-F1-model_v6,0.233,354,0.956,0.349,6.314e-16,620,Q61666
rank0084_ca6_proteinbinders_9213_A,AF-Q1DR81-F1-model_v6,0.194,467,0.99,0.987,2.153e-15,618,Q1DR81
rank0084_ca6_proteinbinders_9213_A,AF-Q6C553-F1-model_v6,0.216,395,0.968,0.373,5.45e-16,617,Q6C553
rank0084_ca6_proteinbinders_9213_A,AF-P54198-2-F1-model_v6,0.236,354,0.956,0.437,1.318e-15,615,P54198-2
rank0084_ca6_proteinbinders_9213_A,AF-Q8TED0-3-F1-model_v6,0.233,292,0.927,0.549,1.951e-15,612,Q8TED0-3
rank0084_ca6_proteinbinders_9213_A,AF-P35606-2-F1-model_v6,0.261,280,0.889,0.306,8.93e-15,611,P35606-2
rank0084_ca6_proteinbinders_9213_A,AF-Q9FMU5-F1-model_v6,0.185,310,0.975,0.568,3.866e-16,608,Q9FMU5
rank0084_ca6_proteinbinders_9213_A,AF-Q6ZPG2-F1-model_v6,0.206,317,0.962,0.169,3.681e-16,608,Q6ZPG2
rank0084_ca6_proteinbinders_9213_A,AF-O17468-2-F1-model_v6,0.232,370,0.962,0.815,2.494e-15,607,O17468-2
rank0084_ca6_proteinbinders_9213_A,AF-Q8MYE8-F1-model_v6,0.192,328,0.965,0.772,4.479e-16,606,Q8MYE8
rank0084_ca6_proteinbinders_9213_A,AF-Q6ZD63-F1-model_v6,0.227,352,0.93,0.697,8.901e-16,606,Q6ZD63
rank0084_ca6_proteinbinders_9213_A,AF-Q32PJ6-F1-model_v6,0.256,328,0.971,0.968,2.03e-18,604,Q32PJ6
rank0084_ca6_proteinbinders_9213_A,AF-A5E2R6-F1-model_v6,0.212,413,0.968,0.995,2.268e-14,603,A5E2R6
rank0084_ca6_proteinbinders_9213_A,AF-P59328-2-F1-model_v6,0.215,306,0.971,0.466,7.315e-16,603,P59328-2
rank0084_ca6_proteinbinders_9213_A,AF-Q54KM3-F1-model_v6,0.22,326,0.975,0.432,2.043e-16,603,Q54KM3
rank0084_ca6_proteinbinders_9213_A,AF-Q8TAF3-3-F1-model_v6,0.226,295,0.937,0.428,8.475e-16,601,Q8TAF3-3
rank0084_ca6_proteinbinders_9213_A,AF-Q4P4R3-F1-model_v6,0.27,334,0.949,0.328,7.708e-15,601,Q4P4R3
rank0084_ca6_proteinbinders_9213_A,AF-O42858-F1-model_v6,0.188,310,0.965,0.779,8.069e-16,600,O42858
rank0084_ca6_proteinbinders_9213_A,AF-Q29HG9-F1-model_v6,0.239,291,0.924,0.917,7.339e-15,598,Q29HG9
rank0084_ca6_proteinbinders_9213_A,AF-Q9SXY1-2-F1-model_v6,0.239,354,0.93,0.892,3.337e-16,598,Q9SXY1-2
rank0084_ca6_proteinbinders_9213_A,AF-Q75LV5-F1-model_v6,0.217,350,0.975,0.685,2.153e-15,597,Q75LV5
rank0084_ca6_proteinbinders_9213_A,AF-Q96MR6-F1-model_v6,0.191,301,0.956,0.227,2.751e-15,597,Q96MR6
rank0084_ca6_proteinbinders_9213_A,AF-Q148I1-F1-model_v6,0.204,306,0.965,0.781,2.261e-15,593,Q148I1
rank0084_ca6_proteinbinders_9213_A,AF-Q6ZPG2-2-F1-model_v6,0.211,316,0.959,0.414,1.454e-15,592,Q6ZPG2-2
rank0084_ca6_proteinbinders_9213_A,AF-Q803V5-F1-model_v6,0.207,284,0.883,0.871,1.527e-15,590,Q803V5
rank0084_ca6_proteinbinders_9213_A,AF-Q54SA5-F1-model_v6,0.197,311,0.987,0.711,5.206e-15,590,Q54SA5
rank0084_ca6_proteinbinders_9213_A,AF-Q96J01-2-F1-model_v6,0.264,282,0.895,0.832,8.93e-15,585,Q96J01-2
rank0084_ca6_proteinbinders_9213_A,AF-Q5R9T6-F1-model_v6,0.185,308,0.978,0.762,1.958e-14,585,Q5R9T6
rank0084_ca6_proteinbinders_9213_A,AF-Q3MKM6-F1-model_v6,0.197,340,0.968,0.71,1.864e-14,585,Q3MKM6
rank0084_ca6_proteinbinders_9213_A,AF-Q20059-2-F1-model_v6,0.196,310,0.952,0.456,7.339e-15,584,Q20059-2
rank0084_ca6_proteinbinders_9213_A,AF-Q20059-F1-model_v6,0.19,310,0.952,0.454,6.987e-15,583,Q20059
rank0084_ca6_proteinbinders_9213_A,AF-A8XSW2-F1-model_v6,0.188,311,0.943,0.45,3.878e-15,582,A8XSW2
rank0084_ca6_proteinbinders_9213_A,AF-Q5ACW8-F1-model_v6,0.205,379,0.975,0.418,4.278e-15,582,Q5ACW8
rank0084_ca6_proteinbinders_9213_A,AF-Q74ZN0-F1-model_v6,0.205,382,0.968,0.463,1.384e-15,580,Q74ZN0
rank0084_ca6_proteinbinders_9213_A,AF-Q9M0V4-F1-model_v6,0.199,351,0.99,0.696,2.889e-15,579,Q9M0V4
rank0084_ca6_proteinbinders_9213_A,AF-Q5R1S9-F1-model_v6,0.211,379,0.956,0.67,1.083e-15,579,Q5R1S9
rank0084_ca6_proteinbinders_9213_A,AF-Q9BRP4-2-F1-model_v6,0.206,309,0.975,0.824,5.742e-15,578,Q9BRP4-2
rank0084_ca6_proteinbinders_9213_A,AF-A2RRH5-2-F1-model_v6,0.216,322,0.978,0.441,6.031e-15,578,A2RRH5-2
rank0084_ca6_proteinbinders_9213_A,AF-A1L112-F1-model_v6,0.2,308,0.978,0.76,2.899e-14,577,A1L112
rank0084_ca6_proteinbinders_9213_A,AF-Q20059-3-F1-model_v6,0.193,310,0.952,0.445,8.095e-15,576,Q20059-3
rank0084_ca6_proteinbinders_9213_A,AF-Q9EQ15-F1-model_v6,0.231,311,0.965,0.954,1.138e-15,574,Q9EQ15
rank0084_ca6_proteinbinders_9213_A,AF-Q9CX97-F1-model_v6,0.197,308,0.978,0.753,3.891e-14,573,Q9CX97
rank0084_ca6_proteinbinders_9213_A,AF-Q9D0N7-F1-model_v6,0.214,379,0.956,0.663,7.708e-15,572,Q9D0N7
rank0084_ca6_proteinbinders_9213_A,AF-Q9BRP4-F1-model_v6,0.208,306,0.965,0.781,6.031e-15,571,Q9BRP4
rank0084_ca6_proteinbinders_9213_A,AF-Q9SXY1-F1-model_v6,0.236,367,0.962,0.754,6.965e-16,571,Q9SXY1
rank0084_ca6_proteinbinders_9213_A,AF-Q6BYU4-F1-model_v6,0.195,377,0.956,0.383,6.012e-16,569,Q6BYU4
rank0084_ca6_proteinbinders_9213_A,AF-Q0CQ54-F1-model_v6,0.222,329,0.949,0.329,1.083e-15,568,Q0CQ54
rank0084_ca6_proteinbinders_9213_A,AF-Q9H6Y2-F1-model_v6,0.197,308,0.978,0.762,5.222e-14,567,Q9H6Y2
rank0084_ca6_proteinbinders_9213_A,AF-Q5ZK69-F1-model_v6,0.183,306,0.965,0.781,7.708e-15,566,Q5ZK69
rank0084_ca6_proteinbinders_9213_A,AF-Q9VCN9-F1-model_v6,0.267,298,0.946,0.334,1.684e-15,563,Q9VCN9
rank0084_ca6_proteinbinders_9213_A,AF-Q54MP8-F1-model_v6,0.182,428,0.971,0.195,1.852e-16,561,Q54MP8
rank0084_ca6_proteinbinders_9213_A,AF-A6H603-F1-model_v6,0.227,339,0.965,0.217,6.012e-16,559,A6H603
rank0084_ca6_proteinbinders_9213_A,AF-B2ZZS9-F1-model_v6,0.19,310,0.984,0.735,7.362e-14,557,B2ZZS9
rank0084_ca6_proteinbinders_9213_A,AF-P62879-2-F1-model_v6,0.236,290,0.921,0.992,7.659e-17,555,P62879-2
rank0084_ca6_proteinbinders_9213_A,AF-Q0IF90-F1-model_v6,0.189,308,0.978,0.618,4.972e-14,555,Q0IF90
rank0084_ca6_proteinbinders_9213_A,AF-Q58DT8-F1-model_v6,0.187,308,0.978,0.764,1.463e-13,554,Q58DT8
rank0084_ca6_proteinbinders_9213_A,AF-Q9Y6I7-2-F1-model_v6,0.346,217,0.679,0.789,9.882e-14,553,Q9Y6I7-2
rank0084_ca6_proteinbinders_9213_A,AF-O14053-F1-model_v6,0.204,311,0.949,0.345,1.532e-14,553,O14053
rank0084_ca6_proteinbinders_9213_A,AF-A6H603-3-F1-model_v6,0.224,339,0.965,0.276,8.901e-16,552,A6H603-3
rank0084_ca6_proteinbinders_9213_A,AF-A6H603-2-F1-model_v6,0.224,339,0.965,0.236,8.069e-16,552,A6H603-2
rank0084_ca6_proteinbinders_9213_A,AF-Q6DRF9-F1-model_v6,0.185,308,0.978,0.755,1.463e-13,549,Q6DRF9
rank0084_ca6_proteinbinders_9213_A,AF-O14170-F1-model_v6,0.226,356,0.984,0.506,3.681e-16,549,O14170
rank0084_ca6_proteinbinders_9213_A,AF-Q9BYB4-F1-model_v6,0.219,316,0.984,0.966,2.889e-15,547,Q9BYB4
rank0084_ca6_proteinbinders_9213_A,AF-Q5ZKU8-F1-model_v6,0.196,282,0.895,0.724,3.527e-14,543,Q5ZKU8
rank0084_ca6_proteinbinders_9213_A,AF-B3P4F8-F1-model_v6,0.196,308,0.978,0.58,9.882e-14,542,B3P4F8
rank0084_ca6_proteinbinders_9213_A,AF-B4PU14-F1-model_v6,0.196,308,0.978,0.579,9.409e-14,542,B4PU14
rank0084_ca6_proteinbinders_9213_A,AF-Q26613-F1-model_v6,0.222,298,0.946,0.398,3.527e-14,542,Q26613
rank0084_ca6_proteinbinders_9213_A,AF-Q8BX09-F1-model_v6,0.201,306,0.965,0.569,1.609e-14,540,Q8BX09
rank0084_ca6_proteinbinders_9213_A,AF-Q13112-F1-model_v6,0.204,370,0.965,0.662,1.458e-14,540,Q13112
rank0084_ca6_proteinbinders_9213_A,AF-Q6DEY8-F1-model_v6,0.197,295,0.937,0.268,1.141e-14,539,Q6DEY8
rank0084_ca6_proteinbinders_9213_A,AF-Q09309-F1-model_v6,0.169,309,0.978,0.681,3.527e-14,538,Q09309
rank0084_ca6_proteinbinders_9213_A,AF-B4KE10-F1-model_v6,0.183,308,0.978,0.571,1.263e-13,538,B4KE10
rank0084_ca6_proteinbinders_9213_A,AF-Q6NXY1-F1-model_v6,0.191,295,0.937,0.293,1.199e-14,538,Q6NXY1
rank0084_ca6_proteinbinders_9213_A,AF-Q8RXA7-F1-model_v6,0.215,351,0.978,0.296,8.475e-16,538,Q8RXA7
rank0084_ca6_proteinbinders_9213_A,AF-O80775-F1-model_v6,0.186,295,0.937,0.805,2.769e-13,537,O80775
rank0084_ca6_proteinbinders_9213_A,AF-Q9Y1C1-F1-model_v6,0.2,298,0.946,0.411,8.958e-14,536,Q9Y1C1
rank0084_ca6_proteinbinders_9213_A,AF-Q06078-F1-model_v6,0.215,311,0.956,0.331,2.268e-14,536,Q06078
rank0084_ca6_proteinbinders_9213_A,AF-P16520-2-F1-model_v6,0.277,305,0.968,0.848,1.527e-15,533,P16520-2
rank0084_ca6_proteinbinders_9213_A,AF-Q96DN5-2-F1-model_v6,0.192,295,0.937,0.292,1.322e-14,533,Q96DN5-2
rank0084_ca6_proteinbinders_9213_A,AF-Q96DN5-3-F1-model_v6,0.195,295,0.937,0.301,6.987e-15,532,Q96DN5-3
rank0084_ca6_proteinbinders_9213_A,AF-B4M4W4-F1-model_v6,0.192,308,0.978,0.573,1.87e-13,531,B4M4W4
rank0084_ca6_proteinbinders_9213_A,AF-O14727-4-F1-model_v6,0.246,373,0.933,0.31,3.147e-19,530,O14727-4
rank0084_ca6_proteinbinders_9213_A,AF-P53024-F1-model_v6,0.235,286,0.844,0.99,2.51e-13,529,P53024
rank0084_ca6_proteinbinders_9213_A,AF-A8PWQ8-F1-model_v6,0.247,324,0.949,0.91,1.449e-16,529,A8PWQ8
rank0084_ca6_proteinbinders_9213_A,AF-Q149M9-F1-model_v6,0.203,345,0.984,0.221,9.819e-16,528,Q149M9
rank0084_ca6_proteinbinders_9213_A,AF-O64740-F1-model_v6,0.262,295,0.848,0.977,2.908e-13,527,O64740
rank0084_ca6_proteinbinders_9213_A,AF-Q294Y7-F1-model_v6,0.202,308,0.978,0.575,2.769e-13,525,Q294Y7
rank0084_ca6_proteinbinders_9213_A,AF-A2RRH5-F1-model_v6,0.212,322,0.978,0.389,1.202e-13,524,A2RRH5
rank0084_ca6_proteinbinders_9213_A,AF-Q15291-2-F1-model_v6,0.19,314,0.968,0.628,7.339e-15,522,Q15291-2
rank0084_ca6_proteinbinders_9213_A,AF-Q29RL0-F1-model_v6,0.197,295,0.937,0.275,2.628e-14,522,Q29RL0
rank0084_ca6_proteinbinders_9213_A,AF-Q54QU5-F1-model_v6,0.186,315,0.971,0.877,2.268e-14,521,Q54QU5
rank0084_ca6_proteinbinders_9213_A,AF-P42000-F1-model_v6,0.156,321,0.968,0.748,5.485e-14,521,P42000
rank0084_ca6_proteinbinders_9213_A,AF-B3M1G0-F1-model_v6,0.196,308,0.978,0.601,4.749e-13,521,B3M1G0
rank0084_ca6_proteinbinders_9213_A,AF-B4GMG4-F1-model_v6,0.199,308,0.978,0.575,3.716e-13,520,B4GMG4
rank0084_ca6_proteinbinders_9213_A,AF-Q6TNS2-F1-model_v6,0.235,297,0.943,0.734,1.609e-14,519,Q6TNS2
rank0084_ca6_proteinbinders_9213_A,AF-Q149M9-3-F1-model_v6,0.21,343,0.978,0.24,1.604e-15,519,Q149M9-3
rank0084_ca6_proteinbinders_9213_A,AF-Q6DDI6-F1-model_v6,0.193,295,0.937,0.268,3.358e-14,515,Q6DDI6
rank0084_ca6_proteinbinders_9213_A,AF-Q676U5-4-F1-model_v6,0.217,307,0.975,0.596,3.681e-16,514,Q676U5-4
rank0084_ca6_proteinbinders_9213_A,AF-Q4WTC4-F1-model_v6,0.219,341,0.883,0.327,3.538e-13,514,Q4WTC4
rank0084_ca6_proteinbinders_9213_A,AF-B3H5K9-F1-model_v6,0.229,299,0.949,0.357,1.263e-13,512,B3H5K9
rank0084_ca6_proteinbinders_9213_A,AF-H2LP95-F1-model_v6,0.191,320,0.971,0.3,2.268e-14,512,H2LP95
rank0084_ca6_proteinbinders_9213_A,AF-O14727-5-F1-model_v6,0.242,380,0.952,0.325,1.305e-18,512,O14727-5
rank0084_ca6_proteinbinders_9213_A,AF-Q54RP0-F1-model_v6,0.201,334,0.965,0.515,2.39e-13,511,Q54RP0
rank0084_ca6_proteinbinders_9213_A,AF-O24456-2-F1-model_v6,0.237,312,0.99,0.993,2.367e-16,510,O24456-2
rank0084_ca6_proteinbinders_9213_A,AF-Q64LD2-2-F1-model_v6,0.225,285,0.902,0.993,1.145e-13,509,Q64LD2-2
rank0084_ca6_proteinbinders_9213_A,AF-A5DHD9-F1-model_v6,0.241,289,0.851,0.997,8.987e-13,509,A5DHD9
rank0084_ca6_proteinbinders_9213_A,AF-Q9VPH8-F1-model_v6,0.2,305,0.965,0.624,1.537e-13,509,Q9VPH8
rank0084_ca6_proteinbinders_9213_A,AF-Q0UNC6-F1-model_v6,0.211,356,0.968,0.341,8.958e-14,506,Q0UNC6
rank0084_ca6_proteinbinders_9213_A,AF-B3H5K9-2-F1-model_v6,0.224,299,0.949,0.357,2.275e-13,504,B3H5K9-2
rank0084_ca6_proteinbinders_9213_A,AF-P33215-F1-model_v6,0.232,300,0.911,0.455,2.908e-13,503,P33215
rank0084_ca6_proteinbinders_9213_A,AF-Q9C107-F1-model_v6,0.201,305,0.968,0.356,1.463e-13,503,Q9C107
rank0084_ca6_proteinbinders_9213_A,AF-Q9BVC4-3-F1-model_v6,0.238,233,0.727,0.896,9.913e-13,502,Q9BVC4-3
rank0084_ca6_proteinbinders_9213_A,AF-Q8T088-F1-model_v6,0.187,308,0.978,0.58,6.375e-13,502,Q8T088
rank0084_ca6_proteinbinders_9213_A,AF-B4N984-F1-model_v6,0.186,308,0.978,0.573,1.206e-12,502,B4N984
rank0084_ca6_proteinbinders_9213_A,AF-Q8NHV4-3-F1-model_v6,0.234,287,0.911,0.403,1.876e-12,498,Q8NHV4-3
rank0084_ca6_proteinbinders_9213_A,AF-P87060-F1-model_v6,0.215,371,0.984,0.479,2.05e-15,498,P87060
rank0084_ca6_proteinbinders_9213_A,AF-Q5B563-F1-model_v6,0.325,284,0.813,0.919,7.757e-13,496,Q5B563
rank0084_ca6_proteinbinders_9213_A,AF-Q1DZQ0-F1-model_v6,0.275,301,0.86,0.99,1.97e-12,495,Q1DZQ0
rank0084_ca6_proteinbinders_9213_A,AF-Q5F201-2-F1-model_v6,0.185,308,0.956,0.901,4.507e-14,495,Q5F201-2
rank0084_ca6_proteinbinders_9213_A,AF-G5EF68-F1-model_v6,0.201,316,0.873,0.488,1.786e-12,495,G5EF68
rank0084_ca6_proteinbinders_9213_A,AF-Q9SRI1-F1-model_v6,0.265,295,0.848,0.977,1.468e-12,493,Q9SRI1
rank0084_ca6_proteinbinders_9213_A,AF-Q7ZVR1-F1-model_v6,0.188,311,0.952,0.374,1.141e-14,493,Q7ZVR1
rank0084_ca6_proteinbinders_9213_A,AF-A2QHM1-F1-model_v6,0.255,298,0.841,0.968,2.644e-12,492,A2QHM1
rank0084_ca6_proteinbinders_9213_A,AF-Q5ZLL7-F1-model_v6,0.174,343,0.984,0.457,4.507e-14,492,Q5ZLL7
rank0084_ca6_proteinbinders_9213_A,AF-B4QTL6-F1-model_v6,0.189,308,0.978,0.58,2.173e-12,491,B4QTL6
rank0084_ca6_proteinbinders_9213_A,AF-A0A1L8GXY4-F1-model_v6,0.133,339,0.962,0.209,1.537e-13,491,A0A1L8GXY4
rank0084_ca6_proteinbinders_9213_A,AF-Q969X6-2-F1-model_v6,0.191,308,0.959,0.539,2.908e-13,490,Q969X6-2
rank0084_ca6_proteinbinders_9213_A,AF-A2RRH5-4-F1-model_v6,0.216,298,0.889,0.333,1.041e-12,488,A2RRH5-4
rank0084_ca6_proteinbinders_9213_A,AF-Q15291-F1-model_v6,0.197,306,0.965,0.569,2.769e-13,487,Q15291
rank0084_ca6_proteinbinders_9213_A,AF-Q11176-F1-model_v6,0.194,426,0.962,0.697,2.246e-17,482,Q11176
rank0084_ca6_proteinbinders_9213_A,AF-Q0CHM0-F1-model_v6,0.249,298,0.841,0.964,3.728e-12,481,Q0CHM0
rank0084_ca6_proteinbinders_9213_A,AF-Q3B7M6-F1-model_v6,0.223,301,0.914,0.457,1.206e-12,480,Q3B7M6
rank0084_ca6_proteinbinders_9213_A,AF-Q84JM4-F1-model_v6,0.169,333,0.971,0.301,4.749e-13,480,Q84JM4
rank0084_ca6_proteinbinders_9213_A,AF-Q75BS2-F1-model_v6,0.263,285,0.822,0.966,1.331e-12,479,Q75BS2
rank0084_ca6_proteinbinders_9213_A,AF-Q54ZP5-F1-model_v6,0.118,567,0.952,0.484,4.112e-12,479,Q54ZP5
rank0084_ca6_proteinbinders_9213_A,AF-Q6C2S3-F1-model_v6,0.155,307,0.975,0.84,2.397e-12,476,Q6C2S3
rank0084_ca6_proteinbinders_9213_A,AF-B8NG55-F1-model_v6,0.153,416,0.968,0.97,2.275e-13,476,B8NG55
rank0084_ca6_proteinbinders_9213_A,AF-P78774-F1-model_v6,0.139,376,0.981,0.997,1.041e-12,475,P78774
rank0084_ca6_proteinbinders_9213_A,AF-A1CGS0-F1-model_v6,0.25,292,0.822,0.99,4.112e-12,474,A1CGS0
rank0084_ca6_proteinbinders_9213_A,AF-Q9WVB3-F1-model_v6,0.174,310,0.984,0.515,6.375e-13,473,Q9WVB3
rank0084_ca6_proteinbinders_9213_A,AF-O14775-3-F1-model_v6,0.222,306,0.971,0.816,4.719e-15,471,O14775-3
rank0084_ca6_proteinbinders_9213_A,AF-Q2UG43-F1-model_v6,0.322,277,0.79,0.942,2.173e-12,470,Q2UG43
rank0084_ca6_proteinbinders_9213_A,AF-I7MKT5-F1-model_v6,0.163,352,0.975,0.28,6.375e-13,470,I7MKT5
rank0084_ca6_proteinbinders_9213_A,AF-Q19873-F1-model_v6,0.195,300,0.952,0.486,1.7e-12,469,Q19873
rank0084_ca6_proteinbinders_9213_A,AF-O94411-F1-model_v6,0.205,316,0.971,0.621,3.054e-13,465,O94411
rank0084_ca6_proteinbinders_9213_A,AF-Q6DIP5-F1-model_v6,0.194,305,0.968,0.303,2.063e-13,465,Q6DIP5
rank0084_ca6_proteinbinders_9213_A,AF-P38262-F1-model_v6,0.192,319,0.949,0.596,1.463e-13,464,P38262
rank0084_ca6_proteinbinders_9213_A,AF-Q4WNK7-F1-model_v6,0.324,279,0.797,0.912,4.112e-12,463,Q4WNK7
rank0084_ca6_proteinbinders_9213_A,AF-Q6DFC6-F1-model_v6,0.19,310,0.952,0.373,5.761e-14,463,Q6DFC6
rank0084_ca6_proteinbinders_9213_A,AF-P0CS40-F1-model_v6,0.164,299,0.949,0.839,2.653e-11,462,P0CS40
rank0084_ca6_proteinbinders_9213_A,AF-Q6FNV4-F1-model_v6,0.26,288,0.822,0.966,3.915e-12,460,Q6FNV4
rank0084_ca6_proteinbinders_9213_A,AF-Q09731-F1-model_v6,0.227,327,0.994,0.34,1.619e-12,460,Q09731
rank0084_ca6_proteinbinders_9213_A,AF-Q8L4M1-F1-model_v6,0.18,323,0.917,0.88,1.044e-11,459,Q8L4M1
rank0084_ca6_proteinbinders_9213_A,AF-Q9UKT8-F1-model_v6,0.223,311,0.971,0.685,1.202e-13,458,Q9UKT8
rank0084_ca6_proteinbinders_9213_A,AF-P25365-F1-model_v6,0.157,333,0.994,0.313,9.913e-13,458,P25365
rank0084_ca6_proteinbinders_9213_A,AF-O60336-4-F1-model_v6,0.258,234,0.743,0.23,8.173e-12,454,O60336-4
rank0084_ca6_proteinbinders_9213_A,AF-Q6CSZ5-F1-model_v6,0.241,301,0.851,0.997,4.536e-12,453,Q6CSZ5
rank0084_ca6_proteinbinders_9213_A,AF-B2RZ17-F1-model_v6,0.219,311,0.971,0.685,2.636e-13,453,B2RZ17
rank0084_ca6_proteinbinders_9213_A,AF-Q8TAF3-4-F1-model_v6,0.197,279,0.822,0.469,2.76e-14,453,Q8TAF3-4
rank0084_ca6_proteinbinders_9213_A,AF-Q8NI36-F1-model_v6,0.145,402,0.933,0.449,3.693e-15,452,Q8NI36
rank0084_ca6_proteinbinders_9213_A,AF-Q09786-F1-model_v6,0.183,318,0.965,0.594,3.728e-12,449,Q09786
rank0084_ca6_proteinbinders_9213_A,AF-Q58D00-F1-model_v6,0.213,311,0.971,0.685,2.636e-13,447,Q58D00
rank0084_ca6_proteinbinders_9213_A,AF-Q9P4X3-F1-model_v6,0.198,302,0.959,0.544,1.792e-11,446,Q9P4X3
rank0084_ca6_proteinbinders_9213_A,AF-Q5RKI0-F1-model_v6,0.188,415,0.94,0.685,1.852e-16,445,Q5RKI0
rank0084_ca6_proteinbinders_9213_A,AF-Q86TI4-4-F1-model_v6,0.253,305,0.968,0.556,6.031e-15,444,Q86TI4-4
rank0084_ca6_proteinbinders_9213_A,AF-Q60584-F1-model_v6,0.234,271,0.86,0.623,1.619e-12,442,Q60584
rank0084_ca6_proteinbinders_9213_A,AF-Q7T0Q5-F1-model_v6,0.156,298,0.946,0.422,3.064e-12,442,Q7T0Q5
rank0084_ca6_proteinbinders_9213_A,AF-P53851-F1-model_v6,0.18,308,0.949,0.73,3.915e-12,441,P53851
rank0084_ca6_proteinbinders_9213_A,AF-Q9NWT1-F1-model_v6,0.206,290,0.921,0.712,3.716e-13,439,Q9NWT1
rank0084_ca6_proteinbinders_9213_A,AF-Q4PHV3-F1-model_v6,0.161,348,0.848,0.593,5.255e-12,437,Q4PHV3
rank0084_ca6_proteinbinders_9213_A,AF-Q9W7F2-F1-model_v6,0.196,415,0.94,0.684,8.475e-16,437,Q9W7F2
rank0084_ca6_proteinbinders_9213_A,AF-O15213-F1-model_v6,0.214,302,0.959,0.469,1.882e-11,437,O15213
rank0084_ca6_proteinbinders_9213_A,AF-Q9Z0H1-F1-model_v6,0.218,306,0.971,0.463,7.054e-12,437,Q9Z0H1
rank0084_ca6_proteinbinders_9213_A,AF-Q04725-3-F1-model_v6,0.218,242,0.768,0.327,1.406e-10,437,Q04725-3
rank0084_ca6_proteinbinders_9213_A,AF-Q39221-F1-model_v6,0.183,293,0.93,0.743,8.147e-13,436,Q39221
rank0084_ca6_proteinbinders_9213_A,AF-Q2TAF3-F1-model_v6,0.206,300,0.952,0.298,2.063e-13,435,Q2TAF3
rank0084_ca6_proteinbinders_9213_A,AF-Q5AZX0-F1-model_v6,0.202,309,0.981,0.531,7.708e-15,434,Q5AZX0
rank0084_ca6_proteinbinders_9213_A,AF-Q4X1Y0-F1-model_v6,0.196,311,0.987,0.602,1.609e-14,433,Q4X1Y0
rank0084_ca6_proteinbinders_9213_A,AF-Q96KV7-7-F1-model_v6,0.191,311,0.987,0.953,7.032e-13,432,Q96KV7-7
rank0084_ca6_proteinbinders_9213_A,AF-O88342-F1-model_v6,0.196,412,0.93,0.68,5.724e-16,430,O88342
rank0084_ca6_proteinbinders_9213_A,AF-Q6ED65-3-F1-model_v6,0.188,427,0.94,0.366,8.901e-16,430,Q6ED65-3
rank0084_ca6_proteinbinders_9213_A,AF-A8IRK7-F1-model_v6,0.19,349,0.952,0.428,3.728e-12,427,A8IRK7
rank0084_ca6_proteinbinders_9213_A,AF-O80775-2-F1-model_v6,0.195,240,0.762,0.77,7.433e-11,426,O80775-2
rank0084_ca6_proteinbinders_9213_A,AF-Q32P44-F1-model_v6,0.188,307,0.921,0.343,1.326e-13,426,Q32P44
rank0084_ca6_proteinbinders_9213_A,AF-Q5TJE7-F1-model_v6,0.221,302,0.959,0.467,2.076e-11,423,Q5TJE7
rank0084_ca6_proteinbinders_9213_A,AF-O00423-3-F1-model_v6,0.193,343,0.902,0.411,1.038e-13,423,O00423-3
rank0084_ca6_proteinbinders_9213_A,AF-Q9P7C0-F1-model_v6,0.179,380,0.978,0.725,1.152e-11,421,Q9P7C0
rank0084_ca6_proteinbinders_9213_A,AF-Q8VC03-F1-model_v6,0.194,312,0.921,0.348,5.485e-14,420,Q8VC03
rank0084_ca6_proteinbinders_9213_A,AF-Q9HC35-F1-model_v6,0.184,355,0.94,0.362,6.05e-14,418,Q9HC35
rank0084_ca6_proteinbinders_9213_A,AF-Q9BRP4-3-F1-model_v6,0.225,265,0.832,0.957,1.624e-11,417,Q9BRP4-3
rank0084_ca6_proteinbinders_9213_A,AF-P53196-F1-model_v6,0.137,356,0.981,0.854,2.526e-11,417,P53196
rank0084_ca6_proteinbinders_9213_A,AF-G0S902-F1-model_v6,0.167,306,0.94,0.458,3.38e-12,416,G0S902
rank0084_ca6_proteinbinders_9213_A,AF-Q05BC3-3-F1-model_v6,0.198,356,0.946,0.428,8.958e-14,415,Q05BC3-3
rank0084_ca6_proteinbinders_9213_A,AF-Q9HC35-2-F1-model_v6,0.184,355,0.94,0.385,8.121e-14,414,Q9HC35-2
rank0084_ca6_proteinbinders_9213_A,AF-Q6ED65-F1-model_v6,0.188,413,0.892,0.209,1.684e-15,414,Q6ED65
rank0084_ca6_proteinbinders_9213_A,AF-Q05BC3-2-F1-model_v6,0.198,356,0.946,0.455,1.09e-13,413,Q05BC3-2
rank0084_ca6_proteinbinders_9213_A,AF-P90587-F1-model_v6,0.209,417,0.962,0.694,1.076e-17,412,P90587
rank0084_ca6_proteinbinders_9213_A,AF-O00423-F1-model_v6,0.197,356,0.946,0.437,1.202e-13,412,O00423
rank0084_ca6_proteinbinders_9213_A,AF-Q05BC3-F1-model_v6,0.198,356,0.946,0.437,8.529e-14,411,Q05BC3
rank0084_ca6_proteinbinders_9213_A,AF-Q4V8C3-F1-model_v6,0.198,356,0.946,0.437,1.145e-13,411,Q4V8C3
rank0084_ca6_proteinbinders_9213_A,AF-Q80WC9-F1-model_v6,0.151,341,0.981,0.31,2.18e-11,411,Q80WC9
rank0084_ca6_proteinbinders_9213_A,AF-Q3UMY5-F1-model_v6,0.187,355,0.94,0.359,1.202e-13,409,Q3UMY5
rank0084_ca6_proteinbinders_9213_A,AF-Q6AY87-F1-model_v6,0.179,305,0.933,0.894,4.78e-11,408,Q6AY87
rank0084_ca6_proteinbinders_9213_A,AF-Q3UMY5-2-F1-model_v6,0.187,355,0.94,0.386,3.538e-13,408,Q3UMY5-2
rank0084_ca6_proteinbinders_9213_A,AF-Q3UMY5-3-F1-model_v6,0.188,354,0.937,0.379,3.538e-13,407,Q3UMY5-3
rank0084_ca6_proteinbinders_9213_A,AF-A8NZM5-F1-model_v6,0.152,301,0.956,0.733,1.104e-09,403,A8NZM5
rank0084_ca6_proteinbinders_9213_A,AF-Q3UMY5-4-F1-model_v6,0.187,355,0.94,0.405,2.166e-13,403,Q3UMY5-4
rank0084_ca6_proteinbinders_9213_A,AF-Q9VU68-2-F1-model_v6,0.176,424,0.987,0.702,2.611e-16,402,Q9VU68-2
rank0084_ca6_proteinbinders_9213_A,AF-Q4V8C3-2-F1-model_v6,0.198,356,0.946,0.455,1.87e-13,402,Q4V8C3-2
rank0084_ca6_proteinbinders_9213_A,AF-Q7TNG5-3-F1-model_v6,0.188,354,0.94,0.421,3.704e-14,402,Q7TNG5-3
rank0084_ca6_proteinbinders_9213_A,AF-Q7TNG5-F1-model_v6,0.188,354,0.94,0.545,3.358e-14,401,Q7TNG5
rank0084_ca6_proteinbinders_9213_A,AF-Q4L235-2-F1-model_v6,0.128,339,0.978,0.34,4.319e-12,401,Q4L235-2
rank0084_ca6_proteinbinders_9213_A,AF-Q9LV35-F1-model_v6,0.165,466,0.952,0.765,3.177e-16,399,Q9LV35
rank0084_ca6_proteinbinders_9213_A,AF-P40055-F1-model_v6,0.189,301,0.956,0.538,1.629e-10,398,P40055
rank0084_ca6_proteinbinders_9213_A,AF-Q7TNG5-2-F1-model_v6,0.188,354,0.94,0.53,5.485e-14,397,Q7TNG5-2
rank0084_ca6_proteinbinders_9213_A,AF-O93277-F1-model_v6,0.209,425,0.971,0.698,1.251e-16,396,O93277
rank0084_ca6_proteinbinders_9213_A,AF-Q6P5U7-F1-model_v6,0.141,347,0.968,0.199,7.032e-13,396,Q6P5U7
rank0084_ca6_proteinbinders_9213_A,AF-O95834-2-F1-model_v6,0.19,356,0.946,0.447,5.485e-14,393,O95834-2
rank0084_ca6_proteinbinders_9213_A,AF-Q9ZU34-F1-model_v6,0.183,470,0.965,0.769,6.012e-16,390,Q9ZU34
rank0084_ca6_proteinbinders_9213_A,AF-Q6P6T4-F1-model_v6,0.171,395,0.937,0.609,1.326e-13,387,Q6P6T4
rank0084_ca6_proteinbinders_9213_A,AF-Q9VUI3-F1-model_v6,0.207,337,0.917,0.313,3.549e-12,382,Q9VUI3
rank0084_ca6_proteinbinders_9213_A,AF-Q9ULI1-F1-model_v6,0.138,347,0.968,0.199,2.644e-12,379,Q9ULI1
rank0084_ca6_proteinbinders_9213_A,AF-Q4L235-F1-model_v6,0.154,339,0.978,0.309,7.806e-11,375,Q4L235
rank0084_ca6_proteinbinders_9213_A,AF-Q08924-F1-model_v6,0.172,361,0.946,0.356,3.928e-11,374,Q08924
rank0084_ca6_proteinbinders_9213_A,AF-Q9VUI3-2-F1-model_v6,0.213,337,0.917,0.411,4.764e-12,372,Q9VUI3-2
rank0084_ca6_proteinbinders_9213_A,AF-Q6PAX7-F1-model_v6,0.219,415,0.94,0.684,3.681e-16,371,Q6PAX7
rank0084_ca6_proteinbinders_9213_A,AF-Q05BV3-4-F1-model_v6,0.169,419,0.94,0.674,2.628e-14,366,Q05BV3-4
rank0084_ca6_proteinbinders_9213_A,AF-Q9VU68-F1-model_v6,0.157,460,0.962,0.757,1.255e-15,362,Q9VU68
rank0084_ca6_proteinbinders_9213_A,AF-Q8C5V5-F1-model_v6,0.137,368,0.975,0.472,3.401e-10,359,Q8C5V5
rank0084_ca6_proteinbinders_9213_A,AF-F4K1G2-F1-model_v6,0.111,360,0.981,0.346,7.099e-10,356,F4K1G2
rank0084_ca6_proteinbinders_9213_A,AF-O08653-F1-model_v6,0.181,504,0.93,0.192,1.945e-16,356,O08653
rank0084_ca6_proteinbinders_9213_A,AF-Q5SQM0-F1-model_v6,0.215,370,0.917,0.189,6.334e-15,355,Q5SQM0
rank0084_ca6_proteinbinders_9213_A,AF-Q9D5R2-F1-model_v6,0.129,350,0.832,0.617,9.073e-10,350,Q9D5R2
rank0084_ca6_proteinbinders_9213_A,AF-Q6DIF4-F1-model_v6,0.201,415,0.94,0.684,5.467e-15,345,Q6DIF4
rank0084_ca6_proteinbinders_9213_A,AF-Q6ZMW3-2-F1-model_v6,0.219,370,0.917,0.197,1.532e-14,345,Q6ZMW3-2
rank0084_ca6_proteinbinders_9213_A,AF-Q15542-2-F1-model_v6,0.261,268,0.619,0.36,8.611e-11,343,Q15542-2
rank0084_ca6_proteinbinders_9213_A,AF-Q96KV7-10-F1-model_v6,0.248,192,0.565,0.708,1.9e-08,342,Q96KV7-10
rank0084_ca6_proteinbinders_9213_A,AF-Q58D06-F1-model_v6,0.148,277,0.87,0.719,1.343e-09,339,Q58D06
rank0084_ca6_proteinbinders_9213_A,AF-Q5RG49-F1-model_v6,0.191,301,0.937,0.262,1.343e-09,338,Q5RG49
rank0084_ca6_proteinbinders_9213_A,AF-O60161-F1-model_v6,0.159,341,0.889,0.48,5.797e-12,336,O60161
rank0084_ca6_proteinbinders_9213_A,AF-Q62440-6-F1-model_v6,0.235,173,0.549,0.254,5.323e-08,332,Q62440-6
rank0084_ca6_proteinbinders_9213_A,AF-Q8TBZ3-F1-model_v6,0.139,352,0.832,0.619,2.67e-09,329,Q8TBZ3
rank0084_ca6_proteinbinders_9213_A,AF-Q6RFH5-F1-model_v6,0.161,272,0.854,0.706,5.573e-09,321,Q6RFH5
rank0084_ca6_proteinbinders_9213_A,AF-Q8TBZ3-2-F1-model_v6,0.136,352,0.832,0.606,3.249e-09,321,Q8TBZ3-2
rank0084_ca6_proteinbinders_9213_A,AF-Q32P44-2-F1-model_v6,0.189,362,0.937,0.395,1.7e-12,318,Q32P44-2
rank0084_ca6_proteinbinders_9213_A,AF-Q8VCG3-F1-model_v6,0.15,274,0.86,0.714,8.251e-09,316,Q8VCG3
rank0084_ca6_proteinbinders_9213_A,AF-Q5TU55-F1-model_v6,0.105,350,0.984,0.422,6.759e-10,313,Q5TU55
rank0084_ca6_proteinbinders_9213_A,AF-Q8R2N2-F1-model_v6,0.163,367,0.933,0.535,7.054e-12,308,Q8R2N2
rank0084_ca6_proteinbinders_9213_A,AF-B0W8M5-F1-model_v6,0.195,265,0.825,0.661,1.004e-08,301,B0W8M5
rank0084_ca6_proteinbinders_9213_A,AF-A1DMI8-F1-model_v6,0.126,425,0.965,0.705,7.48e-09,300,A1DMI8
rank0084_ca6_proteinbinders_9213_A,AF-Q10437-F1-model_v6,0.139,424,0.971,0.781,1.004e-08,297,Q10437
rank0084_ca6_proteinbinders_9213_A,AF-B8N4F5-F1-model_v6,0.122,426,0.968,0.745,1.004e-08,297,B8N4F5
rank0084_ca6_proteinbinders_9213_A,AF-Q8TBZ3-7-F1-model_v6,0.126,383,0.832,0.638,1.415e-08,297,Q8TBZ3-7
rank0084_ca6_proteinbinders_9213_A,AF-Q2UM42-F1-model_v6,0.12,428,0.975,0.748,9.102e-09,294,Q2UM42
rank0084_ca6_proteinbinders_9213_A,AF-Q0CKB1-F1-model_v6,0.116,420,0.968,0.714,8.251e-09,294,Q0CKB1
rank0084_ca6_proteinbinders_9213_A,AF-A1CTE6-F1-model_v6,0.119,426,0.968,0.743,2.678e-08,292,A1CTE6
rank0084_ca6_proteinbinders_9213_A,AF-A2QVV2-F1-model_v6,0.119,427,0.968,0.723,2.096e-08,290,A2QVV2
rank0084_ca6_proteinbinders_9213_A,AF-Q9P4R5-F1-model_v6,0.124,426,0.965,0.72,1.561e-08,289,Q9P4R5
rank0084_ca6_proteinbinders_9213_A,AF-Q8RXU6-F1-model_v6,0.131,412,0.924,0.506,5.537e-11,289,Q8RXU6
rank0084_ca6_proteinbinders_9213_A,AF-Q09019-F1-model_v6,0.137,320,0.756,0.475,7.881e-08,287,Q09019
rank0084_ca6_proteinbinders_9213_A,AF-Q08274-F1-model_v6,0.145,350,0.81,0.526,4.825e-08,285,Q08274
rank0084_ca6_proteinbinders_9213_A,AF-Q7KLI1-F1-model_v6,0.093,404,0.943,0.281,2.804e-09,280,Q7KLI1
rank0084_ca6_proteinbinders_9213_A,AF-Q9VHN9-F1-model_v6,0.101,323,0.949,0.391,2.558e-07,253,Q9VHN9
rank0084_ca6_proteinbinders_9213_A,AF-D9N129-F1-model_v6,0.141,268,0.844,0.349,6.803e-08,222,D9N129
rank0084_ca6_proteinbinders_9213_A,AF-O45487-F1-model_v6,0.142,561,0.949,0.63,9.945e-12,219,O45487
rank0084_ca6_proteinbinders_9213_A,AF-D9N129-2-F1-model_v6,0.145,263,0.835,0.351,1.352e-07,217,D9N129-2
rank0084_ca6_proteinbinders_9213_A,AF-Q9VBC4-F1-model_v6,0.164,264,0.838,0.282,8.304e-07,209,Q9VBC4
rank0084_ca6_proteinbinders_9213_A,AF-Q8TBZ3-4-F1-model_v6,0.171,241,0.686,0.483,6.824e-07,201,Q8TBZ3-4
rank0084_ca6_proteinbinders_9213_A,AF-Q8TBZ3-5-F1-model_v6,0.167,291,0.832,0.573,1.356e-06,190,Q8TBZ3-5
rank0084_ca6_proteinbinders_9213_A,AF-Q8TBZ3-6-F1-model_v6,0.164,291,0.832,0.56,1.571e-06,189,Q8TBZ3-6
rank0086_ca6_proteinbinders_0724_A,AF-Q9SHU5-F1-model_v6,0.144,195,0.985,0.771,6.785e-05,116,Q9SHU5
rank0086_ca6_proteinbinders_0724_A,AF-Q61LA8-F1-model_v6,0.155,196,0.99,0.895,3.397e-05,115,Q61LA8
rank0086_ca6_proteinbinders_0724_A,AF-Q75A26-F1-model_v6,0.136,197,0.995,0.906,4.652e-05,114,Q75A26
rank0086_ca6_proteinbinders_0724_A,AF-Q7KQL3-F1-model_v6,0.157,196,0.99,0.895,3.618e-05,110,Q7KQL3
rank0086_ca6_proteinbinders_0724_A,AF-A9SY64-F1-model_v6,0.108,216,0.99,0.189,3.314e-06,110,A9SY64
rank0086_ca6_proteinbinders_0724_A,AF-Q6S5G3-F1-model_v6,0.12,216,0.99,0.272,4.003e-06,109,Q6S5G3
rank0086_ca6_proteinbinders_0724_A,AF-Q5RCF1-F1-model_v6,0.144,196,0.99,0.9,6.372e-05,108,Q5RCF1
rank0086_ca6_proteinbinders_0724_A,AF-O48649-F1-model_v6,0.158,197,0.995,0.862,3.618e-05,108,O48649
rank0086_ca6_proteinbinders_0724_A,AF-Q9QXJ4-F1-model_v6,0.19,197,0.995,0.683,4.954e-05,108,Q9QXJ4
rank0086_ca6_proteinbinders_0724_A,AF-Q9LUS2-F1-model_v6,0.14,216,0.99,0.198,3.314e-06,108,Q9LUS2
rank0086_ca6_proteinbinders_0724_A,AF-P84084-F1-model_v6,0.149,196,0.99,0.9,7.226e-05,107,P84084
rank0086_ca6_proteinbinders_0724_A,AF-P84085-F1-model_v6,0.149,196,0.99,0.9,7.226e-05,107,P84085
rank0086_ca6_proteinbinders_0724_A,AF-P62747-F1-model_v6,0.173,196,0.99,0.878,3.618e-05,107,P62747
rank0086_ca6_proteinbinders_0724_A,AF-Q9Y7Z2-F1-model_v6,0.124,196,0.99,0.859,9.293e-05,104,Q9Y7Z2
rank0086_ca6_proteinbinders_0724_A,AF-A9SY65-F1-model_v6,0.144,216,0.99,0.217,1.242e-05,104,A9SY65
rank0086_ca6_proteinbinders_0724_A,AF-P48148-F1-model_v6,0.181,194,0.98,0.906,3.618e-05,103,P48148
rank0086_ca6_proteinbinders_0724_A,AF-Q8BLR7-F1-model_v6,0.147,195,0.985,0.763,8.726e-05,103,Q8BLR7
rank0086_ca6_proteinbinders_0724_A,AF-Q9SLF3-F1-model_v6,0.149,216,0.99,0.179,4.003e-06,103,Q9SLF3
rank0086_ca6_proteinbinders_0724_A,AF-P22274-F1-model_v6,0.153,197,0.995,0.872,7.695e-05,102,P22274
rank0086_ca6_proteinbinders_0724_A,AF-A9SV60-F1-model_v6,0.117,216,0.99,0.188,6.372e-05,92,A9SV60
rank0090_ca6_proteinbinders_4545_A,AF-Q57894-F1-model_v6,0.126,185,1.0,1.0,6.911e-05,141,Q57894
rank0093_ca6_proteinbinders_0800_A,AF-Q54GP3-F1-model_v6,0.089,244,0.947,0.914,3.663e-05,120,Q54GP3
rank0093_ca6_proteinbinders_0800_A,AF-P40579-F1-model_v6,0.138,252,0.947,0.992,3.663e-05,108,P40579
rank0093_ca6_proteinbinders_0800_A,AF-O80714-F1-model_v6,0.12,243,0.915,0.942,6.552e-05,103,O80714
rank0093_ca6_proteinbinders_0800_A,AF-Q82IY9-F1-model_v6,0.138,244,0.976,0.904,4.361e-05,103,Q82IY9
rank0093_ca6_proteinbinders_0800_A,AF-A6WID1-F1-model_v6,0.104,346,0.992,0.956,2.739e-05,86,A6WID1
rank0093_ca6_proteinbinders_0800_A,AF-Q8CX35-F1-model_v6,0.101,346,0.992,0.956,3.457e-05,84,Q8CX35
rank0093_ca6_proteinbinders_0800_A,AF-A9KY29-F1-model_v6,0.104,346,0.992,0.956,5.833e-05,82,A9KY29
rank0093_ca6_proteinbinders_0800_A,AF-B8E698-F1-model_v6,0.109,346,0.992,0.956,7.8e-05,82,B8E698
rank0093_ca6_proteinbinders_0800_A,AF-B1KKX7-F1-model_v6,0.101,347,0.992,0.951,9.286e-05,81,B1KKX7
rank0093_ca6_proteinbinders_0800_A,AF-B5Y8R7-F1-model_v6,0.111,347,0.996,0.815,7.359e-05,66,B5Y8R7
rank0095_ca6_proteinbinders_1441_A,AF-Q9LBG2-F1-model_v6,0.207,179,0.86,0.67,5.126e-05,145,Q9LBG2
rank0098_ca6_proteinbinders_4654_A,AF-Q22230-F1-model_v6,0.104,225,0.957,0.728,4.479e-05,118,Q22230
rank0098_ca6_proteinbinders_4654_A,AF-Q23116-F1-model_v6,0.107,225,0.968,0.728,9.771e-05,113,Q23116
rank0098_ca6_proteinbinders_4654_A,AF-Q9ALA3-F1-model_v6,0.144,183,0.968,0.477,9.771e-05,107,Q9ALA3
rank0098_ca6_proteinbinders_4654_A,AF-P45069-F1-model_v6,0.139,206,0.989,0.489,7.239e-05,102,P45069
rank0098_ca6_proteinbinders_4654_A,AF-P0A9A7-F1-model_v6,0.146,179,0.957,0.467,8.161e-05,100,P0A9A7
rank0098_ca6_proteinbinders_4654_A,AF-P57308-F1-model_v6,0.151,180,0.951,0.469,9.771e-05,97,P57308
rank0099_ca6_proteinbinders_4149_A,AF-O29333-F1-model_v6,0.156,240,0.976,0.995,2.588e-05,87,O29333
rank0099_ca6_proteinbinders_4149_A,AF-Q8TS37-F1-model_v6,0.157,245,0.996,0.973,4.825e-05,86,Q8TS37
rank0099_ca6_proteinbinders_4149_A,AF-Q6LZM2-F1-model_v6,0.133,246,1.0,0.972,8.451e-05,85,Q6LZM2
rank0099_ca6_proteinbinders_4149_A,AF-A9A6C3-F1-model_v6,0.151,246,1.0,0.963,3.12e-05,85,A9A6C3
rank0099_ca6_proteinbinders_4149_A,AF-Q977X5-F1-model_v6,0.166,245,0.996,1.0,4.003e-05,83,Q977X5
rank0099_ca6_proteinbinders_4149_A,AF-P42405-F1-model_v6,0.12,241,0.98,0.995,7.461e-05,82,P42405
rank0099_ca6_proteinbinders_4149_A,AF-Q8PV88-F1-model_v6,0.173,244,0.992,0.955,5.135e-05,82,Q8PV88
rank0099_ca6_proteinbinders_4149_A,AF-Q46GE2-F1-model_v6,0.16,245,0.996,0.973,5.465e-05,81,Q46GE2
rank0099_ca6_proteinbinders_4149_A,AF-Q14BV6-F1-model_v6,0.127,289,0.87,0.932,4.003e-05,75,Q14BV6
rank0100_ca6_proteinbinders_0148_A,AF-P39630-F1-model_v6,0.161,175,0.867,0.556,2.003e-05,132,P39630
rank0100_ca6_proteinbinders_0148_A,AF-Q6D8S0-F1-model_v6,0.106,174,0.967,0.283,9.507e-05,104,Q6D8S0
