genome_accession	query	uniprot	refseq	evalue	target
GCF_000001215.3	rank00062_coA_proteinbinders_2870_A	P0CG69	NP_001261383	5.145e-06	AF-P0CG69-F1-model_v6
GCF_000001215.3	rank00062_coA_proteinbinders_2870_A	P0CG69	NP_523909	5.145e-06	AF-P0CG69-F1-model_v6
GCF_000001215.3	rank00062_coA_proteinbinders_2870_A	P0CG69	NP_728908	5.145e-06	AF-P0CG69-F1-model_v6
GCF_000001215.3	rank00062_coA_proteinbinders_2870_A	P0CG69	NP_995994	5.145e-06	AF-P0CG69-F1-model_v6
GCF_000001215.3	rank00062_coA_proteinbinders_2870_A	P15357	NP_476778	5.867e-06	AF-P15357-F1-model_v6
GCF_000001215.3	rank00062_coA_proteinbinders_2870_A	P18101	NP_001260018	6.69e-06	AF-P18101-F1-model_v6
GCF_000001215.3	rank00062_coA_proteinbinders_2870_A	P18101	NP_476776	6.69e-06	AF-P18101-F1-model_v6
GCF_000001215.3	rank00065_coA_proteinbinders_4978_A	P00528	NP_001014561	1.179e-08	AF-P00528-F1-model_v6
GCF_000001215.3	rank00065_coA_proteinbinders_4978_A	P00528	NP_001014562	1.179e-08	AF-P00528-F1-model_v6
GCF_000001215.3	rank00065_coA_proteinbinders_4978_A	P00528	NP_001014563	1.179e-08	AF-P00528-F1-model_v6
GCF_000001215.3	rank00065_coA_proteinbinders_4978_A	P00528	NP_001014564	1.179e-08	AF-P00528-F1-model_v6
GCF_000001215.3	rank00065_coA_proteinbinders_4978_A	P00528	NP_001189051	1.179e-08	AF-P00528-F1-model_v6
GCF_000001215.3	rank00065_coA_proteinbinders_4978_A	P00528	NP_001246628	1.179e-08	AF-P00528-F1-model_v6
GCF_000001215.3	rank00065_coA_proteinbinders_4978_A	P00528	NP_001246629	1.179e-08	AF-P00528-F1-model_v6
GCF_000001215.3	rank00065_coA_proteinbinders_4978_A	P00528	NP_524934	1.179e-08	AF-P00528-F1-model_v6
GCF_000001215.3	rank00065_coA_proteinbinders_4978_A	Q9V9J3	NP_476849	4.337e-07	AF-Q9V9J3-F1-model_v6
GCF_000001215.3	rank00065_coA_proteinbinders_4978_A	Q8IPW2-1	NP_476976	1.303e-06	AF-Q8IPW2-1-F1-model_v6
GCF_000001215.3	rank00065_coA_proteinbinders_4978_A	P00522	NP_001287085	2.551e-06	AF-P00522-F1-model_v6
GCF_000001215.3	rank00065_coA_proteinbinders_4978_A	P00522	NP_524843	2.551e-06	AF-P00522-F1-model_v6
GCF_000001215.3	rank00065_coA_proteinbinders_4978_A	Q6NR09-2	NP_001163352	2.712e-06	AF-Q6NR09-2-F1-model_v6
GCF_000001215.3	rank00065_coA_proteinbinders_4978_A	Q24145	NP_524743	3.258e-06	AF-Q24145-F1-model_v6
GCF_000001215.3	rank00065_coA_proteinbinders_4978_A	P29349-4	NP_477131	3.681e-06	AF-P29349-4-F1-model_v6
GCF_000001215.3	rank00065_coA_proteinbinders_4978_A	Q6NR09	NP_001033991	3.913e-06	AF-Q6NR09-F1-model_v6
GCF_000001215.3	rank00065_coA_proteinbinders_4978_A	Q6NR09	NP_001163352	3.913e-06	AF-Q6NR09-F1-model_v6
GCF_000001215.3	rank00065_coA_proteinbinders_4978_A	P29349-2	NP_477130	3.913e-06	AF-P29349-2-F1-model_v6
GCF_000001215.3	rank00065_coA_proteinbinders_4978_A	P29349	NP_477130	3.913e-06	AF-P29349-F1-model_v6
GCF_000001215.3	rank00065_coA_proteinbinders_4978_A	P29349	NP_477131	3.913e-06	AF-P29349-F1-model_v6
GCF_000001215.3	rank00065_coA_proteinbinders_4978_A	P29349	NP_726793	3.913e-06	AF-P29349-F1-model_v6
GCF_000001215.3	rank00065_coA_proteinbinders_4978_A	Q9XYM0	NP_651908	5.312e-06	AF-Q9XYM0-F1-model_v6
GCF_000001215.3	rank00065_coA_proteinbinders_4978_A	Q9XYM0	NP_726549	5.312e-06	AF-Q9XYM0-F1-model_v6
GCF_000001215.3	rank00065_coA_proteinbinders_4978_A	P08630-2	NP_001097120	5.647e-06	AF-P08630-2-F1-model_v6
GCF_000001215.3	rank00065_coA_proteinbinders_4978_A	P08630-2	NP_476746	5.647e-06	AF-P08630-2-F1-model_v6
GCF_000001215.3	rank00065_coA_proteinbinders_4978_A	P08630-2	NP_723370	5.647e-06	AF-P08630-2-F1-model_v6
GCF_000001215.3	rank00071_coA_proteinbinders_3418_A	P00528	NP_001014561	2.037e-07	AF-P00528-F1-model_v6
GCF_000001215.3	rank00071_coA_proteinbinders_3418_A	P00528	NP_001014562	2.037e-07	AF-P00528-F1-model_v6
GCF_000001215.3	rank00071_coA_proteinbinders_3418_A	P00528	NP_001014563	2.037e-07	AF-P00528-F1-model_v6
GCF_000001215.3	rank00071_coA_proteinbinders_3418_A	P00528	NP_001014564	2.037e-07	AF-P00528-F1-model_v6
GCF_000001215.3	rank00071_coA_proteinbinders_3418_A	P00528	NP_001189051	2.037e-07	AF-P00528-F1-model_v6
GCF_000001215.3	rank00071_coA_proteinbinders_3418_A	P00528	NP_001246628	2.037e-07	AF-P00528-F1-model_v6
GCF_000001215.3	rank00071_coA_proteinbinders_3418_A	P00528	NP_001246629	2.037e-07	AF-P00528-F1-model_v6
GCF_000001215.3	rank00071_coA_proteinbinders_3418_A	P00528	NP_524934	2.037e-07	AF-P00528-F1-model_v6
GCF_000001215.3	rank00071_coA_proteinbinders_3418_A	Q9V9J3	NP_476849	4.086e-06	AF-Q9V9J3-F1-model_v6
GCF_000001215.3	rank00079_coA_proteinbinders_2135_A	Q9VMY9	NP_649439	2.849e-06	AF-Q9VMY9-F1-model_v6
GCF_000001405.26	rank00015_coA_proteinbinders_3420_A	P06241-3	NP_694593	4.258e-06	AF-P06241-3-F1-model_v6
GCF_000001405.26	rank00015_coA_proteinbinders_3420_A	P06241-3	XP_005266949	4.258e-06	AF-P06241-3-F1-model_v6
GCF_000001405.26	rank00015_coA_proteinbinders_3420_A	P06241-3	XP_047274528	4.258e-06	AF-P06241-3-F1-model_v6
GCF_000001405.26	rank00015_coA_proteinbinders_3420_A	P06241	NP_001357458	9.134e-06	AF-P06241-F1-model_v6
GCF_000001405.26	rank00015_coA_proteinbinders_3420_A	P06241	NP_002028	9.134e-06	AF-P06241-F1-model_v6
GCF_000001405.26	rank00015_coA_proteinbinders_3420_A	P06241	NP_694592	9.134e-06	AF-P06241-F1-model_v6
GCF_000001405.26	rank00015_coA_proteinbinders_3420_A	P06241	NP_694593	9.134e-06	AF-P06241-F1-model_v6
GCF_000001405.26	rank00015_coA_proteinbinders_3420_A	P06241	XP_005266949	9.134e-06	AF-P06241-F1-model_v6
GCF_000001405.26	rank00015_coA_proteinbinders_3420_A	P06241	XP_016866139	9.134e-06	AF-P06241-F1-model_v6
GCF_000001405.26	rank00015_coA_proteinbinders_3420_A	P06241	XP_016866140	9.134e-06	AF-P06241-F1-model_v6
GCF_000001405.26	rank00015_coA_proteinbinders_3420_A	P06241	XP_016866141	9.134e-06	AF-P06241-F1-model_v6
GCF_000001405.26	rank00015_coA_proteinbinders_3420_A	P06241	XP_016866142	9.134e-06	AF-P06241-F1-model_v6
GCF_000001405.26	rank00015_coA_proteinbinders_3420_A	P06241	XP_047274517	9.134e-06	AF-P06241-F1-model_v6
GCF_000001405.26	rank00015_coA_proteinbinders_3420_A	P06241	XP_047274518	9.134e-06	AF-P06241-F1-model_v6
GCF_000001405.26	rank00015_coA_proteinbinders_3420_A	P06241	XP_047274519	9.134e-06	AF-P06241-F1-model_v6
GCF_000001405.26	rank00015_coA_proteinbinders_3420_A	P06241	XP_047274521	9.134e-06	AF-P06241-F1-model_v6
GCF_000001405.26	rank00015_coA_proteinbinders_3420_A	P06241	XP_047274522	9.134e-06	AF-P06241-F1-model_v6
GCF_000001405.26	rank00015_coA_proteinbinders_3420_A	P06241	XP_047274523	9.134e-06	AF-P06241-F1-model_v6
GCF_000001405.26	rank00015_coA_proteinbinders_3420_A	P06241	XP_047274524	9.134e-06	AF-P06241-F1-model_v6
GCF_000001405.26	rank00015_coA_proteinbinders_3420_A	P06241	XP_047274525	9.134e-06	AF-P06241-F1-model_v6
GCF_000001405.26	rank00015_coA_proteinbinders_3420_A	P06241	XP_047274526	9.134e-06	AF-P06241-F1-model_v6
GCF_000001405.26	rank00015_coA_proteinbinders_3420_A	P06241	XP_047274527	9.134e-06	AF-P06241-F1-model_v6
GCF_000001405.26	rank00015_coA_proteinbinders_3420_A	P06241	XP_047274528	9.134e-06	AF-P06241-F1-model_v6
GCF_000001405.26	rank00015_coA_proteinbinders_3420_A	P09769	NP_001036194	9.686e-06	AF-P09769-F1-model_v6
GCF_000001405.26	rank00015_coA_proteinbinders_3420_A	P09769	NP_001036212	9.686e-06	AF-P09769-F1-model_v6
GCF_000001405.26	rank00015_coA_proteinbinders_3420_A	P09769	NP_005239	9.686e-06	AF-P09769-F1-model_v6
GCF_000001405.26	rank00062_coA_proteinbinders_2870_A	P62979	NP_001129064	4.819e-06	AF-P62979-F1-model_v6
GCF_000001405.26	rank00062_coA_proteinbinders_2870_A	P62979	NP_001170884	4.819e-06	AF-P62979-F1-model_v6
GCF_000001405.26	rank00062_coA_proteinbinders_2870_A	P62979	NP_002945	4.819e-06	AF-P62979-F1-model_v6
GCF_000001405.26	rank00062_coA_proteinbinders_2870_A	P62987	NP_001029102	5.495e-06	AF-P62987-F1-model_v6
GCF_000001405.26	rank00062_coA_proteinbinders_2870_A	P62987	NP_001307946	5.495e-06	AF-P62987-F1-model_v6
GCF_000001405.26	rank00062_coA_proteinbinders_2870_A	P62987	NP_001307947	5.495e-06	AF-P62987-F1-model_v6
GCF_000001405.26	rank00062_coA_proteinbinders_2870_A	P62987	NP_001307948	5.495e-06	AF-P62987-F1-model_v6
GCF_000001405.26	rank00062_coA_proteinbinders_2870_A	P62987	NP_001307949	5.495e-06	AF-P62987-F1-model_v6
GCF_000001405.26	rank00062_coA_proteinbinders_2870_A	P62987	NP_003324	5.495e-06	AF-P62987-F1-model_v6
GCF_000001405.26	rank00062_coA_proteinbinders_2870_A	P0CG48	NP_066289	7.629e-06	AF-P0CG48-F1-model_v6
GCF_000001405.26	rank00062_coA_proteinbinders_2870_A	P0CG47	NP_001268645	8.146e-06	AF-P0CG47-F1-model_v6
GCF_000001405.26	rank00062_coA_proteinbinders_2870_A	P0CG47	NP_001268646	8.146e-06	AF-P0CG47-F1-model_v6
GCF_000001405.26	rank00062_coA_proteinbinders_2870_A	P0CG47	NP_001268647	8.146e-06	AF-P0CG47-F1-model_v6
GCF_000001405.26	rank00062_coA_proteinbinders_2870_A	P0CG47	NP_001268648	8.146e-06	AF-P0CG47-F1-model_v6
GCF_000001405.26	rank00062_coA_proteinbinders_2870_A	P0CG47	NP_001268649	8.146e-06	AF-P0CG47-F1-model_v6
GCF_000001405.26	rank00062_coA_proteinbinders_2870_A	P0CG47	NP_061828	8.146e-06	AF-P0CG47-F1-model_v6
GCF_000001405.26	rank00065_coA_proteinbinders_4978_A	P06241	NP_001357458	1.306e-09	AF-P06241-F1-model_v6
GCF_000001405.26	rank00065_coA_proteinbinders_4978_A	P06241	NP_002028	1.306e-09	AF-P06241-F1-model_v6
GCF_000001405.26	rank00065_coA_proteinbinders_4978_A	P06241	NP_694592	1.306e-09	AF-P06241-F1-model_v6
GCF_000001405.26	rank00065_coA_proteinbinders_4978_A	P06241	NP_694593	1.306e-09	AF-P06241-F1-model_v6
GCF_000001405.26	rank00065_coA_proteinbinders_4978_A	P06241	XP_005266949	1.306e-09	AF-P06241-F1-model_v6
GCF_000001405.26	rank00065_coA_proteinbinders_4978_A	P06241	XP_016866139	1.306e-09	AF-P06241-F1-model_v6
GCF_000001405.26	rank00065_coA_proteinbinders_4978_A	P06241	XP_016866140	1.306e-09	AF-P06241-F1-model_v6
GCF_000001405.26	rank00065_coA_proteinbinders_4978_A	P06241	XP_016866141	1.306e-09	AF-P06241-F1-model_v6
GCF_000001405.26	rank00065_coA_proteinbinders_4978_A	P06241	XP_016866142	1.306e-09	AF-P06241-F1-model_v6
GCF_000001405.26	rank00065_coA_proteinbinders_4978_A	P06241	XP_047274517	1.306e-09	AF-P06241-F1-model_v6
GCF_000001405.26	rank00065_coA_proteinbinders_4978_A	P06241	XP_047274518	1.306e-09	AF-P06241-F1-model_v6
GCF_000001405.26	rank00065_coA_proteinbinders_4978_A	P06241	XP_047274519	1.306e-09	AF-P06241-F1-model_v6
GCF_000001405.26	rank00065_coA_proteinbinders_4978_A	P06241	XP_047274521	1.306e-09	AF-P06241-F1-model_v6
GCF_000001405.26	rank00065_coA_proteinbinders_4978_A	P06241	XP_047274522	1.306e-09	AF-P06241-F1-model_v6
GCF_000001405.26	rank00065_coA_proteinbinders_4978_A	P06241	XP_047274523	1.306e-09	AF-P06241-F1-model_v6
GCF_000001405.26	rank00065_coA_proteinbinders_4978_A	P06241	XP_047274524	1.306e-09	AF-P06241-F1-model_v6
GCF_000001405.26	rank00065_coA_proteinbinders_4978_A	P06241	XP_047274525	1.306e-09	AF-P06241-F1-model_v6
GCF_000001405.26	rank00065_coA_proteinbinders_4978_A	P06241	XP_047274526	1.306e-09	AF-P06241-F1-model_v6
GCF_000001405.26	rank00065_coA_proteinbinders_4978_A	P06241	XP_047274527	1.306e-09	AF-P06241-F1-model_v6
GCF_000001405.26	rank00065_coA_proteinbinders_4978_A	P06241	XP_047274528	1.306e-09	AF-P06241-F1-model_v6
GCF_000001405.26	rank00065_coA_proteinbinders_4978_A	P12931	NP_005408	1.388e-09	AF-P12931-F1-model_v6
GCF_000001405.26	rank00065_coA_proteinbinders_4978_A	P12931	NP_938033	1.388e-09	AF-P12931-F1-model_v6
GCF_000001405.26	rank00065_coA_proteinbinders_4978_A	P12931	XP_016883515	1.388e-09	AF-P12931-F1-model_v6
GCF_000001405.26	rank00065_coA_proteinbinders_4978_A	P12931	XP_047296352	1.388e-09	AF-P12931-F1-model_v6
GCF_000001405.26	rank00065_coA_proteinbinders_4978_A	P12931	XP_047296353	1.388e-09	AF-P12931-F1-model_v6
GCF_000001405.26	rank00065_coA_proteinbinders_4978_A	P12931	XP_047296354	1.388e-09	AF-P12931-F1-model_v6
GCF_000001405.26	rank00065_coA_proteinbinders_4978_A	P12931	XP_047296355	1.388e-09	AF-P12931-F1-model_v6
GCF_000001405.26	rank00065_coA_proteinbinders_4978_A	P12931	XP_047296356	1.388e-09	AF-P12931-F1-model_v6
GCF_000001405.26	rank00065_coA_proteinbinders_4978_A	P12931	XP_047296357	1.388e-09	AF-P12931-F1-model_v6
GCF_000001405.26	rank00065_coA_proteinbinders_4978_A	P12931	XP_047296358	1.388e-09	AF-P12931-F1-model_v6
GCF_000001405.26	rank00065_coA_proteinbinders_4978_A	P12931	XP_047296359	1.388e-09	AF-P12931-F1-model_v6
GCF_000001405.26	rank00065_coA_proteinbinders_4978_A	P12931	XP_047296360	1.388e-09	AF-P12931-F1-model_v6
GCF_000001405.26	rank00065_coA_proteinbinders_4978_A	P12931	XP_047296361	1.388e-09	AF-P12931-F1-model_v6
GCF_000001405.26	rank00065_coA_proteinbinders_4978_A	P12931	XP_047296362	1.388e-09	AF-P12931-F1-model_v6
GCF_000001405.26	rank00065_coA_proteinbinders_4978_A	P12931	XP_047296366	1.388e-09	AF-P12931-F1-model_v6
GCF_000001405.26	rank00065_coA_proteinbinders_4978_A	P12931	XP_047296367	1.388e-09	AF-P12931-F1-model_v6
GCF_000001405.26	rank00065_coA_proteinbinders_4978_A	P12931	XP_047296368	1.388e-09	AF-P12931-F1-model_v6
GCF_000001405.26	rank00065_coA_proteinbinders_4978_A	P12931	XP_047296369	1.388e-09	AF-P12931-F1-model_v6
GCF_000001405.26	rank00065_coA_proteinbinders_4978_A	P07947	NP_005424	1.476e-09	AF-P07947-F1-model_v6
GCF_000001405.26	rank00065_coA_proteinbinders_4978_A	P07947	XP_016881449	1.476e-09	AF-P07947-F1-model_v6
GCF_000001405.26	rank00065_coA_proteinbinders_4978_A	P07947	XP_024307011	1.476e-09	AF-P07947-F1-model_v6
GCF_000001405.26	rank00065_coA_proteinbinders_4978_A	P07947	XP_024307012	1.476e-09	AF-P07947-F1-model_v6
GCF_000001405.26	rank00065_coA_proteinbinders_4978_A	P07947	XP_024307013	1.476e-09	AF-P07947-F1-model_v6
GCF_000001405.26	rank00065_coA_proteinbinders_4978_A	P07947	XP_024307014	1.476e-09	AF-P07947-F1-model_v6
GCF_000001405.26	rank00065_coA_proteinbinders_4978_A	P12931-2	XP_016883515	1.569e-09	AF-P12931-2-F1-model_v6
GCF_000001405.26	rank00065_coA_proteinbinders_4978_A	P12931-2	XP_047296352	1.569e-09	AF-P12931-2-F1-model_v6
GCF_000001405.26	rank00065_coA_proteinbinders_4978_A	P12931-2	XP_047296353	1.569e-09	AF-P12931-2-F1-model_v6
GCF_000001405.26	rank00065_coA_proteinbinders_4978_A	P12931-2	XP_047296354	1.569e-09	AF-P12931-2-F1-model_v6
GCF_000001405.26	rank00065_coA_proteinbinders_4978_A	P12931-2	XP_047296355	1.569e-09	AF-P12931-2-F1-model_v6
GCF_000001405.26	rank00065_coA_proteinbinders_4978_A	P12931-2	XP_047296356	1.569e-09	AF-P12931-2-F1-model_v6
GCF_000001405.26	rank00065_coA_proteinbinders_4978_A	P09769	NP_001036194	3.923e-09	AF-P09769-F1-model_v6
GCF_000001405.26	rank00065_coA_proteinbinders_4978_A	P09769	NP_001036212	3.923e-09	AF-P09769-F1-model_v6
GCF_000001405.26	rank00065_coA_proteinbinders_4978_A	P09769	NP_005239	3.923e-09	AF-P09769-F1-model_v6
GCF_000001405.26	rank00065_coA_proteinbinders_4978_A	P06241-2	NP_694592	5.325e-09	AF-P06241-2-F1-model_v6
GCF_000001405.26	rank00065_coA_proteinbinders_4978_A	P06241-2	XP_047274524	5.325e-09	AF-P06241-2-F1-model_v6
GCF_000001405.26	rank00065_coA_proteinbinders_4978_A	P06241-2	XP_047274525	5.325e-09	AF-P06241-2-F1-model_v6
GCF_000001405.26	rank00065_coA_proteinbinders_4978_A	P06241-2	XP_047274526	5.325e-09	AF-P06241-2-F1-model_v6
GCF_000001405.26	rank00065_coA_proteinbinders_4978_A	P06241-2	XP_047274527	5.325e-09	AF-P06241-2-F1-model_v6
GCF_000001405.26	rank00065_coA_proteinbinders_4978_A	P06239	NP_001036236	6.397e-09	AF-P06239-F1-model_v6
GCF_000001405.26	rank00065_coA_proteinbinders_4978_A	P06239	NP_005347	6.397e-09	AF-P06239-F1-model_v6
GCF_000001405.26	rank00065_coA_proteinbinders_4978_A	P08631-4	NP_001165601	2.454e-08	AF-P08631-4-F1-model_v6
GCF_000001405.26	rank00065_coA_proteinbinders_4978_A	P08631-2	NP_001165600	3.33e-08	AF-P08631-2-F1-model_v6
GCF_000001405.26	rank00065_coA_proteinbinders_4978_A	P08631-2	NP_001165604	3.33e-08	AF-P08631-2-F1-model_v6
GCF_000001405.26	rank00065_coA_proteinbinders_4978_A	P08631	NP_001165600	3.33e-08	AF-P08631-F1-model_v6
GCF_000001405.26	rank00065_coA_proteinbinders_4978_A	P08631	NP_001165601	3.33e-08	AF-P08631-F1-model_v6
GCF_000001405.26	rank00065_coA_proteinbinders_4978_A	P08631	NP_001165602	3.33e-08	AF-P08631-F1-model_v6
GCF_000001405.26	rank00065_coA_proteinbinders_4978_A	P08631	NP_001165604	3.33e-08	AF-P08631-F1-model_v6
GCF_000001405.26	rank00065_coA_proteinbinders_4978_A	P08631	NP_002101	3.33e-08	AF-P08631-F1-model_v6
GCF_000001405.26	rank00065_coA_proteinbinders_4978_A	P08631-3	NP_001165602	4.001e-08	AF-P08631-3-F1-model_v6
GCF_000001405.26	rank00065_coA_proteinbinders_4978_A	P06241-3	NP_694593	4.806e-08	AF-P06241-3-F1-model_v6
GCF_000001405.26	rank00065_coA_proteinbinders_4978_A	P06241-3	XP_005266949	4.806e-08	AF-P06241-3-F1-model_v6
GCF_000001405.26	rank00065_coA_proteinbinders_4978_A	P06241-3	XP_047274528	4.806e-08	AF-P06241-3-F1-model_v6
GCF_000001405.26	rank00065_coA_proteinbinders_4978_A	P07948-2	NP_001104567	1.064e-07	AF-P07948-2-F1-model_v6
GCF_000001405.26	rank00065_coA_proteinbinders_4978_A	P07948	NP_001104567	1.064e-07	AF-P07948-F1-model_v6
GCF_000001405.26	rank00065_coA_proteinbinders_4978_A	P07948	NP_002341	1.064e-07	AF-P07948-F1-model_v6
GCF_000001405.26	rank00065_coA_proteinbinders_4978_A	Q9H6Q3	NP_115590	1.959e-07	AF-Q9H6Q3-F1-model_v6
GCF_000001405.26	rank00065_coA_proteinbinders_4978_A	Q9H6Q3	NP_778252	1.959e-07	AF-Q9H6Q3-F1-model_v6
GCF_000001405.26	rank00065_coA_proteinbinders_4978_A	O60880	NP_001108409	3.396e-07	AF-O60880-F1-model_v6
GCF_000001405.26	rank00065_coA_proteinbinders_4978_A	O60880	NP_002342	3.396e-07	AF-O60880-F1-model_v6
GCF_000001405.26	rank00065_coA_proteinbinders_4978_A	Q15464	NP_003019	3.838e-07	AF-Q15464-F1-model_v6
GCF_000001405.26	rank00065_coA_proteinbinders_4978_A	P51451	NP_001706	4.08e-07	AF-P51451-F1-model_v6
GCF_000001405.26	rank00065_coA_proteinbinders_4978_A	P51451	XP_047278038	4.08e-07	AF-P51451-F1-model_v6
GCF_000001405.26	rank00065_coA_proteinbinders_4978_A	P51451	XP_047278039	4.08e-07	AF-P51451-F1-model_v6
GCF_000001405.26	rank00065_coA_proteinbinders_4978_A	Q13239	NP_001039021	4.337e-07	AF-Q13239-F1-model_v6
GCF_000001405.26	rank00065_coA_proteinbinders_4978_A	Q13239	NP_001039022	4.337e-07	AF-Q13239-F1-model_v6
GCF_000001405.26	rank00065_coA_proteinbinders_4978_A	Q13239	NP_001269893	4.337e-07	AF-Q13239-F1-model_v6
GCF_000001405.26	rank00065_coA_proteinbinders_4978_A	Q13239	NP_001269894	4.337e-07	AF-Q13239-F1-model_v6
GCF_000001405.26	rank00065_coA_proteinbinders_4978_A	Q13239	NP_006739	4.337e-07	AF-Q13239-F1-model_v6
GCF_000001405.26	rank00065_coA_proteinbinders_4978_A	Q13239	XP_047278063	4.337e-07	AF-Q13239-F1-model_v6
GCF_000001405.26	rank00065_coA_proteinbinders_4978_A	Q13239	XP_047278064	4.337e-07	AF-Q13239-F1-model_v6
GCF_000001405.26	rank00065_coA_proteinbinders_4978_A	Q13239	XP_047278065	4.337e-07	AF-Q13239-F1-model_v6
GCF_000001405.26	rank00065_coA_proteinbinders_4978_A	Q13239	XP_047278066	4.337e-07	AF-Q13239-F1-model_v6
GCF_000001405.26	rank00065_coA_proteinbinders_4978_A	Q13239-5	NP_006739	4.61e-07	AF-Q13239-5-F1-model_v6
GCF_000001405.26	rank00065_coA_proteinbinders_4978_A	Q13239-5	XP_047278064	4.61e-07	AF-Q13239-5-F1-model_v6
GCF_000001405.26	rank00065_coA_proteinbinders_4978_A	Q13882	NP_001243287	4.61e-07	AF-Q13882-F1-model_v6
GCF_000001405.26	rank00065_coA_proteinbinders_4978_A	Q13882	NP_005966	4.61e-07	AF-Q13882-F1-model_v6
GCF_000001405.26	rank00065_coA_proteinbinders_4978_A	Q13239-3	NP_001039022	7.071e-07	AF-Q13239-3-F1-model_v6
GCF_000001405.26	rank00065_coA_proteinbinders_4978_A	P42685	NP_002022	7.99e-07	AF-P42685-F1-model_v6
GCF_000001405.26	rank00065_coA_proteinbinders_4978_A	P42685	XP_005266937	7.99e-07	AF-P42685-F1-model_v6
GCF_000001405.26	rank00065_coA_proteinbinders_4978_A	P42685	XP_005266938	7.99e-07	AF-P42685-F1-model_v6
GCF_000001405.26	rank00065_coA_proteinbinders_4978_A	P42685	XP_011533956	7.99e-07	AF-P42685-F1-model_v6
GCF_000001405.26	rank00065_coA_proteinbinders_4978_A	P42685	XP_011533957	7.99e-07	AF-P42685-F1-model_v6
GCF_000001405.26	rank00065_coA_proteinbinders_4978_A	P42685	XP_016866134	7.99e-07	AF-P42685-F1-model_v6
GCF_000001405.26	rank00065_coA_proteinbinders_4978_A	P42685	XP_047274510	7.99e-07	AF-P42685-F1-model_v6
GCF_000001405.26	rank00065_coA_proteinbinders_4978_A	P42685	XP_047274511	7.99e-07	AF-P42685-F1-model_v6
GCF_000001405.26	rank00065_coA_proteinbinders_4978_A	Q06124-1	NP_001317366	9.029e-07	AF-Q06124-1-F1-model_v6
GCF_000001405.26	rank00065_coA_proteinbinders_4978_A	O15357	NP_001427364	9.598e-07	AF-O15357-F1-model_v6
GCF_000001405.26	rank00065_coA_proteinbinders_4978_A	O15357	NP_001427365	9.598e-07	AF-O15357-F1-model_v6
GCF_000001405.26	rank00065_coA_proteinbinders_4978_A	O15357	NP_001558	9.598e-07	AF-O15357-F1-model_v6
GCF_000001405.26	rank00065_coA_proteinbinders_4978_A	Q06124	NP_001317366	9.598e-07	AF-Q06124-F1-model_v6
GCF_000001405.26	rank00065_coA_proteinbinders_4978_A	Q06124	NP_002825	9.598e-07	AF-Q06124-F1-model_v6
GCF_000001405.26	rank00065_coA_proteinbinders_4978_A	Q06124	NP_542168	9.598e-07	AF-Q06124-F1-model_v6
GCF_000001405.26	rank00065_coA_proteinbinders_4978_A	P42679	NP_001427506	1.02e-06	AF-P42679-F1-model_v6
GCF_000001405.26	rank00065_coA_proteinbinders_4978_A	P42679	NP_002369	1.02e-06	AF-P42679-F1-model_v6
GCF_000001405.26	rank00065_coA_proteinbinders_4978_A	P42679	NP_647611	1.02e-06	AF-P42679-F1-model_v6
GCF_000001405.26	rank00065_coA_proteinbinders_4978_A	P42679	NP_647612	1.02e-06	AF-P42679-F1-model_v6
GCF_000001405.26	rank00065_coA_proteinbinders_4978_A	Q7M4L6-2	XP_047289241	1.153e-06	AF-Q7M4L6-2-F1-model_v6
GCF_000001405.26	rank00065_coA_proteinbinders_4978_A	O14796	NP_444512	1.303e-06	AF-O14796-F1-model_v6
GCF_000001405.26	rank00065_coA_proteinbinders_4978_A	Q96JZ2	NP_001369346	1.472e-06	AF-Q96JZ2-F1-model_v6
GCF_000001405.26	rank00065_coA_proteinbinders_4978_A	Q96JZ2	NP_116244	1.472e-06	AF-Q96JZ2-F1-model_v6
GCF_000001405.26	rank00065_coA_proteinbinders_4978_A	P16333-2	NP_001177725	1.472e-06	AF-P16333-2-F1-model_v6
GCF_000001405.26	rank00065_coA_proteinbinders_4978_A	P42684-8	NP_001129473	1.768e-06	AF-P42684-8-F1-model_v6
GCF_000001405.26	rank00065_coA_proteinbinders_4978_A	Q9H6Q3-2	NP_778252	1.768e-06	AF-Q9H6Q3-2-F1-model_v6
GCF_000001405.26	rank00065_coA_proteinbinders_4978_A	Q9UKW4	NP_001073343	1.88e-06	AF-Q9UKW4-F1-model_v6
GCF_000001405.26	rank00065_coA_proteinbinders_4978_A	Q9UKW4	NP_006104	1.88e-06	AF-Q9UKW4-F1-model_v6
GCF_000001405.26	rank00065_coA_proteinbinders_4978_A	Q9UKW4	XP_005270417	1.88e-06	AF-Q9UKW4-F1-model_v6
GCF_000001405.26	rank00065_coA_proteinbinders_4978_A	Q96IW2	NP_001358940	1.88e-06	AF-Q96IW2-F1-model_v6
GCF_000001405.26	rank00065_coA_proteinbinders_4978_A	Q96IW2	NP_064594	1.88e-06	AF-Q96IW2-F1-model_v6
GCF_000001405.26	rank00065_coA_proteinbinders_4978_A	P42679-2	NP_002369	1.998e-06	AF-P42679-2-F1-model_v6
GCF_000001405.26	rank00065_coA_proteinbinders_4978_A	P16885	NP_001412678	1.998e-06	AF-P16885-F1-model_v6
GCF_000001405.26	rank00065_coA_proteinbinders_4978_A	P16885	NP_001412679	1.998e-06	AF-P16885-F1-model_v6
GCF_000001405.26	rank00065_coA_proteinbinders_4978_A	P16885	NP_001412680	1.998e-06	AF-P16885-F1-model_v6
GCF_000001405.26	rank00065_coA_proteinbinders_4978_A	P16885	NP_002652	1.998e-06	AF-P16885-F1-model_v6
GCF_000001405.26	rank00065_coA_proteinbinders_4978_A	P42684-10	NP_001129472	2.258e-06	AF-P42684-10-F1-model_v6
GCF_000001405.26	rank00065_coA_proteinbinders_4978_A	Q13322-3	NP_001001550	2.258e-06	AF-Q13322-3-F1-model_v6
GCF_000001405.26	rank00065_coA_proteinbinders_4978_A	Q13322-3	NP_001001555	2.258e-06	AF-Q13322-3-F1-model_v6
GCF_000001405.26	rank00065_coA_proteinbinders_4978_A	Q13322-3	NP_001337745	2.258e-06	AF-Q13322-3-F1-model_v6
GCF_000001405.26	rank00065_coA_proteinbinders_4978_A	Q13322-3	NP_001357937	2.258e-06	AF-Q13322-3-F1-model_v6
GCF_000001405.26	rank00065_coA_proteinbinders_4978_A	Q13322-3	XP_016867534	2.258e-06	AF-Q13322-3-F1-model_v6
GCF_000001405.26	rank00065_coA_proteinbinders_4978_A	Q13322-3	XP_047276208	2.258e-06	AF-Q13322-3-F1-model_v6
GCF_000001405.26	rank00065_coA_proteinbinders_4978_A	Q13322-3	XP_047276209	2.258e-06	AF-Q13322-3-F1-model_v6
GCF_000001405.26	rank00065_coA_proteinbinders_4978_A	Q13322-3	XP_047276210	2.258e-06	AF-Q13322-3-F1-model_v6
GCF_000001405.26	rank00065_coA_proteinbinders_4978_A	Q13322-3	XP_047276211	2.258e-06	AF-Q13322-3-F1-model_v6
GCF_000001405.26	rank00065_coA_proteinbinders_4978_A	Q9UKW4-2	XP_005270417	2.712e-06	AF-Q9UKW4-2-F1-model_v6
GCF_000001405.26	rank00065_coA_proteinbinders_4978_A	P42679-3	NP_647611	2.712e-06	AF-P42679-3-F1-model_v6
GCF_000001405.26	rank00065_coA_proteinbinders_4978_A	P42684	NP_001129472	2.883e-06	AF-P42684-F1-model_v6
GCF_000001405.26	rank00065_coA_proteinbinders_4978_A	P42684	NP_001129473	2.883e-06	AF-P42684-F1-model_v6
GCF_000001405.26	rank00065_coA_proteinbinders_4978_A	P42684	NP_001161708	2.883e-06	AF-P42684-F1-model_v6
GCF_000001405.26	rank00065_coA_proteinbinders_4978_A	P42684	NP_001161709	2.883e-06	AF-P42684-F1-model_v6
GCF_000001405.26	rank00065_coA_proteinbinders_4978_A	P42684	NP_001161710	2.883e-06	AF-P42684-F1-model_v6
GCF_000001405.26	rank00065_coA_proteinbinders_4978_A	P42684	NP_001161711	2.883e-06	AF-P42684-F1-model_v6
GCF_000001405.26	rank00065_coA_proteinbinders_4978_A	P42684	NP_005149	2.883e-06	AF-P42684-F1-model_v6
GCF_000001405.26	rank00065_coA_proteinbinders_4978_A	P42684	NP_009298	2.883e-06	AF-P42684-F1-model_v6
GCF_000001405.26	rank00065_coA_proteinbinders_4978_A	P42684	XP_005245145	2.883e-06	AF-P42684-F1-model_v6
GCF_000001405.26	rank00065_coA_proteinbinders_4978_A	Q13322-4	XP_047276199	2.883e-06	AF-Q13322-4-F1-model_v6
GCF_000001405.26	rank00065_coA_proteinbinders_4978_A	Q13322-4	XP_047276200	2.883e-06	AF-Q13322-4-F1-model_v6
GCF_000001405.26	rank00065_coA_proteinbinders_4978_A	Q92835-2	NP_005532	3.258e-06	AF-Q92835-2-F1-model_v6
GCF_000001405.26	rank00065_coA_proteinbinders_4978_A	Q13322-2	NP_001001549	3.258e-06	AF-Q13322-2-F1-model_v6
GCF_000001405.26	rank00065_coA_proteinbinders_4978_A	Q9UKW4-3	NP_001073343	3.681e-06	AF-Q9UKW4-3-F1-model_v6
GCF_000001405.26	rank00065_coA_proteinbinders_4978_A	P42684-5	NP_001161709	3.913e-06	AF-P42684-5-F1-model_v6
GCF_000001405.26	rank00065_coA_proteinbinders_4978_A	P42684-3	NP_005149	4.16e-06	AF-P42684-3-F1-model_v6
GCF_000001405.26	rank00065_coA_proteinbinders_4978_A	P00519-2	NP_009297	4.16e-06	AF-P00519-2-F1-model_v6
GCF_000001405.26	rank00065_coA_proteinbinders_4978_A	P43405-2	NP_001128524	4.422e-06	AF-P43405-2-F1-model_v6
GCF_000001405.26	rank00065_coA_proteinbinders_4978_A	P43405-2	NP_001167639	4.422e-06	AF-P43405-2-F1-model_v6
GCF_000001405.26	rank00065_coA_proteinbinders_4978_A	P43405-2	XP_047279766	4.422e-06	AF-P43405-2-F1-model_v6
GCF_000001405.26	rank00065_coA_proteinbinders_4978_A	P00519	NP_005148	4.997e-06	AF-P00519-F1-model_v6
GCF_000001405.26	rank00065_coA_proteinbinders_4978_A	P00519	NP_009297	4.997e-06	AF-P00519-F1-model_v6
GCF_000001405.26	rank00065_coA_proteinbinders_4978_A	P42684-2	XP_005245145	5.312e-06	AF-P42684-2-F1-model_v6
GCF_000001405.26	rank00065_coA_proteinbinders_4978_A	Q13322	NP_001001549	5.647e-06	AF-Q13322-F1-model_v6
GCF_000001405.26	rank00065_coA_proteinbinders_4978_A	Q13322	NP_001001550	5.647e-06	AF-Q13322-F1-model_v6
GCF_000001405.26	rank00065_coA_proteinbinders_4978_A	Q13322	NP_001001555	5.647e-06	AF-Q13322-F1-model_v6
GCF_000001405.26	rank00065_coA_proteinbinders_4978_A	Q13322	NP_001337743	5.647e-06	AF-Q13322-F1-model_v6
GCF_000001405.26	rank00065_coA_proteinbinders_4978_A	Q13322	NP_001337745	5.647e-06	AF-Q13322-F1-model_v6
GCF_000001405.26	rank00065_coA_proteinbinders_4978_A	Q13322	NP_001357937	5.647e-06	AF-Q13322-F1-model_v6
GCF_000001405.26	rank00065_coA_proteinbinders_4978_A	Q13322	XP_016867534	5.647e-06	AF-Q13322-F1-model_v6
GCF_000001405.26	rank00065_coA_proteinbinders_4978_A	Q13322	XP_047276197	5.647e-06	AF-Q13322-F1-model_v6
GCF_000001405.26	rank00065_coA_proteinbinders_4978_A	Q13322	XP_047276199	5.647e-06	AF-Q13322-F1-model_v6
GCF_000001405.26	rank00065_coA_proteinbinders_4978_A	Q13322	XP_047276200	5.647e-06	AF-Q13322-F1-model_v6
GCF_000001405.26	rank00065_coA_proteinbinders_4978_A	Q13322	XP_047276208	5.647e-06	AF-Q13322-F1-model_v6
GCF_000001405.26	rank00065_coA_proteinbinders_4978_A	Q13322	XP_047276209	5.647e-06	AF-Q13322-F1-model_v6
GCF_000001405.26	rank00065_coA_proteinbinders_4978_A	Q13322	XP_047276210	5.647e-06	AF-Q13322-F1-model_v6
GCF_000001405.26	rank00065_coA_proteinbinders_4978_A	Q13322	XP_047276211	5.647e-06	AF-Q13322-F1-model_v6
GCF_000001405.26	rank00065_coA_proteinbinders_4978_A	P42684-6	NP_001161708	6.381e-06	AF-P42684-6-F1-model_v6
GCF_000001405.26	rank00065_coA_proteinbinders_4978_A	P29350-4	NP_536859	6.381e-06	AF-P29350-4-F1-model_v6
GCF_000001405.26	rank00065_coA_proteinbinders_4978_A	P42684-7	NP_001161710	6.783e-06	AF-P42684-7-F1-model_v6
GCF_000001405.26	rank00065_coA_proteinbinders_4978_A	Q9UN19	NP_001293080	6.783e-06	AF-Q9UN19-F1-model_v6
GCF_000001405.26	rank00065_coA_proteinbinders_4978_A	Q9UN19	NP_055210	6.783e-06	AF-Q9UN19-F1-model_v6
GCF_000001405.26	rank00065_coA_proteinbinders_4978_A	A6NKC9	NP_001094874	7.21e-06	AF-A6NKC9-F1-model_v6
GCF_000001405.26	rank00065_coA_proteinbinders_4978_A	Q9H3Y6	NP_543013	7.21e-06	AF-Q9H3Y6-F1-model_v6
GCF_000001405.26	rank00065_coA_proteinbinders_4978_A	Q14449	NP_001290351	7.665e-06	AF-Q14449-F1-model_v6
GCF_000001405.26	rank00065_coA_proteinbinders_4978_A	Q14449	NP_004481	7.665e-06	AF-Q14449-F1-model_v6
GCF_000001405.26	rank00065_coA_proteinbinders_4978_A	P29350	NP_002822	7.665e-06	AF-P29350-F1-model_v6
GCF_000001405.26	rank00065_coA_proteinbinders_4978_A	P29350	NP_536858	7.665e-06	AF-P29350-F1-model_v6
GCF_000001405.26	rank00065_coA_proteinbinders_4978_A	P29350	NP_536859	7.665e-06	AF-P29350-F1-model_v6
GCF_000001405.26	rank00065_coA_proteinbinders_4978_A	P29350	XP_011519290	7.665e-06	AF-P29350-F1-model_v6
GCF_000001405.26	rank00065_coA_proteinbinders_4978_A	P29350	XP_024304874	7.665e-06	AF-P29350-F1-model_v6
GCF_000001405.26	rank00065_coA_proteinbinders_4978_A	P42684-4	NP_001161711	8.148e-06	AF-P42684-4-F1-model_v6
GCF_000001405.26	rank00065_coA_proteinbinders_4978_A	P15498	NP_001245136	8.148e-06	AF-P15498-F1-model_v6
GCF_000001405.26	rank00065_coA_proteinbinders_4978_A	P15498	NP_005419	8.148e-06	AF-P15498-F1-model_v6
GCF_000001405.26	rank00065_coA_proteinbinders_4978_A	Q06124-3	NP_542168	9.207e-06	AF-Q06124-3-F1-model_v6
GCF_000001405.26	rank00065_coA_proteinbinders_4978_A	P29350-3	NP_536858	9.207e-06	AF-P29350-3-F1-model_v6
GCF_000001405.26	rank00065_coA_proteinbinders_4978_A	P29350-3	XP_011519290	9.207e-06	AF-P29350-3-F1-model_v6
GCF_000001405.26	rank00071_coA_proteinbinders_3418_A	P12931-2	XP_016883515	6.673e-09	AF-P12931-2-F1-model_v6
GCF_000001405.26	rank00071_coA_proteinbinders_3418_A	P12931-2	XP_047296352	6.673e-09	AF-P12931-2-F1-model_v6
GCF_000001405.26	rank00071_coA_proteinbinders_3418_A	P12931-2	XP_047296353	6.673e-09	AF-P12931-2-F1-model_v6
GCF_000001405.26	rank00071_coA_proteinbinders_3418_A	P12931-2	XP_047296354	6.673e-09	AF-P12931-2-F1-model_v6
GCF_000001405.26	rank00071_coA_proteinbinders_3418_A	P12931-2	XP_047296355	6.673e-09	AF-P12931-2-F1-model_v6
GCF_000001405.26	rank00071_coA_proteinbinders_3418_A	P12931-2	XP_047296356	6.673e-09	AF-P12931-2-F1-model_v6
GCF_000001405.26	rank00071_coA_proteinbinders_3418_A	P12931	NP_005408	7.988e-09	AF-P12931-F1-model_v6
GCF_000001405.26	rank00071_coA_proteinbinders_3418_A	P12931	NP_938033	7.988e-09	AF-P12931-F1-model_v6
GCF_000001405.26	rank00071_coA_proteinbinders_3418_A	P12931	XP_016883515	7.988e-09	AF-P12931-F1-model_v6
GCF_000001405.26	rank00071_coA_proteinbinders_3418_A	P12931	XP_047296352	7.988e-09	AF-P12931-F1-model_v6
GCF_000001405.26	rank00071_coA_proteinbinders_3418_A	P12931	XP_047296353	7.988e-09	AF-P12931-F1-model_v6
GCF_000001405.26	rank00071_coA_proteinbinders_3418_A	P12931	XP_047296354	7.988e-09	AF-P12931-F1-model_v6
GCF_000001405.26	rank00071_coA_proteinbinders_3418_A	P12931	XP_047296355	7.988e-09	AF-P12931-F1-model_v6
GCF_000001405.26	rank00071_coA_proteinbinders_3418_A	P12931	XP_047296356	7.988e-09	AF-P12931-F1-model_v6
GCF_000001405.26	rank00071_coA_proteinbinders_3418_A	P12931	XP_047296357	7.988e-09	AF-P12931-F1-model_v6
GCF_000001405.26	rank00071_coA_proteinbinders_3418_A	P12931	XP_047296358	7.988e-09	AF-P12931-F1-model_v6
GCF_000001405.26	rank00071_coA_proteinbinders_3418_A	P12931	XP_047296359	7.988e-09	AF-P12931-F1-model_v6
GCF_000001405.26	rank00071_coA_proteinbinders_3418_A	P12931	XP_047296360	7.988e-09	AF-P12931-F1-model_v6
GCF_000001405.26	rank00071_coA_proteinbinders_3418_A	P12931	XP_047296361	7.988e-09	AF-P12931-F1-model_v6
GCF_000001405.26	rank00071_coA_proteinbinders_3418_A	P12931	XP_047296362	7.988e-09	AF-P12931-F1-model_v6
GCF_000001405.26	rank00071_coA_proteinbinders_3418_A	P12931	XP_047296366	7.988e-09	AF-P12931-F1-model_v6
GCF_000001405.26	rank00071_coA_proteinbinders_3418_A	P12931	XP_047296367	7.988e-09	AF-P12931-F1-model_v6
GCF_000001405.26	rank00071_coA_proteinbinders_3418_A	P12931	XP_047296368	7.988e-09	AF-P12931-F1-model_v6
GCF_000001405.26	rank00071_coA_proteinbinders_3418_A	P12931	XP_047296369	7.988e-09	AF-P12931-F1-model_v6
GCF_000001405.26	rank00071_coA_proteinbinders_3418_A	P09769	NP_001036194	1.85e-08	AF-P09769-F1-model_v6
GCF_000001405.26	rank00071_coA_proteinbinders_3418_A	P09769	NP_001036212	1.85e-08	AF-P09769-F1-model_v6
GCF_000001405.26	rank00071_coA_proteinbinders_3418_A	P09769	NP_005239	1.85e-08	AF-P09769-F1-model_v6
GCF_000001405.26	rank00071_coA_proteinbinders_3418_A	P07947	NP_005424	2.214e-08	AF-P07947-F1-model_v6
GCF_000001405.26	rank00071_coA_proteinbinders_3418_A	P07947	XP_016881449	2.214e-08	AF-P07947-F1-model_v6
GCF_000001405.26	rank00071_coA_proteinbinders_3418_A	P07947	XP_024307011	2.214e-08	AF-P07947-F1-model_v6
GCF_000001405.26	rank00071_coA_proteinbinders_3418_A	P07947	XP_024307012	2.214e-08	AF-P07947-F1-model_v6
GCF_000001405.26	rank00071_coA_proteinbinders_3418_A	P07947	XP_024307013	2.214e-08	AF-P07947-F1-model_v6
GCF_000001405.26	rank00071_coA_proteinbinders_3418_A	P07947	XP_024307014	2.214e-08	AF-P07947-F1-model_v6
GCF_000001405.26	rank00071_coA_proteinbinders_3418_A	P06241-2	NP_694592	3.37e-08	AF-P06241-2-F1-model_v6
GCF_000001405.26	rank00071_coA_proteinbinders_3418_A	P06241-2	XP_047274524	3.37e-08	AF-P06241-2-F1-model_v6
GCF_000001405.26	rank00071_coA_proteinbinders_3418_A	P06241-2	XP_047274525	3.37e-08	AF-P06241-2-F1-model_v6
GCF_000001405.26	rank00071_coA_proteinbinders_3418_A	P06241-2	XP_047274526	3.37e-08	AF-P06241-2-F1-model_v6
GCF_000001405.26	rank00071_coA_proteinbinders_3418_A	P06241-2	XP_047274527	3.37e-08	AF-P06241-2-F1-model_v6
GCF_000001405.26	rank00071_coA_proteinbinders_3418_A	P06241	NP_001357458	5.781e-08	AF-P06241-F1-model_v6
GCF_000001405.26	rank00071_coA_proteinbinders_3418_A	P06241	NP_002028	5.781e-08	AF-P06241-F1-model_v6
GCF_000001405.26	rank00071_coA_proteinbinders_3418_A	P06241	NP_694592	5.781e-08	AF-P06241-F1-model_v6
GCF_000001405.26	rank00071_coA_proteinbinders_3418_A	P06241	NP_694593	5.781e-08	AF-P06241-F1-model_v6
GCF_000001405.26	rank00071_coA_proteinbinders_3418_A	P06241	XP_005266949	5.781e-08	AF-P06241-F1-model_v6
GCF_000001405.26	rank00071_coA_proteinbinders_3418_A	P06241	XP_016866139	5.781e-08	AF-P06241-F1-model_v6
GCF_000001405.26	rank00071_coA_proteinbinders_3418_A	P06241	XP_016866140	5.781e-08	AF-P06241-F1-model_v6
GCF_000001405.26	rank00071_coA_proteinbinders_3418_A	P06241	XP_016866141	5.781e-08	AF-P06241-F1-model_v6
GCF_000001405.26	rank00071_coA_proteinbinders_3418_A	P06241	XP_016866142	5.781e-08	AF-P06241-F1-model_v6
GCF_000001405.26	rank00071_coA_proteinbinders_3418_A	P06241	XP_047274517	5.781e-08	AF-P06241-F1-model_v6
GCF_000001405.26	rank00071_coA_proteinbinders_3418_A	P06241	XP_047274518	5.781e-08	AF-P06241-F1-model_v6
GCF_000001405.26	rank00071_coA_proteinbinders_3418_A	P06241	XP_047274519	5.781e-08	AF-P06241-F1-model_v6
GCF_000001405.26	rank00071_coA_proteinbinders_3418_A	P06241	XP_047274521	5.781e-08	AF-P06241-F1-model_v6
GCF_000001405.26	rank00071_coA_proteinbinders_3418_A	P06241	XP_047274522	5.781e-08	AF-P06241-F1-model_v6
GCF_000001405.26	rank00071_coA_proteinbinders_3418_A	P06241	XP_047274523	5.781e-08	AF-P06241-F1-model_v6
GCF_000001405.26	rank00071_coA_proteinbinders_3418_A	P06241	XP_047274524	5.781e-08	AF-P06241-F1-model_v6
GCF_000001405.26	rank00071_coA_proteinbinders_3418_A	P06241	XP_047274525	5.781e-08	AF-P06241-F1-model_v6
GCF_000001405.26	rank00071_coA_proteinbinders_3418_A	P06241	XP_047274526	5.781e-08	AF-P06241-F1-model_v6
GCF_000001405.26	rank00071_coA_proteinbinders_3418_A	P06241	XP_047274527	5.781e-08	AF-P06241-F1-model_v6
GCF_000001405.26	rank00071_coA_proteinbinders_3418_A	P06241	XP_047274528	5.781e-08	AF-P06241-F1-model_v6
GCF_000001405.26	rank00071_coA_proteinbinders_3418_A	P08631-4	NP_001165601	6.138e-08	AF-P08631-4-F1-model_v6
GCF_000001405.26	rank00071_coA_proteinbinders_3418_A	P07948-2	NP_001104567	6.518e-08	AF-P07948-2-F1-model_v6
GCF_000001405.26	rank00071_coA_proteinbinders_3418_A	P08631-3	NP_001165602	6.92e-08	AF-P08631-3-F1-model_v6
GCF_000001405.26	rank00071_coA_proteinbinders_3418_A	P06239	NP_001036236	8.797e-08	AF-P06239-F1-model_v6
GCF_000001405.26	rank00071_coA_proteinbinders_3418_A	P06239	NP_005347	8.797e-08	AF-P06239-F1-model_v6
GCF_000001405.26	rank00071_coA_proteinbinders_3418_A	P08631-2	NP_001165600	9.34e-08	AF-P08631-2-F1-model_v6
GCF_000001405.26	rank00071_coA_proteinbinders_3418_A	P08631-2	NP_001165604	9.34e-08	AF-P08631-2-F1-model_v6
GCF_000001405.26	rank00071_coA_proteinbinders_3418_A	P08631	NP_001165600	9.34e-08	AF-P08631-F1-model_v6
GCF_000001405.26	rank00071_coA_proteinbinders_3418_A	P08631	NP_001165601	9.34e-08	AF-P08631-F1-model_v6
GCF_000001405.26	rank00071_coA_proteinbinders_3418_A	P08631	NP_001165602	9.34e-08	AF-P08631-F1-model_v6
GCF_000001405.26	rank00071_coA_proteinbinders_3418_A	P08631	NP_001165604	9.34e-08	AF-P08631-F1-model_v6
GCF_000001405.26	rank00071_coA_proteinbinders_3418_A	P08631	NP_002101	9.34e-08	AF-P08631-F1-model_v6
GCF_000001405.26	rank00071_coA_proteinbinders_3418_A	P07948	NP_001104567	2.589e-07	AF-P07948-F1-model_v6
GCF_000001405.26	rank00071_coA_proteinbinders_3418_A	P07948	NP_002341	2.589e-07	AF-P07948-F1-model_v6
GCF_000001405.26	rank00071_coA_proteinbinders_3418_A	O14796	NP_444512	4.183e-07	AF-O14796-F1-model_v6
GCF_000001405.26	rank00071_coA_proteinbinders_3418_A	P51451	NP_001706	5.008e-07	AF-P51451-F1-model_v6
GCF_000001405.26	rank00071_coA_proteinbinders_3418_A	P51451	XP_047278038	5.008e-07	AF-P51451-F1-model_v6
GCF_000001405.26	rank00071_coA_proteinbinders_3418_A	P51451	XP_047278039	5.008e-07	AF-P51451-F1-model_v6
GCF_000001405.26	rank00071_coA_proteinbinders_3418_A	O60880-4	NP_001108409	8.092e-07	AF-O60880-4-F1-model_v6
GCF_000001405.26	rank00071_coA_proteinbinders_3418_A	O60880	NP_001108409	1.16e-06	AF-O60880-F1-model_v6
GCF_000001405.26	rank00071_coA_proteinbinders_3418_A	O60880	NP_002342	1.16e-06	AF-O60880-F1-model_v6
GCF_000001405.26	rank00071_coA_proteinbinders_3418_A	Q14449	NP_001290351	2.112e-06	AF-Q14449-F1-model_v6
GCF_000001405.26	rank00071_coA_proteinbinders_3418_A	Q14449	NP_004481	2.112e-06	AF-Q14449-F1-model_v6
GCF_000001405.26	rank00071_coA_proteinbinders_3418_A	P29350-3	NP_536858	2.243e-06	AF-P29350-3-F1-model_v6
GCF_000001405.26	rank00071_coA_proteinbinders_3418_A	P29350-3	XP_011519290	2.243e-06	AF-P29350-3-F1-model_v6
GCF_000001405.26	rank00071_coA_proteinbinders_3418_A	Q13322-3	NP_001001550	2.243e-06	AF-Q13322-3-F1-model_v6
GCF_000001405.26	rank00071_coA_proteinbinders_3418_A	Q13322-3	NP_001001555	2.243e-06	AF-Q13322-3-F1-model_v6
GCF_000001405.26	rank00071_coA_proteinbinders_3418_A	Q13322-3	NP_001337745	2.243e-06	AF-Q13322-3-F1-model_v6
GCF_000001405.26	rank00071_coA_proteinbinders_3418_A	Q13322-3	NP_001357937	2.243e-06	AF-Q13322-3-F1-model_v6
GCF_000001405.26	rank00071_coA_proteinbinders_3418_A	Q13322-3	XP_016867534	2.243e-06	AF-Q13322-3-F1-model_v6
GCF_000001405.26	rank00071_coA_proteinbinders_3418_A	Q13322-3	XP_047276208	2.243e-06	AF-Q13322-3-F1-model_v6
GCF_000001405.26	rank00071_coA_proteinbinders_3418_A	Q13322-3	XP_047276209	2.243e-06	AF-Q13322-3-F1-model_v6
GCF_000001405.26	rank00071_coA_proteinbinders_3418_A	Q13322-3	XP_047276210	2.243e-06	AF-Q13322-3-F1-model_v6
GCF_000001405.26	rank00071_coA_proteinbinders_3418_A	Q13322-3	XP_047276211	2.243e-06	AF-Q13322-3-F1-model_v6
GCF_000001405.26	rank00071_coA_proteinbinders_3418_A	Q92835-2	NP_005532	2.382e-06	AF-Q92835-2-F1-model_v6
GCF_000001405.26	rank00071_coA_proteinbinders_3418_A	P29350-4	NP_536859	2.382e-06	AF-P29350-4-F1-model_v6
GCF_000001405.26	rank00071_coA_proteinbinders_3418_A	Q13882	NP_001243287	2.685e-06	AF-Q13882-F1-model_v6
GCF_000001405.26	rank00071_coA_proteinbinders_3418_A	Q13882	NP_005966	2.685e-06	AF-Q13882-F1-model_v6
GCF_000001405.26	rank00071_coA_proteinbinders_3418_A	P42685	NP_002022	3.027e-06	AF-P42685-F1-model_v6
GCF_000001405.26	rank00071_coA_proteinbinders_3418_A	P42685	XP_005266937	3.027e-06	AF-P42685-F1-model_v6
GCF_000001405.26	rank00071_coA_proteinbinders_3418_A	P42685	XP_005266938	3.027e-06	AF-P42685-F1-model_v6
GCF_000001405.26	rank00071_coA_proteinbinders_3418_A	P42685	XP_011533956	3.027e-06	AF-P42685-F1-model_v6
GCF_000001405.26	rank00071_coA_proteinbinders_3418_A	P42685	XP_011533957	3.027e-06	AF-P42685-F1-model_v6
GCF_000001405.26	rank00071_coA_proteinbinders_3418_A	P42685	XP_016866134	3.027e-06	AF-P42685-F1-model_v6
GCF_000001405.26	rank00071_coA_proteinbinders_3418_A	P42685	XP_047274510	3.027e-06	AF-P42685-F1-model_v6
GCF_000001405.26	rank00071_coA_proteinbinders_3418_A	P42685	XP_047274511	3.027e-06	AF-P42685-F1-model_v6
GCF_000001405.26	rank00071_coA_proteinbinders_3418_A	Q14449-2	NP_001290351	3.027e-06	AF-Q14449-2-F1-model_v6
GCF_000001405.26	rank00071_coA_proteinbinders_3418_A	P06241-3	NP_694593	3.214e-06	AF-P06241-3-F1-model_v6
GCF_000001405.26	rank00071_coA_proteinbinders_3418_A	P06241-3	XP_005266949	3.214e-06	AF-P06241-3-F1-model_v6
GCF_000001405.26	rank00071_coA_proteinbinders_3418_A	P06241-3	XP_047274528	3.214e-06	AF-P06241-3-F1-model_v6
GCF_000001405.26	rank00071_coA_proteinbinders_3418_A	Q13322-2	NP_001001549	3.413e-06	AF-Q13322-2-F1-model_v6
GCF_000001405.26	rank00071_coA_proteinbinders_3418_A	Q92835	NP_001017915	3.848e-06	AF-Q92835-F1-model_v6
GCF_000001405.26	rank00071_coA_proteinbinders_3418_A	Q92835	NP_005532	3.848e-06	AF-Q92835-F1-model_v6
GCF_000001405.26	rank00071_coA_proteinbinders_3418_A	P43405-2	NP_001128524	4.086e-06	AF-P43405-2-F1-model_v6
GCF_000001405.26	rank00071_coA_proteinbinders_3418_A	P43405-2	NP_001167639	4.086e-06	AF-P43405-2-F1-model_v6
GCF_000001405.26	rank00071_coA_proteinbinders_3418_A	P43405-2	XP_047279766	4.086e-06	AF-P43405-2-F1-model_v6
GCF_000001405.26	rank00071_coA_proteinbinders_3418_A	Q08881	NP_005537	4.086e-06	AF-Q08881-F1-model_v6
GCF_000001405.26	rank00071_coA_proteinbinders_3418_A	P43405	NP_001128524	4.607e-06	AF-P43405-F1-model_v6
GCF_000001405.26	rank00071_coA_proteinbinders_3418_A	P43405	NP_001167638	4.607e-06	AF-P43405-F1-model_v6
GCF_000001405.26	rank00071_coA_proteinbinders_3418_A	P43405	NP_001167639	4.607e-06	AF-P43405-F1-model_v6
GCF_000001405.26	rank00071_coA_proteinbinders_3418_A	P43405	NP_003168	4.607e-06	AF-P43405-F1-model_v6
GCF_000001405.26	rank00071_coA_proteinbinders_3418_A	P43405	XP_005252204	4.607e-06	AF-P43405-F1-model_v6
GCF_000001405.26	rank00071_coA_proteinbinders_3418_A	P43405	XP_011517248	4.607e-06	AF-P43405-F1-model_v6
GCF_000001405.26	rank00071_coA_proteinbinders_3418_A	P43405	XP_047279765	4.607e-06	AF-P43405-F1-model_v6
GCF_000001405.26	rank00071_coA_proteinbinders_3418_A	P43405	XP_047279766	4.607e-06	AF-P43405-F1-model_v6
GCF_000001405.26	rank00071_coA_proteinbinders_3418_A	P19174	NP_002651	4.607e-06	AF-P19174-F1-model_v6
GCF_000001405.26	rank00071_coA_proteinbinders_3418_A	P19174	NP_877963	4.607e-06	AF-P19174-F1-model_v6
GCF_000001405.26	rank00071_coA_proteinbinders_3418_A	P19174-2	NP_002651	4.891e-06	AF-P19174-2-F1-model_v6
GCF_000001405.26	rank00071_coA_proteinbinders_3418_A	Q13322-4	XP_047276199	5.515e-06	AF-Q13322-4-F1-model_v6
GCF_000001405.26	rank00071_coA_proteinbinders_3418_A	Q13322-4	XP_047276200	5.515e-06	AF-Q13322-4-F1-model_v6
GCF_000001405.26	rank00071_coA_proteinbinders_3418_A	P46109	NP_005198	5.856e-06	AF-P46109-F1-model_v6
GCF_000001405.26	rank00071_coA_proteinbinders_3418_A	P29350	NP_002822	6.218e-06	AF-P29350-F1-model_v6
GCF_000001405.26	rank00071_coA_proteinbinders_3418_A	P29350	NP_536858	6.218e-06	AF-P29350-F1-model_v6
GCF_000001405.26	rank00071_coA_proteinbinders_3418_A	P29350	NP_536859	6.218e-06	AF-P29350-F1-model_v6
GCF_000001405.26	rank00071_coA_proteinbinders_3418_A	P29350	XP_011519290	6.218e-06	AF-P29350-F1-model_v6
GCF_000001405.26	rank00071_coA_proteinbinders_3418_A	P29350	XP_024304874	6.218e-06	AF-P29350-F1-model_v6
GCF_000001405.26	rank00071_coA_proteinbinders_3418_A	Q14451	NP_001025173	6.218e-06	AF-Q14451-F1-model_v6
GCF_000001405.26	rank00071_coA_proteinbinders_3418_A	Q14451	NP_001229371	6.218e-06	AF-Q14451-F1-model_v6
GCF_000001405.26	rank00071_coA_proteinbinders_3418_A	Q14451	NP_001229372	6.218e-06	AF-Q14451-F1-model_v6
GCF_000001405.26	rank00071_coA_proteinbinders_3418_A	Q14451	NP_001317136	6.218e-06	AF-Q14451-F1-model_v6
GCF_000001405.26	rank00071_coA_proteinbinders_3418_A	Q14451	NP_005301	6.218e-06	AF-Q14451-F1-model_v6
GCF_000001405.26	rank00071_coA_proteinbinders_3418_A	P43403	NP_001070	7.443e-06	AF-P43403-F1-model_v6
GCF_000001405.26	rank00071_coA_proteinbinders_3418_A	P43403	NP_001365523	7.443e-06	AF-P43403-F1-model_v6
GCF_000001405.26	rank00071_coA_proteinbinders_3418_A	P43403	NP_997402	7.443e-06	AF-P43403-F1-model_v6
GCF_000001405.26	rank00071_coA_proteinbinders_3418_A	Q14451-3	NP_001229371	7.443e-06	AF-Q14451-3-F1-model_v6
GCF_000001405.26	rank00071_coA_proteinbinders_3418_A	Q7M4L6	NP_612365	7.903e-06	AF-Q7M4L6-F1-model_v6
GCF_000001405.26	rank00071_coA_proteinbinders_3418_A	Q7M4L6	XP_047289241	7.903e-06	AF-Q7M4L6-F1-model_v6
GCF_000001405.26	rank00071_coA_proteinbinders_3418_A	Q06124	NP_001317366	7.903e-06	AF-Q06124-F1-model_v6
GCF_000001405.26	rank00071_coA_proteinbinders_3418_A	Q06124	NP_002825	7.903e-06	AF-Q06124-F1-model_v6
GCF_000001405.26	rank00071_coA_proteinbinders_3418_A	Q06124	NP_542168	7.903e-06	AF-Q06124-F1-model_v6
GCF_000001405.26	rank00071_coA_proteinbinders_3418_A	Q06124-1	NP_001317366	7.903e-06	AF-Q06124-1-F1-model_v6
GCF_000001405.26	rank00071_coA_proteinbinders_3418_A	Q13322	NP_001001549	8.91e-06	AF-Q13322-F1-model_v6
GCF_000001405.26	rank00071_coA_proteinbinders_3418_A	Q13322	NP_001001550	8.91e-06	AF-Q13322-F1-model_v6
GCF_000001405.26	rank00071_coA_proteinbinders_3418_A	Q13322	NP_001001555	8.91e-06	AF-Q13322-F1-model_v6
GCF_000001405.26	rank00071_coA_proteinbinders_3418_A	Q13322	NP_001337743	8.91e-06	AF-Q13322-F1-model_v6
GCF_000001405.26	rank00071_coA_proteinbinders_3418_A	Q13322	NP_001337745	8.91e-06	AF-Q13322-F1-model_v6
GCF_000001405.26	rank00071_coA_proteinbinders_3418_A	Q13322	NP_001357937	8.91e-06	AF-Q13322-F1-model_v6
GCF_000001405.26	rank00071_coA_proteinbinders_3418_A	Q13322	XP_016867534	8.91e-06	AF-Q13322-F1-model_v6
GCF_000001405.26	rank00071_coA_proteinbinders_3418_A	Q13322	XP_047276197	8.91e-06	AF-Q13322-F1-model_v6
GCF_000001405.26	rank00071_coA_proteinbinders_3418_A	Q13322	XP_047276199	8.91e-06	AF-Q13322-F1-model_v6
GCF_000001405.26	rank00071_coA_proteinbinders_3418_A	Q13322	XP_047276200	8.91e-06	AF-Q13322-F1-model_v6
GCF_000001405.26	rank00071_coA_proteinbinders_3418_A	Q13322	XP_047276208	8.91e-06	AF-Q13322-F1-model_v6
GCF_000001405.26	rank00071_coA_proteinbinders_3418_A	Q13322	XP_047276209	8.91e-06	AF-Q13322-F1-model_v6
GCF_000001405.26	rank00071_coA_proteinbinders_3418_A	Q13322	XP_047276210	8.91e-06	AF-Q13322-F1-model_v6
GCF_000001405.26	rank00071_coA_proteinbinders_3418_A	Q13322	XP_047276211	8.91e-06	AF-Q13322-F1-model_v6
GCF_000001405.37	rank00065_coA_proteinbinders_4978_A	P51451	XP_054188228	4.08e-07	AF-P51451-F1-model_v6
GCF_000001405.37	rank00065_coA_proteinbinders_4978_A	P51451	XP_054188229	4.08e-07	AF-P51451-F1-model_v6
GCF_000001405.37	rank00071_coA_proteinbinders_3418_A	P51451	XP_054188228	5.008e-07	AF-P51451-F1-model_v6
GCF_000001405.37	rank00071_coA_proteinbinders_3418_A	P51451	XP_054188229	5.008e-07	AF-P51451-F1-model_v6
GCF_000001405.40	rank00065_coA_proteinbinders_4978_A	P12931	XP_054189256	1.388e-09	AF-P12931-F1-model_v6
GCF_000001405.40	rank00065_coA_proteinbinders_4978_A	P12931	XP_054189257	1.388e-09	AF-P12931-F1-model_v6
GCF_000001405.40	rank00065_coA_proteinbinders_4978_A	P12931	XP_054189258	1.388e-09	AF-P12931-F1-model_v6
GCF_000001405.40	rank00065_coA_proteinbinders_4978_A	P12931	XP_054189259	1.388e-09	AF-P12931-F1-model_v6
GCF_000001405.40	rank00065_coA_proteinbinders_4978_A	P12931	XP_054189260	1.388e-09	AF-P12931-F1-model_v6
GCF_000001405.40	rank00065_coA_proteinbinders_4978_A	P12931	XP_054189261	1.388e-09	AF-P12931-F1-model_v6
GCF_000001405.40	rank00065_coA_proteinbinders_4978_A	P12931	XP_054189262	1.388e-09	AF-P12931-F1-model_v6
GCF_000001405.40	rank00065_coA_proteinbinders_4978_A	P12931	XP_054189263	1.388e-09	AF-P12931-F1-model_v6
GCF_000001405.40	rank00065_coA_proteinbinders_4978_A	P12931	XP_054189264	1.388e-09	AF-P12931-F1-model_v6
GCF_000001405.40	rank00065_coA_proteinbinders_4978_A	P12931	XP_054189265	1.388e-09	AF-P12931-F1-model_v6
GCF_000001405.40	rank00065_coA_proteinbinders_4978_A	P12931	XP_054189266	1.388e-09	AF-P12931-F1-model_v6
GCF_000001405.40	rank00065_coA_proteinbinders_4978_A	P12931	XP_054189267	1.388e-09	AF-P12931-F1-model_v6
GCF_000001405.40	rank00065_coA_proteinbinders_4978_A	P12931	XP_054189271	1.388e-09	AF-P12931-F1-model_v6
GCF_000001405.40	rank00065_coA_proteinbinders_4978_A	P12931	XP_054189272	1.388e-09	AF-P12931-F1-model_v6
GCF_000001405.40	rank00065_coA_proteinbinders_4978_A	P12931	XP_054189273	1.388e-09	AF-P12931-F1-model_v6
GCF_000001405.40	rank00065_coA_proteinbinders_4978_A	P12931	XP_054189274	1.388e-09	AF-P12931-F1-model_v6
GCF_000001405.40	rank00065_coA_proteinbinders_4978_A	P12931-2	XP_054189256	1.569e-09	AF-P12931-2-F1-model_v6
GCF_000001405.40	rank00065_coA_proteinbinders_4978_A	P12931-2	XP_054189257	1.569e-09	AF-P12931-2-F1-model_v6
GCF_000001405.40	rank00065_coA_proteinbinders_4978_A	P12931-2	XP_054189258	1.569e-09	AF-P12931-2-F1-model_v6
GCF_000001405.40	rank00065_coA_proteinbinders_4978_A	P12931-2	XP_054189259	1.569e-09	AF-P12931-2-F1-model_v6
GCF_000001405.40	rank00065_coA_proteinbinders_4978_A	P12931-2	XP_054189260	1.569e-09	AF-P12931-2-F1-model_v6
GCF_000001405.40	rank00065_coA_proteinbinders_4978_A	P12931-2	XP_054189261	1.569e-09	AF-P12931-2-F1-model_v6
GCF_000001405.40	rank00071_coA_proteinbinders_3418_A	P12931-2	XP_054189256	6.673e-09	AF-P12931-2-F1-model_v6
GCF_000001405.40	rank00071_coA_proteinbinders_3418_A	P12931-2	XP_054189257	6.673e-09	AF-P12931-2-F1-model_v6
GCF_000001405.40	rank00071_coA_proteinbinders_3418_A	P12931-2	XP_054189258	6.673e-09	AF-P12931-2-F1-model_v6
GCF_000001405.40	rank00071_coA_proteinbinders_3418_A	P12931-2	XP_054189259	6.673e-09	AF-P12931-2-F1-model_v6
GCF_000001405.40	rank00071_coA_proteinbinders_3418_A	P12931-2	XP_054189260	6.673e-09	AF-P12931-2-F1-model_v6
GCF_000001405.40	rank00071_coA_proteinbinders_3418_A	P12931-2	XP_054189261	6.673e-09	AF-P12931-2-F1-model_v6
GCF_000001405.40	rank00071_coA_proteinbinders_3418_A	P12931	XP_054189256	7.988e-09	AF-P12931-F1-model_v6
GCF_000001405.40	rank00071_coA_proteinbinders_3418_A	P12931	XP_054189257	7.988e-09	AF-P12931-F1-model_v6
GCF_000001405.40	rank00071_coA_proteinbinders_3418_A	P12931	XP_054189258	7.988e-09	AF-P12931-F1-model_v6
GCF_000001405.40	rank00071_coA_proteinbinders_3418_A	P12931	XP_054189259	7.988e-09	AF-P12931-F1-model_v6
GCF_000001405.40	rank00071_coA_proteinbinders_3418_A	P12931	XP_054189260	7.988e-09	AF-P12931-F1-model_v6
GCF_000001405.40	rank00071_coA_proteinbinders_3418_A	P12931	XP_054189261	7.988e-09	AF-P12931-F1-model_v6
GCF_000001405.40	rank00071_coA_proteinbinders_3418_A	P12931	XP_054189262	7.988e-09	AF-P12931-F1-model_v6
GCF_000001405.40	rank00071_coA_proteinbinders_3418_A	P12931	XP_054189263	7.988e-09	AF-P12931-F1-model_v6
GCF_000001405.40	rank00071_coA_proteinbinders_3418_A	P12931	XP_054189264	7.988e-09	AF-P12931-F1-model_v6
GCF_000001405.40	rank00071_coA_proteinbinders_3418_A	P12931	XP_054189265	7.988e-09	AF-P12931-F1-model_v6
GCF_000001405.40	rank00071_coA_proteinbinders_3418_A	P12931	XP_054189266	7.988e-09	AF-P12931-F1-model_v6
GCF_000001405.40	rank00071_coA_proteinbinders_3418_A	P12931	XP_054189267	7.988e-09	AF-P12931-F1-model_v6
GCF_000001405.40	rank00071_coA_proteinbinders_3418_A	P12931	XP_054189271	7.988e-09	AF-P12931-F1-model_v6
GCF_000001405.40	rank00071_coA_proteinbinders_3418_A	P12931	XP_054189272	7.988e-09	AF-P12931-F1-model_v6
GCF_000001405.40	rank00071_coA_proteinbinders_3418_A	P12931	XP_054189273	7.988e-09	AF-P12931-F1-model_v6
GCF_000001405.40	rank00071_coA_proteinbinders_3418_A	P12931	XP_054189274	7.988e-09	AF-P12931-F1-model_v6
GCF_000001405.40	rank00071_coA_proteinbinders_3418_A	P43403	XP_054188975	7.443e-06	AF-P43403-F1-model_v6
GCF_000001635.27	rank00015_coA_proteinbinders_3420_A	P39688-2	NP_001116364	9.134e-06	AF-P39688-2-F1-model_v6
GCF_000001635.27	rank00015_coA_proteinbinders_3420_A	P39688-2	NP_032080	9.134e-06	AF-P39688-2-F1-model_v6
GCF_000001635.27	rank00015_coA_proteinbinders_3420_A	P39688-2	XP_036011503	9.134e-06	AF-P39688-2-F1-model_v6
GCF_000001635.27	rank00015_coA_proteinbinders_3420_A	P39688-2	XP_036011504	9.134e-06	AF-P39688-2-F1-model_v6
GCF_000001635.27	rank00015_coA_proteinbinders_3420_A	P39688-2	XP_036011505	9.134e-06	AF-P39688-2-F1-model_v6
GCF_000001635.27	rank00015_coA_proteinbinders_3420_A	Q04736	NP_001192061	9.686e-06	AF-Q04736-F1-model_v6
GCF_000001635.27	rank00015_coA_proteinbinders_3420_A	Q04736	NP_001192062	9.686e-06	AF-Q04736-F1-model_v6
GCF_000001635.27	rank00015_coA_proteinbinders_3420_A	Q04736	NP_033561	9.686e-06	AF-Q04736-F1-model_v6
GCF_000001635.27	rank00026_coA_proteinbinders_0466_A	Q91WS4	NP_075022	2.723e-06	AF-Q91WS4-F1-model_v6
GCF_000001635.27	rank00062_coA_proteinbinders_2870_A	P62983	NP_001029037	3.044e-06	AF-P62983-F1-model_v6
GCF_000001635.27	rank00062_coA_proteinbinders_2870_A	P62983	NP_077239	3.044e-06	AF-P62983-F1-model_v6
GCF_000001635.27	rank00062_coA_proteinbinders_2870_A	P62984	NP_001335156	6.265e-06	AF-P62984-F1-model_v6
GCF_000001635.27	rank00062_coA_proteinbinders_2870_A	P62984	NP_001335157	6.265e-06	AF-P62984-F1-model_v6
GCF_000001635.27	rank00062_coA_proteinbinders_2870_A	P62984	NP_001335158	6.265e-06	AF-P62984-F1-model_v6
GCF_000001635.27	rank00062_coA_proteinbinders_2870_A	P62984	NP_063936	6.265e-06	AF-P62984-F1-model_v6
GCF_000001635.27	rank00062_coA_proteinbinders_2870_A	P0CG50	NP_062613	6.69e-06	AF-P0CG50-F1-model_v6
GCF_000001635.27	rank00065_coA_proteinbinders_4978_A	P05480-1	NP_001399611	1.388e-09	AF-P05480-1-F1-model_v6
GCF_000001635.27	rank00065_coA_proteinbinders_4978_A	P05480-1	NP_001399612	1.388e-09	AF-P05480-1-F1-model_v6
GCF_000001635.27	rank00065_coA_proteinbinders_4978_A	P05480-1	NP_001399613	1.388e-09	AF-P05480-1-F1-model_v6
GCF_000001635.27	rank00065_coA_proteinbinders_4978_A	P05480-1	NP_001399614	1.388e-09	AF-P05480-1-F1-model_v6
GCF_000001635.27	rank00065_coA_proteinbinders_4978_A	P05480-1	NP_001399615	1.388e-09	AF-P05480-1-F1-model_v6
GCF_000001635.27	rank00065_coA_proteinbinders_4978_A	P05480-1	NP_001399622	1.388e-09	AF-P05480-1-F1-model_v6
GCF_000001635.27	rank00065_coA_proteinbinders_4978_A	P05480-1	NP_033297	1.388e-09	AF-P05480-1-F1-model_v6
GCF_000001635.27	rank00065_coA_proteinbinders_4978_A	Q04736	NP_001192061	2.003e-09	AF-Q04736-F1-model_v6
GCF_000001635.27	rank00065_coA_proteinbinders_4978_A	Q04736	NP_001192062	2.003e-09	AF-Q04736-F1-model_v6
GCF_000001635.27	rank00065_coA_proteinbinders_4978_A	Q04736	NP_033561	2.003e-09	AF-Q04736-F1-model_v6
GCF_000001635.27	rank00065_coA_proteinbinders_4978_A	P05480	NP_001020566	2.263e-09	AF-P05480-F1-model_v6
GCF_000001635.27	rank00065_coA_proteinbinders_4978_A	P05480	NP_001399611	2.263e-09	AF-P05480-F1-model_v6
GCF_000001635.27	rank00065_coA_proteinbinders_4978_A	P05480	NP_001399612	2.263e-09	AF-P05480-F1-model_v6
GCF_000001635.27	rank00065_coA_proteinbinders_4978_A	P05480	NP_001399613	2.263e-09	AF-P05480-F1-model_v6
GCF_000001635.27	rank00065_coA_proteinbinders_4978_A	P05480	NP_001399614	2.263e-09	AF-P05480-F1-model_v6
GCF_000001635.27	rank00065_coA_proteinbinders_4978_A	P05480	NP_001399615	2.263e-09	AF-P05480-F1-model_v6
GCF_000001635.27	rank00065_coA_proteinbinders_4978_A	P05480	NP_001399616	2.263e-09	AF-P05480-F1-model_v6
GCF_000001635.27	rank00065_coA_proteinbinders_4978_A	P05480	NP_001399617	2.263e-09	AF-P05480-F1-model_v6
GCF_000001635.27	rank00065_coA_proteinbinders_4978_A	P05480	NP_001399618	2.263e-09	AF-P05480-F1-model_v6
GCF_000001635.27	rank00065_coA_proteinbinders_4978_A	P05480	NP_001399619	2.263e-09	AF-P05480-F1-model_v6
GCF_000001635.27	rank00065_coA_proteinbinders_4978_A	P05480	NP_001399620	2.263e-09	AF-P05480-F1-model_v6
GCF_000001635.27	rank00065_coA_proteinbinders_4978_A	P05480	NP_001399622	2.263e-09	AF-P05480-F1-model_v6
GCF_000001635.27	rank00065_coA_proteinbinders_4978_A	P05480	NP_001407929	2.263e-09	AF-P05480-F1-model_v6
GCF_000001635.27	rank00065_coA_proteinbinders_4978_A	P05480	NP_033297	2.263e-09	AF-P05480-F1-model_v6
GCF_000001635.27	rank00065_coA_proteinbinders_4978_A	P05480	XP_036015976	2.263e-09	AF-P05480-F1-model_v6
GCF_000001635.27	rank00065_coA_proteinbinders_4978_A	P05480	XP_036015977	2.263e-09	AF-P05480-F1-model_v6
GCF_000001635.27	rank00065_coA_proteinbinders_4978_A	P05480	XP_036015978	2.263e-09	AF-P05480-F1-model_v6
GCF_000001635.27	rank00065_coA_proteinbinders_4978_A	P39688	NP_001116364	3.923e-09	AF-P39688-F1-model_v6
GCF_000001635.27	rank00065_coA_proteinbinders_4978_A	P39688	NP_001116365	3.923e-09	AF-P39688-F1-model_v6
GCF_000001635.27	rank00065_coA_proteinbinders_4978_A	P39688	NP_032080	3.923e-09	AF-P39688-F1-model_v6
GCF_000001635.27	rank00065_coA_proteinbinders_4978_A	P39688	XP_011241419	3.923e-09	AF-P39688-F1-model_v6
GCF_000001635.27	rank00065_coA_proteinbinders_4978_A	P39688	XP_036011500	3.923e-09	AF-P39688-F1-model_v6
GCF_000001635.27	rank00065_coA_proteinbinders_4978_A	P39688	XP_036011501	3.923e-09	AF-P39688-F1-model_v6
GCF_000001635.27	rank00065_coA_proteinbinders_4978_A	P39688	XP_036011502	3.923e-09	AF-P39688-F1-model_v6
GCF_000001635.27	rank00065_coA_proteinbinders_4978_A	P39688	XP_036011503	3.923e-09	AF-P39688-F1-model_v6
GCF_000001635.27	rank00065_coA_proteinbinders_4978_A	P39688	XP_036011504	3.923e-09	AF-P39688-F1-model_v6
GCF_000001635.27	rank00065_coA_proteinbinders_4978_A	P39688	XP_036011505	3.923e-09	AF-P39688-F1-model_v6
GCF_000001635.27	rank00065_coA_proteinbinders_4978_A	P14234	NP_034338	4.433e-09	AF-P14234-F1-model_v6
GCF_000001635.27	rank00065_coA_proteinbinders_4978_A	P14234	XP_006538607	4.433e-09	AF-P14234-F1-model_v6
GCF_000001635.27	rank00065_coA_proteinbinders_4978_A	P14234	XP_006538608	4.433e-09	AF-P14234-F1-model_v6
GCF_000001635.27	rank00065_coA_proteinbinders_4978_A	P39688-2	NP_001116364	6.017e-09	AF-P39688-2-F1-model_v6
GCF_000001635.27	rank00065_coA_proteinbinders_4978_A	P39688-2	NP_032080	6.017e-09	AF-P39688-2-F1-model_v6
GCF_000001635.27	rank00065_coA_proteinbinders_4978_A	P39688-2	XP_036011503	6.017e-09	AF-P39688-2-F1-model_v6
GCF_000001635.27	rank00065_coA_proteinbinders_4978_A	P39688-2	XP_036011504	6.017e-09	AF-P39688-2-F1-model_v6
GCF_000001635.27	rank00065_coA_proteinbinders_4978_A	P39688-2	XP_036011505	6.017e-09	AF-P39688-2-F1-model_v6
GCF_000001635.27	rank00065_coA_proteinbinders_4978_A	P06240	NP_001155905	1.808e-08	AF-P06240-F1-model_v6
GCF_000001635.27	rank00065_coA_proteinbinders_4978_A	P06240	NP_034823	1.808e-08	AF-P06240-F1-model_v6
GCF_000001635.27	rank00065_coA_proteinbinders_4978_A	P08103	NP_001165588	2.608e-08	AF-P08103-F1-model_v6
GCF_000001635.27	rank00065_coA_proteinbinders_4978_A	P08103	NP_034537	2.608e-08	AF-P08103-F1-model_v6
GCF_000001635.27	rank00065_coA_proteinbinders_4978_A	P08103-2	NP_001165588	3.763e-08	AF-P08103-2-F1-model_v6
GCF_000001635.27	rank00065_coA_proteinbinders_4978_A	P25911	NP_001104566	5.772e-08	AF-P25911-F1-model_v6
GCF_000001635.27	rank00065_coA_proteinbinders_4978_A	P25911	NP_034877	5.772e-08	AF-P25911-F1-model_v6
GCF_000001635.27	rank00065_coA_proteinbinders_4978_A	P16277	NP_031575	6.136e-08	AF-P16277-F1-model_v6
GCF_000001635.27	rank00065_coA_proteinbinders_4978_A	Q64434	NP_033210	8.329e-08	AF-Q64434-F1-model_v6
GCF_000001635.27	rank00065_coA_proteinbinders_4978_A	P25911-2	NP_034877	1e-07	AF-P25911-2-F1-model_v6
GCF_000001635.27	rank00065_coA_proteinbinders_4978_A	O88890	NP_001300617	2.214e-07	AF-O88890-F1-model_v6
GCF_000001635.27	rank00065_coA_proteinbinders_4978_A	O88890	NP_001300618	2.214e-07	AF-O88890-F1-model_v6
GCF_000001635.27	rank00065_coA_proteinbinders_4978_A	O88890	NP_001300620	2.214e-07	AF-O88890-F1-model_v6
GCF_000001635.27	rank00065_coA_proteinbinders_4978_A	O88890	NP_035494	2.214e-07	AF-O88890-F1-model_v6
GCF_000001635.27	rank00065_coA_proteinbinders_4978_A	O88834	NP_001152995	3.838e-07	AF-O88834-F1-model_v6
GCF_000001635.27	rank00065_coA_proteinbinders_4978_A	O88834	NP_001397594	3.838e-07	AF-O88834-F1-model_v6
GCF_000001635.27	rank00065_coA_proteinbinders_4978_A	O88834	NP_033194	3.838e-07	AF-O88834-F1-model_v6
GCF_000001635.27	rank00065_coA_proteinbinders_4978_A	O88834	XP_011244636	3.838e-07	AF-O88834-F1-model_v6
GCF_000001635.27	rank00065_coA_proteinbinders_4978_A	O88834	XP_030105472	3.838e-07	AF-O88834-F1-model_v6
GCF_000001635.27	rank00065_coA_proteinbinders_4978_A	Q6PD21	NP_001028478	4.61e-07	AF-Q6PD21-F1-model_v6
GCF_000001635.27	rank00065_coA_proteinbinders_4978_A	Q8R4L0	NP_001343424	4.9e-07	AF-Q8R4L0-F1-model_v6
GCF_000001635.27	rank00065_coA_proteinbinders_4978_A	Q8R4L0	NP_084259	4.9e-07	AF-Q8R4L0-F1-model_v6
GCF_000001635.27	rank00065_coA_proteinbinders_4978_A	O88834-2	NP_001152995	6.257e-07	AF-O88834-2-F1-model_v6
GCF_000001635.27	rank00065_coA_proteinbinders_4978_A	O88834-2	NP_001397594	6.257e-07	AF-O88834-2-F1-model_v6
GCF_000001635.27	rank00065_coA_proteinbinders_4978_A	O88834-2	XP_011244636	6.257e-07	AF-O88834-2-F1-model_v6
GCF_000001635.27	rank00065_coA_proteinbinders_4978_A	P41242	NP_001272783	7.071e-07	AF-P41242-F1-model_v6
GCF_000001635.27	rank00065_coA_proteinbinders_4978_A	P41242	NP_001272784	7.071e-07	AF-P41242-F1-model_v6
GCF_000001635.27	rank00065_coA_proteinbinders_4978_A	P41242	NP_034898	7.071e-07	AF-P41242-F1-model_v6
GCF_000001635.27	rank00065_coA_proteinbinders_4978_A	Q60898	NP_001025012	7.99e-07	AF-Q60898-F1-model_v6
GCF_000001635.27	rank00065_coA_proteinbinders_4978_A	Q60898	NP_033218	7.99e-07	AF-Q60898-F1-model_v6
GCF_000001635.27	rank00065_coA_proteinbinders_4978_A	Q60898	XP_030104293	7.99e-07	AF-Q60898-F1-model_v6
GCF_000001635.27	rank00065_coA_proteinbinders_4978_A	Q60898	XP_036015181	7.99e-07	AF-Q60898-F1-model_v6
GCF_000001635.27	rank00065_coA_proteinbinders_4978_A	Q8CIH5	NP_758489	9.598e-07	AF-Q8CIH5-F1-model_v6
GCF_000001635.27	rank00065_coA_proteinbinders_4978_A	P35235	NP_001103462	1.153e-06	AF-P35235-F1-model_v6
GCF_000001635.27	rank00065_coA_proteinbinders_4978_A	P35235	NP_035332	1.153e-06	AF-P35235-F1-model_v6
GCF_000001635.27	rank00065_coA_proteinbinders_4978_A	P35235-1	NP_035332	1.153e-06	AF-P35235-1-F1-model_v6
GCF_000001635.27	rank00065_coA_proteinbinders_4978_A	Q60631	NP_001300865	1.565e-06	AF-Q60631-F1-model_v6
GCF_000001635.27	rank00065_coA_proteinbinders_4978_A	Q60631	NP_001300866	1.565e-06	AF-Q60631-F1-model_v6
GCF_000001635.27	rank00065_coA_proteinbinders_4978_A	Q60631	NP_032189	1.565e-06	AF-Q60631-F1-model_v6
GCF_000001635.27	rank00065_coA_proteinbinders_4978_A	Q9R0C8-3	NP_666251	2.4e-06	AF-Q9R0C8-3-F1-model_v6
GCF_000001635.27	rank00065_coA_proteinbinders_4978_A	Q9R0C8	NP_065251	2.551e-06	AF-Q9R0C8-F1-model_v6
GCF_000001635.27	rank00065_coA_proteinbinders_4978_A	Q9R0C8	NP_666251	2.551e-06	AF-Q9R0C8-F1-model_v6
GCF_000001635.27	rank00065_coA_proteinbinders_4978_A	Q6P549	NP_001116211	2.551e-06	AF-Q6P549-F1-model_v6
GCF_000001635.27	rank00065_coA_proteinbinders_4978_A	Q6P549	NP_001399517	2.551e-06	AF-Q6P549-F1-model_v6
GCF_000001635.27	rank00065_coA_proteinbinders_4978_A	Q6P549	NP_001399518	2.551e-06	AF-Q6P549-F1-model_v6
GCF_000001635.27	rank00065_coA_proteinbinders_4978_A	Q6P549	NP_001399519	2.551e-06	AF-Q6P549-F1-model_v6
GCF_000001635.27	rank00065_coA_proteinbinders_4978_A	Q6P549	NP_034697	2.551e-06	AF-Q6P549-F1-model_v6
GCF_000001635.27	rank00065_coA_proteinbinders_4978_A	Q9ES52	NP_001103662	3.681e-06	AF-Q9ES52-F1-model_v6
GCF_000001635.27	rank00065_coA_proteinbinders_4978_A	Q9ES52	NP_001103663	3.681e-06	AF-Q9ES52-F1-model_v6
GCF_000001635.27	rank00065_coA_proteinbinders_4978_A	Q9ES52	NP_034696	3.681e-06	AF-Q9ES52-F1-model_v6
GCF_000001635.27	rank00065_coA_proteinbinders_4978_A	P29351	NP_001071173	3.681e-06	AF-P29351-F1-model_v6
GCF_000001635.27	rank00065_coA_proteinbinders_4978_A	P29351	NP_038573	3.681e-06	AF-P29351-F1-model_v6
GCF_000001635.27	rank00065_coA_proteinbinders_4978_A	P00520-3	NP_001269974	4.16e-06	AF-P00520-3-F1-model_v6
GCF_000001635.27	rank00065_coA_proteinbinders_4978_A	P48025	NP_001185906	4.422e-06	AF-P48025-F1-model_v6
GCF_000001635.27	rank00065_coA_proteinbinders_4978_A	P48025	NP_035648	4.422e-06	AF-P48025-F1-model_v6
GCF_000001635.27	rank00065_coA_proteinbinders_4978_A	P48025	XP_006516958	4.422e-06	AF-P48025-F1-model_v6
GCF_000001635.27	rank00065_coA_proteinbinders_4978_A	Q8BI17	NP_776139	4.997e-06	AF-Q8BI17-F1-model_v6
GCF_000001635.27	rank00065_coA_proteinbinders_4978_A	Q8BI17	XP_006511221	4.997e-06	AF-Q8BI17-F1-model_v6
GCF_000001635.27	rank00065_coA_proteinbinders_4978_A	Q922K9	NP_001153016	5.312e-06	AF-Q922K9-F1-model_v6
GCF_000001635.27	rank00065_coA_proteinbinders_4978_A	Q922K9	NP_001345698	5.312e-06	AF-Q922K9-F1-model_v6
GCF_000001635.27	rank00065_coA_proteinbinders_4978_A	Q922K9	NP_034367	5.312e-06	AF-Q922K9-F1-model_v6
GCF_000001635.27	rank00065_coA_proteinbinders_4978_A	Q922K9	XP_006512597	5.312e-06	AF-Q922K9-F1-model_v6
GCF_000001635.27	rank00065_coA_proteinbinders_4978_A	Q922K9	XP_006512599	5.312e-06	AF-Q922K9-F1-model_v6
GCF_000001635.27	rank00065_coA_proteinbinders_4978_A	Q9ES52-3	NP_001103663	5.312e-06	AF-Q9ES52-3-F1-model_v6
GCF_000001635.27	rank00065_coA_proteinbinders_4978_A	Q9ES52-2	NP_001103662	5.647e-06	AF-Q9ES52-2-F1-model_v6
GCF_000001635.27	rank00065_coA_proteinbinders_4978_A	P00520	NP_001106174	6.381e-06	AF-P00520-F1-model_v6
GCF_000001635.27	rank00065_coA_proteinbinders_4978_A	P00520	NP_001269974	6.381e-06	AF-P00520-F1-model_v6
GCF_000001635.27	rank00065_coA_proteinbinders_4978_A	P00520	NP_001269975	6.381e-06	AF-P00520-F1-model_v6
GCF_000001635.27	rank00065_coA_proteinbinders_4978_A	P00520	NP_033724	6.381e-06	AF-P00520-F1-model_v6
GCF_000001635.27	rank00065_coA_proteinbinders_4978_A	Q60760	NP_001171100	6.381e-06	AF-Q60760-F1-model_v6
GCF_000001635.27	rank00065_coA_proteinbinders_4978_A	Q60760	NP_001357532	6.381e-06	AF-Q60760-F1-model_v6
GCF_000001635.27	rank00065_coA_proteinbinders_4978_A	Q60760	NP_034475	6.381e-06	AF-Q60760-F1-model_v6
GCF_000001635.27	rank00065_coA_proteinbinders_4978_A	Q60760	XP_011241966	6.381e-06	AF-Q60760-F1-model_v6
GCF_000001635.27	rank00065_coA_proteinbinders_4978_A	P00520-4	NP_001106174	7.21e-06	AF-P00520-4-F1-model_v6
GCF_000001635.27	rank00065_coA_proteinbinders_4978_A	P00520-2	NP_001269975	7.21e-06	AF-P00520-2-F1-model_v6
GCF_000001635.27	rank00065_coA_proteinbinders_4978_A	P29351-2	NP_001071173	8.661e-06	AF-P29351-2-F1-model_v6
GCF_000001635.27	rank00065_coA_proteinbinders_4978_A	Q9JLM9	NP_057928	9.207e-06	AF-Q9JLM9-F1-model_v6
GCF_000001635.27	rank00071_coA_proteinbinders_3418_A	P05480-1	NP_001399611	7.085e-09	AF-P05480-1-F1-model_v6
GCF_000001635.27	rank00071_coA_proteinbinders_3418_A	P05480-1	NP_001399612	7.085e-09	AF-P05480-1-F1-model_v6
GCF_000001635.27	rank00071_coA_proteinbinders_3418_A	P05480-1	NP_001399613	7.085e-09	AF-P05480-1-F1-model_v6
GCF_000001635.27	rank00071_coA_proteinbinders_3418_A	P05480-1	NP_001399614	7.085e-09	AF-P05480-1-F1-model_v6
GCF_000001635.27	rank00071_coA_proteinbinders_3418_A	P05480-1	NP_001399615	7.085e-09	AF-P05480-1-F1-model_v6
GCF_000001635.27	rank00071_coA_proteinbinders_3418_A	P05480-1	NP_001399622	7.085e-09	AF-P05480-1-F1-model_v6
GCF_000001635.27	rank00071_coA_proteinbinders_3418_A	P05480-1	NP_033297	7.085e-09	AF-P05480-1-F1-model_v6
GCF_000001635.27	rank00071_coA_proteinbinders_3418_A	P05480	NP_001020566	1.015e-08	AF-P05480-F1-model_v6
GCF_000001635.27	rank00071_coA_proteinbinders_3418_A	P05480	NP_001399611	1.015e-08	AF-P05480-F1-model_v6
GCF_000001635.27	rank00071_coA_proteinbinders_3418_A	P05480	NP_001399612	1.015e-08	AF-P05480-F1-model_v6
GCF_000001635.27	rank00071_coA_proteinbinders_3418_A	P05480	NP_001399613	1.015e-08	AF-P05480-F1-model_v6
GCF_000001635.27	rank00071_coA_proteinbinders_3418_A	P05480	NP_001399614	1.015e-08	AF-P05480-F1-model_v6
GCF_000001635.27	rank00071_coA_proteinbinders_3418_A	P05480	NP_001399615	1.015e-08	AF-P05480-F1-model_v6
GCF_000001635.27	rank00071_coA_proteinbinders_3418_A	P05480	NP_001399616	1.015e-08	AF-P05480-F1-model_v6
GCF_000001635.27	rank00071_coA_proteinbinders_3418_A	P05480	NP_001399617	1.015e-08	AF-P05480-F1-model_v6
GCF_000001635.27	rank00071_coA_proteinbinders_3418_A	P05480	NP_001399618	1.015e-08	AF-P05480-F1-model_v6
GCF_000001635.27	rank00071_coA_proteinbinders_3418_A	P05480	NP_001399619	1.015e-08	AF-P05480-F1-model_v6
GCF_000001635.27	rank00071_coA_proteinbinders_3418_A	P05480	NP_001399620	1.015e-08	AF-P05480-F1-model_v6
GCF_000001635.27	rank00071_coA_proteinbinders_3418_A	P05480	NP_001399622	1.015e-08	AF-P05480-F1-model_v6
GCF_000001635.27	rank00071_coA_proteinbinders_3418_A	P05480	NP_001407929	1.015e-08	AF-P05480-F1-model_v6
GCF_000001635.27	rank00071_coA_proteinbinders_3418_A	P05480	NP_033297	1.015e-08	AF-P05480-F1-model_v6
GCF_000001635.27	rank00071_coA_proteinbinders_3418_A	P05480	XP_036015976	1.015e-08	AF-P05480-F1-model_v6
GCF_000001635.27	rank00071_coA_proteinbinders_3418_A	P05480	XP_036015977	1.015e-08	AF-P05480-F1-model_v6
GCF_000001635.27	rank00071_coA_proteinbinders_3418_A	P05480	XP_036015978	1.015e-08	AF-P05480-F1-model_v6
GCF_000001635.27	rank00071_coA_proteinbinders_3418_A	Q04736	NP_001192061	1.145e-08	AF-Q04736-F1-model_v6
GCF_000001635.27	rank00071_coA_proteinbinders_3418_A	Q04736	NP_001192062	1.145e-08	AF-Q04736-F1-model_v6
GCF_000001635.27	rank00071_coA_proteinbinders_3418_A	Q04736	NP_033561	1.145e-08	AF-Q04736-F1-model_v6
GCF_000001635.27	rank00071_coA_proteinbinders_3418_A	P08103	NP_001165588	2.085e-08	AF-P08103-F1-model_v6
GCF_000001635.27	rank00071_coA_proteinbinders_3418_A	P08103	NP_034537	2.085e-08	AF-P08103-F1-model_v6
GCF_000001635.27	rank00071_coA_proteinbinders_3418_A	P14234	NP_034338	2.214e-08	AF-P14234-F1-model_v6
GCF_000001635.27	rank00071_coA_proteinbinders_3418_A	P14234	XP_006538607	2.214e-08	AF-P14234-F1-model_v6
GCF_000001635.27	rank00071_coA_proteinbinders_3418_A	P14234	XP_006538608	2.214e-08	AF-P14234-F1-model_v6
GCF_000001635.27	rank00071_coA_proteinbinders_3418_A	P39688-2	NP_001116364	2.497e-08	AF-P39688-2-F1-model_v6
GCF_000001635.27	rank00071_coA_proteinbinders_3418_A	P39688-2	NP_032080	2.497e-08	AF-P39688-2-F1-model_v6
GCF_000001635.27	rank00071_coA_proteinbinders_3418_A	P39688-2	XP_036011503	2.497e-08	AF-P39688-2-F1-model_v6
GCF_000001635.27	rank00071_coA_proteinbinders_3418_A	P39688-2	XP_036011504	2.497e-08	AF-P39688-2-F1-model_v6
GCF_000001635.27	rank00071_coA_proteinbinders_3418_A	P39688-2	XP_036011505	2.497e-08	AF-P39688-2-F1-model_v6
GCF_000001635.27	rank00071_coA_proteinbinders_3418_A	P08103-2	NP_001165588	5.127e-08	AF-P08103-2-F1-model_v6
GCF_000001635.27	rank00071_coA_proteinbinders_3418_A	P25911	NP_001104566	5.781e-08	AF-P25911-F1-model_v6
GCF_000001635.27	rank00071_coA_proteinbinders_3418_A	P25911	NP_034877	5.781e-08	AF-P25911-F1-model_v6
GCF_000001635.27	rank00071_coA_proteinbinders_3418_A	P06240	NP_001155905	6.518e-08	AF-P06240-F1-model_v6
GCF_000001635.27	rank00071_coA_proteinbinders_3418_A	P06240	NP_034823	6.518e-08	AF-P06240-F1-model_v6
GCF_000001635.27	rank00071_coA_proteinbinders_3418_A	P25911-2	NP_034877	7.348e-08	AF-P25911-2-F1-model_v6
GCF_000001635.27	rank00071_coA_proteinbinders_3418_A	P39688	NP_001116364	8.285e-08	AF-P39688-F1-model_v6
GCF_000001635.27	rank00071_coA_proteinbinders_3418_A	P39688	NP_001116365	8.285e-08	AF-P39688-F1-model_v6
GCF_000001635.27	rank00071_coA_proteinbinders_3418_A	P39688	NP_032080	8.285e-08	AF-P39688-F1-model_v6
GCF_000001635.27	rank00071_coA_proteinbinders_3418_A	P39688	XP_011241419	8.285e-08	AF-P39688-F1-model_v6
GCF_000001635.27	rank00071_coA_proteinbinders_3418_A	P39688	XP_036011500	8.285e-08	AF-P39688-F1-model_v6
GCF_000001635.27	rank00071_coA_proteinbinders_3418_A	P39688	XP_036011501	8.285e-08	AF-P39688-F1-model_v6
GCF_000001635.27	rank00071_coA_proteinbinders_3418_A	P39688	XP_036011502	8.285e-08	AF-P39688-F1-model_v6
GCF_000001635.27	rank00071_coA_proteinbinders_3418_A	P39688	XP_036011503	8.285e-08	AF-P39688-F1-model_v6
GCF_000001635.27	rank00071_coA_proteinbinders_3418_A	P39688	XP_036011504	8.285e-08	AF-P39688-F1-model_v6
GCF_000001635.27	rank00071_coA_proteinbinders_3418_A	P39688	XP_036011505	8.285e-08	AF-P39688-F1-model_v6
GCF_000001635.27	rank00071_coA_proteinbinders_3418_A	P16277	NP_031575	2.749e-07	AF-P16277-F1-model_v6
GCF_000001635.27	rank00071_coA_proteinbinders_3418_A	Q45HK4	NP_001028671	3.495e-07	AF-Q45HK4-F1-model_v6
GCF_000001635.27	rank00071_coA_proteinbinders_3418_A	O88890	NP_001300617	7.621e-07	AF-O88890-F1-model_v6
GCF_000001635.27	rank00071_coA_proteinbinders_3418_A	O88890	NP_001300618	7.621e-07	AF-O88890-F1-model_v6
GCF_000001635.27	rank00071_coA_proteinbinders_3418_A	O88890	NP_001300620	7.621e-07	AF-O88890-F1-model_v6
GCF_000001635.27	rank00071_coA_proteinbinders_3418_A	O88890	NP_035494	7.621e-07	AF-O88890-F1-model_v6
GCF_000001635.27	rank00071_coA_proteinbinders_3418_A	P29351-2	NP_001071173	1.765e-06	AF-P29351-2-F1-model_v6
GCF_000001635.27	rank00071_coA_proteinbinders_3418_A	Q9ES52	NP_001103662	1.989e-06	AF-Q9ES52-F1-model_v6
GCF_000001635.27	rank00071_coA_proteinbinders_3418_A	Q9ES52	NP_001103663	1.989e-06	AF-Q9ES52-F1-model_v6
GCF_000001635.27	rank00071_coA_proteinbinders_3418_A	Q9ES52	NP_034696	1.989e-06	AF-Q9ES52-F1-model_v6
GCF_000001635.27	rank00071_coA_proteinbinders_3418_A	P29351	NP_001071173	2.112e-06	AF-P29351-F1-model_v6
GCF_000001635.27	rank00071_coA_proteinbinders_3418_A	P29351	NP_038573	2.112e-06	AF-P29351-F1-model_v6
GCF_000001635.27	rank00071_coA_proteinbinders_3418_A	Q62077	NP_067255	2.112e-06	AF-Q62077-F1-model_v6
GCF_000001635.27	rank00071_coA_proteinbinders_3418_A	Q9ES52-3	NP_001103663	2.243e-06	AF-Q9ES52-3-F1-model_v6
GCF_000001635.27	rank00071_coA_proteinbinders_3418_A	Q64434	NP_033210	2.529e-06	AF-Q64434-F1-model_v6
GCF_000001635.27	rank00071_coA_proteinbinders_3418_A	Q60760-3	NP_001171100	3.027e-06	AF-Q60760-3-F1-model_v6
GCF_000001635.27	rank00071_coA_proteinbinders_3418_A	Q60760-3	XP_011241966	3.027e-06	AF-Q60760-3-F1-model_v6
GCF_000001635.27	rank00071_coA_proteinbinders_3418_A	Q60760	NP_001171100	3.413e-06	AF-Q60760-F1-model_v6
GCF_000001635.27	rank00071_coA_proteinbinders_3418_A	Q60760	NP_001357532	3.413e-06	AF-Q60760-F1-model_v6
GCF_000001635.27	rank00071_coA_proteinbinders_3418_A	Q60760	NP_034475	3.413e-06	AF-Q60760-F1-model_v6
GCF_000001635.27	rank00071_coA_proteinbinders_3418_A	Q60760	XP_011241966	3.413e-06	AF-Q60760-F1-model_v6
GCF_000001635.27	rank00071_coA_proteinbinders_3418_A	Q9ES52-2	NP_001103662	3.624e-06	AF-Q9ES52-2-F1-model_v6
GCF_000001635.27	rank00071_coA_proteinbinders_3418_A	P43404	NP_001276541	5.194e-06	AF-P43404-F1-model_v6
GCF_000001635.27	rank00071_coA_proteinbinders_3418_A	P43404	NP_001276694	5.194e-06	AF-P43404-F1-model_v6
GCF_000001635.27	rank00071_coA_proteinbinders_3418_A	P43404	NP_001407579	5.194e-06	AF-P43404-F1-model_v6
GCF_000001635.27	rank00071_coA_proteinbinders_3418_A	P43404	NP_033565	5.194e-06	AF-P43404-F1-model_v6
GCF_000001635.27	rank00071_coA_proteinbinders_3418_A	Q8R4L0	NP_001343424	5.515e-06	AF-Q8R4L0-F1-model_v6
GCF_000001635.27	rank00071_coA_proteinbinders_3418_A	Q8R4L0	NP_084259	5.515e-06	AF-Q8R4L0-F1-model_v6
GCF_000001635.27	rank00071_coA_proteinbinders_3418_A	Q03160	NP_034476	6.602e-06	AF-Q03160-F1-model_v6
GCF_000001635.27	rank00071_coA_proteinbinders_3418_A	Q03160	XP_006532296	6.602e-06	AF-Q03160-F1-model_v6
GCF_000001635.27	rank00071_coA_proteinbinders_3418_A	Q03160	XP_030101435	6.602e-06	AF-Q03160-F1-model_v6
GCF_000001635.27	rank00071_coA_proteinbinders_3418_A	Q922K9	NP_001153016	8.392e-06	AF-Q922K9-F1-model_v6
GCF_000001635.27	rank00071_coA_proteinbinders_3418_A	Q922K9	NP_001345698	8.392e-06	AF-Q922K9-F1-model_v6
GCF_000001635.27	rank00071_coA_proteinbinders_3418_A	Q922K9	NP_034367	8.392e-06	AF-Q922K9-F1-model_v6
GCF_000001635.27	rank00071_coA_proteinbinders_3418_A	Q922K9	XP_006512597	8.392e-06	AF-Q922K9-F1-model_v6
GCF_000001635.27	rank00071_coA_proteinbinders_3418_A	Q922K9	XP_006512599	8.392e-06	AF-Q922K9-F1-model_v6
GCF_000001635.27	rank00071_coA_proteinbinders_3418_A	P35235	NP_001103462	8.392e-06	AF-P35235-F1-model_v6
GCF_000001635.27	rank00071_coA_proteinbinders_3418_A	P35235	NP_035332	8.392e-06	AF-P35235-F1-model_v6
GCF_000001635.27	rank00071_coA_proteinbinders_3418_A	P35235-1	NP_035332	8.392e-06	AF-P35235-1-F1-model_v6
GCF_000001635.27	rank00071_coA_proteinbinders_3418_A	P48025	NP_001185906	8.91e-06	AF-P48025-F1-model_v6
GCF_000001635.27	rank00071_coA_proteinbinders_3418_A	P48025	NP_035648	8.91e-06	AF-P48025-F1-model_v6
GCF_000001635.27	rank00071_coA_proteinbinders_3418_A	P48025	XP_006516958	8.91e-06	AF-P48025-F1-model_v6
GCF_000001635.27	rank00071_coA_proteinbinders_3418_A	Q60760-2	NP_034475	8.91e-06	AF-Q60760-2-F1-model_v6
GCF_000001635.27	rank00071_coA_proteinbinders_3418_A	Q9JLM9	NP_057928	8.91e-06	AF-Q9JLM9-F1-model_v6
GCF_000001635.27	rank00071_coA_proteinbinders_3418_A	Q8CIH5	NP_758489	9.461e-06	AF-Q8CIH5-F1-model_v6
GCF_000001735.2	rank00026_coA_proteinbinders_0466_A	F4K0E8-2	NP_200868	8.547e-07	AF-F4K0E8-2-F1-model_v6
GCF_000001735.2	rank00026_coA_proteinbinders_0466_A	F4K0E8	NP_200868	1.568e-06	AF-F4K0E8-F1-model_v6
GCF_000001735.2	rank00026_coA_proteinbinders_0466_A	F4K0E8	NP_851233	1.568e-06	AF-F4K0E8-F1-model_v6
GCF_000001735.2	rank00026_coA_proteinbinders_0466_A	Q5M731	NP_173707	9.171e-06	AF-Q5M731-F1-model_v6
GCF_000001735.2	rank00062_coA_proteinbinders_2870_A	Q42202	NP_565836	5.867e-06	AF-Q42202-F1-model_v6
GCF_000001735.2	rank00062_coA_proteinbinders_2870_A	Q42202	NP_566969	5.867e-06	AF-Q42202-F1-model_v6
GCF_000001735.2	rank00062_coA_proteinbinders_2870_A	P59233	NP_191784	6.265e-06	AF-P59233-F1-model_v6
GCF_000001735.2	rank00062_coA_proteinbinders_2870_A	P59232	NP_001189768	6.69e-06	AF-P59232-F1-model_v6
GCF_000001735.2	rank00062_coA_proteinbinders_2870_A	P59232	NP_566095	6.69e-06	AF-P59232-F1-model_v6
GCF_000001735.2	rank00062_coA_proteinbinders_2870_A	B9DHA6	NP_565836	7.144e-06	AF-B9DHA6-F1-model_v6
GCF_000001735.2	rank00062_coA_proteinbinders_2870_A	P59271	NP_173755	7.629e-06	AF-P59271-F1-model_v6
GCF_000002285.5	rank00065_coA_proteinbinders_4978_A	A0A8I3NFE2	XP_542327	2.4e-06	AF-A0A8I3NFE2-F1-model_v6
GCF_000002595.2	rank00062_coA_proteinbinders_2870_A	P0CH10	XP_001700313	5.867e-06	AF-P0CH10-F1-model_v6
GCF_000002595.2	rank00062_coA_proteinbinders_2870_A	P0CH11	XP_001700313	5.867e-06	AF-P0CH11-F1-model_v6
GCF_000002725.2	rank00062_coA_proteinbinders_2870_A	P69201	XP_001685176	7.144e-06	AF-P69201-F1-model_v6
GCF_000002725.2	rank00062_coA_proteinbinders_2870_A	P69201	XP_001685189	7.144e-06	AF-P69201-F1-model_v6
GCF_000002945.2	rank00020_coA_proteinbinders_2077_A	Q09822	NP_593322	4.064e-06	AF-Q09822-F1-model_v6
GCF_000002945.2	rank00058_coA_proteinbinders_3553_A	O14351	NP_596280	7.582e-06	AF-O14351-F1-model_v6
GCF_000002945.2	rank00062_coA_proteinbinders_2870_A	P0C8R3	NP_594058	3.957e-06	AF-P0C8R3-F1-model_v6
GCF_000002945.2	rank00062_coA_proteinbinders_2870_A	P0CH07	NP_593923	5.867e-06	AF-P0CH07-F1-model_v6
GCF_000002945.2	rank00062_coA_proteinbinders_2870_A	P0CH06	NP_594398	7.144e-06	AF-P0CH06-F1-model_v6
GCF_000002945.2	rank00062_coA_proteinbinders_2870_A	P0C016	NP_594108	9.289e-06	AF-P0C016-F1-model_v6
GCF_000002985.6	rank00062_coA_proteinbinders_2870_A	P49632	NP_499695	9.919e-06	AF-P49632-F1-model_v6
GCF_000002985.6	rank00065_coA_proteinbinders_4978_A	P03949-3	NP_509779	8.493e-07	AF-P03949-3-F1-model_v6
GCF_000002985.6	rank00065_coA_proteinbinders_4978_A	G5EE56-3	NP_001293421	1.085e-06	AF-G5EE56-3-F1-model_v6
GCF_000002985.6	rank00065_coA_proteinbinders_4978_A	G5ECJ6-2	NP_001293162	1.226e-06	AF-G5ECJ6-2-F1-model_v6
GCF_000002985.6	rank00065_coA_proteinbinders_4978_A	G5EE56	NP_001293421	1.472e-06	AF-G5EE56-F1-model_v6
GCF_000002985.6	rank00065_coA_proteinbinders_4978_A	G5EE56	NP_001293422	1.472e-06	AF-G5EE56-F1-model_v6
GCF_000002985.6	rank00065_coA_proteinbinders_4978_A	G5EE56	NP_001364774	1.472e-06	AF-G5EE56-F1-model_v6
GCF_000002985.6	rank00065_coA_proteinbinders_4978_A	G5EE56	NP_001364829	1.472e-06	AF-G5EE56-F1-model_v6
GCF_000002985.6	rank00065_coA_proteinbinders_4978_A	P03949-2	NP_509777	1.565e-06	AF-P03949-2-F1-model_v6
GCF_000002985.6	rank00065_coA_proteinbinders_4978_A	P29355	NP_509342	1.768e-06	AF-P29355-F1-model_v6
GCF_000002985.6	rank00065_coA_proteinbinders_4978_A	P03949	NP_509777	2.124e-06	AF-P03949-F1-model_v6
GCF_000002985.6	rank00065_coA_proteinbinders_4978_A	P03949	NP_509778	2.124e-06	AF-P03949-F1-model_v6
GCF_000002985.6	rank00065_coA_proteinbinders_4978_A	P03949	NP_509779	2.124e-06	AF-P03949-F1-model_v6
GCF_000002985.6	rank00065_coA_proteinbinders_4978_A	G5EE56-2	NP_001364829	3.065e-06	AF-G5EE56-2-F1-model_v6
GCF_000002985.6	rank00065_coA_proteinbinders_4978_A	O45539	NP_493502	9.207e-06	AF-O45539-F1-model_v6
GCF_000002985.6	rank00065_coA_proteinbinders_4978_A	Q22070	NP_496205	9.787e-06	AF-Q22070-F1-model_v6
GCF_000002985.6	rank00071_coA_proteinbinders_3418_A	G5ECJ6-2	NP_001293162	2.037e-07	AF-G5ECJ6-2-F1-model_v6
GCF_000002985.6	rank00071_coA_proteinbinders_3418_A	G5ECJ6	NP_001293162	2.589e-07	AF-G5ECJ6-F1-model_v6
GCF_000002985.6	rank00071_coA_proteinbinders_3418_A	G5ECJ6	NP_001379977	2.589e-07	AF-G5ECJ6-F1-model_v6
GCF_000002985.6	rank00071_coA_proteinbinders_3418_A	O45539	NP_493502	4.442e-07	AF-O45539-F1-model_v6
GCF_000002985.6	rank00071_coA_proteinbinders_3418_A	G5EE56-2	NP_001364829	8.092e-07	AF-G5EE56-2-F1-model_v6
GCF_000002985.6	rank00071_coA_proteinbinders_3418_A	G5EE56-3	NP_001293421	1.092e-06	AF-G5EE56-3-F1-model_v6
GCF_000002985.6	rank00071_coA_proteinbinders_3418_A	G5EE56	NP_001293421	2.685e-06	AF-G5EE56-F1-model_v6
GCF_000002985.6	rank00071_coA_proteinbinders_3418_A	G5EE56	NP_001293422	2.685e-06	AF-G5EE56-F1-model_v6
GCF_000002985.6	rank00071_coA_proteinbinders_3418_A	G5EE56	NP_001364774	2.685e-06	AF-G5EE56-F1-model_v6
GCF_000002985.6	rank00071_coA_proteinbinders_3418_A	G5EE56	NP_001364829	2.685e-06	AF-G5EE56-F1-model_v6
GCF_000003025.6	rank00015_coA_proteinbinders_3420_A	A1Y2K1	NP_001073675	9.134e-06	AF-A1Y2K1-F1-model_v6
GCF_000003025.6	rank00015_coA_proteinbinders_3420_A	A1Y2K1	XP_020940006	9.134e-06	AF-A1Y2K1-F1-model_v6
GCF_000003025.6	rank00015_coA_proteinbinders_3420_A	A1Y2K1	XP_020940009	9.134e-06	AF-A1Y2K1-F1-model_v6
GCF_000003025.6	rank00015_coA_proteinbinders_3420_A	A1Y2K1	XP_020940020	9.134e-06	AF-A1Y2K1-F1-model_v6
GCF_000003025.6	rank00062_coA_proteinbinders_2870_A	P63053	NP_999376	9.289e-06	AF-P63053-F1-model_v6
GCF_000003025.6	rank00062_coA_proteinbinders_2870_A	P63053	XP_005652973	9.289e-06	AF-P63053-F1-model_v6
GCF_000003025.6	rank00062_coA_proteinbinders_2870_A	P63053	XP_013846724	9.289e-06	AF-P63053-F1-model_v6
GCF_000003025.6	rank00062_coA_proteinbinders_2870_A	P63053	XP_013846730	9.289e-06	AF-P63053-F1-model_v6
GCF_000003025.6	rank00065_coA_proteinbinders_4978_A	A1Y2K1	NP_001073675	3.472e-09	AF-A1Y2K1-F1-model_v6
GCF_000003025.6	rank00065_coA_proteinbinders_4978_A	A1Y2K1	XP_020940006	3.472e-09	AF-A1Y2K1-F1-model_v6
GCF_000003025.6	rank00065_coA_proteinbinders_4978_A	A1Y2K1	XP_020940009	3.472e-09	AF-A1Y2K1-F1-model_v6
GCF_000003025.6	rank00065_coA_proteinbinders_4978_A	A1Y2K1	XP_020940020	3.472e-09	AF-A1Y2K1-F1-model_v6
GCF_000003025.6	rank00065_coA_proteinbinders_4978_A	Q06AA1	NP_001072143	2.083e-07	AF-Q06AA1-F1-model_v6
GCF_000003025.6	rank00065_coA_proteinbinders_4978_A	Q00655	NP_001098422	3.681e-06	AF-Q00655-F1-model_v6
GCF_000003025.6	rank00065_coA_proteinbinders_4978_A	B5KFD7	NP_001128437	3.913e-06	AF-B5KFD7-F1-model_v6
GCF_000003025.6	rank00065_coA_proteinbinders_4978_A	B5KFD7	XP_020957614	3.913e-06	AF-B5KFD7-F1-model_v6
GCF_000003025.6	rank00065_coA_proteinbinders_4978_A	B5KFD7	XP_020957615	3.913e-06	AF-B5KFD7-F1-model_v6
GCF_000003025.6	rank00065_coA_proteinbinders_4978_A	B5KFD7	XP_020957616	3.913e-06	AF-B5KFD7-F1-model_v6
GCF_000003025.6	rank00065_coA_proteinbinders_4978_A	B5KFD7	XP_020957617	3.913e-06	AF-B5KFD7-F1-model_v6
GCF_000003025.6	rank00065_coA_proteinbinders_4978_A	B5KFD7	XP_020957618	3.913e-06	AF-B5KFD7-F1-model_v6
GCF_000003025.6	rank00065_coA_proteinbinders_4978_A	B5KFD7	XP_020957619	3.913e-06	AF-B5KFD7-F1-model_v6
GCF_000003025.6	rank00065_coA_proteinbinders_4978_A	B5KFD7	XP_020957620	3.913e-06	AF-B5KFD7-F1-model_v6
GCF_000003025.6	rank00065_coA_proteinbinders_4978_A	B5KFD7	XP_020957624	3.913e-06	AF-B5KFD7-F1-model_v6
GCF_000003025.6	rank00065_coA_proteinbinders_4978_A	B5KFD7	XP_020957625	3.913e-06	AF-B5KFD7-F1-model_v6
GCF_000003025.6	rank00065_coA_proteinbinders_4978_A	D7PF45	NP_001177208	8.661e-06	AF-D7PF45-F1-model_v6
GCF_000003025.6	rank00065_coA_proteinbinders_4978_A	B5KFD7-2	XP_020957616	9.207e-06	AF-B5KFD7-2-F1-model_v6
GCF_000003025.6	rank00065_coA_proteinbinders_4978_A	B5KFD7-2	XP_020957617	9.207e-06	AF-B5KFD7-2-F1-model_v6
GCF_000003025.6	rank00065_coA_proteinbinders_4978_A	B5KFD7-2	XP_020957618	9.207e-06	AF-B5KFD7-2-F1-model_v6
GCF_000003025.6	rank00065_coA_proteinbinders_4978_A	B5KFD7-2	XP_020957624	9.207e-06	AF-B5KFD7-2-F1-model_v6
GCF_000003025.6	rank00065_coA_proteinbinders_4978_A	B5KFD7-2	XP_020957625	9.207e-06	AF-B5KFD7-2-F1-model_v6
GCF_000003025.6	rank00071_coA_proteinbinders_3418_A	A1Y2K1	NP_001073675	7.348e-08	AF-A1Y2K1-F1-model_v6
GCF_000003025.6	rank00071_coA_proteinbinders_3418_A	A1Y2K1	XP_020940006	7.348e-08	AF-A1Y2K1-F1-model_v6
GCF_000003025.6	rank00071_coA_proteinbinders_3418_A	A1Y2K1	XP_020940009	7.348e-08	AF-A1Y2K1-F1-model_v6
GCF_000003025.6	rank00071_coA_proteinbinders_3418_A	A1Y2K1	XP_020940020	7.348e-08	AF-A1Y2K1-F1-model_v6
GCF_000003025.6	rank00071_coA_proteinbinders_3418_A	Q06AA1	NP_001072143	4.442e-07	AF-Q06AA1-F1-model_v6
GCF_000003025.6	rank00071_coA_proteinbinders_3418_A	Q00655	NP_001098422	2.851e-06	AF-Q00655-F1-model_v6
GCF_000003025.6	rank00071_coA_proteinbinders_3418_A	B5KFD7-2	XP_020957616	3.848e-06	AF-B5KFD7-2-F1-model_v6
GCF_000003025.6	rank00071_coA_proteinbinders_3418_A	B5KFD7-2	XP_020957617	3.848e-06	AF-B5KFD7-2-F1-model_v6
GCF_000003025.6	rank00071_coA_proteinbinders_3418_A	B5KFD7-2	XP_020957618	3.848e-06	AF-B5KFD7-2-F1-model_v6
GCF_000003025.6	rank00071_coA_proteinbinders_3418_A	B5KFD7-2	XP_020957624	3.848e-06	AF-B5KFD7-2-F1-model_v6
GCF_000003025.6	rank00071_coA_proteinbinders_3418_A	B5KFD7-2	XP_020957625	3.848e-06	AF-B5KFD7-2-F1-model_v6
GCF_000003025.6	rank00071_coA_proteinbinders_3418_A	B5KFD7	NP_001128437	6.602e-06	AF-B5KFD7-F1-model_v6
GCF_000003025.6	rank00071_coA_proteinbinders_3418_A	B5KFD7	XP_020957614	6.602e-06	AF-B5KFD7-F1-model_v6
GCF_000003025.6	rank00071_coA_proteinbinders_3418_A	B5KFD7	XP_020957615	6.602e-06	AF-B5KFD7-F1-model_v6
GCF_000003025.6	rank00071_coA_proteinbinders_3418_A	B5KFD7	XP_020957616	6.602e-06	AF-B5KFD7-F1-model_v6
GCF_000003025.6	rank00071_coA_proteinbinders_3418_A	B5KFD7	XP_020957617	6.602e-06	AF-B5KFD7-F1-model_v6
GCF_000003025.6	rank00071_coA_proteinbinders_3418_A	B5KFD7	XP_020957618	6.602e-06	AF-B5KFD7-F1-model_v6
GCF_000003025.6	rank00071_coA_proteinbinders_3418_A	B5KFD7	XP_020957619	6.602e-06	AF-B5KFD7-F1-model_v6
GCF_000003025.6	rank00071_coA_proteinbinders_3418_A	B5KFD7	XP_020957620	6.602e-06	AF-B5KFD7-F1-model_v6
GCF_000003025.6	rank00071_coA_proteinbinders_3418_A	B5KFD7	XP_020957624	6.602e-06	AF-B5KFD7-F1-model_v6
GCF_000003025.6	rank00071_coA_proteinbinders_3418_A	B5KFD7	XP_020957625	6.602e-06	AF-B5KFD7-F1-model_v6
GCF_000004195.4	rank00026_coA_proteinbinders_0466_A	Q5M8Z0	NP_001011217	6.959e-06	AF-Q5M8Z0-F1-model_v6
GCF_000004195.4	rank00065_coA_proteinbinders_4978_A	Q66II3	NP_001008130	1.303e-06	AF-Q66II3-F1-model_v6
GCF_000004195.4	rank00065_coA_proteinbinders_4978_A	Q66II3	XP_012827139	1.303e-06	AF-Q66II3-F1-model_v6
GCF_000004195.4	rank00065_coA_proteinbinders_4978_A	Q66II3	XP_012827140	1.303e-06	AF-Q66II3-F1-model_v6
GCF_000004195.4	rank00065_coA_proteinbinders_4978_A	Q66II3	XP_012827142	1.303e-06	AF-Q66II3-F1-model_v6
GCF_000004695.1	rank00015_coA_proteinbinders_3420_A	P42522	XP_643060	7.222e-06	AF-P42522-F1-model_v6
GCF_000004695.1	rank00062_coA_proteinbinders_2870_A	P14797	XP_642815	6.265e-06	AF-P14797-F1-model_v6
GCF_000004695.1	rank00062_coA_proteinbinders_2870_A	P0CG78	XP_636210	9.289e-06	AF-P0CG78-F1-model_v6
GCF_000004695.1	rank00071_coA_proteinbinders_3418_A	Q54RB7	XP_639130	2.685e-06	AF-Q54RB7-F1-model_v6
GCF_000006685.1	rank00026_coA_proteinbinders_0466_A	Q9PKH8	WP_010230582	5.581e-06	AF-Q9PKH8-F1-model_v6
GCF_000006685.1	rank00026_coA_proteinbinders_0466_A	Q9PKY3	WP_010230169	6.232e-06	AF-Q9PKY3-F1-model_v6
GCF_000006765.1	rank00059_coA_proteinbinders_2908_A	P47204	NP_253097	3.553e-06	AF-P47204-F1-model_v6
GCF_000006885.1	rank00026_coA_proteinbinders_0466_A	P66921	WP_001078223	2.439e-06	AF-P66921-F1-model_v6
GCF_000006885.1	rank00026_coA_proteinbinders_0466_A	P66920	WP_001078223	4.729e-06	AF-P66920-F1-model_v6
GCF_000006945.2	rank00026_coA_proteinbinders_0466_A	P58687	NP_460324	9.691e-06	AF-P58687-F1-model_v6
GCF_000006965.1	rank00026_coA_proteinbinders_0466_A	Q59754	WP_010968929	9.171e-06	AF-Q59754-F1-model_v6
GCF_000007205.1	rank00026_coA_proteinbinders_0466_A	Q9Z8H0	WP_010883016	6.959e-06	AF-Q9Z8H0-F1-model_v6
GCF_000007285.1	rank00079_coA_proteinbinders_2135_A	P68906	WP_002982850	3.383e-06	AF-P68906-F1-model_v6
GCF_000007365.1	rank00059_coA_proteinbinders_2908_A	O51929	WP_011053737	8.846e-06	AF-O51929-F1-model_v6
GCF_000007425.1	rank00079_coA_proteinbinders_2135_A	P0CZ59	WP_011054987	4.016e-06	AF-P0CZ59-F1-model_v6
GCF_000007425.1	rank00079_coA_proteinbinders_2135_A	P0CZ58	WP_011054987	5.662e-06	AF-P0CZ58-F1-model_v6
GCF_000007445.1	rank00026_coA_proteinbinders_0466_A	Q1RBA3	WP_000860194	8.212e-06	AF-Q1RBA3-F1-model_v6
GCF_000007585.1	rank00026_coA_proteinbinders_0466_A	Q7MVT7	WP_005874381	2.439e-06	AF-Q7MVT7-F1-model_v6
GCF_000007605.1	rank00026_coA_proteinbinders_0466_A	Q823I7	WP_011006385	2.308e-06	AF-Q823I7-F1-model_v6
GCF_000007625.1	rank00026_coA_proteinbinders_0466_A	Q893R0	WP_035109414	1.657e-06	AF-Q893R0-F1-model_v6
GCF_000007645.1	rank00009_coA_proteinbinders_4625_A	Q5HM97	WP_001829938	5.383e-06	AF-Q5HM97-F1-model_v6
GCF_000007645.1	rank00009_coA_proteinbinders_4625_A	Q8CNI3	WP_001829938	6.036e-06	AF-Q8CNI3-F1-model_v6
GCF_000007645.1	rank00010_coA_proteinbinders_4625_A	Q5HM97	WP_001829938	5.383e-06	AF-Q5HM97-F1-model_v6
GCF_000007645.1	rank00010_coA_proteinbinders_4625_A	Q8CNI3	WP_001829938	6.036e-06	AF-Q8CNI3-F1-model_v6
GCF_000007645.1	rank00079_coA_proteinbinders_2135_A	Q5HM97	WP_001829938	8.95e-06	AF-Q5HM97-F1-model_v6
GCF_000007645.1	rank00079_coA_proteinbinders_2135_A	Q8CNI3	WP_001829938	8.95e-06	AF-Q8CNI3-F1-model_v6
GCF_000007765.2	rank00079_coA_proteinbinders_2135_A	Q83CY0	NP_819979	5.05e-06	AF-Q83CY0-F1-model_v6
GCF_000007785.1	rank00026_coA_proteinbinders_0466_A	Q830K5	WP_010714091	4.998e-06	AF-Q830K5-F1-model_v6
GCF_000007805.1	rank00026_coA_proteinbinders_0466_A	Q87VY6	WP_005763279	2.878e-06	AF-Q87VY6-F1-model_v6
GCF_000008105.1	rank00026_coA_proteinbinders_0466_A	Q57PS8	WP_000860219	7.772e-06	AF-Q57PS8-F1-model_v6
GCF_000008425.1	rank00079_coA_proteinbinders_2135_A	Q65D09	WP_003177802	8.453e-06	AF-Q65D09-F1-model_v6
GCF_000008565.1	rank00079_coA_proteinbinders_2135_A	Q9RX14	WP_010887146	7.982e-06	AF-Q9RX14-F1-model_v6
GCF_000008645.1	rank00009_coA_proteinbinders_4625_A	O26244	WP_010875780	4.281e-06	AF-O26244-F1-model_v6
GCF_000008645.1	rank00010_coA_proteinbinders_4625_A	O26244	WP_010875780	4.281e-06	AF-O26244-F1-model_v6
GCF_000008725.1	rank00026_coA_proteinbinders_0466_A	O84060	NP_219560	7.772e-06	AF-O84060-F1-model_v6
GCF_000008765.1	rank00026_coA_proteinbinders_0466_A	Q97LQ9	WP_010963817	3.792e-06	AF-Q97LQ9-F1-model_v6
GCF_000009045.1	rank00058_coA_proteinbinders_3553_A	P14802	NP_389732	3.498e-06	AF-P14802-F1-model_v6
GCF_000009045.1	rank00079_coA_proteinbinders_2135_A	P42420	NP_391846	2.266e-06	AF-P42420-F1-model_v6
GCF_000009485.1	rank00079_coA_proteinbinders_2135_A	B4E8N4	WP_012492588	4.253e-06	AF-B4E8N4-F1-model_v6
GCF_000009505.1	rank00026_coA_proteinbinders_0466_A	A9N159	WP_000860224	8.678e-06	AF-A9N159-F1-model_v6
GCF_000009505.1	rank00026_coA_proteinbinders_0466_A	B4TUS2	WP_000860224	9.171e-06	AF-B4TUS2-F1-model_v6
GCF_000009645.1	rank00079_coA_proteinbinders_2135_A	Q6GEV0	WP_001131841	1.607e-06	AF-Q6GEV0-F1-model_v6
GCF_000009825.1	rank00079_coA_proteinbinders_2135_A	Q5WKY5	WP_011245289	7.119e-06	AF-Q5WKY5-F1-model_v6
GCF_000009885.1	rank00026_coA_proteinbinders_0466_A	A6TEF4	WP_002917968	2.577e-06	AF-A6TEF4-F1-model_v6
GCF_000009945.1	rank00026_coA_proteinbinders_0466_A	Q254D2	WP_011458136	7.653e-07	AF-Q254D2-F1-model_v6
GCF_000010045.1	rank00026_coA_proteinbinders_0466_A	Q24XQ0	WP_005816649	8.088e-07	AF-Q24XQ0-F1-model_v6
GCF_000010065.1	rank00026_coA_proteinbinders_0466_A	Q5N1J0	WP_011243950	8.678e-06	AF-Q5N1J0-F1-model_v6
GCF_000010125.1	rank00026_coA_proteinbinders_0466_A	Q49W41	WP_011303550	8.212e-06	AF-Q49W41-F1-model_v6
GCF_000010385.1	rank00009_coA_proteinbinders_4625_A	B1XGU9	WP_000022766	6.768e-06	AF-B1XGU9-F1-model_v6
GCF_000010385.1	rank00010_coA_proteinbinders_4625_A	B1XGU9	WP_000022766	6.768e-06	AF-B1XGU9-F1-model_v6
GCF_000010385.1	rank00026_coA_proteinbinders_0466_A	Q1R6K0	WP_000022766	6.959e-06	AF-Q1R6K0-F1-model_v6
GCF_000010385.1	rank00026_coA_proteinbinders_0466_A	P0AB75	WP_000022766	8.678e-06	AF-P0AB75-F1-model_v6
GCF_000010385.1	rank00026_coA_proteinbinders_0466_A	A1AG46	WP_000022766	8.678e-06	AF-A1AG46-F1-model_v6
GCF_000010385.1	rank00026_coA_proteinbinders_0466_A	B1XGU9	WP_000022766	9.171e-06	AF-B1XGU9-F1-model_v6
GCF_000010385.1	rank00026_coA_proteinbinders_0466_A	A8A4V3	WP_000022766	9.691e-06	AF-A8A4V3-F1-model_v6
GCF_000010625.1	rank00009_coA_proteinbinders_4625_A	B0JGK2	WP_012267775	2.709e-06	AF-B0JGK2-F1-model_v6
GCF_000010625.1	rank00010_coA_proteinbinders_4625_A	B0JGK2	WP_012267775	2.709e-06	AF-B0JGK2-F1-model_v6
GCF_000011085.1	rank00026_coA_proteinbinders_0466_A	Q5V0G6	WP_011224052	9.691e-06	AF-Q5V0G6-F1-model_v6
GCF_000011105.1	rank00009_coA_proteinbinders_4625_A	O58878	WP_010885241	6.391e-06	AF-O58878-F1-model_v6
GCF_000011105.1	rank00010_coA_proteinbinders_4625_A	O58878	WP_010885241	6.391e-06	AF-O58878-F1-model_v6
GCF_000011105.1	rank00026_coA_proteinbinders_0466_A	O58878	WP_010885241	6.854e-07	AF-O58878-F1-model_v6
GCF_000011125.1	rank00079_coA_proteinbinders_2135_A	Q9Y8T3	WP_010867079	9.603e-07	AF-Q9Y8T3-F1-model_v6
GCF_000011185.1	rank00026_coA_proteinbinders_0466_A	Q97BE8	WP_010916766	2.723e-06	AF-Q97BE8-F1-model_v6
GCF_000011305.1	rank00026_coA_proteinbinders_0466_A	Q8FTH8	WP_006767589	2.184e-06	AF-Q8FTH8-F1-model_v6
GCF_000011385.1	rank00026_coA_proteinbinders_0466_A	Q7NFA4	WP_011143611	8.212e-06	AF-Q7NFA4-F1-model_v6
GCF_000011545.1	rank00079_coA_proteinbinders_2135_A	A3NUS1	WP_004534868	6.723e-06	AF-A3NUS1-F1-model_v6
GCF_000011545.1	rank00079_coA_proteinbinders_2135_A	Q63TV1	WP_004534868	9.478e-06	AF-Q63TV1-F1-model_v6
GCF_000011585.1	rank00026_coA_proteinbinders_0466_A	P61413	WP_011171083	6.586e-06	AF-P61413-F1-model_v6
GCF_000011665.1	rank00079_coA_proteinbinders_2135_A	Q5XA12	WP_011184946	5.05e-06	AF-Q5XA12-F1-model_v6
GCF_000011705.1	rank00079_coA_proteinbinders_2135_A	A1V4A5	WP_004193208	8.453e-06	AF-A1V4A5-F1-model_v6
GCF_000012185.1	rank00079_coA_proteinbinders_2135_A	Q4QKB5	WP_005656693	8.95e-06	AF-Q4QKB5-F1-model_v6
GCF_000012205.1	rank00026_coA_proteinbinders_0466_A	Q48DP2	WP_002555311	3.792e-06	AF-Q48DP2-F1-model_v6
GCF_000012245.1	rank00026_coA_proteinbinders_0466_A	Q4ZNA1	WP_003368782	2.439e-06	AF-Q4ZNA1-F1-model_v6
GCF_000012445.1	rank00026_coA_proteinbinders_0466_A	Q3K6C1	WP_011336080	3.589e-06	AF-Q3K6C1-F1-model_v6
GCF_000012485.1	rank00026_coA_proteinbinders_0466_A	Q3B4B1	WP_011357694	5.808e-07	AF-Q3B4B1-F1-model_v6
GCF_000012825.1	rank00026_coA_proteinbinders_0466_A	A6L089	WP_011965170	1.126e-06	AF-A6L089-F1-model_v6
GCF_000013725.1	rank00026_coA_proteinbinders_0466_A	Q12UJ8	WP_011500019	4.475e-06	AF-Q12UJ8-F1-model_v6
GCF_000014125.1	rank00026_coA_proteinbinders_0466_A	A0Q2A0	WP_011722740	2.878e-06	AF-A0Q2A0-F1-model_v6
GCF_000014525.1	rank00026_coA_proteinbinders_0466_A	Q03CB2	WP_011674047	7.772e-06	AF-Q03CB2-F1-model_v6
GCF_000014625.1	rank00079_coA_proteinbinders_2135_A	Q02PL5	WP_003138558	6.723e-06	AF-Q02PL5-F1-model_v6
GCF_000014765.1	rank00026_coA_proteinbinders_0466_A	Q0AFV0	WP_011634588	3.589e-06	AF-Q0AFV0-F1-model_v6
GCF_000015365.1	rank00026_coA_proteinbinders_0466_A	A1TYG6	WP_011784217	6.959e-06	AF-A1TYG6-F1-model_v6
GCF_000015505.1	rank00079_coA_proteinbinders_2135_A	A1VQJ1	WP_011801996	7.119e-06	AF-A1VQJ1-F1-model_v6
GCF_000015745.1	rank00026_coA_proteinbinders_0466_A	A4IPP2	WP_008880587	6.959e-06	AF-A4IPP2-F1-model_v6
GCF_000015845.1	rank00079_coA_proteinbinders_2135_A	A3D5B9	WP_011846979	8.453e-06	AF-A3D5B9-F1-model_v6
GCF_000016525.1	rank00026_coA_proteinbinders_0466_A	A5ULP4	WP_011954170	1.009e-06	AF-A5ULP4-F1-model_v6
GCF_000016645.1	rank00026_coA_proteinbinders_0466_A	A5FJJ1	WP_012023676	9.691e-06	AF-A5FJJ1-F1-model_v6
GCF_000016665.1	rank00026_coA_proteinbinders_0466_A	A5UUL3	WP_011956662	4.998e-06	AF-A5UUL3-F1-model_v6
GCF_000016965.1	rank00026_coA_proteinbinders_0466_A	A6M1W6	WP_012060643	4.235e-06	AF-A6M1W6-F1-model_v6
GCF_000017105.1	rank00079_coA_proteinbinders_2135_A	B6J754	WP_005768550	1.802e-06	AF-B6J754-F1-model_v6
GCF_000017105.1	rank00079_coA_proteinbinders_2135_A	B6J0A5	WP_005768550	4.504e-06	AF-B6J0A5-F1-model_v6
GCF_000017105.1	rank00079_coA_proteinbinders_2135_A	A9KCF2	WP_005768550	4.769e-06	AF-A9KCF2-F1-model_v6
GCF_000017105.1	rank00079_coA_proteinbinders_2135_A	Q83CY0	WP_005768550	5.05e-06	AF-Q83CY0-F1-model_v6
GCF_000017805.1	rank00026_coA_proteinbinders_0466_A	A7NRF7	WP_012122574	2.577e-06	AF-A7NRF7-F1-model_v6
GCF_000017845.1	rank00009_coA_proteinbinders_4625_A	B1WQQ4	WP_009543901	1.921e-06	AF-B1WQQ4-F1-model_v6
GCF_000017845.1	rank00010_coA_proteinbinders_4625_A	B1WQQ4	WP_009543901	1.921e-06	AF-B1WQQ4-F1-model_v6
GCF_000017845.1	rank00026_coA_proteinbinders_0466_A	B1WQF1	WP_009544989	1.258e-06	AF-B1WQF1-F1-model_v6
GCF_000018305.1	rank00009_coA_proteinbinders_4625_A	A8M9N4	WP_012185135	8.509e-06	AF-A8M9N4-F1-model_v6
GCF_000018305.1	rank00010_coA_proteinbinders_4625_A	A8M9N4	WP_012185135	8.509e-06	AF-A8M9N4-F1-model_v6
GCF_000018305.1	rank00026_coA_proteinbinders_0466_A	A8M9N4	WP_012185135	2.577e-06	AF-A8M9N4-F1-model_v6
GCF_000018325.1	rank00026_coA_proteinbinders_0466_A	A8MK92	WP_012160531	1.19e-06	AF-A8MK92-F1-model_v6
GCF_000018325.1	rank00026_coA_proteinbinders_0466_A	A8MJ87	WP_012160176	2.308e-06	AF-A8MJ87-F1-model_v6
GCF_000018865.1	rank00026_coA_proteinbinders_0466_A	A9WDL8	WP_012256280	5.897e-06	AF-A9WDL8-F1-model_v6
GCF_000019325.1	rank00026_coA_proteinbinders_0466_A	B0U2A9	WP_004085059	3.396e-06	AF-B0U2A9-F1-model_v6
GCF_000019485.1	rank00009_coA_proteinbinders_4625_A	B1XLQ9	WP_012306975	8.036e-06	AF-B1XLQ9-F1-model_v6
GCF_000019485.1	rank00010_coA_proteinbinders_4625_A	B1XLQ9	WP_012306975	8.036e-06	AF-B1XLQ9-F1-model_v6
GCF_000019925.1	rank00079_coA_proteinbinders_2135_A	Q0BFR0	WP_006751029	6.349e-06	AF-Q0BFR0-F1-model_v6
GCF_000020045.1	rank00079_coA_proteinbinders_2135_A	B2JKL9	WP_012401056	8.453e-06	AF-B2JKL9-F1-model_v6
GCF_000020225.1	rank00079_coA_proteinbinders_2135_A	B2UNA2	WP_012419429	8.453e-06	AF-B2UNA2-F1-model_v6
GCF_000020465.1	rank00026_coA_proteinbinders_0466_A	B3ED41	WP_012466343	1.484e-06	AF-B3ED41-F1-model_v6
GCF_000021045.1	rank00079_coA_proteinbinders_2135_A	C1DDY1	WP_012700511	9.478e-06	AF-C1DDY1-F1-model_v6
GCF_000021925.1	rank00026_coA_proteinbinders_0466_A	B8FUD4	WP_015944076	1.751e-06	AF-B8FUD4-F1-model_v6
GCF_000022065.1	rank00026_coA_proteinbinders_0466_A	B8I3J4	WP_015925441	4.171e-07	AF-B8I3J4-F1-model_v6
GCF_000025965.1	rank00079_coA_proteinbinders_2135_A	Q5P1A9	WP_011238588	2.691e-06	AF-Q5P1A9-F1-model_v6
GCF_000026045.1	rank00026_coA_proteinbinders_0466_A	Q3IP34	WP_011323734	4.008e-06	AF-Q3IP34-F1-model_v6
GCF_000026105.1	rank00026_coA_proteinbinders_0466_A	Q1I4H6	WP_011535822	9.171e-06	AF-Q1I4H6-F1-model_v6
GCF_000026185.1	rank00079_coA_proteinbinders_2135_A	B2VBT9	WP_012441981	7.982e-06	AF-B2VBT9-F1-model_v6
GCF_000026645.1	rank00079_coA_proteinbinders_2135_A	B7UWL8	WP_003103236	8.95e-06	AF-B7UWL8-F1-model_v6
GCF_000063445.1	rank00026_coA_proteinbinders_0466_A	Q0W1L8	WP_012034861	5.897e-06	AF-Q0W1L8-F1-model_v6
GCF_000070465.1	rank00026_coA_proteinbinders_0466_A	Q2KUS6	WP_012418653	7.354e-06	AF-Q2KUS6-F1-model_v6
GCF_000091045.1	rank00062_coA_proteinbinders_2870_A	P40909	XP_566660	8.146e-06	AF-P40909-F1-model_v6
GCF_000091225.1	rank00062_coA_proteinbinders_2870_A	Q8SWD4	NP_584600	5.495e-06	AF-Q8SWD4-F1-model_v6
GCF_000091545.1	rank00079_coA_proteinbinders_2135_A	Q53WI0	WP_011229063	5.662e-06	AF-Q53WI0-F1-model_v6
GCF_000093005.1	rank00026_coA_proteinbinders_0466_A	O84060	WP_010725012	7.772e-06	AF-O84060-F1-model_v6
GCF_000146045.2	rank00062_coA_proteinbinders_2870_A	P0CH08	NP_012118	3.706e-06	AF-P0CH08-F1-model_v6
GCF_000146045.2	rank00062_coA_proteinbinders_2870_A	P05759	NP_013268	5.495e-06	AF-P05759-F1-model_v6
GCF_000146045.2	rank00062_coA_proteinbinders_2870_A	P0CH09	NP_013020	5.867e-06	AF-P0CH09-F1-model_v6
GCF_000182925.2	rank00062_coA_proteinbinders_2870_A	P0C224	XP_961912	6.69e-06	AF-P0C224-F1-model_v6
GCF_000182925.2	rank00062_coA_proteinbinders_2870_A	P14799	XP_011395193	7.144e-06	AF-P14799-F1-model_v6
GCF_000182925.2	rank00062_coA_proteinbinders_2870_A	P14799	XP_011395194	7.144e-06	AF-P14799-F1-model_v6
GCF_000182965.3	rank00062_coA_proteinbinders_2870_A	Q5A109	XP_715397	8.699e-06	AF-Q5A109-F1-model_v6
GCF_000195935.2	rank00026_coA_proteinbinders_0466_A	Q9UZQ5	WP_010868208	1.329e-06	AF-Q9UZQ5-F1-model_v6
GCF_000196135.1	rank00026_coA_proteinbinders_0466_A	Q7M9N9	WP_011138699	5.581e-06	AF-Q7M9N9-F1-model_v6
GCF_000196355.1	rank00026_coA_proteinbinders_0466_A	Q2Y5Q6	WP_011381912	8.212e-06	AF-Q2Y5Q6-F1-model_v6
GCF_000203855.3	rank00026_coA_proteinbinders_0466_A	Q88SD8	WP_011102187	3.792e-06	AF-Q88SD8-F1-model_v6
GCF_000203955.1	rank00079_coA_proteinbinders_2135_A	A0K729	WP_041489191	7.982e-06	AF-A0K729-F1-model_v6
GCF_000204075.1	rank00009_coA_proteinbinders_4625_A	Q3MBA3	WP_011318900	6.036e-06	AF-Q3MBA3-F1-model_v6
GCF_000204075.1	rank00010_coA_proteinbinders_4625_A	Q3MBA3	WP_011318900	6.036e-06	AF-Q3MBA3-F1-model_v6
GCF_000223135.1	rank00062_coA_proteinbinders_2870_A	P62976	NP_001231310	8.146e-06	AF-P62976-F1-model_v6
GCF_000338115.2	rank00058_coA_proteinbinders_3553_A	P0DX40	WP_003641673	4.181e-06	AF-P0DX40-F1-model_v6
GCF_000418615.1	rank00009_coA_proteinbinders_4625_A	B7NDC5	WP_000022773	4.281e-06	AF-B7NDC5-F1-model_v6
GCF_000418615.1	rank00009_coA_proteinbinders_4625_A	B1LFP2	WP_000022773	6.036e-06	AF-B1LFP2-F1-model_v6
GCF_000418615.1	rank00010_coA_proteinbinders_4625_A	B7NDC5	WP_000022773	4.281e-06	AF-B7NDC5-F1-model_v6
GCF_000418615.1	rank00010_coA_proteinbinders_4625_A	B1LFP2	WP_000022773	6.036e-06	AF-B1LFP2-F1-model_v6
GCF_000418615.1	rank00026_coA_proteinbinders_0466_A	B7NDC5	WP_000022773	6.586e-06	AF-B7NDC5-F1-model_v6
GCF_000430145.1	rank00026_coA_proteinbinders_0466_A	P58687	WP_000860225	9.691e-06	AF-P58687-F1-model_v6
GCF_000439855.1	rank00059_coA_proteinbinders_2908_A	P47204	WP_003094113	3.553e-06	AF-P47204-F1-model_v6
GCF_000494835.1	rank00026_coA_proteinbinders_0466_A	A7Z2G6	WP_012117075	4.008e-06	AF-A7Z2G6-F1-model_v6
GCF_000494835.1	rank00079_coA_proteinbinders_2135_A	A7ZAH2	WP_012118840	2.691e-06	AF-A7ZAH2-F1-model_v6
GCF_000497345.1	rank00058_coA_proteinbinders_3553_A	P14802	WP_004399223	3.498e-06	AF-P14802-F1-model_v6
GCF_000497485.1	rank00009_coA_proteinbinders_4625_A	O06745	WP_003245847	4.864e-07	AF-O06745-F1-model_v6
GCF_000497485.1	rank00010_coA_proteinbinders_4625_A	O06745	WP_003245847	4.864e-07	AF-O06745-F1-model_v6
GCF_000497485.1	rank00079_coA_proteinbinders_2135_A	P42420	WP_003242766	2.266e-06	AF-P42420-F1-model_v6
GCF_000510285.1	rank00058_coA_proteinbinders_3553_A	P08088	WP_012052597	1.433e-06	AF-P08088-F1-model_v6
GCF_000971705.1	rank00026_coA_proteinbinders_0466_A	B0BB44	WP_012263592	5.581e-06	AF-B0BB44-F1-model_v6
GCF_001660625.3	rank00062_coA_proteinbinders_2870_A	P68200	NP_001187222	8.699e-06	AF-P68200-F1-model_v6
GCF_001723055.1	rank00058_coA_proteinbinders_3553_A	Q9L9F7	WP_079127918	9.064e-06	AF-Q9L9F7-F1-model_v6
GCF_002263795.1	rank00026_coA_proteinbinders_0466_A	Q5I597	NP_001011679	8.678e-06	AF-Q5I597-F1-model_v6
GCF_002263795.1	rank00062_coA_proteinbinders_2870_A	P62992	NP_777203	4.513e-06	AF-P62992-F1-model_v6
GCF_002263795.1	rank00062_coA_proteinbinders_2870_A	P62992	XP_005212615	4.513e-06	AF-P62992-F1-model_v6
GCF_002263795.1	rank00062_coA_proteinbinders_2870_A	P63048	NP_001069831	6.69e-06	AF-P63048-F1-model_v6
GCF_002263795.1	rank00062_coA_proteinbinders_2870_A	P0CH28	NP_001193236	9.919e-06	AF-P0CH28-F1-model_v6
GCF_002263795.1	rank00065_coA_proteinbinders_4978_A	A0JNB0	NP_001071440	6.8e-09	AF-A0JNB0-F1-model_v6
GCF_002263795.1	rank00065_coA_proteinbinders_4978_A	A0JNB0	XP_005210845	6.8e-09	AF-A0JNB0-F1-model_v6
GCF_002263795.1	rank00065_coA_proteinbinders_4978_A	A0JNB0	XP_005210846	6.8e-09	AF-A0JNB0-F1-model_v6
GCF_002263795.1	rank00065_coA_proteinbinders_4978_A	A0JNB0	XP_059745713	6.8e-09	AF-A0JNB0-F1-model_v6
GCF_002263795.1	rank00065_coA_proteinbinders_4978_A	Q3ZBB1	NP_001029905	3.195e-07	AF-Q3ZBB1-F1-model_v6
GCF_002263795.1	rank00065_coA_proteinbinders_4978_A	Q1RMW5	NP_001039479	8.148e-06	AF-Q1RMW5-F1-model_v6
GCF_002263795.1	rank00071_coA_proteinbinders_3418_A	A0JNB0	NP_001071440	4.034e-08	AF-A0JNB0-F1-model_v6
GCF_002263795.1	rank00071_coA_proteinbinders_3418_A	A0JNB0	XP_005210845	4.034e-08	AF-A0JNB0-F1-model_v6
GCF_002263795.1	rank00071_coA_proteinbinders_3418_A	A0JNB0	XP_005210846	4.034e-08	AF-A0JNB0-F1-model_v6
GCF_002263795.1	rank00071_coA_proteinbinders_3418_A	A0JNB0	XP_059745713	4.034e-08	AF-A0JNB0-F1-model_v6
GCF_002263795.1	rank00071_coA_proteinbinders_3418_A	Q3ZBB1	NP_001029905	8.092e-07	AF-Q3ZBB1-F1-model_v6
GCF_002263795.1	rank00071_coA_proteinbinders_3418_A	Q5ICW4	NP_001011681	3.624e-06	AF-Q5ICW4-F1-model_v6
GCF_002263795.1	rank00071_coA_proteinbinders_3418_A	Q1RMW5	NP_001039479	3.624e-06	AF-Q1RMW5-F1-model_v6
GCF_002263795.1	rank00071_coA_proteinbinders_3418_A	P08487	NP_776850	9.461e-06	AF-P08487-F1-model_v6
GCF_009914755.1	rank00015_coA_proteinbinders_3420_A	P06241-3	XP_054210990	4.258e-06	AF-P06241-3-F1-model_v6
GCF_009914755.1	rank00015_coA_proteinbinders_3420_A	P06241-3	XP_054210991	4.258e-06	AF-P06241-3-F1-model_v6
GCF_009914755.1	rank00015_coA_proteinbinders_3420_A	P06241	XP_054210977	9.134e-06	AF-P06241-F1-model_v6
GCF_009914755.1	rank00015_coA_proteinbinders_3420_A	P06241	XP_054210978	9.134e-06	AF-P06241-F1-model_v6
GCF_009914755.1	rank00015_coA_proteinbinders_3420_A	P06241	XP_054210979	9.134e-06	AF-P06241-F1-model_v6
GCF_009914755.1	rank00015_coA_proteinbinders_3420_A	P06241	XP_054210980	9.134e-06	AF-P06241-F1-model_v6
GCF_009914755.1	rank00015_coA_proteinbinders_3420_A	P06241	XP_054210981	9.134e-06	AF-P06241-F1-model_v6
GCF_009914755.1	rank00015_coA_proteinbinders_3420_A	P06241	XP_054210982	9.134e-06	AF-P06241-F1-model_v6
GCF_009914755.1	rank00015_coA_proteinbinders_3420_A	P06241	XP_054210983	9.134e-06	AF-P06241-F1-model_v6
GCF_009914755.1	rank00015_coA_proteinbinders_3420_A	P06241	XP_054210984	9.134e-06	AF-P06241-F1-model_v6
GCF_009914755.1	rank00015_coA_proteinbinders_3420_A	P06241	XP_054210985	9.134e-06	AF-P06241-F1-model_v6
GCF_009914755.1	rank00015_coA_proteinbinders_3420_A	P06241	XP_054210986	9.134e-06	AF-P06241-F1-model_v6
GCF_009914755.1	rank00015_coA_proteinbinders_3420_A	P06241	XP_054210987	9.134e-06	AF-P06241-F1-model_v6
GCF_009914755.1	rank00015_coA_proteinbinders_3420_A	P06241	XP_054210988	9.134e-06	AF-P06241-F1-model_v6
GCF_009914755.1	rank00015_coA_proteinbinders_3420_A	P06241	XP_054210989	9.134e-06	AF-P06241-F1-model_v6
GCF_009914755.1	rank00015_coA_proteinbinders_3420_A	P06241	XP_054210990	9.134e-06	AF-P06241-F1-model_v6
GCF_009914755.1	rank00015_coA_proteinbinders_3420_A	P06241	XP_054210991	9.134e-06	AF-P06241-F1-model_v6
GCF_009914755.1	rank00065_coA_proteinbinders_4978_A	P06241	XP_054210977	1.306e-09	AF-P06241-F1-model_v6
GCF_009914755.1	rank00065_coA_proteinbinders_4978_A	P06241	XP_054210978	1.306e-09	AF-P06241-F1-model_v6
GCF_009914755.1	rank00065_coA_proteinbinders_4978_A	P06241	XP_054210979	1.306e-09	AF-P06241-F1-model_v6
GCF_009914755.1	rank00065_coA_proteinbinders_4978_A	P06241	XP_054210980	1.306e-09	AF-P06241-F1-model_v6
GCF_009914755.1	rank00065_coA_proteinbinders_4978_A	P06241	XP_054210981	1.306e-09	AF-P06241-F1-model_v6
GCF_009914755.1	rank00065_coA_proteinbinders_4978_A	P06241	XP_054210982	1.306e-09	AF-P06241-F1-model_v6
GCF_009914755.1	rank00065_coA_proteinbinders_4978_A	P06241	XP_054210983	1.306e-09	AF-P06241-F1-model_v6
GCF_009914755.1	rank00065_coA_proteinbinders_4978_A	P06241	XP_054210984	1.306e-09	AF-P06241-F1-model_v6
GCF_009914755.1	rank00065_coA_proteinbinders_4978_A	P06241	XP_054210985	1.306e-09	AF-P06241-F1-model_v6
GCF_009914755.1	rank00065_coA_proteinbinders_4978_A	P06241	XP_054210986	1.306e-09	AF-P06241-F1-model_v6
GCF_009914755.1	rank00065_coA_proteinbinders_4978_A	P06241	XP_054210987	1.306e-09	AF-P06241-F1-model_v6
GCF_009914755.1	rank00065_coA_proteinbinders_4978_A	P06241	XP_054210988	1.306e-09	AF-P06241-F1-model_v6
GCF_009914755.1	rank00065_coA_proteinbinders_4978_A	P06241	XP_054210989	1.306e-09	AF-P06241-F1-model_v6
GCF_009914755.1	rank00065_coA_proteinbinders_4978_A	P06241	XP_054210990	1.306e-09	AF-P06241-F1-model_v6
GCF_009914755.1	rank00065_coA_proteinbinders_4978_A	P06241	XP_054210991	1.306e-09	AF-P06241-F1-model_v6
GCF_009914755.1	rank00065_coA_proteinbinders_4978_A	P12931	XP_054179874	1.388e-09	AF-P12931-F1-model_v6
GCF_009914755.1	rank00065_coA_proteinbinders_4978_A	P12931	XP_054179875	1.388e-09	AF-P12931-F1-model_v6
GCF_009914755.1	rank00065_coA_proteinbinders_4978_A	P12931	XP_054179876	1.388e-09	AF-P12931-F1-model_v6
GCF_009914755.1	rank00065_coA_proteinbinders_4978_A	P12931	XP_054179877	1.388e-09	AF-P12931-F1-model_v6
GCF_009914755.1	rank00065_coA_proteinbinders_4978_A	P12931	XP_054179878	1.388e-09	AF-P12931-F1-model_v6
GCF_009914755.1	rank00065_coA_proteinbinders_4978_A	P12931	XP_054179879	1.388e-09	AF-P12931-F1-model_v6
GCF_009914755.1	rank00065_coA_proteinbinders_4978_A	P12931	XP_054179880	1.388e-09	AF-P12931-F1-model_v6
GCF_009914755.1	rank00065_coA_proteinbinders_4978_A	P12931	XP_054179881	1.388e-09	AF-P12931-F1-model_v6
GCF_009914755.1	rank00065_coA_proteinbinders_4978_A	P12931	XP_054179882	1.388e-09	AF-P12931-F1-model_v6
GCF_009914755.1	rank00065_coA_proteinbinders_4978_A	P12931	XP_054179883	1.388e-09	AF-P12931-F1-model_v6
GCF_009914755.1	rank00065_coA_proteinbinders_4978_A	P12931	XP_054179884	1.388e-09	AF-P12931-F1-model_v6
GCF_009914755.1	rank00065_coA_proteinbinders_4978_A	P12931	XP_054179885	1.388e-09	AF-P12931-F1-model_v6
GCF_009914755.1	rank00065_coA_proteinbinders_4978_A	P12931	XP_054179889	1.388e-09	AF-P12931-F1-model_v6
GCF_009914755.1	rank00065_coA_proteinbinders_4978_A	P12931	XP_054179890	1.388e-09	AF-P12931-F1-model_v6
GCF_009914755.1	rank00065_coA_proteinbinders_4978_A	P12931	XP_054179891	1.388e-09	AF-P12931-F1-model_v6
GCF_009914755.1	rank00065_coA_proteinbinders_4978_A	P12931	XP_054179892	1.388e-09	AF-P12931-F1-model_v6
GCF_009914755.1	rank00065_coA_proteinbinders_4978_A	P07947	XP_054175018	1.476e-09	AF-P07947-F1-model_v6
GCF_009914755.1	rank00065_coA_proteinbinders_4978_A	P07947	XP_054175019	1.476e-09	AF-P07947-F1-model_v6
GCF_009914755.1	rank00065_coA_proteinbinders_4978_A	P07947	XP_054175020	1.476e-09	AF-P07947-F1-model_v6
GCF_009914755.1	rank00065_coA_proteinbinders_4978_A	P07947	XP_054175021	1.476e-09	AF-P07947-F1-model_v6
GCF_009914755.1	rank00065_coA_proteinbinders_4978_A	P07947	XP_054175022	1.476e-09	AF-P07947-F1-model_v6
GCF_009914755.1	rank00065_coA_proteinbinders_4978_A	P12931-2	XP_054179874	1.569e-09	AF-P12931-2-F1-model_v6
GCF_009914755.1	rank00065_coA_proteinbinders_4978_A	P12931-2	XP_054179875	1.569e-09	AF-P12931-2-F1-model_v6
GCF_009914755.1	rank00065_coA_proteinbinders_4978_A	P12931-2	XP_054179876	1.569e-09	AF-P12931-2-F1-model_v6
GCF_009914755.1	rank00065_coA_proteinbinders_4978_A	P12931-2	XP_054179877	1.569e-09	AF-P12931-2-F1-model_v6
GCF_009914755.1	rank00065_coA_proteinbinders_4978_A	P12931-2	XP_054179878	1.569e-09	AF-P12931-2-F1-model_v6
GCF_009914755.1	rank00065_coA_proteinbinders_4978_A	P12931-2	XP_054179879	1.569e-09	AF-P12931-2-F1-model_v6
GCF_009914755.1	rank00065_coA_proteinbinders_4978_A	P06241-2	XP_054210986	5.325e-09	AF-P06241-2-F1-model_v6
GCF_009914755.1	rank00065_coA_proteinbinders_4978_A	P06241-2	XP_054210987	5.325e-09	AF-P06241-2-F1-model_v6
GCF_009914755.1	rank00065_coA_proteinbinders_4978_A	P06241-2	XP_054210988	5.325e-09	AF-P06241-2-F1-model_v6
GCF_009914755.1	rank00065_coA_proteinbinders_4978_A	P06241-2	XP_054210989	5.325e-09	AF-P06241-2-F1-model_v6
GCF_009914755.1	rank00065_coA_proteinbinders_4978_A	P06241-3	XP_054210990	4.806e-08	AF-P06241-3-F1-model_v6
GCF_009914755.1	rank00065_coA_proteinbinders_4978_A	P06241-3	XP_054210991	4.806e-08	AF-P06241-3-F1-model_v6
GCF_009914755.1	rank00065_coA_proteinbinders_4978_A	P51451	XP_054216944	4.08e-07	AF-P51451-F1-model_v6
GCF_009914755.1	rank00065_coA_proteinbinders_4978_A	P51451	XP_054216945	4.08e-07	AF-P51451-F1-model_v6
GCF_009914755.1	rank00065_coA_proteinbinders_4978_A	P51451	XP_054216946	4.08e-07	AF-P51451-F1-model_v6
GCF_009914755.1	rank00065_coA_proteinbinders_4978_A	Q13239	XP_054216996	4.337e-07	AF-Q13239-F1-model_v6
GCF_009914755.1	rank00065_coA_proteinbinders_4978_A	Q13239	XP_054216997	4.337e-07	AF-Q13239-F1-model_v6
GCF_009914755.1	rank00065_coA_proteinbinders_4978_A	Q13239	XP_054216998	4.337e-07	AF-Q13239-F1-model_v6
GCF_009914755.1	rank00065_coA_proteinbinders_4978_A	Q13239	XP_054216999	4.337e-07	AF-Q13239-F1-model_v6
GCF_009914755.1	rank00065_coA_proteinbinders_4978_A	Q13239-5	XP_054216997	4.61e-07	AF-Q13239-5-F1-model_v6
GCF_009914755.1	rank00065_coA_proteinbinders_4978_A	P42685	XP_054210960	7.99e-07	AF-P42685-F1-model_v6
GCF_009914755.1	rank00065_coA_proteinbinders_4978_A	P42685	XP_054210961	7.99e-07	AF-P42685-F1-model_v6
GCF_009914755.1	rank00065_coA_proteinbinders_4978_A	P42685	XP_054210962	7.99e-07	AF-P42685-F1-model_v6
GCF_009914755.1	rank00065_coA_proteinbinders_4978_A	P42685	XP_054210963	7.99e-07	AF-P42685-F1-model_v6
GCF_009914755.1	rank00065_coA_proteinbinders_4978_A	P42685	XP_054210964	7.99e-07	AF-P42685-F1-model_v6
GCF_009914755.1	rank00065_coA_proteinbinders_4978_A	P42685	XP_054210965	7.99e-07	AF-P42685-F1-model_v6
GCF_009914755.1	rank00065_coA_proteinbinders_4978_A	P42685	XP_054210966	7.99e-07	AF-P42685-F1-model_v6
GCF_009914755.1	rank00065_coA_proteinbinders_4978_A	Q13322-3	XP_054213938	2.258e-06	AF-Q13322-3-F1-model_v6
GCF_009914755.1	rank00065_coA_proteinbinders_4978_A	Q13322-3	XP_054213954	2.258e-06	AF-Q13322-3-F1-model_v6
GCF_009914755.1	rank00065_coA_proteinbinders_4978_A	Q13322-3	XP_054213955	2.258e-06	AF-Q13322-3-F1-model_v6
GCF_009914755.1	rank00065_coA_proteinbinders_4978_A	Q13322-3	XP_054213956	2.258e-06	AF-Q13322-3-F1-model_v6
GCF_009914755.1	rank00065_coA_proteinbinders_4978_A	Q13322-4	XP_054213941	2.883e-06	AF-Q13322-4-F1-model_v6
GCF_009914755.1	rank00065_coA_proteinbinders_4978_A	Q13322-4	XP_054213942	2.883e-06	AF-Q13322-4-F1-model_v6
GCF_009914755.1	rank00065_coA_proteinbinders_4978_A	P43405-2	XP_054219629	4.422e-06	AF-P43405-2-F1-model_v6
GCF_009914755.1	rank00065_coA_proteinbinders_4978_A	Q13322	XP_054213938	5.647e-06	AF-Q13322-F1-model_v6
GCF_009914755.1	rank00065_coA_proteinbinders_4978_A	Q13322	XP_054213939	5.647e-06	AF-Q13322-F1-model_v6
GCF_009914755.1	rank00065_coA_proteinbinders_4978_A	Q13322	XP_054213941	5.647e-06	AF-Q13322-F1-model_v6
GCF_009914755.1	rank00065_coA_proteinbinders_4978_A	Q13322	XP_054213942	5.647e-06	AF-Q13322-F1-model_v6
GCF_009914755.1	rank00065_coA_proteinbinders_4978_A	Q13322	XP_054213954	5.647e-06	AF-Q13322-F1-model_v6
GCF_009914755.1	rank00065_coA_proteinbinders_4978_A	Q13322	XP_054213955	5.647e-06	AF-Q13322-F1-model_v6
GCF_009914755.1	rank00065_coA_proteinbinders_4978_A	Q13322	XP_054213956	5.647e-06	AF-Q13322-F1-model_v6
GCF_009914755.1	rank00065_coA_proteinbinders_4978_A	P29350	XP_054228689	7.665e-06	AF-P29350-F1-model_v6
GCF_009914755.1	rank00065_coA_proteinbinders_4978_A	P29350	XP_054228690	7.665e-06	AF-P29350-F1-model_v6
GCF_009914755.1	rank00065_coA_proteinbinders_4978_A	P29350-3	XP_054228689	9.207e-06	AF-P29350-3-F1-model_v6
GCF_009914755.1	rank00071_coA_proteinbinders_3418_A	P12931-2	XP_054179874	6.673e-09	AF-P12931-2-F1-model_v6
GCF_009914755.1	rank00071_coA_proteinbinders_3418_A	P12931-2	XP_054179875	6.673e-09	AF-P12931-2-F1-model_v6
GCF_009914755.1	rank00071_coA_proteinbinders_3418_A	P12931-2	XP_054179876	6.673e-09	AF-P12931-2-F1-model_v6
GCF_009914755.1	rank00071_coA_proteinbinders_3418_A	P12931-2	XP_054179877	6.673e-09	AF-P12931-2-F1-model_v6
GCF_009914755.1	rank00071_coA_proteinbinders_3418_A	P12931-2	XP_054179878	6.673e-09	AF-P12931-2-F1-model_v6
GCF_009914755.1	rank00071_coA_proteinbinders_3418_A	P12931-2	XP_054179879	6.673e-09	AF-P12931-2-F1-model_v6
GCF_009914755.1	rank00071_coA_proteinbinders_3418_A	P12931	XP_054179874	7.988e-09	AF-P12931-F1-model_v6
GCF_009914755.1	rank00071_coA_proteinbinders_3418_A	P12931	XP_054179875	7.988e-09	AF-P12931-F1-model_v6
GCF_009914755.1	rank00071_coA_proteinbinders_3418_A	P12931	XP_054179876	7.988e-09	AF-P12931-F1-model_v6
GCF_009914755.1	rank00071_coA_proteinbinders_3418_A	P12931	XP_054179877	7.988e-09	AF-P12931-F1-model_v6
GCF_009914755.1	rank00071_coA_proteinbinders_3418_A	P12931	XP_054179878	7.988e-09	AF-P12931-F1-model_v6
GCF_009914755.1	rank00071_coA_proteinbinders_3418_A	P12931	XP_054179879	7.988e-09	AF-P12931-F1-model_v6
GCF_009914755.1	rank00071_coA_proteinbinders_3418_A	P12931	XP_054179880	7.988e-09	AF-P12931-F1-model_v6
GCF_009914755.1	rank00071_coA_proteinbinders_3418_A	P12931	XP_054179881	7.988e-09	AF-P12931-F1-model_v6
GCF_009914755.1	rank00071_coA_proteinbinders_3418_A	P12931	XP_054179882	7.988e-09	AF-P12931-F1-model_v6
GCF_009914755.1	rank00071_coA_proteinbinders_3418_A	P12931	XP_054179883	7.988e-09	AF-P12931-F1-model_v6
GCF_009914755.1	rank00071_coA_proteinbinders_3418_A	P12931	XP_054179884	7.988e-09	AF-P12931-F1-model_v6
GCF_009914755.1	rank00071_coA_proteinbinders_3418_A	P12931	XP_054179885	7.988e-09	AF-P12931-F1-model_v6
GCF_009914755.1	rank00071_coA_proteinbinders_3418_A	P12931	XP_054179889	7.988e-09	AF-P12931-F1-model_v6
GCF_009914755.1	rank00071_coA_proteinbinders_3418_A	P12931	XP_054179890	7.988e-09	AF-P12931-F1-model_v6
GCF_009914755.1	rank00071_coA_proteinbinders_3418_A	P12931	XP_054179891	7.988e-09	AF-P12931-F1-model_v6
GCF_009914755.1	rank00071_coA_proteinbinders_3418_A	P12931	XP_054179892	7.988e-09	AF-P12931-F1-model_v6
GCF_009914755.1	rank00071_coA_proteinbinders_3418_A	P07947	XP_054175018	2.214e-08	AF-P07947-F1-model_v6
GCF_009914755.1	rank00071_coA_proteinbinders_3418_A	P07947	XP_054175019	2.214e-08	AF-P07947-F1-model_v6
GCF_009914755.1	rank00071_coA_proteinbinders_3418_A	P07947	XP_054175020	2.214e-08	AF-P07947-F1-model_v6
GCF_009914755.1	rank00071_coA_proteinbinders_3418_A	P07947	XP_054175021	2.214e-08	AF-P07947-F1-model_v6
GCF_009914755.1	rank00071_coA_proteinbinders_3418_A	P07947	XP_054175022	2.214e-08	AF-P07947-F1-model_v6
GCF_009914755.1	rank00071_coA_proteinbinders_3418_A	P06241-2	XP_054210986	3.37e-08	AF-P06241-2-F1-model_v6
GCF_009914755.1	rank00071_coA_proteinbinders_3418_A	P06241-2	XP_054210987	3.37e-08	AF-P06241-2-F1-model_v6
GCF_009914755.1	rank00071_coA_proteinbinders_3418_A	P06241-2	XP_054210988	3.37e-08	AF-P06241-2-F1-model_v6
GCF_009914755.1	rank00071_coA_proteinbinders_3418_A	P06241-2	XP_054210989	3.37e-08	AF-P06241-2-F1-model_v6
GCF_009914755.1	rank00071_coA_proteinbinders_3418_A	P06241	XP_054210977	5.781e-08	AF-P06241-F1-model_v6
GCF_009914755.1	rank00071_coA_proteinbinders_3418_A	P06241	XP_054210978	5.781e-08	AF-P06241-F1-model_v6
GCF_009914755.1	rank00071_coA_proteinbinders_3418_A	P06241	XP_054210979	5.781e-08	AF-P06241-F1-model_v6
GCF_009914755.1	rank00071_coA_proteinbinders_3418_A	P06241	XP_054210980	5.781e-08	AF-P06241-F1-model_v6
GCF_009914755.1	rank00071_coA_proteinbinders_3418_A	P06241	XP_054210981	5.781e-08	AF-P06241-F1-model_v6
GCF_009914755.1	rank00071_coA_proteinbinders_3418_A	P06241	XP_054210982	5.781e-08	AF-P06241-F1-model_v6
GCF_009914755.1	rank00071_coA_proteinbinders_3418_A	P06241	XP_054210983	5.781e-08	AF-P06241-F1-model_v6
GCF_009914755.1	rank00071_coA_proteinbinders_3418_A	P06241	XP_054210984	5.781e-08	AF-P06241-F1-model_v6
GCF_009914755.1	rank00071_coA_proteinbinders_3418_A	P06241	XP_054210985	5.781e-08	AF-P06241-F1-model_v6
GCF_009914755.1	rank00071_coA_proteinbinders_3418_A	P06241	XP_054210986	5.781e-08	AF-P06241-F1-model_v6
GCF_009914755.1	rank00071_coA_proteinbinders_3418_A	P06241	XP_054210987	5.781e-08	AF-P06241-F1-model_v6
GCF_009914755.1	rank00071_coA_proteinbinders_3418_A	P06241	XP_054210988	5.781e-08	AF-P06241-F1-model_v6
GCF_009914755.1	rank00071_coA_proteinbinders_3418_A	P06241	XP_054210989	5.781e-08	AF-P06241-F1-model_v6
GCF_009914755.1	rank00071_coA_proteinbinders_3418_A	P06241	XP_054210990	5.781e-08	AF-P06241-F1-model_v6
GCF_009914755.1	rank00071_coA_proteinbinders_3418_A	P06241	XP_054210991	5.781e-08	AF-P06241-F1-model_v6
GCF_009914755.1	rank00071_coA_proteinbinders_3418_A	P51451	XP_054216944	5.008e-07	AF-P51451-F1-model_v6
GCF_009914755.1	rank00071_coA_proteinbinders_3418_A	P51451	XP_054216945	5.008e-07	AF-P51451-F1-model_v6
GCF_009914755.1	rank00071_coA_proteinbinders_3418_A	P51451	XP_054216946	5.008e-07	AF-P51451-F1-model_v6
GCF_009914755.1	rank00071_coA_proteinbinders_3418_A	P29350-3	XP_054228689	2.243e-06	AF-P29350-3-F1-model_v6
GCF_009914755.1	rank00071_coA_proteinbinders_3418_A	Q13322-3	XP_054213938	2.243e-06	AF-Q13322-3-F1-model_v6
GCF_009914755.1	rank00071_coA_proteinbinders_3418_A	Q13322-3	XP_054213954	2.243e-06	AF-Q13322-3-F1-model_v6
GCF_009914755.1	rank00071_coA_proteinbinders_3418_A	Q13322-3	XP_054213955	2.243e-06	AF-Q13322-3-F1-model_v6
GCF_009914755.1	rank00071_coA_proteinbinders_3418_A	Q13322-3	XP_054213956	2.243e-06	AF-Q13322-3-F1-model_v6
GCF_009914755.1	rank00071_coA_proteinbinders_3418_A	P42685	XP_054210960	3.027e-06	AF-P42685-F1-model_v6
GCF_009914755.1	rank00071_coA_proteinbinders_3418_A	P42685	XP_054210961	3.027e-06	AF-P42685-F1-model_v6
GCF_009914755.1	rank00071_coA_proteinbinders_3418_A	P42685	XP_054210962	3.027e-06	AF-P42685-F1-model_v6
GCF_009914755.1	rank00071_coA_proteinbinders_3418_A	P42685	XP_054210963	3.027e-06	AF-P42685-F1-model_v6
GCF_009914755.1	rank00071_coA_proteinbinders_3418_A	P42685	XP_054210964	3.027e-06	AF-P42685-F1-model_v6
GCF_009914755.1	rank00071_coA_proteinbinders_3418_A	P42685	XP_054210965	3.027e-06	AF-P42685-F1-model_v6
GCF_009914755.1	rank00071_coA_proteinbinders_3418_A	P42685	XP_054210966	3.027e-06	AF-P42685-F1-model_v6
GCF_009914755.1	rank00071_coA_proteinbinders_3418_A	P06241-3	XP_054210990	3.214e-06	AF-P06241-3-F1-model_v6
GCF_009914755.1	rank00071_coA_proteinbinders_3418_A	P06241-3	XP_054210991	3.214e-06	AF-P06241-3-F1-model_v6
GCF_009914755.1	rank00071_coA_proteinbinders_3418_A	P43405-2	XP_054219629	4.086e-06	AF-P43405-2-F1-model_v6
GCF_009914755.1	rank00071_coA_proteinbinders_3418_A	P43405	XP_054219627	4.607e-06	AF-P43405-F1-model_v6
GCF_009914755.1	rank00071_coA_proteinbinders_3418_A	P43405	XP_054219628	4.607e-06	AF-P43405-F1-model_v6
GCF_009914755.1	rank00071_coA_proteinbinders_3418_A	P43405	XP_054219629	4.607e-06	AF-P43405-F1-model_v6
GCF_009914755.1	rank00071_coA_proteinbinders_3418_A	Q13322-4	XP_054213941	5.515e-06	AF-Q13322-4-F1-model_v6
GCF_009914755.1	rank00071_coA_proteinbinders_3418_A	Q13322-4	XP_054213942	5.515e-06	AF-Q13322-4-F1-model_v6
GCF_009914755.1	rank00071_coA_proteinbinders_3418_A	P29350	XP_054228689	6.218e-06	AF-P29350-F1-model_v6
GCF_009914755.1	rank00071_coA_proteinbinders_3418_A	P29350	XP_054228690	6.218e-06	AF-P29350-F1-model_v6
GCF_009914755.1	rank00071_coA_proteinbinders_3418_A	P43403	XP_054199775	7.443e-06	AF-P43403-F1-model_v6
GCF_009914755.1	rank00071_coA_proteinbinders_3418_A	Q13322	XP_054213938	8.91e-06	AF-Q13322-F1-model_v6
GCF_009914755.1	rank00071_coA_proteinbinders_3418_A	Q13322	XP_054213939	8.91e-06	AF-Q13322-F1-model_v6
GCF_009914755.1	rank00071_coA_proteinbinders_3418_A	Q13322	XP_054213941	8.91e-06	AF-Q13322-F1-model_v6
GCF_009914755.1	rank00071_coA_proteinbinders_3418_A	Q13322	XP_054213942	8.91e-06	AF-Q13322-F1-model_v6
GCF_009914755.1	rank00071_coA_proteinbinders_3418_A	Q13322	XP_054213954	8.91e-06	AF-Q13322-F1-model_v6
GCF_009914755.1	rank00071_coA_proteinbinders_3418_A	Q13322	XP_054213955	8.91e-06	AF-Q13322-F1-model_v6
GCF_009914755.1	rank00071_coA_proteinbinders_3418_A	Q13322	XP_054213956	8.91e-06	AF-Q13322-F1-model_v6
GCF_011100685.1	rank00062_coA_proteinbinders_2870_A	P63050	NP_001121567	4.513e-06	AF-P63050-F1-model_v6
GCF_011100685.1	rank00065_coA_proteinbinders_4978_A	A0A8I3NFE2	XP_038424690	2.4e-06	AF-A0A8I3NFE2-F1-model_v6
GCF_014441545.1	rank00062_coA_proteinbinders_2870_A	P63050	XP_038282289	4.513e-06	AF-P63050-F1-model_v6
GCF_014441545.1	rank00065_coA_proteinbinders_4978_A	A0A8I3NFE2	XP_038286155	2.4e-06	AF-A0A8I3NFE2-F1-model_v6
GCF_014839805.1	rank00062_coA_proteinbinders_2870_A	P29504	XP_037296245	4.819e-06	AF-P29504-F1-model_v6
GCF_016699485.2	rank00065_coA_proteinbinders_4978_A	P00523	XP_015151834	5.901e-10	AF-P00523-F1-model_v6
GCF_016699485.2	rank00065_coA_proteinbinders_4978_A	F1N9Y5	NP_001026601	7.665e-06	AF-F1N9Y5-F1-model_v6
GCF_016699485.2	rank00071_coA_proteinbinders_3418_A	P00523	XP_015151834	4.656e-09	AF-P00523-F1-model_v6
GCF_016699485.2	rank00071_coA_proteinbinders_3418_A	F1N9Y5	NP_001026601	3.848e-06	AF-F1N9Y5-F1-model_v6
GCF_016700215.1	rank00015_coA_proteinbinders_3420_A	P09324	NP_990632	6.422e-06	AF-P09324-F1-model_v6
GCF_016700215.1	rank00062_coA_proteinbinders_2870_A	P79781	NP_001274134	3.471e-06	AF-P79781-F1-model_v6
GCF_016700215.1	rank00065_coA_proteinbinders_4978_A	P00523	NP_990788	5.901e-10	AF-P00523-F1-model_v6
GCF_016700215.1	rank00065_coA_proteinbinders_4978_A	P00523	XP_046786565	5.901e-10	AF-P00523-F1-model_v6
GCF_016700215.1	rank00065_coA_proteinbinders_4978_A	Q02977	NP_001103257	2.003e-09	AF-Q02977-F1-model_v6
GCF_016700215.1	rank00065_coA_proteinbinders_4978_A	P09324	NP_990632	3.266e-09	AF-P09324-F1-model_v6
GCF_016700215.1	rank00065_coA_proteinbinders_4978_A	Q90687	NP_990299	9.598e-07	AF-Q90687-F1-model_v6
GCF_016700215.1	rank00071_coA_proteinbinders_3418_A	P00523	NP_990788	4.656e-09	AF-P00523-F1-model_v6
GCF_016700215.1	rank00071_coA_proteinbinders_3418_A	P00523	XP_046786565	4.656e-09	AF-P00523-F1-model_v6
GCF_016700215.1	rank00071_coA_proteinbinders_3418_A	Q02977	NP_001103257	4.944e-09	AF-Q02977-F1-model_v6
GCF_016700215.1	rank00071_coA_proteinbinders_3418_A	P09324	NP_990632	7.523e-09	AF-P09324-F1-model_v6
GCF_016700215.1	rank00071_coA_proteinbinders_3418_A	Q90687	NP_990299	5.194e-06	AF-Q90687-F1-model_v6
GCF_016772045.1	rank00062_coA_proteinbinders_2870_A	P0C276	NP_001009286	2.85e-06	AF-P0C276-F1-model_v6
GCF_016772045.1	rank00062_coA_proteinbinders_2870_A	P0C276	XP_012032971	2.85e-06	AF-P0C276-F1-model_v6
GCF_016772045.1	rank00062_coA_proteinbinders_2870_A	P0C276	XP_042105331	2.85e-06	AF-P0C276-F1-model_v6
GCF_017654675.1	rank00015_coA_proteinbinders_3420_A	P13406	NP_001079077	8.613e-06	AF-P13406-F1-model_v6
GCF_017654675.1	rank00015_coA_proteinbinders_3420_A	P13406	NP_001080120	8.613e-06	AF-P13406-F1-model_v6
GCF_017654675.1	rank00026_coA_proteinbinders_0466_A	Q5XGM3	NP_001088416	9.691e-06	AF-Q5XGM3-F1-model_v6
GCF_017654675.1	rank00065_coA_proteinbinders_4978_A	P13406	NP_001079077	3.691e-09	AF-P13406-F1-model_v6
GCF_017654675.1	rank00065_coA_proteinbinders_4978_A	P13406	NP_001080120	3.691e-09	AF-P13406-F1-model_v6
GCF_017654675.1	rank00071_coA_proteinbinders_3418_A	P13406	NP_001079077	1.261e-07	AF-P13406-F1-model_v6
GCF_017654675.1	rank00071_coA_proteinbinders_3418_A	P13406	NP_001080120	1.261e-07	AF-P13406-F1-model_v6
GCF_018350175.1	rank00062_coA_proteinbinders_2870_A	P63052	NP_001116826	8.146e-06	AF-P63052-F1-model_v6
GCF_018350175.1	rank00062_coA_proteinbinders_2870_A	P63052	XP_006928658	8.146e-06	AF-P63052-F1-model_v6
GCF_018350175.1	rank00062_coA_proteinbinders_2870_A	P63052	XP_006928659	8.146e-06	AF-P63052-F1-model_v6
GCF_018350175.1	rank00062_coA_proteinbinders_2870_A	P63052	XP_011288766	8.146e-06	AF-P63052-F1-model_v6
GCF_023101765.2	rank00062_coA_proteinbinders_2870_A	P68203	XP_035450618	3.957e-06	AF-P68203-F1-model_v6
GCF_028858775.2	rank00062_coA_proteinbinders_2870_A	P0CG64	NP_001129078	6.265e-06	AF-P0CG64-F1-model_v6
GCF_028858775.2	rank00062_coA_proteinbinders_2870_A	P0CG64	XP_024203360	6.265e-06	AF-P0CG64-F1-model_v6
GCF_028858775.2	rank00062_coA_proteinbinders_2870_A	P0CG64	XP_024203362	6.265e-06	AF-P0CG64-F1-model_v6
GCF_028858775.2	rank00062_coA_proteinbinders_2870_A	P0CG64	XP_063640927	6.265e-06	AF-P0CG64-F1-model_v6
GCF_028858775.2	rank00062_coA_proteinbinders_2870_A	P0CG64	XP_063640928	6.265e-06	AF-P0CG64-F1-model_v6
GCF_028858775.2	rank00062_coA_proteinbinders_2870_A	P0CG64	XP_063640929	6.265e-06	AF-P0CG64-F1-model_v6
GCF_028885625.2	rank00062_coA_proteinbinders_2870_A	P0CG60	XP_054312629	4.819e-06	AF-P0CG60-F1-model_v6
GCF_028885625.2	rank00062_coA_proteinbinders_2870_A	P0CG60	XP_054312630	4.819e-06	AF-P0CG60-F1-model_v6
GCF_028885625.2	rank00062_coA_proteinbinders_2870_A	P0C275	XP_054322316	5.495e-06	AF-P0C275-F1-model_v6
GCF_028885625.2	rank00062_coA_proteinbinders_2870_A	P0C275	XP_054322317	5.495e-06	AF-P0C275-F1-model_v6
GCF_028885625.2	rank00062_coA_proteinbinders_2870_A	P0C275	XP_054322318	5.495e-06	AF-P0C275-F1-model_v6
GCF_028885625.2	rank00062_coA_proteinbinders_2870_A	P0C275	XP_054322319	5.495e-06	AF-P0C275-F1-model_v6
GCF_028885655.2	rank00026_coA_proteinbinders_0466_A	Q5RF32	NP_001127177	4.998e-06	AF-Q5RF32-F1-model_v6
GCF_029281585.2	rank00062_coA_proteinbinders_2870_A	P0CG66	XP_063550540	9.919e-06	AF-P0CG66-F1-model_v6
GCF_030222135.1	rank00065_coA_proteinbinders_4978_A	Q5PXS1	XP_012296377	1.922e-08	AF-Q5PXS1-F1-model_v6
GCF_030222135.1	rank00065_coA_proteinbinders_4978_A	Q5PXS1	XP_012296383	1.922e-08	AF-Q5PXS1-F1-model_v6
GCF_030222135.1	rank00071_coA_proteinbinders_3418_A	Q5PXS1	XP_012296377	4.829e-08	AF-Q5PXS1-F1-model_v6
GCF_030222135.1	rank00071_coA_proteinbinders_3418_A	Q5PXS1	XP_012296383	4.829e-08	AF-Q5PXS1-F1-model_v6
GCF_034190915.1	rank00062_coA_proteinbinders_2870_A	P62978	NP_001166537	3.044e-06	AF-P62978-F1-model_v6
GCF_034190915.1	rank00062_coA_proteinbinders_2870_A	P62978	XP_005002694	3.044e-06	AF-P62978-F1-model_v6
GCF_036323735.1	rank00062_coA_proteinbinders_2870_A	P62982	NP_001292372	3.957e-06	AF-P62982-F1-model_v6
GCF_036323735.1	rank00062_coA_proteinbinders_2870_A	P62982	NP_112375	3.957e-06	AF-P62982-F1-model_v6
GCF_036323735.1	rank00062_coA_proteinbinders_2870_A	P62986	NP_113875	6.69e-06	AF-P62986-F1-model_v6
GCF_036323735.1	rank00062_coA_proteinbinders_2870_A	P62986	XP_006252997	6.69e-06	AF-P62986-F1-model_v6
GCF_036323735.1	rank00062_coA_proteinbinders_2870_A	P62986	XP_008769368	6.69e-06	AF-P62986-F1-model_v6
GCF_036323735.1	rank00062_coA_proteinbinders_2870_A	P62986	XP_063131755	6.69e-06	AF-P62986-F1-model_v6
GCF_036323735.1	rank00065_coA_proteinbinders_4978_A	Q9WUD9	NP_114183	1.668e-09	AF-Q9WUD9-F1-model_v6
GCF_036323735.1	rank00065_coA_proteinbinders_4978_A	Q9WUD9	XP_017447557	1.668e-09	AF-Q9WUD9-F1-model_v6
GCF_036323735.1	rank00065_coA_proteinbinders_4978_A	Q9WUD9	XP_017447560	1.668e-09	AF-Q9WUD9-F1-model_v6
GCF_036323735.1	rank00065_coA_proteinbinders_4978_A	Q9WUD9	XP_038961886	1.668e-09	AF-Q9WUD9-F1-model_v6
GCF_036323735.1	rank00065_coA_proteinbinders_4978_A	Q9WUD9	XP_038961888	1.668e-09	AF-Q9WUD9-F1-model_v6
GCF_036323735.1	rank00065_coA_proteinbinders_4978_A	Q9WUD9	XP_038961889	1.668e-09	AF-Q9WUD9-F1-model_v6
GCF_036323735.1	rank00065_coA_proteinbinders_4978_A	Q9WUD9	XP_038961890	1.668e-09	AF-Q9WUD9-F1-model_v6
GCF_036323735.1	rank00065_coA_proteinbinders_4978_A	Q9WUD9	XP_038961891	1.668e-09	AF-Q9WUD9-F1-model_v6
GCF_036323735.1	rank00065_coA_proteinbinders_4978_A	Q9WUD9	XP_038961892	1.668e-09	AF-Q9WUD9-F1-model_v6
GCF_036323735.1	rank00065_coA_proteinbinders_4978_A	Q9WUD9	XP_038961893	1.668e-09	AF-Q9WUD9-F1-model_v6
GCF_036323735.1	rank00065_coA_proteinbinders_4978_A	Q9WUD9	XP_063140734	1.668e-09	AF-Q9WUD9-F1-model_v6
GCF_036323735.1	rank00065_coA_proteinbinders_4978_A	Q9WUD9	XP_063140735	1.668e-09	AF-Q9WUD9-F1-model_v6
GCF_036323735.1	rank00065_coA_proteinbinders_4978_A	Q9WUD9	XP_063140736	1.668e-09	AF-Q9WUD9-F1-model_v6
GCF_036323735.1	rank00065_coA_proteinbinders_4978_A	Q9WUD9	XP_063140737	1.668e-09	AF-Q9WUD9-F1-model_v6
GCF_036323735.1	rank00065_coA_proteinbinders_4978_A	Q9WUD9	XP_063140738	1.668e-09	AF-Q9WUD9-F1-model_v6
GCF_036323735.1	rank00065_coA_proteinbinders_4978_A	Q9WUD9	XP_063140739	1.668e-09	AF-Q9WUD9-F1-model_v6
GCF_036323735.1	rank00065_coA_proteinbinders_4978_A	Q9WUD9	XP_063140742	1.668e-09	AF-Q9WUD9-F1-model_v6
GCF_036323735.1	rank00065_coA_proteinbinders_4978_A	Q9WUD9	XP_063140743	1.668e-09	AF-Q9WUD9-F1-model_v6
GCF_036323735.1	rank00065_coA_proteinbinders_4978_A	Q9WUD9	XP_063140745	1.668e-09	AF-Q9WUD9-F1-model_v6
GCF_036323735.1	rank00065_coA_proteinbinders_4978_A	Q9WUD9	XP_063140746	1.668e-09	AF-Q9WUD9-F1-model_v6
GCF_036323735.1	rank00065_coA_proteinbinders_4978_A	Q9WUD9-2	NP_114183	1.668e-09	AF-Q9WUD9-2-F1-model_v6
GCF_036323735.1	rank00065_coA_proteinbinders_4978_A	Q9WUD9-2	XP_017447557	1.668e-09	AF-Q9WUD9-2-F1-model_v6
GCF_036323735.1	rank00065_coA_proteinbinders_4978_A	Q9WUD9-2	XP_017447560	1.668e-09	AF-Q9WUD9-2-F1-model_v6
GCF_036323735.1	rank00065_coA_proteinbinders_4978_A	Q9WUD9-2	XP_038961886	1.668e-09	AF-Q9WUD9-2-F1-model_v6
GCF_036323735.1	rank00065_coA_proteinbinders_4978_A	Q9WUD9-2	XP_038961888	1.668e-09	AF-Q9WUD9-2-F1-model_v6
GCF_036323735.1	rank00065_coA_proteinbinders_4978_A	Q9WUD9-2	XP_038961889	1.668e-09	AF-Q9WUD9-2-F1-model_v6
GCF_036323735.1	rank00065_coA_proteinbinders_4978_A	Q9WUD9-2	XP_038961890	1.668e-09	AF-Q9WUD9-2-F1-model_v6
GCF_036323735.1	rank00065_coA_proteinbinders_4978_A	Q9WUD9-2	XP_038961891	1.668e-09	AF-Q9WUD9-2-F1-model_v6
GCF_036323735.1	rank00065_coA_proteinbinders_4978_A	Q9WUD9-2	XP_038961892	1.668e-09	AF-Q9WUD9-2-F1-model_v6
GCF_036323735.1	rank00065_coA_proteinbinders_4978_A	Q9WUD9-2	XP_038961893	1.668e-09	AF-Q9WUD9-2-F1-model_v6
GCF_036323735.1	rank00065_coA_proteinbinders_4978_A	Q9WUD9-2	XP_063140734	1.668e-09	AF-Q9WUD9-2-F1-model_v6
GCF_036323735.1	rank00065_coA_proteinbinders_4978_A	Q9WUD9-2	XP_063140735	1.668e-09	AF-Q9WUD9-2-F1-model_v6
GCF_036323735.1	rank00065_coA_proteinbinders_4978_A	Q9WUD9-2	XP_063140736	1.668e-09	AF-Q9WUD9-2-F1-model_v6
GCF_036323735.1	rank00065_coA_proteinbinders_4978_A	Q9WUD9-2	XP_063140737	1.668e-09	AF-Q9WUD9-2-F1-model_v6
GCF_036323735.1	rank00065_coA_proteinbinders_4978_A	Q62844	NP_036887	2.263e-09	AF-Q62844-F1-model_v6
GCF_036323735.1	rank00065_coA_proteinbinders_4978_A	Q62844	XP_038954364	2.263e-09	AF-Q62844-F1-model_v6
GCF_036323735.1	rank00065_coA_proteinbinders_4978_A	Q6P6U0	NP_077059	8.168e-09	AF-Q6P6U0-F1-model_v6
GCF_036323735.1	rank00065_coA_proteinbinders_4978_A	Q6P6U0	XP_006239141	8.168e-09	AF-Q6P6U0-F1-model_v6
GCF_036323735.1	rank00065_coA_proteinbinders_4978_A	Q6P6U0	XP_006239142	8.168e-09	AF-Q6P6U0-F1-model_v6
GCF_036323735.1	rank00065_coA_proteinbinders_4978_A	Q6P6U0	XP_006239143	8.168e-09	AF-Q6P6U0-F1-model_v6
GCF_036323735.1	rank00065_coA_proteinbinders_4978_A	Q6P6U0	XP_006239144	8.168e-09	AF-Q6P6U0-F1-model_v6
GCF_036323735.1	rank00065_coA_proteinbinders_4978_A	Q6P6U0	XP_038966752	8.168e-09	AF-Q6P6U0-F1-model_v6
GCF_036323735.1	rank00065_coA_proteinbinders_4978_A	Q6P6U0	XP_038966753	8.168e-09	AF-Q6P6U0-F1-model_v6
GCF_036323735.1	rank00065_coA_proteinbinders_4978_A	Q6P6U0	XP_038966754	8.168e-09	AF-Q6P6U0-F1-model_v6
GCF_036323735.1	rank00065_coA_proteinbinders_4978_A	Q6P6U0	XP_038966755	8.168e-09	AF-Q6P6U0-F1-model_v6
GCF_036323735.1	rank00065_coA_proteinbinders_4978_A	Q6P6U0	XP_038966757	8.168e-09	AF-Q6P6U0-F1-model_v6
GCF_036323735.1	rank00065_coA_proteinbinders_4978_A	Q6P6U0	XP_063144531	8.168e-09	AF-Q6P6U0-F1-model_v6
GCF_036323735.1	rank00065_coA_proteinbinders_4978_A	Q01621	NP_001094179	1.043e-08	AF-Q01621-F1-model_v6
GCF_036323735.1	rank00065_coA_proteinbinders_4978_A	Q01621	NP_001402799	1.043e-08	AF-Q01621-F1-model_v6
GCF_036323735.1	rank00065_coA_proteinbinders_4978_A	P50545	NP_037317	2.308e-08	AF-P50545-F1-model_v6
GCF_036323735.1	rank00065_coA_proteinbinders_4978_A	Q07014-2	NP_001104568	5.772e-08	AF-Q07014-2-F1-model_v6
GCF_036323735.1	rank00065_coA_proteinbinders_4978_A	Q07014	NP_001104568	1.131e-07	AF-Q07014-F1-model_v6
GCF_036323735.1	rank00065_coA_proteinbinders_4978_A	Q07014	NP_110484	1.131e-07	AF-Q07014-F1-model_v6
GCF_036323735.1	rank00065_coA_proteinbinders_4978_A	Q07014	XP_006237896	1.131e-07	AF-Q07014-F1-model_v6
GCF_036323735.1	rank00065_coA_proteinbinders_4978_A	P59622	NP_835198	5.209e-07	AF-P59622-F1-model_v6
GCF_036323735.1	rank00065_coA_proteinbinders_4978_A	P41499	NP_001171064	6.257e-07	AF-P41499-F1-model_v6
GCF_036323735.1	rank00065_coA_proteinbinders_4978_A	P41499	NP_037220	6.257e-07	AF-P41499-F1-model_v6
GCF_036323735.1	rank00065_coA_proteinbinders_4978_A	P41499-1	NP_001171064	6.652e-07	AF-P41499-1-F1-model_v6
GCF_036323735.1	rank00065_coA_proteinbinders_4978_A	P97573	NP_062184	1.226e-06	AF-P97573-F1-model_v6
GCF_036323735.1	rank00065_coA_proteinbinders_4978_A	P24135	NP_058864	1.303e-06	AF-P24135-F1-model_v6
GCF_036323735.1	rank00065_coA_proteinbinders_4978_A	P41243	NP_068631	2.258e-06	AF-P41243-F1-model_v6
GCF_036323735.1	rank00065_coA_proteinbinders_4978_A	Q9WVR3-2	NP_001257772	2.712e-06	AF-Q9WVR3-2-F1-model_v6
GCF_036323735.1	rank00065_coA_proteinbinders_4978_A	Q9WVR3	NP_001257772	2.883e-06	AF-Q9WVR3-F1-model_v6
GCF_036323735.1	rank00065_coA_proteinbinders_4978_A	Q9WVR3	NP_075233	2.883e-06	AF-Q9WVR3-F1-model_v6
GCF_036323735.1	rank00065_coA_proteinbinders_4978_A	Q62662	NP_077344	3.913e-06	AF-Q62662-F1-model_v6
GCF_036323735.1	rank00065_coA_proteinbinders_4978_A	O88900	NP_113811	3.913e-06	AF-O88900-F1-model_v6
GCF_036323735.1	rank00065_coA_proteinbinders_4978_A	Q64725	NP_036890	4.422e-06	AF-Q64725-F1-model_v6
GCF_036323735.1	rank00065_coA_proteinbinders_4978_A	P81718	NP_446360	7.665e-06	AF-P81718-F1-model_v6
GCF_036323735.1	rank00071_coA_proteinbinders_3418_A	Q9WUD9-2	NP_114183	3.663e-09	AF-Q9WUD9-2-F1-model_v6
GCF_036323735.1	rank00071_coA_proteinbinders_3418_A	Q9WUD9-2	XP_017447557	3.663e-09	AF-Q9WUD9-2-F1-model_v6
GCF_036323735.1	rank00071_coA_proteinbinders_3418_A	Q9WUD9-2	XP_017447560	3.663e-09	AF-Q9WUD9-2-F1-model_v6
GCF_036323735.1	rank00071_coA_proteinbinders_3418_A	Q9WUD9-2	XP_038961886	3.663e-09	AF-Q9WUD9-2-F1-model_v6
GCF_036323735.1	rank00071_coA_proteinbinders_3418_A	Q9WUD9-2	XP_038961888	3.663e-09	AF-Q9WUD9-2-F1-model_v6
GCF_036323735.1	rank00071_coA_proteinbinders_3418_A	Q9WUD9-2	XP_038961889	3.663e-09	AF-Q9WUD9-2-F1-model_v6
GCF_036323735.1	rank00071_coA_proteinbinders_3418_A	Q9WUD9-2	XP_038961890	3.663e-09	AF-Q9WUD9-2-F1-model_v6
GCF_036323735.1	rank00071_coA_proteinbinders_3418_A	Q9WUD9-2	XP_038961891	3.663e-09	AF-Q9WUD9-2-F1-model_v6
GCF_036323735.1	rank00071_coA_proteinbinders_3418_A	Q9WUD9-2	XP_038961892	3.663e-09	AF-Q9WUD9-2-F1-model_v6
GCF_036323735.1	rank00071_coA_proteinbinders_3418_A	Q9WUD9-2	XP_038961893	3.663e-09	AF-Q9WUD9-2-F1-model_v6
GCF_036323735.1	rank00071_coA_proteinbinders_3418_A	Q9WUD9-2	XP_063140734	3.663e-09	AF-Q9WUD9-2-F1-model_v6
GCF_036323735.1	rank00071_coA_proteinbinders_3418_A	Q9WUD9-2	XP_063140735	3.663e-09	AF-Q9WUD9-2-F1-model_v6
GCF_036323735.1	rank00071_coA_proteinbinders_3418_A	Q9WUD9-2	XP_063140736	3.663e-09	AF-Q9WUD9-2-F1-model_v6
GCF_036323735.1	rank00071_coA_proteinbinders_3418_A	Q9WUD9-2	XP_063140737	3.663e-09	AF-Q9WUD9-2-F1-model_v6
GCF_036323735.1	rank00071_coA_proteinbinders_3418_A	Q9WUD9	NP_114183	1.216e-08	AF-Q9WUD9-F1-model_v6
GCF_036323735.1	rank00071_coA_proteinbinders_3418_A	Q9WUD9	XP_017447557	1.216e-08	AF-Q9WUD9-F1-model_v6
GCF_036323735.1	rank00071_coA_proteinbinders_3418_A	Q9WUD9	XP_017447560	1.216e-08	AF-Q9WUD9-F1-model_v6
GCF_036323735.1	rank00071_coA_proteinbinders_3418_A	Q9WUD9	XP_038961886	1.216e-08	AF-Q9WUD9-F1-model_v6
GCF_036323735.1	rank00071_coA_proteinbinders_3418_A	Q9WUD9	XP_038961888	1.216e-08	AF-Q9WUD9-F1-model_v6
GCF_036323735.1	rank00071_coA_proteinbinders_3418_A	Q9WUD9	XP_038961889	1.216e-08	AF-Q9WUD9-F1-model_v6
GCF_036323735.1	rank00071_coA_proteinbinders_3418_A	Q9WUD9	XP_038961890	1.216e-08	AF-Q9WUD9-F1-model_v6
GCF_036323735.1	rank00071_coA_proteinbinders_3418_A	Q9WUD9	XP_038961891	1.216e-08	AF-Q9WUD9-F1-model_v6
GCF_036323735.1	rank00071_coA_proteinbinders_3418_A	Q9WUD9	XP_038961892	1.216e-08	AF-Q9WUD9-F1-model_v6
GCF_036323735.1	rank00071_coA_proteinbinders_3418_A	Q9WUD9	XP_038961893	1.216e-08	AF-Q9WUD9-F1-model_v6
GCF_036323735.1	rank00071_coA_proteinbinders_3418_A	Q9WUD9	XP_063140734	1.216e-08	AF-Q9WUD9-F1-model_v6
GCF_036323735.1	rank00071_coA_proteinbinders_3418_A	Q9WUD9	XP_063140735	1.216e-08	AF-Q9WUD9-F1-model_v6
GCF_036323735.1	rank00071_coA_proteinbinders_3418_A	Q9WUD9	XP_063140736	1.216e-08	AF-Q9WUD9-F1-model_v6
GCF_036323735.1	rank00071_coA_proteinbinders_3418_A	Q9WUD9	XP_063140737	1.216e-08	AF-Q9WUD9-F1-model_v6
GCF_036323735.1	rank00071_coA_proteinbinders_3418_A	Q9WUD9	XP_063140738	1.216e-08	AF-Q9WUD9-F1-model_v6
GCF_036323735.1	rank00071_coA_proteinbinders_3418_A	Q9WUD9	XP_063140739	1.216e-08	AF-Q9WUD9-F1-model_v6
GCF_036323735.1	rank00071_coA_proteinbinders_3418_A	Q9WUD9	XP_063140742	1.216e-08	AF-Q9WUD9-F1-model_v6
GCF_036323735.1	rank00071_coA_proteinbinders_3418_A	Q9WUD9	XP_063140743	1.216e-08	AF-Q9WUD9-F1-model_v6
GCF_036323735.1	rank00071_coA_proteinbinders_3418_A	Q9WUD9	XP_063140745	1.216e-08	AF-Q9WUD9-F1-model_v6
GCF_036323735.1	rank00071_coA_proteinbinders_3418_A	Q9WUD9	XP_063140746	1.216e-08	AF-Q9WUD9-F1-model_v6
GCF_036323735.1	rank00071_coA_proteinbinders_3418_A	Q6P6U0	NP_077059	1.964e-08	AF-Q6P6U0-F1-model_v6
GCF_036323735.1	rank00071_coA_proteinbinders_3418_A	Q6P6U0	XP_006239141	1.964e-08	AF-Q6P6U0-F1-model_v6
GCF_036323735.1	rank00071_coA_proteinbinders_3418_A	Q6P6U0	XP_006239142	1.964e-08	AF-Q6P6U0-F1-model_v6
GCF_036323735.1	rank00071_coA_proteinbinders_3418_A	Q6P6U0	XP_006239143	1.964e-08	AF-Q6P6U0-F1-model_v6
GCF_036323735.1	rank00071_coA_proteinbinders_3418_A	Q6P6U0	XP_006239144	1.964e-08	AF-Q6P6U0-F1-model_v6
GCF_036323735.1	rank00071_coA_proteinbinders_3418_A	Q6P6U0	XP_038966752	1.964e-08	AF-Q6P6U0-F1-model_v6
GCF_036323735.1	rank00071_coA_proteinbinders_3418_A	Q6P6U0	XP_038966753	1.964e-08	AF-Q6P6U0-F1-model_v6
GCF_036323735.1	rank00071_coA_proteinbinders_3418_A	Q6P6U0	XP_038966754	1.964e-08	AF-Q6P6U0-F1-model_v6
GCF_036323735.1	rank00071_coA_proteinbinders_3418_A	Q6P6U0	XP_038966755	1.964e-08	AF-Q6P6U0-F1-model_v6
GCF_036323735.1	rank00071_coA_proteinbinders_3418_A	Q6P6U0	XP_038966757	1.964e-08	AF-Q6P6U0-F1-model_v6
GCF_036323735.1	rank00071_coA_proteinbinders_3418_A	Q6P6U0	XP_063144531	1.964e-08	AF-Q6P6U0-F1-model_v6
GCF_036323735.1	rank00071_coA_proteinbinders_3418_A	P50545	NP_037317	2.497e-08	AF-P50545-F1-model_v6
GCF_036323735.1	rank00071_coA_proteinbinders_3418_A	Q01621	NP_001094179	7.348e-08	AF-Q01621-F1-model_v6
GCF_036323735.1	rank00071_coA_proteinbinders_3418_A	Q01621	NP_001402799	7.348e-08	AF-Q01621-F1-model_v6
GCF_036323735.1	rank00071_coA_proteinbinders_3418_A	Q62844	NP_036887	7.802e-08	AF-Q62844-F1-model_v6
GCF_036323735.1	rank00071_coA_proteinbinders_3418_A	Q62844	XP_038954364	7.802e-08	AF-Q62844-F1-model_v6
GCF_036323735.1	rank00071_coA_proteinbinders_3418_A	Q07014-2	NP_001104568	8.285e-08	AF-Q07014-2-F1-model_v6
GCF_036323735.1	rank00071_coA_proteinbinders_3418_A	Q07014	NP_001104568	2.919e-07	AF-Q07014-F1-model_v6
GCF_036323735.1	rank00071_coA_proteinbinders_3418_A	Q07014	NP_110484	2.919e-07	AF-Q07014-F1-model_v6
GCF_036323735.1	rank00071_coA_proteinbinders_3418_A	Q07014	XP_006237896	2.919e-07	AF-Q07014-F1-model_v6
GCF_036323735.1	rank00071_coA_proteinbinders_3418_A	P97573	NP_062184	2.243e-06	AF-P97573-F1-model_v6
GCF_036323735.1	rank00071_coA_proteinbinders_3418_A	O88900	NP_113811	2.382e-06	AF-O88900-F1-model_v6
GCF_036323735.1	rank00071_coA_proteinbinders_3418_A	P10686	NP_037319	3.214e-06	AF-P10686-F1-model_v6
GCF_036323735.1	rank00071_coA_proteinbinders_3418_A	P81718	NP_446360	3.848e-06	AF-P81718-F1-model_v6
GCF_036323735.1	rank00071_coA_proteinbinders_3418_A	Q64725	NP_036890	4.891e-06	AF-Q64725-F1-model_v6
GCF_036323735.1	rank00071_coA_proteinbinders_3418_A	Q9QZC5	NP_445855	5.194e-06	AF-Q9QZC5-F1-model_v6
GCF_036323735.1	rank00071_coA_proteinbinders_3418_A	Q9QZC5	XP_006247495	5.194e-06	AF-Q9QZC5-F1-model_v6
GCF_036323735.1	rank00071_coA_proteinbinders_3418_A	Q9QZC5	XP_038942897	5.194e-06	AF-Q9QZC5-F1-model_v6
GCF_036323735.1	rank00071_coA_proteinbinders_3418_A	Q9QZC5	XP_063126061	5.194e-06	AF-Q9QZC5-F1-model_v6
GCF_036323735.1	rank00071_coA_proteinbinders_3418_A	P0CE43	NP_001388332	5.515e-06	AF-P0CE43-F1-model_v6
GCF_036323735.1	rank00071_coA_proteinbinders_3418_A	P0CE43	XP_038948243	5.515e-06	AF-P0CE43-F1-model_v6
GCF_036323735.1	rank00071_coA_proteinbinders_3418_A	P0CE43	XP_038948244	5.515e-06	AF-P0CE43-F1-model_v6
GCF_036323735.1	rank00071_coA_proteinbinders_3418_A	P0CE43	XP_038948245	5.515e-06	AF-P0CE43-F1-model_v6
GCF_036323735.1	rank00071_coA_proteinbinders_3418_A	P0CE43	XP_063129557	5.515e-06	AF-P0CE43-F1-model_v6
GCF_036323735.1	rank00071_coA_proteinbinders_3418_A	P0CE43	XP_063129558	5.515e-06	AF-P0CE43-F1-model_v6
GCF_036323735.1	rank00071_coA_proteinbinders_3418_A	Q62662	NP_077344	6.602e-06	AF-Q62662-F1-model_v6
GCF_036323735.1	rank00071_coA_proteinbinders_3418_A	P41499	NP_001171064	6.602e-06	AF-P41499-F1-model_v6
GCF_036323735.1	rank00071_coA_proteinbinders_3418_A	P41499	NP_037220	6.602e-06	AF-P41499-F1-model_v6
GCF_036323735.1	rank00071_coA_proteinbinders_3418_A	P41499-1	NP_001171064	8.91e-06	AF-P41499-1-F1-model_v6
GCF_036512215.1	rank00062_coA_proteinbinders_2870_A	P62980	NP_001333335	6.69e-06	AF-P62980-F1-model_v6
GCF_037993035.1	rank00062_coA_proteinbinders_2870_A	P0C273	XP_005588529	4.819e-06	AF-P0C273-F1-model_v6
GCF_037993035.1	rank00062_coA_proteinbinders_2870_A	P0C273	XP_045235178	4.819e-06	AF-P0C273-F1-model_v6
GCF_037993035.1	rank00062_coA_proteinbinders_2870_A	P0C273	XP_065391323	4.819e-06	AF-P0C273-F1-model_v6
GCF_037993035.1	rank00062_coA_proteinbinders_2870_A	P0C273	XP_065391324	4.819e-06	AF-P0C273-F1-model_v6
GCF_037993035.1	rank00062_coA_proteinbinders_2870_A	P0C273	XP_065391325	4.819e-06	AF-P0C273-F1-model_v6
GCF_038396675.1	rank00065_coA_proteinbinders_4978_A	P17713	NP_001274717	2.214e-07	AF-P17713-F1-model_v6
GCF_038396675.1	rank00071_coA_proteinbinders_3418_A	P17713	NP_001274717	1.388e-06	AF-P17713-F1-model_v6
GCF_038396675.1	rank00071_coA_proteinbinders_3418_A	P53356	NP_001296681	7.01e-06	AF-P53356-F1-model_v6
GCF_049306965.1	rank00015_coA_proteinbinders_3420_A	Q6EWH2	NP_001315092	8.122e-06	AF-Q6EWH2-F1-model_v6
GCF_049306965.1	rank00065_coA_proteinbinders_4978_A	Q1JPZ3	NP_001003837	2.003e-09	AF-Q1JPZ3-F1-model_v6
GCF_049306965.1	rank00065_coA_proteinbinders_4978_A	Q6EWH2	NP_001315092	2.406e-09	AF-Q6EWH2-F1-model_v6
GCF_049306965.1	rank00065_coA_proteinbinders_4978_A	F1RDG9	NP_001025140	3.472e-09	AF-F1RDG9-F1-model_v6
GCF_049306965.1	rank00065_coA_proteinbinders_4978_A	A1A5H8	NP_001013288	5.009e-09	AF-A1A5H8-F1-model_v6
GCF_049306965.1	rank00065_coA_proteinbinders_4978_A	A1A5H8	XP_073771178	5.009e-09	AF-A1A5H8-F1-model_v6
GCF_049306965.1	rank00065_coA_proteinbinders_4978_A	A1A5H8	XP_073771181	5.009e-09	AF-A1A5H8-F1-model_v6
GCF_049306965.1	rank00065_coA_proteinbinders_4978_A	A1A5H8	XP_073771188	5.009e-09	AF-A1A5H8-F1-model_v6
GCF_049306965.1	rank00065_coA_proteinbinders_4978_A	A1A5H8	XP_073771195	5.009e-09	AF-A1A5H8-F1-model_v6
GCF_049306965.1	rank00065_coA_proteinbinders_4978_A	Q2I6J1	NP_001034893	3.463e-06	AF-Q2I6J1-F1-model_v6
GCF_049306965.1	rank00071_coA_proteinbinders_3418_A	A1A5H8	NP_001013288	6.284e-09	AF-A1A5H8-F1-model_v6
GCF_049306965.1	rank00071_coA_proteinbinders_3418_A	A1A5H8	XP_073771178	6.284e-09	AF-A1A5H8-F1-model_v6
GCF_049306965.1	rank00071_coA_proteinbinders_3418_A	A1A5H8	XP_073771181	6.284e-09	AF-A1A5H8-F1-model_v6
GCF_049306965.1	rank00071_coA_proteinbinders_3418_A	A1A5H8	XP_073771188	6.284e-09	AF-A1A5H8-F1-model_v6
GCF_049306965.1	rank00071_coA_proteinbinders_3418_A	A1A5H8	XP_073771195	6.284e-09	AF-A1A5H8-F1-model_v6
GCF_049306965.1	rank00071_coA_proteinbinders_3418_A	Q1JPZ3	NP_001003837	1.37e-08	AF-Q1JPZ3-F1-model_v6
GCF_049306965.1	rank00071_coA_proteinbinders_3418_A	Q6EWH2	NP_001315092	3.799e-08	AF-Q6EWH2-F1-model_v6
GCF_049306965.1	rank00071_coA_proteinbinders_3418_A	F1RDG9	NP_001025140	3.799e-08	AF-F1RDG9-F1-model_v6
GCF_049350105.2	rank00065_coA_proteinbinders_4978_A	Q71S10	NP_001028009	3.396e-07	AF-Q71S10-F1-model_v6
GCF_049350105.2	rank00071_coA_proteinbinders_3418_A	Q71S10	NP_001028009	1.16e-06	AF-Q71S10-F1-model_v6
GCF_932276165.1	rank00062_coA_proteinbinders_2870_A	P68202	XP_011549597	6.69e-06	AF-P68202-F1-model_v6
GCF_964237555.1	rank00062_coA_proteinbinders_2870_A	G1SK22	XP_002724420	3.706e-06	AF-G1SK22-F1-model_v6
GCF_964237555.1	rank00062_coA_proteinbinders_2870_A	G1SK22	XP_051698845	3.706e-06	AF-G1SK22-F1-model_v6
GCF_964237555.1	rank00062_coA_proteinbinders_2870_A	G1SK22	XP_069925205	3.706e-06	AF-G1SK22-F1-model_v6
GCF_964237555.1	rank00062_coA_proteinbinders_2870_A	P0DXC2	XP_051697560	7.144e-06	AF-P0DXC2-F1-model_v6
